time,temp,rhum,prcp,snwd,wdir,wspd,wpgt,pres,tsun,cldc,coco
2025-01-01 00:00:00,-2.1,94,0.0,,211,5.5,11.1,1032.6,0,1,1
2025-01-01 01:00:00,-1.8,92,0.0,,218,5.5,13.0,1032.1,0,1,1
2025-01-01 02:00:00,-1.5,90,0.0,,217,5.5,13.0,1032.0,0,1,1
2025-01-01 03:00:00,-1.3,88,0.0,,216,5.5,14.8,1031.8,0,2,1
2025-01-01 04:00:00,-2.2,99,0.0,,200,5.5,11.1,1031.8,0,3,1
2025-01-01 05:00:00,-1.9,94,0.0,,209,5.5,13.0,1031.6,0,3,2
2025-01-01 06:00:00,-1.7,92,0.0,,213,5.5,14.8,1031.3,0,3,2
2025-01-01 07:00:00,-1.4,88,0.0,,212,5.5,14.8,1030.8,0,3,2
2025-01-01 08:00:00,-0.7,83,0.0,,213,5.5,14.8,1030.9,22,4,2
2025-01-01 09:00:00,0.7,76,0.0,,211,7.4,14.8,1030.5,31,4,2
2025-01-01 10:00:00,0.3,83,0.0,,217,5.5,9.3,1030.2,45,3,4
2025-01-01 11:00:00,2.5,68,0.0,,217,7.4,13.0,1028.7,47,3,4
2025-01-01 12:00:00,4.4,59,0.0,,216,9.3,16.7,1027.4,44,3,4
2025-01-01 13:00:00,5.3,53,0.0,,214,9.3,18.5,1026.3,42,3,2
2025-01-01 14:00:00,5.4,52,0.0,,217,9.3,22.2,1025.5,35,2,2
2025-01-01 15:00:00,5.0,53,0.0,,216,11.1,24.1,1025.3,38,2,2
2025-01-01 16:00:00,4.8,54,0.0,,211,9.3,22.2,1024.8,23,2,2
2025-01-01 17:00:00,4.5,57,0.0,,213,9.3,22.2,1024.6,0,2,1
2025-01-01 18:00:00,4.0,60,0.0,,217,11.1,22.2,1024.7,0,1,1
2025-01-01 19:00:00,4.0,59,0.0,,218,11.1,24.1,1024.2,0,2,1
2025-01-01 20:00:00,4.0,57,0.0,,215,11.1,25.9,1024.0,0,2,1
2025-01-01 21:00:00,3.8,59,0.0,,214,11.1,24.1,1023.9,0,3,1
2025-01-01 22:00:00,4.9,53,0.0,,213,11.1,25.9,1022.6,0,2,1
2025-01-01 23:00:00,4.8,53,0.0,,213,11.1,27.8,1022.3,0,2,1
2025-01-02 00:00:00,5.1,52,0.0,,216,13.0,27.8,1021.8,0,3,1
2025-01-02 01:00:00,5.2,52,0.0,,220,14.8,33.3,1021.3,0,3,1
2025-01-02 02:00:00,5.2,53,0.0,,225,16.7,37.0,1020.8,0,3,2
2025-01-02 03:00:00,5.4,54,0.0,,229,16.7,38.9,1020.3,0,3,2
2025-01-02 04:00:00,7.9,43,0.0,,237,25.9,63.0,1018.8,0,5,4
2025-01-02 05:00:00,7.5,44,0.0,,232,24.1,57.4,1019.0,0,5,4
2025-01-02 06:00:00,7.3,46,0.0,,230,24.1,53.7,1019.2,0,5,4
2025-01-02 07:00:00,7.3,46,0.0,,230,24.1,53.7,1018.9,0,6,4
2025-01-02 08:00:00,7.3,47,0.0,,231,24.1,53.7,1018.9,6,7,4
2025-01-02 09:00:00,7.5,47,0.0,,231,24.1,53.7,1018.8,9,7,4
2025-01-02 10:00:00,6.1,53,0.0,,232,20.4,53.7,1017.5,2,7,3
2025-01-02 11:00:00,6.5,53,0.0,,234,24.1,53.7,1016.6,0,8,7
2025-01-02 12:00:00,6.5,54,0.0,,234,24.1,51.8,1015.7,0,8,7
2025-01-02 13:00:00,6.4,57,0.0,,235,24.1,51.8,1015.3,0,8,7
2025-01-02 14:00:00,5.7,63,0.5,,237,24.1,55.5,1015.2,0,8,7
2025-01-02 15:00:00,5.1,68,1.0,,238,24.1,53.7,1015.6,0,8,8
2025-01-02 16:00:00,4.6,82,1.6,,238,29.6,70.4,1014.6,0,7,8
2025-01-02 17:00:00,4.4,83,1.3,,243,24.1,59.3,1015.0,0,8,8
2025-01-02 18:00:00,3.6,85,1.5,,242,18.5,46.3,1015.7,0,8,8
2025-01-02 19:00:00,3.4,89,3.2,,248,14.8,38.9,1016.9,0,8,9
2025-01-02 20:00:00,2.8,92,3.0,,259,13.0,29.6,1017.9,0,8,9
2025-01-02 21:00:00,1.9,94,1.4,,268,9.3,27.8,1019.1,0,8,9
2025-01-02 22:00:00,0.0,99,1.4,,253,5.5,18.5,1020.6,0,7,13
2025-01-02 23:00:00,0.1,97,0.8,,255,5.5,18.5,1021.2,0,7,13
2025-01-03 00:00:00,-0.2,99,0.3,,256,5.5,13.0,1022.0,0,8,15
2025-01-03 01:00:00,-0.3,100,0.1,,269,3.7,11.1,1022.4,0,7,15
2025-01-03 02:00:00,-0.5,100,0.0,,272,3.7,11.1,1022.8,0,7,14
2025-01-03 03:00:00,-0.6,100,0.0,,290,3.7,9.3,1023.1,0,6,14
2025-01-03 04:00:00,-0.3,96,0.0,,301,1.8,1.8,1022.7,0,6,3
2025-01-03 05:00:00,-0.5,96,0.0,,280,1.8,5.5,1023.2,0,6,3
2025-01-03 06:00:00,-0.6,96,0.0,,274,3.7,7.4,1023.3,0,6,2
2025-01-03 07:00:00,-0.7,94,0.0,,268,3.7,9.3,1023.7,0,6,2
2025-01-03 08:00:00,-0.7,94,0.0,,262,3.7,9.3,1024.2,1,6,3
2025-01-03 09:00:00,-0.3,92,0.0,,245,3.7,11.1,1024.6,3,5,3
2025-01-03 10:00:00,-0.7,89,0.0,,264,5.5,9.3,1024.7,0,7,3
2025-01-03 11:00:00,-0.3,86,0.0,,258,5.5,13.0,1024.3,5,7,3
2025-01-03 12:00:00,-0.2,83,0.0,,257,5.5,14.8,1024.3,0,8,2
2025-01-03 13:00:00,-0.1,81,0.0,,257,5.5,14.8,1024.3,0,7,2
2025-01-03 14:00:00,-0.1,80,0.0,,257,5.5,14.8,1024.5,2,7,3
2025-01-03 15:00:00,-0.5,81,0.0,,258,5.5,13.0,1024.5,4,6,3
2025-01-03 16:00:00,-0.6,79,0.0,,274,5.5,14.8,1025.0,0,6,3
2025-01-03 17:00:00,-0.8,80,0.0,,265,5.5,13.0,1025.4,0,6,2
2025-01-03 18:00:00,-0.9,81,0.0,,266,3.7,9.3,1025.8,0,6,2
2025-01-03 19:00:00,-1.4,84,0.0,,263,3.7,7.4,1026.3,0,5,2
2025-01-03 20:00:00,-1.5,84,0.0,,274,3.7,7.4,1026.3,0,5,2
2025-01-03 21:00:00,-2.1,86,0.0,,325,3.7,7.4,1026.3,0,5,2
2025-01-03 22:00:00,-3.5,91,0.0,,42,3.7,9.3,1026.8,0,4,2
2025-01-03 23:00:00,-3.7,91,0.0,,38,1.8,7.4,1026.7,0,4,2
2025-01-04 00:00:00,-3.9,91,0.0,,52,3.7,7.4,1026.5,0,4,2
2025-01-04 01:00:00,-4.1,92,0.0,,56,3.7,7.4,1026.5,0,4,2
2025-01-04 02:00:00,-4.3,91,0.0,,64,1.8,7.4,1026.1,0,4,2
2025-01-04 03:00:00,-4.6,92,0.0,,55,3.7,7.4,1026.1,0,5,2
2025-01-04 04:00:00,-4.6,92,0.0,,50,3.7,7.4,1025.5,0,5,3
2025-01-04 05:00:00,-4.6,91,0.0,,48,3.7,7.4,1025.0,0,6,3
2025-01-04 06:00:00,-4.6,89,0.0,,56,3.7,7.4,1024.7,0,5,2
2025-01-04 07:00:00,-4.6,90,0.0,,63,3.7,9.3,1024.5,0,6,2
2025-01-04 08:00:00,-4.6,90,0.0,,79,3.7,9.3,1024.3,9,7,3
2025-01-04 09:00:00,-4.0,87,0.0,,80,3.7,9.3,1024.1,13,8,3
2025-01-04 10:00:00,-4.1,89,0.0,,176,3.7,7.4,1023.9,8,8,3
2025-01-04 11:00:00,-3.5,86,0.0,,125,3.7,7.4,1023.1,13,8,3
2025-01-04 12:00:00,-2.9,82,0.0,,85,3.7,7.4,1022.2,7,8,2
2025-01-04 13:00:00,-2.8,83,0.0,,68,3.7,7.4,1021.4,2,8,3
2025-01-04 14:00:00,-3.2,86,0.0,,54,3.7,9.3,1020.9,0,8,3
2025-01-04 15:00:00,-3.1,87,0.0,,59,3.7,9.3,1020.1,0,8,4
2025-01-04 16:00:00,-2.8,88,0.0,,48,5.5,11.1,1020.2,0,8,4
2025-01-04 17:00:00,-2.5,89,0.0,,66,3.7,11.1,1019.6,0,8,3
2025-01-04 18:00:00,-2.3,91,0.0,,61,5.5,13.0,1019.1,0,8,14
2025-01-04 19:00:00,-2.1,91,0.0,,67,5.5,13.0,1018.4,0,8,14
2025-01-04 20:00:00,-2.3,93,0.0,,54,5.5,11.1,1017.8,0,8,14
2025-01-04 21:00:00,-2.3,99,0.2,,60,5.5,11.1,1017.6,0,8,14
2025-01-04 22:00:00,-2.1,98,0.3,,151,1.8,7.4,1016.5,0,8,15
2025-01-04 23:00:00,-1.6,100,1.1,,181,3.7,11.1,1015.5,0,8,15
2025-01-05 00:00:00,-1.0,100,1.3,,185,5.5,13.0,1014.7,0,8,15
2025-01-05 01:00:00,-0.6,100,2.2,,187,5.5,14.8,1013.2,0,8,15
2025-01-05 02:00:00,0.1,100,1.0,,202,7.4,16.7,1012.4,0,8,15
2025-01-05 03:00:00,0.8,100,0.9,,210,9.3,20.4,1011.3,0,8,11
2025-01-05 04:00:00,0.7,99,1.4,,215,7.4,16.7,1010.8,0,8,11
2025-01-05 05:00:00,1.5,100,1.6,,218,11.1,22.2,1009.9,0,8,11
2025-01-05 06:00:00,2.1,100,1.7,,216,11.1,24.1,1009.8,0,8,11
2025-01-05 07:00:00,2.5,100,1.4,,217,13.0,27.8,1009.3,0,8,8
2025-01-05 08:00:00,2.9,100,0.3,,217,11.1,25.9,1009.2,0,8,7
2025-01-05 09:00:00,3.4,100,0.4,,215,9.3,22.2,1008.8,0,8,7
2025-01-05 10:00:00,4.3,97,0.0,,215,5.5,16.7,1009.1,0,8,7
2025-01-05 11:00:00,4.7,97,0.0,,220,7.4,18.5,1008.1,0,8,7
2025-01-05 12:00:00,5.5,93,0.0,,222,7.4,18.5,1007.4,0,8,3
2025-01-05 13:00:00,5.7,93,0.0,,221,9.3,18.5,1006.6,0,8,3
2025-01-05 14:00:00,5.7,93,0.0,,222,9.3,20.4,1006.2,0,8,3
2025-01-05 15:00:00,5.6,91,0.0,,221,7.4,20.4,1006.0,0,8,4
2025-01-05 16:00:00,7.2,88,0.0,,187,9.3,20.4,1004.7,0,6,4
2025-01-05 17:00:00,6.6,91,0.0,,192,9.3,20.4,1004.4,0,7,2
2025-01-05 18:00:00,5.9,91,0.0,,201,7.4,16.7,1004.3,0,8,2
2025-01-05 19:00:00,5.8,88,0.0,,199,5.5,16.7,1004.0,0,7,2
2025-01-05 20:00:00,5.8,86,0.0,,199,5.5,14.8,1003.5,0,7,3
2025-01-05 21:00:00,5.5,87,0.0,,204,5.5,13.0,1003.1,0,6,3
2025-01-05 22:00:00,5.4,88,0.0,,190,3.7,14.8,1003.1,0,6,4
2025-01-05 23:00:00,5.2,88,0.0,,212,3.7,14.8,1002.9,0,6,4
2025-01-06 00:00:00,5.1,88,0.0,,200,5.5,14.8,1002.9,0,6,3
2025-01-06 01:00:00,4.9,87,0.0,,199,5.5,13.0,1002.4,0,7,3
2025-01-06 02:00:00,4.5,88,0.0,,199,3.7,14.8,1002.4,0,7,4
2025-01-06 03:00:00,4.4,88,0.0,,213,3.7,14.8,1001.6,0,7,4
2025-01-06 04:00:00,6.3,71,0.0,,169,5.5,14.8,1000.6,0,7,4
2025-01-06 05:00:00,5.7,75,0.0,,182,3.7,13.0,1000.4,0,6,3
2025-01-06 06:00:00,5.5,77,0.0,,188,3.7,14.8,1000.0,0,6,2
2025-01-06 07:00:00,5.4,76,0.0,,198,3.7,14.8,999.9,0,5,2
2025-01-06 08:00:00,5.5,75,0.0,,212,3.7,13.0,1000.4,5,5,2
2025-01-06 09:00:00,5.8,77,0.0,,214,3.7,13.0,999.9,9,4,2
2025-01-06 10:00:00,9.1,55,0.0,,252,9.3,27.8,999.2,10,8,3
2025-01-06 11:00:00,8.8,58,0.0,,246,11.1,27.8,998.8,7,8,3
2025-01-06 12:00:00,8.5,59,0.0,,246,9.3,24.1,998.4,1,8,3
2025-01-06 13:00:00,8.1,63,0.0,,247,9.3,24.1,998.6,0,8,3
2025-01-06 14:00:00,7.6,66,0.4,,249,9.3,24.1,999.2,0,8,3
2025-01-06 15:00:00,7.2,70,0.0,,247,9.3,24.1,999.5,2,8,3
2025-01-06 16:00:00,6.9,73,0.0,,247,11.1,27.8,1000.4,0,8,7
2025-01-06 17:00:00,6.5,77,0.5,,247,13.0,29.6,1001.3,0,8,7
2025-01-06 18:00:00,6.6,80,1.8,,243,13.0,29.6,1002.1,0,8,7
2025-01-06 19:00:00,6.6,80,6.8,,241,13.0,29.6,1003.3,0,8,8
2025-01-06 20:00:00,6.4,83,2.0,,238,14.8,35.2,1004.1,0,8,8
2025-01-06 21:00:00,6.2,84,2.0,,235,14.8,35.2,1004.7,0,8,8
2025-01-06 22:00:00,5.7,89,0.8,,234,14.8,40.8,1005.9,0,7,8
2025-01-06 23:00:00,5.7,88,0.8,,237,16.7,38.9,1006.4,0,7,8
2025-01-07 00:00:00,5.5,88,0.6,,235,16.7,38.9,1006.7,0,7,7
2025-01-07 01:00:00,5.3,88,0.2,,233,16.7,38.9,1007.1,0,8,7
2025-01-07 02:00:00,5.1,87,0.0,,236,16.7,40.8,1007.2,0,8,7
2025-01-07 03:00:00,4.7,86,0.0,,235,16.7,40.8,1007.2,0,7,4
2025-01-07 04:00:00,5.1,80,0.0,,230,18.5,42.6,1007.5,0,6,3
2025-01-07 05:00:00,5.0,79,0.0,,234,18.5,42.6,1007.8,0,6,2
2025-01-07 06:00:00,4.7,80,0.0,,235,18.5,42.6,1007.9,0,5,2
2025-01-07 07:00:00,4.7,78,0.0,,237,18.5,44.5,1008.3,0,6,2
2025-01-07 08:00:00,4.8,75,0.0,,237,18.5,46.3,1008.7,2,6,2
2025-01-07 09:00:00,4.8,75,0.0,,238,20.4,46.3,1009.0,4,6,3
2025-01-07 10:00:00,5.7,60,0.0,,239,24.1,59.3,1008.8,38,7,3
2025-01-07 11:00:00,5.7,62,0.0,,239,25.9,57.4,1009.1,27,7,3
2025-01-07 12:00:00,5.4,63,0.3,,238,25.9,57.4,1009.4,14,8,2
2025-01-07 13:00:00,5.2,66,1.9,,238,24.1,53.7,1009.8,10,7,2
2025-01-07 14:00:00,4.8,67,1.1,,239,22.2,51.8,1010.3,7,6,2
2025-01-07 15:00:00,4.5,67,0.0,,238,22.2,50.0,1010.4,8,5,3
2025-01-07 16:00:00,3.1,84,0.0,,234,22.2,53.7,1011.2,0,6,2
2025-01-07 17:00:00,3.6,77,0.0,,237,22.2,48.2,1011.0,0,6,2
2025-01-07 18:00:00,4.3,72,0.0,,238,20.4,50.0,1011.0,0,6,2
2025-01-07 19:00:00,4.8,70,0.0,,238,18.5,44.5,1010.7,0,6,2
2025-01-07 20:00:00,5.0,67,0.0,,237,16.7,38.9,1010.2,0,6,2
2025-01-07 21:00:00,4.9,67,0.0,,237,14.8,37.0,1010.1,0,6,2
2025-01-07 22:00:00,3.9,71,0.0,,195,11.1,29.6,1009.6,0,4,4
2025-01-07 23:00:00,3.9,71,0.0,,203,11.1,29.6,1009.1,0,4,4
2025-01-08 00:00:00,4.3,71,0.0,,206,13.0,29.6,1008.1,0,5,2
2025-01-08 01:00:00,4.3,71,0.0,,207,13.0,29.6,1008.0,0,7,4
2025-01-08 02:00:00,4.3,73,0.0,,213,13.0,29.6,1007.6,0,8,4
2025-01-08 03:00:00,4.5,74,0.0,,216,13.0,31.5,1007.7,0,8,7
2025-01-08 04:00:00,5.8,68,0.0,,226,20.4,46.3,1006.6,0,7,7
2025-01-08 05:00:00,5.5,73,0.2,,220,14.8,37.0,1006.9,0,7,7
2025-01-08 06:00:00,5.5,77,0.7,,213,13.0,31.5,1007.3,0,7,7
2025-01-08 07:00:00,5.2,80,0.4,,209,13.0,27.8,1007.5,0,7,8
2025-01-08 08:00:00,5.1,83,0.6,,209,11.1,24.1,1007.8,1,7,8
2025-01-08 09:00:00,5.1,88,0.8,,207,9.3,24.1,1007.9,0,8,8
2025-01-08 10:00:00,4.0,94,0.8,,201,11.1,18.5,1008.4,0,8,8
2025-01-08 11:00:00,4.5,95,0.7,,208,11.1,22.2,1007.5,0,8,8
2025-01-08 12:00:00,5.5,94,0.2,,217,13.0,29.6,1006.9,0,8,8
2025-01-08 13:00:00,5.9,96,0.3,,220,16.7,33.3,1006.3,0,8,7
2025-01-08 14:00:00,6.1,96,0.2,,219,16.7,37.0,1006.1,0,7,7
2025-01-08 15:00:00,6.8,90,0.0,,221,16.7,37.0,1006.0,0,7,7
2025-01-08 16:00:00,9.3,84,0.0,,218,20.4,48.2,1005.8,0,7,4
2025-01-08 17:00:00,9.2,83,0.0,,218,18.5,42.6,1005.3,0,7,3
2025-01-08 18:00:00,8.7,81,0.0,,221,14.8,37.0,1004.9,0,6,2
2025-01-08 19:00:00,8.4,80,0.0,,221,13.0,33.3,1004.6,0,6,2
2025-01-08 20:00:00,8.1,80,0.0,,215,13.0,27.8,1004.2,0,6,2
2025-01-08 21:00:00,8.0,83,0.0,,216,13.0,29.6,1004.2,0,7,4
2025-01-08 22:00:00,8.5,74,1.4,,214,16.7,33.3,1003.8,0,6,7
2025-01-08 23:00:00,8.4,78,2.8,,219,16.7,37.0,1004.4,0,6,7
2025-01-09 00:00:00,8.4,79,1.1,,216,16.7,38.9,1005.3,0,6,7
2025-01-09 01:00:00,8.3,79,0.3,,216,16.7,37.0,1005.6,0,7,7
2025-01-09 02:00:00,8.1,79,0.0,,213,14.8,35.2,1005.7,0,7,7
2025-01-09 03:00:00,7.3,82,0.0,,211,14.8,35.2,1005.5,0,6,7
2025-01-09 04:00:00,7.2,82,0.0,,212,14.8,33.3,1005.4,0,6,3
2025-01-09 05:00:00,7.0,81,0.0,,215,14.8,35.2,1005.1,0,7,3
2025-01-09 06:00:00,6.8,80,0.0,,215,14.8,35.2,1005.1,0,6,3
2025-01-09 07:00:00,7.0,78,0.0,,215,13.0,35.2,1004.6,0,6,2
2025-01-09 08:00:00,7.3,77,0.0,,214,13.0,33.3,1004.4,4,7,3
2025-01-09 09:00:00,7.7,75,0.4,,212,13.0,33.3,1004.1,6,8,3
2025-01-09 10:00:00,8.1,75,0.0,,216,14.8,33.3,1003.7,5,8,3
2025-01-09 11:00:00,8.3,75,0.0,,218,16.7,38.9,1003.4,0,8,3
2025-01-09 12:00:00,8.5,74,0.1,,223,22.2,48.2,1003.0,0,8,7
2025-01-09 13:00:00,8.7,76,2.6,,226,25.9,55.5,1003.1,0,8,7
2025-01-09 14:00:00,8.5,77,5.4,,227,27.8,64.8,1003.5,0,7,7
2025-01-09 15:00:00,8.4,78,3.7,,229,29.6,68.5,1003.8,0,8,7
2025-01-09 16:00:00,9.6,67,3.4,,239,31.5,75.9,1003.6,0,8,7
2025-01-09 17:00:00,8.1,74,1.4,,242,25.9,64.8,1006.8,0,8,7
2025-01-09 18:00:00,6.3,75,0.6,,250,24.1,59.3,1010.2,0,8,7
2025-01-09 19:00:00,5.8,72,0.0,,256,20.4,53.7,1013.4,0,8,7
2025-01-09 20:00:00,5.1,73,0.3,,258,16.7,44.5,1016.0,0,8,7
2025-01-09 21:00:00,4.1,75,0.0,,257,14.8,40.8,1017.8,0,8,7
2025-01-09 22:00:00,1.1,85,0.0,,252,13.0,35.2,1020.7,0,5,12
2025-01-09 23:00:00,1.0,83,0.0,,254,14.8,35.2,1021.6,0,5,12
2025-01-10 00:00:00,0.9,82,0.0,,251,13.0,29.6,1022.0,0,6,14
2025-01-10 01:00:00,0.8,83,0.0,,252,11.1,25.9,1022.6,0,7,3
2025-01-10 02:00:00,0.7,83,0.0,,245,9.3,24.1,1022.6,0,7,4
2025-01-10 03:00:00,0.7,82,0.0,,239,9.3,22.2,1022.2,0,6,4
2025-01-10 04:00:00,0.3,75,0.0,,252,7.4,18.5,1021.9,0,6,3
2025-01-10 05:00:00,0.3,75,0.0,,242,7.4,16.7,1022.0,0,6,2
2025-01-10 06:00:00,0.3,76,0.0,,237,7.4,18.5,1022.1,0,5,2
2025-01-10 07:00:00,0.3,76,0.0,,230,5.5,16.7,1022.4,0,5,2
2025-01-10 08:00:00,0.7,76,0.0,,222,5.5,14.8,1022.9,6,5,2
2025-01-10 09:00:00,0.9,74,0.0,,208,3.7,13.0,1023.1,8,5,2
2025-01-10 10:00:00,1.6,71,0.0,,185,5.5,16.7,1022.8,4,7,3
2025-01-10 11:00:00,2.0,68,0.0,,190,5.5,14.8,1022.3,9,7,3
2025-01-10 12:00:00,1.9,68,0.0,,174,5.5,13.0,1021.6,5,7,2
2025-01-10 13:00:00,1.9,69,0.0,,164,3.7,13.0,1021.2,1,7,2
2025-01-10 14:00:00,1.3,72,0.0,,156,3.7,13.0,1021.2,0,7,3
2025-01-10 15:00:00,0.9,76,0.0,,123,3.7,9.3,1020.7,0,6,4
2025-01-10 16:00:00,1.2,69,0.0,,37,3.7,9.3,1019.9,0,7,3
2025-01-10 17:00:00,1.0,70,0.0,,38,3.7,9.3,1020.4,0,7,3
2025-01-10 18:00:00,0.9,73,0.0,,43,5.5,13.0,1020.7,0,7,14
2025-01-10 19:00:00,0.6,75,0.0,,44,5.5,13.0,1020.9,0,7,14
2025-01-10 20:00:00,0.5,76,0.0,,44,5.5,11.1,1021.1,0,7,14
2025-01-10 21:00:00,0.1,79,0.0,,31,3.7,13.0,1021.1,0,6,14
2025-01-10 22:00:00,0.5,77,0.0,,44,5.5,13.0,1021.1,0,7,14
2025-01-10 23:00:00,0.4,76,0.0,,35,5.5,11.1,1021.5,0,7,14
2025-01-11 00:00:00,0.2,77,0.0,,37,5.5,13.0,1021.7,0,6,14
2025-01-11 01:00:00,-0.1,78,0.0,,36,5.5,11.1,1022.2,0,6,14
2025-01-11 02:00:00,-0.5,80,0.0,,37,5.5,11.1,1022.4,0,6,3
2025-01-11 03:00:00,-1.0,81,0.0,,32,5.5,13.0,1022.8,0,5,3
2025-01-11 04:00:00,-2.1,86,0.0,,37,7.4,14.8,1022.7,0,5,2
2025-01-11 05:00:00,-2.3,84,0.0,,29,5.5,14.8,1023.5,0,6,2
2025-01-11 06:00:00,-2.4,85,0.0,,28,7.4,14.8,1023.9,0,6,2
2025-01-11 07:00:00,-2.4,84,0.0,,27,7.4,14.8,1024.4,0,6,2
2025-01-11 08:00:00,-2.3,84,0.0,,28,7.4,14.8,1025.0,11,5,2
2025-01-11 09:00:00,-1.9,82,0.0,,26,5.5,14.8,1025.3,19,5,3
2025-01-11 10:00:00,-1.7,83,0.0,,50,9.3,18.5,1025.8,43,5,2
2025-01-11 11:00:00,-0.8,75,0.0,,43,7.4,18.5,1025.3,42,5,2
2025-01-11 12:00:00,-0.6,73,0.0,,40,7.4,20.4,1025.0,32,4,2
2025-01-11 13:00:00,-0.4,71,0.0,,38,7.4,20.4,1025.4,30,4,2
2025-01-11 14:00:00,-0.8,73,0.0,,34,9.3,20.4,1026.0,25,4,2
2025-01-11 15:00:00,-1.3,75,0.0,,37,7.4,20.4,1026.7,25,3,2
2025-01-11 16:00:00,-0.6,64,0.0,,41,5.5,18.5,1027.7,26,3,2
2025-01-11 17:00:00,-1.0,68,0.0,,35,5.5,16.7,1028.5,0,4,2
2025-01-11 18:00:00,-1.4,73,0.0,,39,5.5,16.7,1029.4,0,4,2
2025-01-11 19:00:00,-1.9,75,0.0,,42,5.5,14.8,1030.4,0,4,2
2025-01-11 20:00:00,-2.1,77,0.0,,43,5.5,14.8,1031.1,0,4,2
2025-01-11 21:00:00,-2.5,79,0.0,,38,5.5,14.8,1031.7,0,4,2
2025-01-11 22:00:00,-2.8,82,0.0,,36,5.5,14.8,1032.3,0,4,2
2025-01-11 23:00:00,-3.0,81,0.0,,37,5.5,13.0,1033.0,0,4,2
2025-01-12 00:00:00,-3.0,82,0.0,,38,5.5,13.0,1033.2,0,3,2
2025-01-12 01:00:00,-3.2,83,0.0,,38,5.5,13.0,1033.9,0,4,2
2025-01-12 02:00:00,-3.4,84,0.0,,39,5.5,13.0,1034.3,0,4,2
2025-01-12 03:00:00,-3.6,83,0.0,,35,5.5,13.0,1034.7,0,4,2
2025-01-12 04:00:00,-4.6,86,0.0,,29,3.7,9.3,1034.8,0,5,2
2025-01-12 05:00:00,-4.6,85,0.0,,32,3.7,9.3,1035.5,0,5,2
2025-01-12 06:00:00,-4.3,83,0.0,,32,3.7,11.1,1035.8,0,5,2
2025-01-12 07:00:00,-4.3,83,0.0,,37,3.7,11.1,1036.3,0,5,2
2025-01-12 08:00:00,-3.9,82,0.0,,44,5.5,13.0,1036.9,10,5,2
2025-01-12 09:00:00,-3.1,79,0.0,,47,5.5,14.8,1037.4,15,4,2
2025-01-12 10:00:00,-1.9,73,0.0,,48,7.4,16.7,1038.0,17,5,2
2025-01-12 11:00:00,-1.1,68,0.0,,45,9.3,20.4,1037.4,23,5,2
2025-01-12 12:00:00,-1.0,66,0.0,,48,9.3,24.1,1036.9,20,5,2
2025-01-12 13:00:00,-0.8,66,0.0,,46,11.1,27.8,1036.9,20,5,2
2025-01-12 14:00:00,-1.1,67,0.0,,49,11.1,27.8,1037.1,18,4,2
2025-01-12 15:00:00,-1.5,68,0.0,,48,9.3,25.9,1037.5,22,3,2
2025-01-12 16:00:00,-1.0,66,0.0,,41,7.4,22.2,1037.9,18,3,2
2025-01-12 17:00:00,-1.4,68,0.0,,43,7.4,20.4,1038.4,0,3,2
2025-01-12 18:00:00,-1.9,71,0.0,,47,7.4,22.2,1038.9,0,3,2
2025-01-12 19:00:00,-2.3,72,0.0,,46,7.4,22.2,1039.5,0,4,2
2025-01-12 20:00:00,-2.6,73,0.0,,49,7.4,22.2,1039.8,0,3,2
2025-01-12 21:00:00,-2.9,75,0.0,,48,9.3,22.2,1040.0,0,3,2
2025-01-12 22:00:00,-3.2,74,0.0,,44,11.1,27.8,1040.3,0,3,2
2025-01-12 23:00:00,-3.6,77,0.0,,47,11.1,25.9,1040.2,0,3,2
2025-01-13 00:00:00,-3.8,78,0.0,,47,9.3,24.1,1040.0,0,3,2
2025-01-13 01:00:00,-4.0,78,0.0,,47,9.3,22.2,1040.1,0,3,2
2025-01-13 02:00:00,-4.0,78,0.0,,48,9.3,24.1,1040.0,0,3,2
2025-01-13 03:00:00,-4.2,80,0.0,,49,9.3,22.2,1040.0,0,4,2
2025-01-13 04:00:00,-4.8,82,0.0,,36,9.3,24.1,1040.2,0,3,2
2025-01-13 05:00:00,-4.9,82,0.0,,39,9.3,22.2,1040.3,0,3,2
2025-01-13 06:00:00,-4.9,81,0.0,,44,9.3,25.9,1040.2,0,4,2
2025-01-13 07:00:00,-5.0,82,0.0,,43,9.3,25.9,1040.2,0,4,2
2025-01-13 08:00:00,-4.6,78,0.0,,44,11.1,27.8,1040.1,17,4,2
2025-01-13 09:00:00,-4.2,77,0.0,,45,11.1,27.8,1040.1,28,4,2
2025-01-13 10:00:00,-2.7,73,0.0,,45,14.8,31.5,1039.3,55,4,2
2025-01-13 11:00:00,-1.9,68,0.0,,42,14.8,35.2,1038.9,48,4,2
2025-01-13 12:00:00,-1.7,66,0.0,,45,14.8,37.0,1038.7,42,4,2
2025-01-13 13:00:00,-1.5,64,0.0,,45,13.0,37.0,1038.5,37,3,2
2025-01-13 14:00:00,-1.8,65,0.0,,50,13.0,33.3,1038.5,31,3,2
2025-01-13 15:00:00,-2.2,65,0.0,,49,11.1,31.5,1038.6,34,3,2
2025-01-13 16:00:00,-2.2,70,0.0,,47,11.1,31.5,1038.9,21,3,2
2025-01-13 17:00:00,-2.5,73,0.0,,45,9.3,25.9,1039.2,0,3,2
2025-01-13 18:00:00,-2.7,72,0.0,,47,7.4,24.1,1039.4,0,3,1
2025-01-13 19:00:00,-3.0,73,0.0,,50,5.5,20.4,1039.2,0,3,1
2025-01-13 20:00:00,-3.3,74,0.0,,55,5.5,18.5,1039.2,0,4,2
2025-01-13 21:00:00,-3.7,78,0.0,,47,5.5,18.5,1038.9,0,5,2
2025-01-13 22:00:00,-4.5,82,0.0,,35,9.3,25.9,1038.8,0,5,2
2025-01-13 23:00:00,-4.6,83,0.0,,40,7.4,20.4,1038.4,0,4,2
2025-01-14 00:00:00,-4.7,84,0.0,,42,5.5,16.7,1038.1,0,4,2
2025-01-14 01:00:00,-4.8,84,0.0,,42,5.5,14.8,1038.3,0,4,2
2025-01-14 02:00:00,-5.0,86,0.0,,42,5.5,14.8,1037.9,0,4,2
2025-01-14 03:00:00,-5.1,87,0.0,,49,5.5,14.8,1038.2,0,6,3
2025-01-14 04:00:00,-4.5,83,0.0,,30,3.7,16.7,1037.7,0,6,4
2025-01-14 05:00:00,-4.5,85,0.0,,28,3.7,13.0,1038.2,0,6,3
2025-01-14 06:00:00,-4.5,84,0.0,,46,3.7,11.1,1038.4,0,6,2
2025-01-14 07:00:00,-4.7,87,0.0,,45,3.7,11.1,1038.5,0,6,2
2025-01-14 08:00:00,-4.6,86,0.0,,46,3.7,11.1,1038.2,9,6,3
2025-01-14 09:00:00,-4.3,84,0.0,,53,3.7,11.1,1038.3,20,5,3
2025-01-14 10:00:00,-3.6,81,0.0,,45,3.7,11.1,1038.1,18,6,3
2025-01-14 11:00:00,-3.3,79,0.0,,57,5.5,13.0,1037.8,17,6,2
2025-01-14 12:00:00,-2.9,76,0.0,,66,5.5,13.0,1037.3,26,6,2
2025-01-14 13:00:00,-2.4,74,0.0,,53,5.5,13.0,1036.3,26,6,2
2025-01-14 14:00:00,-2.6,75,0.0,,52,3.7,13.0,1035.7,24,5,2
2025-01-14 15:00:00,-2.5,72,0.0,,60,3.7,11.1,1035.4,26,5,2
2025-01-14 16:00:00,-1.6,69,0.0,,64,1.8,9.3,1035.0,28,3,2
2025-01-14 17:00:00,-2.2,73,0.0,,99,3.7,7.4,1035.5,0,3,2
2025-01-14 18:00:00,-2.6,76,0.0,,109,1.8,7.4,1036.0,0,3,2
2025-01-14 19:00:00,-2.8,77,0.0,,130,1.8,7.4,1036.0,0,3,2
2025-01-14 20:00:00,-2.9,76,0.0,,109,1.8,5.5,1036.1,0,3,2
2025-01-14 21:00:00,-3.2,79,0.0,,105,1.8,5.5,1036.0,0,3,1
2025-01-14 22:00:00,-4.5,85,0.0,,92,1.8,3.7,1036.2,0,1,1
2025-01-14 23:00:00,-4.5,85,0.0,,94,1.8,5.5,1035.7,0,1,1
2025-01-15 00:00:00,-4.3,85,0.0,,109,1.8,3.7,1035.3,0,1,1
2025-01-15 01:00:00,-4.2,85,0.0,,97,1.8,3.7,1035.1,0,2,1
2025-01-15 02:00:00,-4.0,85,0.0,,160,1.8,3.7,1034.6,0,3,2
2025-01-15 03:00:00,-3.1,81,0.0,,160,1.8,5.5,1034.3,0,5,2
2025-01-15 04:00:00,-3.9,92,0.0,,184,3.7,9.3,1034.2,0,6,3
2025-01-15 05:00:00,-3.7,91,0.0,,196,1.8,5.5,1034.2,0,7,3
2025-01-15 06:00:00,-2.9,87,0.0,,145,1.8,5.5,1034.1,0,7,3
2025-01-15 07:00:00,-2.7,87,0.0,,90,1.8,3.7,1034.0,0,7,3
2025-01-15 08:00:00,-2.3,88,0.0,,68,1.8,5.5,1034.2,0,7,3
2025-01-15 09:00:00,-1.9,88,0.2,,72,1.8,5.5,1034.1,1,6,4
2025-01-15 10:00:00,-1.0,80,0.0,,64,3.7,13.0,1033.9,0,8,4
2025-01-15 11:00:00,-0.5,79,0.0,,48,5.5,14.8,1033.3,1,8,3
2025-01-15 12:00:00,-0.1,78,0.0,,46,5.5,14.8,1032.9,0,8,3
2025-01-15 13:00:00,0.1,80,0.0,,41,5.5,14.8,1032.3,0,8,3
2025-01-15 14:00:00,0.1,80,0.0,,37,5.5,14.8,1032.4,0,7,3
2025-01-15 15:00:00,0.0,81,0.0,,42,7.4,18.5,1032.0,2,6,3
2025-01-15 16:00:00,0.7,88,0.0,,40,7.4,20.4,1031.9,6,6,3
2025-01-15 17:00:00,0.5,88,0.0,,49,5.5,16.7,1032.5,0,6,2
2025-01-15 18:00:00,0.4,89,0.0,,48,7.4,16.7,1032.8,0,6,2
2025-01-15 19:00:00,0.1,90,0.0,,49,7.4,18.5,1032.9,0,6,2
2025-01-15 20:00:00,0.1,88,0.0,,51,7.4,20.4,1033.1,0,6,2
2025-01-15 21:00:00,0.2,88,0.0,,51,9.3,20.4,1032.9,0,6,2
2025-01-15 22:00:00,0.4,92,0.0,,50,9.3,24.1,1033.3,0,7,4
2025-01-15 23:00:00,0.2,94,0.0,,52,9.3,24.1,1033.0,0,7,3
2025-01-16 00:00:00,0.2,94,0.0,,50,11.1,24.1,1032.9,0,7,3
2025-01-16 01:00:00,0.0,94,0.0,,49,11.1,24.1,1032.6,0,6,3
2025-01-16 02:00:00,-0.1,94,0.0,,54,11.1,27.8,1032.5,0,6,4
2025-01-16 03:00:00,-0.1,94,0.0,,56,11.1,25.9,1032.3,0,6,4
2025-01-16 04:00:00,0.5,90,0.0,,46,11.1,31.5,1032.7,0,7,4
2025-01-16 05:00:00,0.4,90,0.0,,49,11.1,27.8,1033.0,0,8,3
2025-01-16 06:00:00,0.4,90,0.0,,50,9.3,27.8,1032.7,0,8,2
2025-01-16 07:00:00,0.3,89,0.0,,49,9.3,25.9,1033.2,0,7,2
2025-01-16 08:00:00,0.5,87,0.0,,48,9.3,25.9,1033.7,1,7,3
2025-01-16 09:00:00,0.7,85,0.0,,50,9.3,24.1,1034.2,2,6,3
2025-01-16 10:00:00,1.5,76,0.0,,65,7.4,22.2,1035.2,0,7,4
2025-01-16 11:00:00,1.7,75,0.0,,60,7.4,20.4,1035.1,0,7,3
2025-01-16 12:00:00,1.6,76,0.0,,53,7.4,18.5,1035.2,4,7,2
2025-01-16 13:00:00,1.6,78,0.0,,53,7.4,18.5,1035.0,6,7,2
2025-01-16 14:00:00,1.5,78,0.0,,50,7.4,18.5,1034.9,7,6,2
2025-01-16 15:00:00,1.1,80,0.0,,49,5.5,16.7,1035.4,9,5,3
2025-01-16 16:00:00,1.6,78,0.0,,48,5.5,16.7,1035.2,0,6,3
2025-01-16 17:00:00,1.0,82,0.0,,43,5.5,14.8,1035.8,0,6,2
2025-01-16 18:00:00,0.6,84,0.0,,45,5.5,16.7,1036.2,0,6,2
2025-01-16 19:00:00,0.4,84,0.0,,46,5.5,16.7,1036.3,0,6,2
2025-01-16 20:00:00,0.2,85,0.0,,46,5.5,14.8,1036.5,0,6,2
2025-01-16 21:00:00,0.0,86,0.0,,47,5.5,14.8,1036.6,0,6,2
2025-01-16 22:00:00,-0.2,86,0.0,,44,5.5,14.8,1036.5,0,6,3
2025-01-16 23:00:00,-0.4,87,0.0,,42,5.5,13.0,1036.6,0,6,3
2025-01-17 00:00:00,-0.5,88,0.0,,46,5.5,11.1,1036.7,0,4,3
2025-01-17 01:00:00,-0.7,90,0.0,,49,3.7,9.3,1036.8,0,6,3
2025-01-17 02:00:00,-0.8,89,0.0,,50,3.7,11.1,1036.9,0,6,3
2025-01-17 03:00:00,-0.9,90,0.0,,47,3.7,11.1,1036.9,0,6,4
2025-01-17 04:00:00,-0.1,86,0.0,,54,3.7,11.1,1037.0,0,7,4
2025-01-17 05:00:00,-0.4,88,0.0,,55,1.8,7.4,1037.3,0,7,4
2025-01-17 06:00:00,-0.6,89,0.0,,60,3.7,11.1,1037.5,0,8,3
2025-01-17 07:00:00,-0.8,90,0.0,,59,3.7,11.1,1037.7,0,7,3
2025-01-17 08:00:00,-0.6,89,0.0,,60,3.7,11.1,1037.8,0,7,3
2025-01-17 09:00:00,-0.4,88,0.0,,55,3.7,11.1,1038.0,0,7,4
2025-01-17 10:00:00,0.8,79,0.0,,67,5.5,11.1,1037.6,0,8,4
2025-01-17 11:00:00,0.9,79,0.0,,55,5.5,16.7,1037.2,0,8,3
2025-01-17 12:00:00,0.8,80,0.0,,50,5.5,16.7,1036.7,0,8,3
2025-01-17 13:00:00,0.8,80,0.0,,46,5.5,14.8,1036.4,0,7,3
2025-01-17 14:00:00,0.4,82,0.0,,45,5.5,13.0,1036.2,2,7,3
2025-01-17 15:00:00,0.2,83,0.0,,50,5.5,13.0,1036.2,3,6,3
2025-01-17 16:00:00,-0.5,84,0.0,,33,3.7,13.0,1035.5,0,7,3
2025-01-17 17:00:00,-0.7,86,0.0,,34,5.5,14.8,1035.8,0,7,3
2025-01-17 18:00:00,-0.6,87,0.0,,40,5.5,14.8,1035.8,0,6,3
2025-01-17 19:00:00,-0.8,86,0.0,,41,5.5,14.8,1035.5,0,6,2
2025-01-17 20:00:00,-0.8,86,0.0,,45,5.5,14.8,1035.4,0,6,2
2025-01-17 21:00:00,-0.9,87,0.0,,49,5.5,16.7,1035.1,0,6,3
2025-01-17 22:00:00,-1.5,85,0.0,,50,5.5,14.8,1034.7,0,7,4
2025-01-17 23:00:00,-1.6,85,0.0,,53,7.4,14.8,1034.2,0,7,3
2025-01-18 00:00:00,-1.7,86,0.0,,53,7.4,16.7,1034.0,0,6,3
2025-01-18 01:00:00,-1.8,87,0.0,,53,5.5,14.8,1033.5,0,6,3
2025-01-18 02:00:00,-1.9,88,0.0,,53,7.4,14.8,1033.0,0,6,3
2025-01-18 03:00:00,-2.0,90,0.0,,56,5.5,14.8,1032.5,0,6,4
2025-01-18 04:00:00,-1.1,85,0.0,,51,5.5,14.8,1031.7,0,8,4
2025-01-18 05:00:00,-1.1,86,0.0,,56,3.7,13.0,1031.9,0,8,4
2025-01-18 06:00:00,-1.2,86,0.0,,60,3.7,14.8,1031.8,0,8,3
2025-01-18 07:00:00,-1.3,88,0.0,,60,3.7,13.0,1032.2,0,8,3
2025-01-18 08:00:00,-1.1,87,0.0,,64,3.7,13.0,1032.5,1,8,3
2025-01-18 09:00:00,-0.9,86,0.0,,78,3.7,11.1,1032.7,0,7,4
2025-01-18 10:00:00,-1.1,80,0.0,,100,3.7,13.0,1032.8,1,7,3
2025-01-18 11:00:00,-0.6,79,0.0,,86,3.7,13.0,1032.0,5,7,3
2025-01-18 12:00:00,-0.2,78,0.0,,74,3.7,11.1,1031.3,8,7,2
2025-01-18 13:00:00,-0.1,79,0.0,,64,3.7,11.1,1030.7,9,7,2
2025-01-18 14:00:00,-0.4,81,0.0,,58,3.7,11.1,1030.3,12,6,2
2025-01-18 15:00:00,-0.5,83,0.0,,53,3.7,11.1,1030.4,12,6,3
2025-01-18 16:00:00,-0.9,83,0.0,,40,5.5,13.0,1029.9,25,6,2
2025-01-18 17:00:00,-1.2,86,0.0,,40,3.7,11.1,1029.8,0,5,2
2025-01-18 18:00:00,-1.4,88,0.0,,46,3.7,11.1,1029.8,0,5,2
2025-01-18 19:00:00,-1.5,89,0.0,,52,3.7,11.1,1029.3,0,5,2
2025-01-18 20:00:00,-1.5,88,0.0,,47,3.7,11.1,1029.2,0,5,2
2025-01-18 21:00:00,-1.5,88,0.0,,46,3.7,11.1,1029.1,0,5,2
2025-01-18 22:00:00,-2.0,90,0.0,,38,5.5,11.1,1028.4,0,4,2
2025-01-18 23:00:00,-2.2,91,0.0,,44,3.7,11.1,1028.1,0,4,2
2025-01-19 00:00:00,-2.2,91,0.0,,47,5.5,11.1,1027.8,0,3,1
2025-01-19 01:00:00,-2.2,91,0.0,,44,3.7,9.3,1027.3,0,4,2
2025-01-19 02:00:00,-2.3,92,0.0,,45,3.7,11.1,1026.8,0,5,2
2025-01-19 03:00:00,-2.3,93,0.0,,53,3.7,9.3,1026.2,0,5,4
2025-01-19 04:00:00,-2.4,92,0.0,,71,3.7,9.3,1025.7,0,6,4
2025-01-19 05:00:00,-2.5,94,0.0,,68,3.7,9.3,1025.3,0,6,3
2025-01-19 06:00:00,-2.4,94,0.0,,59,3.7,11.1,1025.0,0,7,2
2025-01-19 07:00:00,-2.3,93,0.0,,52,3.7,9.3,1024.8,1,6,2
2025-01-19 08:00:00,-1.9,90,0.0,,53,3.7,9.3,1024.9,3,6,3
2025-01-19 09:00:00,-1.4,88,0.0,,67,3.7,9.3,1024.7,4,6,3
2025-01-19 10:00:00,-0.8,86,0.0,,74,3.7,9.3,1024.4,6,7,3
2025-01-19 11:00:00,-0.4,85,0.0,,84,3.7,9.3,1024.0,10,7,3
2025-01-19 12:00:00,0.1,83,0.0,,50,3.7,9.3,1023.4,9,8,3
2025-01-19 13:00:00,0.4,82,0.0,,150,3.7,9.3,1022.8,9,7,3
2025-01-19 14:00:00,0.6,82,0.0,,60,3.7,9.3,1022.6,8,7,3
2025-01-19 15:00:00,0.6,82,0.0,,50,3.7,9.3,1022.4,13,6,3
2025-01-19 16:00:00,0.4,83,0.0,,30,3.7,9.3,1022.3,5,6,3
2025-01-19 17:00:00,0.4,84,0.0,,56,1.8,7.4,1022.3,0,5,2
2025-01-19 18:00:00,0.0,86,0.0,,57,3.7,7.4,1022.3,0,5,2
2025-01-19 19:00:00,-0.2,86,0.0,,60,1.8,5.5,1022.5,0,5,2
2025-01-19 20:00:00,-0.2,85,0.0,,79,3.7,5.5,1023.0,0,5,2
2025-01-19 21:00:00,-0.3,89,0.0,,19,1.8,7.4,1023.1,0,5,2
2025-01-19 22:00:00,-1.3,91,0.5,,38,1.8,3.7,1022.7,0,5,4
2025-01-19 23:00:00,-1.4,90,0.0,,45,1.8,5.5,1022.9,0,4,2
2025-01-20 00:00:00,-1.4,92,0.0,,74,1.8,5.5,1022.7,0,4,2
2025-01-20 01:00:00,-1.4,92,0.0,,47,1.8,7.4,1022.4,0,4,2
2025-01-20 02:00:00,-1.4,92,0.0,,71,3.7,7.4,1022.6,0,4,2
2025-01-20 03:00:00,-1.4,93,0.0,,53,3.7,7.4,1022.3,0,5,2
2025-01-20 04:00:00,-3.3,94,0.0,,70,1.8,7.4,1022.8,0,6,3
2025-01-20 05:00:00,-3.2,95,0.0,,66,1.8,7.4,1022.7,0,6,2
2025-01-20 06:00:00,-2.7,94,0.0,,57,1.8,7.4,1022.7,0,6,2
2025-01-20 07:00:00,-2.5,92,0.0,,72,1.8,7.4,1022.4,2,6,2
2025-01-20 08:00:00,-2.0,92,0.0,,87,1.8,7.4,1022.5,9,6,2
2025-01-20 09:00:00,-1.2,90,0.0,,113,1.8,7.4,1022.3,17,6,3
2025-01-20 10:00:00,-1.4,90,0.0,,91,3.7,9.3,1022.6,9,7,4
2025-01-20 11:00:00,0.2,81,0.0,,57,3.7,7.4,1021.7,16,7,4
2025-01-20 12:00:00,1.0,78,0.0,,52,3.7,7.4,1021.1,13,7,3
2025-01-20 13:00:00,1.6,76,0.0,,59,3.7,7.4,1020.6,11,7,3
2025-01-20 14:00:00,1.5,78,0.0,,62,3.7,9.3,1020.3,9,7,3
2025-01-20 15:00:00,1.3,81,0.0,,52,3.7,9.3,1020.5,8,8,3
2025-01-20 16:00:00,1.0,88,0.0,,75,1.8,7.4,1020.0,9,7,3
2025-01-20 17:00:00,0.6,88,0.0,,46,3.7,9.3,1020.2,0,7,3
2025-01-20 18:00:00,0.0,91,0.0,,45,3.7,9.3,1020.4,0,7,3
2025-01-20 19:00:00,0.0,90,0.0,,51,3.7,9.3,1020.5,0,6,2
2025-01-20 20:00:00,-0.2,90,0.0,,51,3.7,7.4,1020.5,0,6,3
2025-01-20 21:00:00,-0.3,91,0.0,,52,3.7,7.4,1020.6,0,7,3
2025-01-20 22:00:00,-0.8,99,0.0,,53,1.8,5.5,1020.4,0,7,4
2025-01-20 23:00:00,-0.9,99,0.0,,61,1.8,5.5,1020.5,0,7,4
2025-01-21 00:00:00,-1.0,99,0.0,,57,1.8,7.4,1020.6,0,6,3
2025-01-21 01:00:00,-1.1,97,0.0,,37,1.8,5.5,1020.6,0,6,3
2025-01-21 02:00:00,-1.1,95,0.0,,61,1.8,7.4,1020.7,0,6,4
2025-01-21 03:00:00,-1.3,96,0.0,,80,1.8,7.4,1020.8,0,6,4
2025-01-21 04:00:00,-1.8,100,0.0,,247,1.8,3.7,1020.7,0,7,5
2025-01-21 05:00:00,-1.9,100,0.0,,67,1.8,5.5,1020.8,0,6,5
2025-01-21 06:00:00,-2.1,100,0.0,,30,1.8,5.5,1020.9,0,6,5
2025-01-21 07:00:00,-2.1,100,0.0,,53,1.8,5.5,1021.0,0,6,5
2025-01-21 08:00:00,-1.9,99,0.0,,145,1.8,5.5,1021.2,7,5,5
2025-01-21 09:00:00,-1.3,96,0.0,,181,1.8,5.5,1021.1,15,5,2
2025-01-21 10:00:00,0.0,93,0.0,,204,3.7,7.4,1020.7,8,7,4
2025-01-21 11:00:00,0.9,86,0.0,,204,3.7,5.5,1020.0,19,6,4
2025-01-21 12:00:00,1.5,83,0.0,,177,3.7,5.5,1019.2,20,5,4
2025-01-21 13:00:00,1.8,81,0.0,,151,3.7,7.4,1018.6,22,5,2
2025-01-21 14:00:00,1.8,82,0.0,,128,3.7,7.4,1018.2,23,4,2
2025-01-21 15:00:00,1.5,84,0.0,,78,3.7,7.4,1018.0,25,3,2
2025-01-21 16:00:00,0.1,95,0.0,,56,3.7,9.3,1018.2,23,3,2
2025-01-21 17:00:00,-0.3,95,0.0,,61,3.7,7.4,1018.3,0,4,2
2025-01-21 18:00:00,-0.5,96,0.0,,61,3.7,7.4,1018.3,0,4,2
2025-01-21 19:00:00,-0.7,94,0.0,,56,3.7,7.4,1018.2,0,5,2
2025-01-21 20:00:00,-1.0,96,0.0,,59,3.7,7.4,1018.1,0,5,2
2025-01-21 21:00:00,-1.2,96,0.0,,55,3.7,7.4,1018.0,0,5,2
2025-01-21 22:00:00,-0.9,98,0.0,,97,1.8,5.5,1018.0,0,7,4
2025-01-21 23:00:00,-1.1,99,0.0,,71,1.8,7.4,1017.4,0,6,5
2025-01-22 00:00:00,-1.3,100,0.0,,59,3.7,7.4,1016.9,0,6,5
2025-01-22 01:00:00,-1.4,99,0.0,,54,3.7,7.4,1016.6,0,7,5
2025-01-22 02:00:00,-1.5,99,0.0,,82,3.7,7.4,1016.5,0,7,5
2025-01-22 03:00:00,-1.5,99,0.0,,76,3.7,9.3,1016.0,0,8,5
2025-01-22 04:00:00,-1.6,98,0.0,,78,3.7,9.3,1015.4,0,8,5
2025-01-22 05:00:00,-1.5,96,0.0,,67,3.7,9.3,1014.9,0,8,5
2025-01-22 06:00:00,-1.4,97,0.0,,58,3.7,9.3,1014.9,0,8,5
2025-01-22 07:00:00,-1.3,96,0.0,,57,3.7,9.3,1014.4,0,8,5
2025-01-22 08:00:00,-0.8,94,0.0,,57,3.7,9.3,1014.6,0,7,5
2025-01-22 09:00:00,-0.3,92,0.0,,71,3.7,9.3,1014.4,0,8,4
2025-01-22 10:00:00,-0.6,91,0.0,,175,1.8,9.3,1014.1,0,8,4
2025-01-22 11:00:00,-0.4,92,0.0,,203,3.7,9.3,1013.2,0,8,4
2025-01-22 12:00:00,-0.1,92,0.0,,223,3.7,7.4,1012.7,0,8,4
2025-01-22 13:00:00,0.2,92,0.0,,182,3.7,7.4,1011.9,0,7,4
2025-01-22 14:00:00,0.3,92,0.0,,181,3.7,11.1,1011.5,0,7,4
2025-01-22 15:00:00,0.3,94,0.0,,67,3.7,11.1,1011.0,0,7,4
2025-01-22 16:00:00,1.1,94,0.0,,277,3.7,9.3,1010.8,2,8,4
2025-01-22 17:00:00,0.9,93,0.0,,190,3.7,9.3,1010.6,0,8,4
2025-01-22 18:00:00,0.6,95,0.0,,78,3.7,7.4,1010.3,0,8,3
2025-01-22 19:00:00,0.7,94,0.0,,72,3.7,9.3,1009.7,0,8,3
2025-01-22 20:00:00,0.9,90,0.0,,72,3.7,9.3,1009.1,0,8,4
2025-01-22 21:00:00,0.9,90,0.0,,34,3.7,9.3,1008.8,0,8,4
2025-01-22 22:00:00,0.4,95,0.0,,55,1.8,5.5,1008.7,0,8,4
2025-01-22 23:00:00,0.7,94,0.0,,13,3.7,7.4,1008.3,0,8,4
2025-01-23 00:00:00,0.9,95,0.0,,274,3.7,7.4,1008.0,0,8,4
2025-01-23 01:00:00,1.1,94,0.0,,198,3.7,9.3,1007.3,0,8,4
2025-01-23 02:00:00,1.3,94,0.0,,186,3.7,11.1,1007.3,0,8,4
2025-01-23 03:00:00,1.5,94,0.0,,200,5.5,13.0,1007.2,0,8,4
2025-01-23 04:00:00,1.8,97,0.0,,212,5.5,13.0,1006.8,0,8,7
2025-01-23 05:00:00,1.8,97,6.2,,225,7.4,18.5,1007.2,0,8,7
2025-01-23 06:00:00,2.1,96,0.2,,231,9.3,24.1,1007.6,0,8,7
2025-01-23 07:00:00,2.3,94,2.0,,231,13.0,29.6,1009.2,0,8,7
2025-01-23 08:00:00,2.7,93,1.1,,236,14.8,33.3,1011.0,0,7,7
2025-01-23 09:00:00,2.7,96,0.3,,238,13.0,33.3,1012.9,0,8,7
2025-01-23 10:00:00,5.1,90,0.0,,242,13.0,33.3,1014.5,0,8,7
2025-01-23 11:00:00,5.0,88,0.0,,251,13.0,33.3,1015.2,0,8,7
2025-01-23 12:00:00,4.9,87,0.0,,251,11.1,27.8,1015.4,0,8,3
2025-01-23 13:00:00,4.6,85,0.0,,251,11.1,24.1,1015.5,0,8,3
2025-01-23 14:00:00,4.4,84,0.0,,246,9.3,20.4,1015.4,1,7,3
2025-01-23 15:00:00,4.2,84,0.0,,241,7.4,16.7,1015.5,4,7,4
2025-01-23 16:00:00,4.6,82,0.0,,251,3.7,9.3,1014.7,2,7,3
2025-01-23 17:00:00,3.9,85,0.0,,223,3.7,11.1,1015.5,0,7,3
2025-01-23 18:00:00,3.7,87,0.0,,226,5.5,13.0,1016.2,0,7,2
2025-01-23 19:00:00,3.6,86,0.0,,216,5.5,14.8,1016.6,0,6,2
2025-01-23 20:00:00,3.6,84,0.0,,211,7.4,14.8,1017.0,0,6,2
2025-01-23 21:00:00,3.5,84,0.0,,216,7.4,18.5,1017.2,0,6,3
2025-01-23 22:00:00,2.4,91,0.0,,206,3.7,9.3,1017.5,0,7,3
2025-01-23 23:00:00,2.4,90,0.0,,229,5.5,13.0,1017.3,0,7,3
2025-01-24 00:00:00,2.5,89,0.0,,221,5.5,13.0,1017.2,0,7,3
2025-01-24 01:00:00,2.5,89,0.0,,226,5.5,16.7,1017.4,0,6,3
2025-01-24 02:00:00,2.5,89,0.0,,211,7.4,16.7,1017.5,0,6,3
2025-01-24 03:00:00,2.3,88,0.0,,204,5.5,14.8,1017.8,0,6,3
2025-01-24 04:00:00,3.6,78,0.0,,192,5.5,22.2,1017.4,0,7,3
2025-01-24 05:00:00,3.2,81,0.0,,188,5.5,16.7,1017.3,0,7,2
2025-01-24 06:00:00,2.9,82,0.0,,182,5.5,14.8,1017.0,0,7,2
2025-01-24 07:00:00,2.6,84,0.0,,184,3.7,13.0,1016.8,1,7,2
2025-01-24 08:00:00,2.8,82,0.0,,187,3.7,11.1,1017.0,7,7,3
2025-01-24 09:00:00,3.5,79,0.0,,200,3.7,11.1,1016.7,11,6,3
2025-01-24 10:00:00,4.5,80,0.0,,202,3.7,7.4,1017.1,4,8,3
2025-01-24 11:00:00,5.4,75,0.0,,208,5.5,11.1,1016.1,5,8,3
2025-01-24 12:00:00,6.4,68,0.0,,214,5.5,13.0,1014.9,7,8,2
2025-01-24 13:00:00,6.7,65,0.0,,216,7.4,14.8,1014.5,0,8,2
2025-01-24 14:00:00,6.5,65,0.0,,213,7.4,16.7,1014.1,0,8,3
2025-01-24 15:00:00,6.3,65,0.0,,210,7.4,16.7,1014.3,3,8,3
2025-01-24 16:00:00,6.3,65,0.0,,207,5.5,14.8,1014.2,0,8,3
2025-01-24 17:00:00,6.2,65,0.0,,207,5.5,13.0,1014.1,0,7,3
2025-01-24 18:00:00,5.5,68,0.0,,202,5.5,11.1,1014.1,0,7,2
2025-01-24 19:00:00,5.5,66,0.0,,197,5.5,13.0,1014.1,0,7,2
2025-01-24 20:00:00,5.6,66,0.0,,201,5.5,13.0,1013.9,0,7,2
2025-01-24 21:00:00,5.4,68,0.0,,200,3.7,11.1,1013.9,0,6,2
2025-01-24 22:00:00,7.2,58,0.0,,189,3.7,11.1,1013.8,0,5,4
2025-01-24 23:00:00,6.8,59,0.0,,191,3.7,11.1,1013.6,0,5,2
2025-01-25 00:00:00,6.4,61,0.0,,175,3.7,11.1,1013.3,0,5,2
2025-01-25 01:00:00,6.1,62,0.0,,171,3.7,11.1,1012.8,0,5,3
2025-01-25 02:00:00,5.6,64,0.0,,159,3.7,11.1,1012.9,0,6,3
2025-01-25 03:00:00,5.6,65,0.0,,165,3.7,13.0,1012.5,0,7,3
2025-01-25 04:00:00,6.3,52,0.0,,223,3.7,11.1,1011.9,0,7,4
2025-01-25 05:00:00,6.2,55,0.0,,187,1.8,11.1,1012.0,0,7,3
2025-01-25 06:00:00,6.1,57,0.0,,180,3.7,13.0,1012.0,0,7,3
2025-01-25 07:00:00,5.9,59,0.0,,166,3.7,13.0,1012.2,2,6,2
2025-01-25 08:00:00,6.4,58,0.0,,183,3.7,11.1,1012.7,7,6,3
2025-01-25 09:00:00,7.3,57,0.0,,197,3.7,9.3,1012.7,13,5,3
2025-01-25 10:00:00,10.2,50,0.0,,215,3.7,18.5,1012.4,9,6,2
2025-01-25 11:00:00,11.0,48,0.0,,216,5.5,18.5,1011.8,13,6,2
2025-01-25 12:00:00,11.4,47,0.0,,215,5.5,14.8,1011.4,17,7,2
2025-01-25 13:00:00,11.6,48,0.0,,214,5.5,16.7,1010.8,19,6,2
2025-01-25 14:00:00,10.9,51,0.0,,215,5.5,14.8,1010.3,17,6,2
2025-01-25 15:00:00,10.3,53,0.0,,215,5.5,13.0,1010.1,21,5,2
2025-01-25 16:00:00,12.4,48,0.0,,226,5.5,14.8,1008.9,25,6,2
2025-01-25 17:00:00,10.7,54,0.0,,222,3.7,13.0,1009.6,0,5,2
2025-01-25 18:00:00,9.0,59,0.0,,179,3.7,13.0,1010.1,0,5,2
2025-01-25 19:00:00,8.5,61,0.0,,216,3.7,11.1,1009.9,0,5,2
2025-01-25 20:00:00,8.1,62,0.0,,233,3.7,11.1,1009.8,0,5,2
2025-01-25 21:00:00,7.8,64,0.0,,249,5.5,14.8,1009.8,0,6,2
2025-01-25 22:00:00,7.9,60,0.0,,259,5.5,18.5,1008.8,0,6,4
2025-01-25 23:00:00,7.8,61,0.0,,261,7.4,22.2,1009.8,0,6,4
2025-01-26 00:00:00,7.6,64,0.0,,250,9.3,27.8,1010.5,0,6,3
2025-01-26 01:00:00,7.4,66,0.2,,244,11.1,29.6,1011.3,0,7,7
2025-01-26 02:00:00,6.8,71,1.1,,236,14.8,35.2,1012.3,0,7,7
2025-01-26 03:00:00,6.4,72,0.3,,231,14.8,40.8,1013.1,0,8,7
2025-01-26 04:00:00,5.3,78,0.0,,218,24.1,57.4,1014.0,0,7,7
2025-01-26 05:00:00,5.5,76,0.0,,225,20.4,48.2,1013.7,0,7,7
2025-01-26 06:00:00,5.6,76,0.0,,228,18.5,44.5,1013.8,0,6,2
2025-01-26 07:00:00,5.5,75,0.0,,230,18.5,42.6,1014.2,1,6,2
2025-01-26 08:00:00,5.7,72,0.0,,233,18.5,40.8,1014.7,8,5,2
2025-01-26 09:00:00,5.9,71,0.0,,237,16.7,37.0,1015.2,16,4,2
2025-01-26 10:00:00,6.5,66,0.0,,244,16.7,38.9,1014.8,41,4,2
2025-01-26 11:00:00,7.1,62,0.0,,244,14.8,37.0,1014.4,44,4,2
2025-01-26 12:00:00,7.5,59,0.0,,243,13.0,31.5,1013.5,39,4,2
2025-01-26 13:00:00,7.5,59,0.0,,242,11.1,27.8,1012.9,39,4,2
2025-01-26 14:00:00,6.9,61,0.0,,235,7.4,20.4,1012.2,28,5,2
2025-01-26 15:00:00,6.4,62,0.0,,219,7.4,16.7,1011.4,29,5,2
2025-01-26 16:00:00,6.7,58,0.0,,178,3.7,11.1,1010.0,22,5,2
2025-01-26 17:00:00,6.2,62,0.0,,177,3.7,13.0,1009.9,5,5,2
2025-01-26 18:00:00,5.7,66,0.0,,179,5.5,13.0,1009.8,0,5,2
2025-01-26 19:00:00,5.6,66,0.0,,180,5.5,13.0,1009.3,0,5,2
2025-01-26 20:00:00,5.7,66,0.0,,177,3.7,13.0,1008.7,0,5,2
2025-01-26 21:00:00,5.5,67,0.0,,188,3.7,13.0,1008.2,0,5,2
2025-01-26 22:00:00,6.4,66,0.0,,196,5.5,16.7,1008.3,0,6,4
2025-01-26 23:00:00,6.1,66,0.0,,190,3.7,14.8,1007.4,0,6,4
2025-01-27 00:00:00,5.9,67,0.0,,184,5.5,14.8,1006.4,0,7,3
2025-01-27 01:00:00,5.7,68,0.0,,183,5.5,14.8,1005.4,0,7,4
2025-01-27 02:00:00,5.5,69,0.0,,213,5.5,14.8,1005.0,0,7,4
2025-01-27 03:00:00,5.6,70,0.0,,215,5.5,16.7,1004.6,0,8,4
2025-01-27 04:00:00,5.3,73,0.1,,215,5.5,16.7,1004.4,0,8,7
2025-01-27 05:00:00,5.4,74,0.2,,209,7.4,20.4,1004.2,0,8,7
2025-01-27 06:00:00,5.5,77,0.0,,203,5.5,16.7,1004.4,0,7,7
2025-01-27 07:00:00,5.5,78,0.6,,203,5.5,16.7,1004.4,0,7,7
2025-01-27 08:00:00,5.6,79,0.4,,204,5.5,16.7,1004.8,0,6,7
2025-01-27 09:00:00,5.5,84,1.6,,202,5.5,14.8,1005.0,0,5,7
2025-01-27 10:00:00,6.5,90,0.0,,282,5.5,16.7,1004.9,0,8,7
2025-01-27 11:00:00,6.6,90,1.0,,282,5.5,16.7,1004.3,0,8,8
2025-01-27 12:00:00,6.4,92,0.6,,278,5.5,16.7,1004.2,0,8,8
2025-01-27 13:00:00,6.5,90,1.1,,279,5.5,16.7,1004.1,0,8,8
2025-01-27 14:00:00,6.2,91,1.5,,281,5.5,18.5,1003.9,0,8,8
2025-01-27 15:00:00,6.2,92,1.3,,261,7.4,18.5,1004.5,0,8,8
2025-01-27 16:00:00,6.6,95,0.4,,281,7.4,18.5,1003.4,4,8,9
2025-01-27 17:00:00,6.4,94,1.5,,248,7.4,20.4,1003.9,1,8,9
2025-01-27 18:00:00,6.0,93,2.1,,222,9.3,22.2,1004.6,0,8,9
2025-01-27 19:00:00,5.9,92,1.2,,205,7.4,20.4,1004.3,0,8,8
2025-01-27 20:00:00,5.4,93,0.3,,202,7.4,18.5,1004.2,0,8,8
2025-01-27 21:00:00,5.2,93,0.6,,205,5.5,16.7,1003.5,0,8,8
2025-01-27 22:00:00,5.2,95,0.4,,143,5.5,18.5,1004.1,0,8,8
2025-01-27 23:00:00,5.1,93,0.4,,144,3.7,13.0,1003.0,0,8,8
2025-01-28 00:00:00,4.9,95,0.3,,141,3.7,13.0,1002.2,0,8,8
2025-01-28 01:00:00,4.7,95,0.6,,175,3.7,11.1,1001.5,0,8,8
2025-01-28 02:00:00,4.3,97,0.3,,220,3.7,13.0,1001.1,0,8,8
2025-01-28 03:00:00,4.1,98,0.5,,221,5.5,16.7,1001.5,0,8,8
2025-01-28 04:00:00,4.5,97,1.6,,193,5.5,13.0,999.5,0,8,9
2025-01-28 05:00:00,4.2,98,2.1,,205,9.3,16.7,1000.5,0,8,8
2025-01-28 06:00:00,4.0,99,1.2,,206,7.4,18.5,1001.3,0,8,8
2025-01-28 07:00:00,3.8,100,0.7,,194,7.4,20.4,1002.6,0,8,8
2025-01-28 08:00:00,3.7,100,0.3,,197,7.4,18.5,1003.1,0,8,8
2025-01-28 09:00:00,3.9,100,0.2,,196,9.3,20.4,1003.4,0,8,7
2025-01-28 10:00:00,4.6,86,0.0,,213,14.8,33.3,1003.1,0,8,7
2025-01-28 11:00:00,5.0,86,0.0,,214,14.8,33.3,1002.7,2,8,7
2025-01-28 12:00:00,5.4,82,0.0,,218,14.8,33.3,1002.0,1,8,3
2025-01-28 13:00:00,5.6,80,0.0,,218,14.8,35.2,1001.8,2,8,3
2025-01-28 14:00:00,5.5,79,0.0,,221,14.8,33.3,1001.6,0,8,3
2025-01-28 15:00:00,5.5,77,0.0,,221,13.0,31.5,1001.7,3,8,3
2025-01-28 16:00:00,6.0,78,0.0,,200,13.0,29.6,1002.4,9,7,3
2025-01-28 17:00:00,5.8,78,0.0,,208,13.0,29.6,1002.9,1,7,3
2025-01-28 18:00:00,5.6,78,0.0,,215,14.8,33.3,1003.0,0,7,2
2025-01-28 19:00:00,5.5,78,0.0,,214,14.8,37.0,1003.8,0,7,2
2025-01-28 20:00:00,5.6,76,0.0,,217,16.7,37.0,1004.6,0,7,7
2025-01-28 21:00:00,5.8,76,0.0,,217,18.5,42.6,1005.6,0,7,7
2025-01-28 22:00:00,5.8,72,0.0,,218,20.4,48.2,1006.6,0,7,7
2025-01-28 23:00:00,5.7,73,0.0,,223,20.4,48.2,1006.9,0,7,7
2025-01-29 00:00:00,5.8,73,4.0,,225,22.2,51.8,1007.4,0,6,7
2025-01-29 01:00:00,5.8,73,0.1,,226,24.1,55.5,1007.6,0,7,3
2025-01-29 02:00:00,5.7,74,1.1,,229,25.9,59.3,1008.0,0,7,7
2025-01-29 03:00:00,5.7,75,0.0,,230,27.8,64.8,1008.3,0,7,7
2025-01-29 04:00:00,5.4,77,0.0,,228,25.9,61.1,1009.1,0,7,7
2025-01-29 05:00:00,5.5,76,0.6,,230,27.8,64.8,1010.1,0,7,7
2025-01-29 06:00:00,5.5,76,0.4,,232,25.9,63.0,1011.1,0,7,7
2025-01-29 07:00:00,5.4,76,0.2,,232,24.1,59.3,1012.2,0,7,7
2025-01-29 08:00:00,5.4,75,0.0,,231,24.1,55.5,1013.1,1,6,7
2025-01-29 09:00:00,5.7,73,0.0,,235,20.4,50.0,1013.8,3,6,3
2025-01-29 10:00:00,6.4,70,0.0,,239,20.4,46.3,1014.4,8,6,3
2025-01-29 11:00:00,7.0,66,0.0,,239,18.5,42.6,1014.0,21,6,2
2025-01-29 12:00:00,7.5,62,0.0,,239,16.7,38.9,1013.2,21,6,2
2025-01-29 13:00:00,7.5,60,0.0,,239,14.8,33.3,1012.9,25,6,2
2025-01-29 14:00:00,6.9,62,0.0,,238,11.1,25.9,1012.5,19,6,2
2025-01-29 15:00:00,6.6,63,0.0,,231,9.3,22.2,1012.4,20,6,3
2025-01-29 16:00:00,6.1,65,0.0,,218,5.5,14.8,1012.1,13,6,3
2025-01-29 17:00:00,5.5,69,0.0,,167,3.7,13.0,1012.1,7,5,2
2025-01-29 18:00:00,4.7,73,0.0,,76,3.7,13.0,1012.0,0,5,2
2025-01-29 19:00:00,4.1,75,0.0,,84,3.7,11.1,1012.5,0,5,2
2025-01-29 20:00:00,3.7,77,0.0,,88,3.7,9.3,1012.7,0,5,2
2025-01-29 21:00:00,3.3,80,0.0,,95,1.8,9.3,1013.2,0,5,2
2025-01-29 22:00:00,2.8,82,0.0,,94,1.8,7.4,1013.6,0,5,2
2025-01-29 23:00:00,2.7,82,0.0,,81,1.8,7.4,1013.6,0,5,2
2025-01-30 00:00:00,2.5,83,0.0,,50,3.7,9.3,1013.8,0,5,3
2025-01-30 01:00:00,2.2,82,0.0,,58,3.7,9.3,1013.9,0,6,3
2025-01-30 02:00:00,2.0,85,0.0,,54,3.7,9.3,1014.3,0,7,3
2025-01-30 03:00:00,1.7,87,0.0,,71,3.7,9.3,1014.4,0,8,4
2025-01-30 04:00:00,1.1,84,0.0,,95,1.8,5.5,1014.7,0,6,3
2025-01-30 05:00:00,1.1,85,0.0,,45,1.8,7.4,1015.3,0,6,3
2025-01-30 06:00:00,1.1,87,0.0,,51,1.8,7.4,1015.7,0,6,2
2025-01-30 07:00:00,1.4,85,0.0,,81,3.7,9.3,1016.3,0,6,2
2025-01-30 08:00:00,1.8,84,0.0,,90,3.7,9.3,1017.1,4,6,3
2025-01-30 09:00:00,2.5,82,0.0,,119,3.7,9.3,1017.6,9,6,3
2025-01-30 10:00:00,4.2,78,0.0,,162,1.8,5.5,1017.9,13,8,3
2025-01-30 11:00:00,5.3,73,0.0,,201,3.7,7.4,1017.7,12,8,3
2025-01-30 12:00:00,5.7,70,0.0,,259,3.7,9.3,1017.6,11,8,2
2025-01-30 13:00:00,6.1,68,0.0,,262,3.7,9.3,1017.6,10,7,2
2025-01-30 14:00:00,5.9,70,0.0,,270,3.7,11.1,1017.8,9,7,3
2025-01-30 15:00:00,5.9,71,0.0,,276,3.7,11.1,1018.2,11,6,3
2025-01-30 16:00:00,6.5,70,0.0,,252,3.7,9.3,1018.7,2,6,3
2025-01-30 17:00:00,5.8,74,0.0,,257,3.7,13.0,1019.6,0,6,2
2025-01-30 18:00:00,5.1,79,0.0,,244,5.5,13.0,1020.5,0,6,2
2025-01-30 19:00:00,5.1,79,0.0,,236,5.5,14.8,1021.4,0,6,2
2025-01-30 20:00:00,5.1,79,0.0,,224,5.5,14.8,1022.1,0,6,2
2025-01-30 21:00:00,5.1,80,0.0,,218,5.5,16.7,1022.8,0,7,3
2025-01-30 22:00:00,5.1,84,0.0,,198,5.5,13.0,1023.4,0,4,4
2025-01-30 23:00:00,5.1,84,0.2,,213,5.5,14.8,1024.0,0,5,4
2025-01-31 00:00:00,5.0,85,0.2,,214,5.5,16.7,1024.4,0,5,2
2025-01-31 01:00:00,4.9,85,0.2,,224,5.5,13.0,1024.7,0,7,7
2025-01-31 02:00:00,4.8,86,0.1,,218,5.5,11.1,1025.1,0,7,7
2025-01-31 03:00:00,4.8,85,0.0,,219,5.5,11.1,1025.3,0,8,7
2025-01-31 04:00:00,4.6,93,0.0,,207,5.5,13.0,1025.6,0,7,7
2025-01-31 05:00:00,4.3,94,0.0,,240,3.7,9.3,1026.3,0,8,7
2025-01-31 06:00:00,4.2,94,0.0,,317,1.8,7.4,1026.8,0,8,7
2025-01-31 07:00:00,4.1,94,0.0,,23,3.7,7.4,1027.4,0,8,7
2025-01-31 08:00:00,4.0,93,0.2,,29,3.7,7.4,1028.1,0,6,7
2025-01-31 09:00:00,3.9,93,0.2,,29,3.7,9.3,1028.7,0,7,7
2025-01-31 10:00:00,2.2,95,0.2,,46,7.4,20.4,1029.6,0,8,7
2025-01-31 11:00:00,2.3,96,0.3,,39,7.4,18.5,1029.3,0,8,7
2025-01-31 12:00:00,2.4,93,0.2,,38,7.4,18.5,1028.9,0,8,7
2025-01-31 13:00:00,2.5,93,0.1,,39,7.4,18.5,1028.6,0,8,7
2025-01-31 14:00:00,2.2,93,0.0,,37,9.3,20.4,1028.5,0,7,7
2025-01-31 15:00:00,2.0,94,0.0,,38,7.4,20.4,1028.3,0,8,7
2025-01-31 16:00:00,2.4,91,0.0,,36,7.4,20.4,1028.6,1,8,7
2025-01-31 17:00:00,2.3,90,0.0,,35,9.3,20.4,1028.7,0,8,7
2025-01-31 18:00:00,2.1,90,0.0,,37,9.3,22.2,1029.0,0,8,7
2025-01-31 19:00:00,1.9,88,0.0,,38,9.3,22.2,1029.1,0,7,12
2025-01-31 20:00:00,1.8,87,0.0,,36,9.3,22.2,1029.1,0,7,12
2025-01-31 21:00:00,1.4,88,0.0,,35,9.3,22.2,1029.3,0,7,12
2025-01-31 22:00:00,1.9,89,0.0,,47,9.3,24.1,1029.1,0,7,4
2025-01-31 23:00:00,1.6,89,0.0,,44,9.3,24.1,1029.3,0,7,3
2025-02-01 00:00:00,1.3,89,0.0,,43,11.1,24.1,1029.1,0,6,3
2025-02-01 01:00:00,1.1,88,0.0,,38,9.3,24.1,1029.0,0,6,3
2025-02-01 02:00:00,1.3,85,0.0,,38,9.3,24.1,1028.8,0,6,4
2025-02-01 03:00:00,1.1,85,0.0,,41,9.3,22.2,1028.5,0,6,4
2025-02-01 04:00:00,1.0,86,0.0,,29,5.5,18.5,1028.1,0,8,4
2025-02-01 05:00:00,0.8,87,0.0,,35,7.4,20.4,1028.4,0,8,4
2025-02-01 06:00:00,0.6,87,0.0,,39,7.4,20.4,1028.4,0,8,3
2025-02-01 07:00:00,0.6,87,0.0,,40,9.3,22.2,1028.7,0,8,3
2025-02-01 08:00:00,0.7,87,0.0,,40,9.3,22.2,1028.8,0,7,3
2025-02-01 09:00:00,0.7,87,0.0,,39,9.3,22.2,1029.0,0,7,4
2025-02-01 10:00:00,0.8,87,0.0,,38,9.3,20.4,1029.1,0,8,4
2025-02-01 11:00:00,0.7,87,0.0,,37,9.3,20.4,1028.9,0,8,3
2025-02-01 12:00:00,0.9,87,0.0,,36,9.3,20.4,1028.6,0,8,3
2025-02-01 13:00:00,1.1,86,0.0,,40,7.4,20.4,1028.2,0,8,3
2025-02-01 14:00:00,0.6,89,0.0,,42,9.3,22.2,1028.1,0,7,3
2025-02-01 15:00:00,0.5,91,0.0,,42,9.3,22.2,1027.8,0,7,4
2025-02-01 16:00:00,0.5,91,0.0,,36,7.4,18.5,1028.0,0,8,3
2025-02-01 17:00:00,0.5,90,0.0,,39,7.4,16.7,1027.9,0,8,3
2025-02-01 18:00:00,0.6,91,0.0,,42,7.4,16.7,1027.8,0,8,3
2025-02-01 19:00:00,0.6,90,0.0,,49,7.4,16.7,1027.6,0,8,3
2025-02-01 20:00:00,0.6,89,0.0,,48,7.4,14.8,1027.3,0,8,3
2025-02-01 21:00:00,0.5,90,0.0,,45,5.5,14.8,1027.3,0,8,3
2025-02-01 22:00:00,0.2,92,0.0,,41,7.4,16.7,1027.4,0,7,4
2025-02-01 23:00:00,0.2,91,0.0,,39,5.5,14.8,1026.9,0,7,3
2025-02-02 00:00:00,0.3,91,0.0,,38,5.5,14.8,1026.6,0,6,3
2025-02-02 01:00:00,0.2,92,0.0,,38,5.5,13.0,1026.1,0,6,3
2025-02-02 02:00:00,0.2,90,0.0,,43,5.5,13.0,1025.7,0,6,4
2025-02-02 03:00:00,0.1,91,0.0,,48,5.5,13.0,1025.1,0,6,4
2025-02-02 04:00:00,0.3,93,0.0,,32,3.7,11.1,1024.8,0,8,4
2025-02-02 05:00:00,0.1,94,0.0,,45,3.7,9.3,1024.7,0,8,4
2025-02-02 06:00:00,0.2,93,0.0,,47,3.7,9.3,1024.7,0,8,3
2025-02-02 07:00:00,0.2,92,0.0,,50,3.7,9.3,1024.7,0,8,3
2025-02-02 08:00:00,0.3,92,0.0,,59,3.7,9.3,1024.9,0,8,3
2025-02-02 09:00:00,0.7,91,0.0,,61,3.7,9.3,1024.9,0,7,4
2025-02-02 10:00:00,0.9,88,0.0,,253,1.8,5.5,1024.8,0,8,4
2025-02-02 11:00:00,1.4,85,0.0,,8,3.7,9.3,1024.3,2,8,3
2025-02-02 12:00:00,1.7,84,0.0,,22,3.7,9.3,1023.8,2,8,3
2025-02-02 13:00:00,1.9,83,0.0,,36,3.7,9.3,1023.8,4,7,2
2025-02-02 14:00:00,1.7,84,0.0,,42,3.7,9.3,1023.7,5,6,3
2025-02-02 15:00:00,1.7,84,0.0,,45,3.7,11.1,1023.9,11,5,3
2025-02-02 16:00:00,1.0,88,0.0,,53,3.7,7.4,1024.7,0,6,2
2025-02-02 17:00:00,0.8,89,0.0,,53,3.7,9.3,1025.1,1,6,2
2025-02-02 18:00:00,0.8,90,0.0,,49,3.7,9.3,1025.4,0,6,2
2025-02-02 19:00:00,0.6,91,0.0,,50,3.7,9.3,1025.6,0,6,2
2025-02-02 20:00:00,0.5,92,0.0,,48,3.7,9.3,1025.7,0,6,2
2025-02-02 21:00:00,0.3,92,0.0,,38,3.7,9.3,1025.9,0,6,3
2025-02-02 22:00:00,0.4,91,0.0,,53,3.7,7.4,1026.4,0,7,4
2025-02-02 23:00:00,0.2,92,0.0,,58,3.7,9.3,1026.5,0,6,3
2025-02-03 00:00:00,0.1,93,0.0,,53,3.7,9.3,1026.7,0,6,3
2025-02-03 01:00:00,-0.1,94,0.0,,53,3.7,9.3,1027.0,0,6,3
2025-02-03 02:00:00,-0.3,94,0.0,,50,3.7,9.3,1027.1,0,6,4
2025-02-03 03:00:00,-0.4,94,0.0,,53,3.7,11.1,1027.4,0,6,4
2025-02-03 04:00:00,0.5,90,0.0,,68,3.7,9.3,1027.4,0,8,4
2025-02-03 05:00:00,0.2,92,0.0,,58,3.7,9.3,1027.6,0,8,4
2025-02-03 06:00:00,0.1,92,0.0,,53,3.7,9.3,1027.7,0,8,4
2025-02-03 07:00:00,0.0,92,0.0,,55,3.7,9.3,1028.2,0,8,3
2025-02-03 08:00:00,0.1,92,0.0,,54,3.7,9.3,1028.6,1,7,3
2025-02-03 09:00:00,0.4,91,0.0,,63,3.7,9.3,1028.9,1,7,3
2025-02-03 10:00:00,1.4,83,0.0,,52,3.7,9.3,1028.8,2,7,4
2025-02-03 11:00:00,1.8,81,0.0,,46,3.7,13.0,1028.4,3,8,3
2025-02-03 12:00:00,2.1,79,0.0,,41,3.7,11.1,1027.9,3,8,3
2025-02-03 13:00:00,2.3,78,0.0,,41,3.7,11.1,1027.7,6,7,2
2025-02-03 14:00:00,1.9,80,0.0,,49,3.7,11.1,1027.6,6,6,3
2025-02-03 15:00:00,1.9,79,0.0,,48,3.7,11.1,1027.7,12,6,3
2025-02-03 16:00:00,0.7,87,0.0,,12,3.7,9.3,1028.6,0,6,3
2025-02-03 17:00:00,0.3,88,0.0,,23,3.7,9.3,1029.2,2,6,3
2025-02-03 18:00:00,0.2,89,0.0,,35,1.8,7.4,1029.5,0,6,3
2025-02-03 19:00:00,0.1,88,0.0,,34,1.8,5.5,1029.8,0,6,2
2025-02-03 20:00:00,0.0,90,0.0,,36,1.8,5.5,1030.0,0,6,2
2025-02-03 21:00:00,-0.3,91,0.0,,35,1.8,5.5,1030.3,0,6,3
2025-02-03 22:00:00,-0.5,92,0.0,,37,1.8,5.5,1030.3,0,6,3
2025-02-03 23:00:00,-0.7,92,0.0,,45,1.8,5.5,1030.2,0,6,3
2025-02-04 00:00:00,-0.9,93,0.0,,41,1.8,5.5,1030.2,0,4,2
2025-02-04 01:00:00,-1.0,94,0.0,,69,1.8,5.5,1030.3,0,6,2
2025-02-04 02:00:00,-1.1,92,0.0,,64,1.8,5.5,1030.4,0,6,4
2025-02-04 03:00:00,-1.3,93,0.0,,64,1.8,5.5,1030.6,0,6,4
2025-02-04 04:00:00,0.0,86,0.0,,167,1.8,5.5,1030.5,0,7,4
2025-02-04 05:00:00,-0.4,88,0.0,,73,1.8,5.5,1030.8,0,8,4
2025-02-04 06:00:00,-0.6,88,0.0,,49,1.8,5.5,1031.0,0,8,3
2025-02-04 07:00:00,-0.8,90,0.0,,65,1.8,5.5,1031.4,1,7,3
2025-02-04 08:00:00,-0.5,88,0.0,,72,1.8,5.5,1031.5,4,7,3
2025-02-04 09:00:00,-0.1,87,0.0,,73,1.8,7.4,1031.7,9,6,3
2025-02-04 10:00:00,1.1,80,0.0,,167,3.7,7.4,1031.9,6,7,4
2025-02-04 11:00:00,1.5,78,0.0,,168,3.7,9.3,1031.4,13,6,3
2025-02-04 12:00:00,2.0,75,0.0,,188,3.7,9.3,1030.9,18,6,2
2025-02-04 13:00:00,2.2,72,0.0,,192,3.7,9.3,1030.4,22,5,2
2025-02-04 14:00:00,2.1,73,0.0,,196,3.7,9.3,1030.0,23,5,2
2025-02-04 15:00:00,2.2,73,0.0,,175,3.7,7.4,1030.1,30,4,2
2025-02-04 16:00:00,2.4,73,0.0,,316,1.8,7.4,1030.1,31,4,2
2025-02-04 17:00:00,1.3,79,0.0,,346,3.7,7.4,1030.9,11,3,2
2025-02-04 18:00:00,0.6,83,0.0,,15,3.7,7.4,1031.8,0,3,1
2025-02-04 19:00:00,0.2,85,0.0,,21,3.7,7.4,1032.6,0,4,2
2025-02-04 20:00:00,0.1,85,0.0,,28,1.8,5.5,1033.2,0,4,2
2025-02-04 21:00:00,-0.3,88,0.0,,34,1.8,3.7,1033.7,0,3,2
2025-02-04 22:00:00,-1.6,93,0.0,,45,3.7,5.5,1034.5,0,1,1
2025-02-04 23:00:00,-1.9,92,0.0,,63,1.8,5.5,1035.1,0,0,1
2025-02-05 00:00:00,-1.9,92,0.0,,52,1.8,3.7,1035.4,0,0,1
2025-02-05 01:00:00,-1.9,90,0.0,,75,1.8,3.7,1035.8,0,2,1
2025-02-05 02:00:00,-2.1,91,0.0,,50,1.8,3.7,1036.0,0,2,1
2025-02-05 03:00:00,-2.1,91,0.0,,75,1.8,3.7,1036.3,0,3,2
2025-02-05 04:00:00,-2.2,92,0.0,,67,1.8,3.7,1037.1,0,3,2
2025-02-05 05:00:00,-2.3,91,0.0,,42,1.8,5.5,1037.7,0,3,2
2025-02-05 06:00:00,-2.5,92,0.0,,43,1.8,5.5,1038.3,0,4,2
2025-02-05 07:00:00,-2.3,91,0.0,,51,1.8,5.5,1038.9,2,4,2
2025-02-05 08:00:00,-2.0,92,0.0,,64,1.8,5.5,1039.2,10,4,2
2025-02-05 09:00:00,-1.3,89,0.0,,92,3.7,7.4,1039.4,21,4,2
2025-02-05 10:00:00,-1.3,88,0.0,,56,3.7,9.3,1039.7,11,6,4
2025-02-05 11:00:00,0.1,80,0.0,,28,3.7,9.3,1039.3,20,6,2
2025-02-05 12:00:00,1.0,75,0.0,,5,3.7,7.4,1038.7,24,5,2
2025-02-05 13:00:00,1.7,70,0.0,,16,3.7,7.4,1038.3,30,4,2
2025-02-05 14:00:00,2.0,68,0.0,,36,3.7,9.3,1038.0,30,3,2
2025-02-05 15:00:00,2.1,68,0.0,,30,3.7,9.3,1038.1,40,2,2
2025-02-05 16:00:00,-0.1,88,0.0,,65,1.8,7.4,1038.9,39,4,2
2025-02-05 17:00:00,-0.1,85,0.0,,67,3.7,7.4,1039.3,16,2,1
2025-02-05 18:00:00,-0.4,86,0.0,,62,3.7,7.4,1040.0,0,1,1
2025-02-05 19:00:00,-0.6,87,0.0,,64,3.7,9.3,1040.2,0,2,1
2025-02-05 20:00:00,-0.7,84,0.0,,62,3.7,9.3,1040.2,0,2,1
2025-02-05 21:00:00,-1.0,86,0.0,,53,3.7,9.3,1040.1,0,2,1
2025-02-05 22:00:00,-2.0,99,0.0,,45,3.7,9.3,1040.4,0,1,4
2025-02-05 23:00:00,-2.1,99,0.0,,46,3.7,11.1,1039.8,0,1,1
2025-02-06 00:00:00,-2.1,99,0.0,,40,5.5,11.1,1039.3,0,2,1
2025-02-06 01:00:00,-2.1,97,0.0,,44,5.5,11.1,1038.9,0,2,1
2025-02-06 02:00:00,-1.9,96,0.0,,47,3.7,11.1,1038.5,0,3,1
2025-02-06 03:00:00,-1.7,95,0.0,,48,3.7,11.1,1038.2,0,4,2
2025-02-06 04:00:00,-0.7,91,0.0,,40,3.7,13.0,1038.0,0,6,4
2025-02-06 05:00:00,-0.9,92,0.0,,33,5.5,13.0,1037.8,0,7,4
2025-02-06 06:00:00,-1.0,92,0.0,,42,5.5,13.0,1037.6,0,7,4
2025-02-06 07:00:00,-0.9,92,0.0,,48,5.5,14.8,1037.5,0,7,4
2025-02-06 08:00:00,-0.9,94,0.0,,50,7.4,14.8,1037.3,0,7,4
2025-02-06 09:00:00,-0.7,94,0.0,,48,7.4,14.8,1037.4,0,7,4
2025-02-06 10:00:00,-0.5,92,0.0,,45,7.4,16.7,1037.3,0,7,4
2025-02-06 11:00:00,-0.2,92,0.0,,47,9.3,18.5,1036.7,0,8,3
2025-02-06 12:00:00,0.1,90,0.0,,48,9.3,20.4,1035.8,0,8,3
2025-02-06 13:00:00,0.4,87,0.0,,45,9.3,20.4,1035.1,1,8,3
2025-02-06 14:00:00,0.2,88,0.0,,46,7.4,20.4,1034.2,0,7,3
2025-02-06 15:00:00,0.3,87,0.0,,46,7.4,20.4,1033.5,3,8,4
2025-02-06 16:00:00,0.6,93,0.0,,52,7.4,16.7,1033.8,0,7,4
2025-02-06 17:00:00,0.6,91,0.0,,52,7.4,18.5,1033.4,0,7,3
2025-02-06 18:00:00,0.6,92,0.0,,51,7.4,20.4,1033.0,0,7,3
2025-02-06 19:00:00,0.6,88,0.0,,49,9.3,20.4,1032.1,0,7,2
2025-02-06 20:00:00,0.5,87,0.0,,50,9.3,20.4,1031.3,0,7,2
2025-02-06 21:00:00,0.3,89,0.0,,48,9.3,22.2,1030.5,0,7,3
2025-02-06 22:00:00,0.4,89,0.0,,45,7.4,16.7,1030.6,0,8,4
2025-02-06 23:00:00,0.3,88,0.0,,49,7.4,18.5,1029.9,0,7,3
2025-02-07 00:00:00,0.1,89,0.0,,49,7.4,20.4,1029.4,0,7,3
2025-02-07 01:00:00,-0.1,90,0.0,,55,7.4,18.5,1028.9,0,8,3
2025-02-07 02:00:00,-0.2,91,0.0,,57,7.4,18.5,1028.5,0,8,4
2025-02-07 03:00:00,-0.4,90,0.0,,57,7.4,16.7,1028.0,0,8,4
2025-02-07 04:00:00,-0.3,86,0.0,,45,5.5,13.0,1027.7,0,8,4
2025-02-07 05:00:00,-0.5,90,0.0,,51,5.5,14.8,1027.3,0,8,4
2025-02-07 06:00:00,-0.7,90,0.0,,53,5.5,14.8,1027.2,0,8,3
2025-02-07 07:00:00,-0.5,90,0.0,,54,7.4,16.7,1026.9,0,8,3
2025-02-07 08:00:00,-0.3,88,0.0,,53,7.4,16.7,1027.0,3,7,3
2025-02-07 09:00:00,0.1,85,0.0,,52,7.4,16.7,1027.0,4,7,3
2025-02-07 10:00:00,1.3,79,0.0,,48,7.4,18.5,1026.0,15,8,3
2025-02-07 11:00:00,1.8,77,0.0,,43,7.4,18.5,1025.3,12,8,3
2025-02-07 12:00:00,2.0,75,0.0,,42,7.4,18.5,1024.6,8,8,2
2025-02-07 13:00:00,2.2,74,0.0,,40,7.4,20.4,1023.9,8,7,2
2025-02-07 14:00:00,2.1,75,0.0,,36,9.3,22.2,1023.4,5,7,3
2025-02-07 15:00:00,2.0,76,0.0,,39,9.3,22.2,1023.0,12,7,3
2025-02-07 16:00:00,2.7,72,0.0,,46,11.1,27.8,1022.0,11,6,3
2025-02-07 17:00:00,2.1,75,0.0,,41,11.1,24.1,1022.3,2,6,2
2025-02-07 18:00:00,1.5,79,0.0,,42,9.3,22.2,1022.4,0,6,2
2025-02-07 19:00:00,1.3,79,0.0,,45,9.3,22.2,1022.6,0,6,2
2025-02-07 20:00:00,0.8,81,0.0,,44,7.4,18.5,1022.7,0,6,2
2025-02-07 21:00:00,0.5,82,0.0,,39,7.4,18.5,1023.2,0,6,3
2025-02-07 22:00:00,-0.1,86,0.0,,14,3.7,9.3,1023.0,0,3,4
2025-02-07 23:00:00,-0.2,86,0.0,,24,5.5,13.0,1023.8,0,3,2
2025-02-08 00:00:00,-0.3,86,0.0,,32,5.5,13.0,1023.8,0,2,2
2025-02-08 01:00:00,-0.4,86,0.0,,40,5.5,14.8,1024.0,0,6,2
2025-02-08 02:00:00,-0.7,87,0.0,,42,7.4,14.8,1024.4,0,6,3
2025-02-08 03:00:00,-0.8,88,0.0,,42,7.4,14.8,1024.1,0,6,3
2025-02-08 04:00:00,-1.1,90,0.0,,43,7.4,16.7,1023.6,0,5,2
2025-02-08 05:00:00,-1.2,91,0.0,,38,7.4,18.5,1023.6,0,5,2
2025-02-08 06:00:00,-1.1,90,0.0,,42,7.4,18.5,1023.8,0,5,2
2025-02-08 07:00:00,-0.8,88,0.0,,40,7.4,16.7,1023.6,3,4,2
2025-02-08 08:00:00,-0.1,85,0.0,,42,7.4,16.7,1024.0,12,4,2
2025-02-08 09:00:00,0.6,82,0.0,,49,5.5,14.8,1023.7,20,3,2
2025-02-08 10:00:00,0.8,81,0.0,,53,7.4,20.4,1023.0,38,6,3
2025-02-08 11:00:00,2.0,75,0.0,,42,7.4,16.7,1022.2,32,6,2
2025-02-08 12:00:00,2.8,72,0.0,,36,5.5,14.8,1021.6,28,6,2
2025-02-08 13:00:00,3.4,71,0.0,,36,5.5,14.8,1021.2,26,6,2
2025-02-08 14:00:00,3.7,70,0.0,,35,5.5,14.8,1021.0,24,5,2
2025-02-08 15:00:00,3.6,72,0.0,,33,5.5,14.8,1021.1,29,5,2
2025-02-08 16:00:00,5.9,63,0.0,,30,5.5,13.0,1020.7,38,5,2
2025-02-08 17:00:00,4.7,68,0.0,,24,5.5,13.0,1021.2,11,5,2
2025-02-08 18:00:00,3.2,77,0.0,,25,5.5,13.0,1021.8,0,5,2
2025-02-08 19:00:00,3.0,77,0.0,,28,5.5,13.0,1022.6,0,4,2
2025-02-08 20:00:00,2.8,77,0.0,,24,5.5,11.1,1023.4,0,4,2
2025-02-08 21:00:00,2.7,78,0.0,,14,3.7,9.3,1024.1,0,5,2
2025-02-08 22:00:00,2.4,81,0.0,,336,3.7,9.3,1024.5,0,5,2
2025-02-08 23:00:00,2.3,81,0.0,,332,3.7,9.3,1024.9,0,6,3
2025-02-09 00:00:00,2.1,83,0.0,,322,3.7,9.3,1025.3,0,7,3
2025-02-09 01:00:00,2.0,85,0.0,,306,3.7,9.3,1025.9,0,7,3
2025-02-09 02:00:00,1.9,87,0.0,,277,3.7,9.3,1026.2,0,7,3
2025-02-09 03:00:00,1.9,87,0.0,,279,3.7,11.1,1026.7,0,8,4
2025-02-09 04:00:00,1.8,89,0.0,,286,1.8,9.3,1026.9,0,7,4
2025-02-09 05:00:00,1.7,90,0.0,,270,3.7,9.3,1027.3,0,7,4
2025-02-09 06:00:00,1.8,90,0.0,,319,1.8,7.4,1027.7,0,7,3
2025-02-09 07:00:00,1.8,91,0.0,,330,3.7,9.3,1027.9,0,7,2
2025-02-09 08:00:00,2.0,91,0.0,,311,3.7,7.4,1028.1,2,6,3
2025-02-09 09:00:00,2.5,89,0.0,,263,3.7,7.4,1028.4,3,6,3
2025-02-09 10:00:00,3.6,79,0.0,,258,3.7,9.3,1028.5,2,7,3
2025-02-09 11:00:00,4.1,77,0.0,,321,3.7,9.3,1028.4,4,7,3
2025-02-09 12:00:00,4.4,76,0.0,,8,3.7,9.3,1028.1,7,7,2
2025-02-09 13:00:00,4.6,75,0.0,,30,3.7,9.3,1027.9,8,7,2
2025-02-09 14:00:00,4.3,76,0.0,,41,3.7,9.3,1027.8,9,6,2
2025-02-09 15:00:00,4.4,76,0.0,,57,3.7,9.3,1027.5,18,5,2
2025-02-09 16:00:00,5.5,74,0.0,,143,3.7,9.3,1026.9,28,5,2
2025-02-09 17:00:00,4.4,79,0.0,,73,3.7,9.3,1027.3,6,5,2
2025-02-09 18:00:00,3.3,84,0.0,,64,5.5,11.1,1027.6,0,5,2
2025-02-09 19:00:00,3.2,84,0.0,,56,5.5,11.1,1027.6,0,5,2
2025-02-09 20:00:00,3.1,82,0.0,,52,5.5,11.1,1027.4,0,5,2
2025-02-09 21:00:00,2.8,84,0.0,,53,3.7,11.1,1027.5,0,5,2
2025-02-09 22:00:00,1.5,89,0.0,,25,3.7,7.4,1027.6,0,6,3
2025-02-09 23:00:00,1.4,90,0.0,,26,3.7,7.4,1027.5,0,6,3
2025-02-10 00:00:00,1.4,91,0.0,,19,3.7,7.4,1027.2,0,6,3
2025-02-10 01:00:00,1.3,91,0.0,,30,3.7,7.4,1026.9,0,7,3
2025-02-10 02:00:00,1.3,92,0.0,,38,3.7,7.4,1026.7,0,7,4
2025-02-10 03:00:00,1.4,92,0.0,,45,3.7,7.4,1026.5,0,7,4
2025-02-10 04:00:00,0.9,92,0.0,,79,1.8,3.7,1026.2,0,7,4
2025-02-10 05:00:00,0.9,94,0.0,,42,1.8,5.5,1026.1,0,8,3
2025-02-10 06:00:00,1.2,93,0.0,,54,1.8,5.5,1026.1,0,8,2
2025-02-10 07:00:00,1.3,94,0.0,,58,1.8,5.5,1025.8,0,7,2
2025-02-10 08:00:00,1.6,94,0.0,,63,3.7,7.4,1025.8,2,7,3
2025-02-10 09:00:00,2.2,92,0.0,,70,3.7,7.4,1025.4,1,6,4
2025-02-10 10:00:00,3.5,85,0.0,,58,3.7,11.1,1024.8,3,8,4
2025-02-10 11:00:00,3.9,85,0.0,,38,3.7,11.1,1024.3,2,8,3
2025-02-10 12:00:00,3.9,86,0.0,,41,3.7,11.1,1023.8,1,8,3
2025-02-10 13:00:00,4.1,85,0.0,,39,3.7,11.1,1023.4,1,8,3
2025-02-10 14:00:00,3.9,87,0.0,,35,5.5,13.0,1023.4,0,8,7
2025-02-10 15:00:00,3.6,90,0.0,,38,5.5,13.0,1023.1,0,8,7
2025-02-10 16:00:00,4.7,83,0.0,,38,3.7,11.1,1022.8,4,8,4
2025-02-10 17:00:00,4.1,86,0.0,,40,5.5,13.0,1022.7,0,8,3
2025-02-10 18:00:00,3.7,90,0.0,,39,3.7,13.0,1022.6,0,8,3
2025-02-10 19:00:00,3.6,89,0.0,,51,3.7,13.0,1022.7,0,8,3
2025-02-10 20:00:00,3.5,91,0.0,,104,3.7,11.1,1022.8,0,8,3
2025-02-10 21:00:00,3.5,92,0.0,,89,3.7,11.1,1023.0,0,8,7
2025-02-10 22:00:00,3.4,96,0.0,,87,3.7,11.1,1022.6,0,7,7
2025-02-10 23:00:00,3.4,95,0.0,,90,3.7,9.3,1022.8,0,7,7
2025-02-11 00:00:00,3.4,96,0.0,,81,3.7,11.1,1022.8,0,8,7
2025-02-11 01:00:00,3.3,97,0.0,,97,3.7,9.3,1022.5,0,8,7
2025-02-11 02:00:00,3.3,96,0.0,,94,3.7,11.1,1022.5,0,8,7
2025-02-11 03:00:00,3.2,96,0.2,,91,3.7,11.1,1022.2,0,8,7
2025-02-11 04:00:00,3.8,96,0.4,,82,1.8,7.4,1022.1,0,8,7
2025-02-11 05:00:00,3.7,97,0.0,,80,3.7,9.3,1022.0,0,8,7
2025-02-11 06:00:00,3.6,98,0.0,,79,1.8,9.3,1022.2,0,8,7
2025-02-11 07:00:00,3.7,98,0.0,,76,3.7,11.1,1022.4,0,8,7
2025-02-11 08:00:00,3.9,98,0.0,,73,3.7,11.1,1022.6,0,8,7
2025-02-11 09:00:00,4.3,97,0.0,,91,3.7,9.3,1022.6,0,8,7
2025-02-11 10:00:00,4.7,95,0.0,,138,3.7,9.3,1022.5,0,8,7
2025-02-11 11:00:00,5.1,94,0.0,,221,3.7,11.1,1022.3,0,8,7
2025-02-11 12:00:00,5.4,93,0.0,,306,3.7,9.3,1021.9,0,8,7
2025-02-11 13:00:00,5.6,93,0.0,,255,3.7,9.3,1021.4,2,8,7
2025-02-11 14:00:00,5.6,94,0.2,,349,3.7,11.1,1021.3,1,8,7
2025-02-11 15:00:00,5.4,97,0.9,,16,3.7,13.0,1021.1,2,8,7
2025-02-11 16:00:00,5.1,98,0.8,,51,3.7,13.0,1021.0,0,8,7
2025-02-11 17:00:00,5.0,98,0.4,,60,3.7,11.1,1021.2,1,8,7
2025-02-11 18:00:00,4.9,100,0.2,,74,3.7,11.1,1021.1,0,8,7
2025-02-11 19:00:00,4.7,100,0.1,,93,3.7,9.3,1021.2,0,8,7
2025-02-11 20:00:00,4.7,99,0.3,,110,3.7,9.3,1021.3,0,8,7
2025-02-11 21:00:00,4.9,97,0.4,,103,1.8,7.4,1021.4,0,8,7
2025-02-11 22:00:00,6.1,98,0.0,,142,3.7,7.4,1020.7,0,8,7
2025-02-11 23:00:00,5.8,99,0.0,,142,1.8,5.5,1020.7,0,7,7
2025-02-12 00:00:00,5.6,99,0.0,,133,3.7,9.3,1020.4,0,8,7
2025-02-12 01:00:00,5.4,99,0.0,,142,3.7,7.4,1020.0,0,8,7
2025-02-12 02:00:00,5.3,97,0.2,,145,3.7,7.4,1019.8,0,8,7
2025-02-12 03:00:00,5.1,97,0.0,,156,3.7,7.4,1019.4,0,8,7
2025-02-12 04:00:00,5.8,93,0.0,,177,1.8,7.4,1018.8,0,8,4
2025-02-12 05:00:00,5.6,96,0.0,,204,3.7,9.3,1018.9,0,8,4
2025-02-12 06:00:00,5.5,96,0.0,,203,3.7,9.3,1018.6,0,8,4
2025-02-12 07:00:00,5.7,95,0.0,,185,1.8,9.3,1018.7,0,8,4
2025-02-12 08:00:00,6.0,93,0.0,,184,3.7,9.3,1018.9,2,8,4
2025-02-12 09:00:00,6.5,91,0.0,,205,3.7,9.3,1018.8,5,7,4
2025-02-12 10:00:00,8.1,87,0.0,,207,3.7,7.4,1018.3,6,7,4
2025-02-12 11:00:00,9.1,80,0.0,,227,5.5,11.1,1017.8,8,7,3
2025-02-12 12:00:00,9.6,76,0.0,,231,5.5,13.0,1017.5,11,7,2
2025-02-12 13:00:00,10.0,74,0.0,,237,5.5,14.8,1017.0,11,7,2
2025-02-12 14:00:00,9.5,76,0.0,,238,7.4,18.5,1016.9,5,7,3
2025-02-12 15:00:00,9.0,77,0.0,,233,7.4,18.5,1016.6,6,7,4
2025-02-12 16:00:00,8.8,83,0.2,,213,5.5,16.7,1017.0,1,7,7
2025-02-12 17:00:00,8.4,84,0.3,,212,7.4,16.7,1017.5,0,7,7
2025-02-12 18:00:00,7.9,86,0.3,,222,5.5,16.7,1017.9,0,7,2
2025-02-12 19:00:00,7.8,84,0.2,,221,5.5,16.7,1018.1,0,7,2
2025-02-12 20:00:00,7.7,84,0.2,,220,5.5,14.8,1018.0,0,7,3
2025-02-12 21:00:00,7.4,85,0.6,,213,5.5,14.8,1018.2,0,7,4
2025-02-12 22:00:00,7.2,90,1.2,,216,1.8,9.3,1018.2,0,7,7
2025-02-12 23:00:00,7.0,89,0.4,,224,5.5,11.1,1018.4,0,7,7
2025-02-13 00:00:00,6.9,89,0.3,,217,5.5,16.7,1018.5,0,7,7
2025-02-13 01:00:00,6.6,90,0.0,,222,5.5,14.8,1018.2,0,7,7
2025-02-13 02:00:00,6.4,90,0.0,,218,5.5,14.8,1018.1,0,8,7
2025-02-13 03:00:00,6.4,89,0.0,,221,7.4,16.7,1017.8,0,8,7
2025-02-13 04:00:00,7.6,80,0.0,,230,7.4,18.5,1016.8,0,8,7
2025-02-13 05:00:00,7.2,84,0.0,,225,7.4,18.5,1016.8,0,8,7
2025-02-13 06:00:00,7.0,87,0.0,,220,7.4,18.5,1016.9,0,8,7
2025-02-13 07:00:00,6.8,88,0.1,,217,7.4,20.4,1016.8,0,8,7
2025-02-13 08:00:00,6.6,91,0.1,,219,9.3,22.2,1016.9,0,8,7
2025-02-13 09:00:00,6.4,92,0.4,,222,9.3,22.2,1016.9,0,8,8
2025-02-13 10:00:00,7.0,84,0.5,,230,13.0,37.0,1016.2,0,8,8
2025-02-13 11:00:00,6.7,88,1.4,,238,11.1,31.5,1016.6,0,8,8
2025-02-13 12:00:00,6.0,90,1.9,,245,11.1,27.8,1017.0,0,8,8
2025-02-13 13:00:00,5.5,92,1.0,,251,9.3,24.1,1017.5,0,8,8
2025-02-13 14:00:00,5.0,91,1.1,,263,7.4,20.4,1018.2,0,8,8
2025-02-13 15:00:00,4.5,89,0.5,,277,7.4,16.7,1018.7,0,8,7
2025-02-13 16:00:00,3.0,95,0.0,,261,5.5,14.8,1018.7,0,8,7
2025-02-13 17:00:00,2.7,95,0.0,,269,5.5,14.8,1019.3,0,8,7
2025-02-13 18:00:00,2.8,93,0.0,,267,5.5,13.0,1019.9,0,8,7
2025-02-13 19:00:00,2.7,91,0.0,,270,5.5,13.0,1020.1,0,8,7
2025-02-13 20:00:00,2.8,89,0.0,,289,5.5,13.0,1020.1,0,8,7
2025-02-13 21:00:00,2.5,89,0.0,,280,5.5,14.8,1020.1,0,7,7
2025-02-13 22:00:00,1.0,88,0.1,,273,5.5,9.3,1019.8,0,8,12
2025-02-13 23:00:00,0.8,90,0.2,,281,5.5,14.8,1019.5,0,8,12
2025-02-14 00:00:00,0.6,91,0.2,,276,7.4,16.7,1019.4,0,7,14
2025-02-14 01:00:00,0.5,92,0.2,,282,7.4,14.8,1019.3,0,7,14
2025-02-14 02:00:00,0.0,93,0.5,,278,5.5,13.0,1019.4,0,7,14
2025-02-14 03:00:00,-0.3,94,0.6,,325,3.7,11.1,1019.6,0,7,14
2025-02-14 04:00:00,-0.4,94,1.0,,331,3.7,11.1,1020.2,0,7,14
2025-02-14 05:00:00,-1.1,97,0.6,,334,5.5,13.0,1021.1,0,7,14
2025-02-14 06:00:00,-1.1,95,0.1,,359,5.5,13.0,1022.0,0,7,14
2025-02-14 07:00:00,-1.1,92,0.0,,7,7.4,14.8,1022.7,0,7,14
2025-02-14 08:00:00,-1.2,92,0.0,,14,7.4,16.7,1023.4,1,6,14
2025-02-14 09:00:00,-1.1,92,0.0,,23,7.4,16.7,1024.0,3,6,14
2025-02-14 10:00:00,-1.6,83,0.0,,28,5.5,13.0,1025.0,0,8,14
2025-02-14 11:00:00,-1.3,81,0.0,,28,7.4,18.5,1025.2,0,8,14
2025-02-14 12:00:00,-1.3,78,0.0,,33,7.4,18.5,1025.4,0,8,14
2025-02-14 13:00:00,-1.0,77,0.0,,34,9.3,20.4,1025.4,0,8,3
2025-02-14 14:00:00,-1.1,77,0.0,,42,9.3,20.4,1025.6,0,8,3
2025-02-14 15:00:00,-1.2,78,0.0,,44,9.3,20.4,1025.6,0,6,3
2025-02-14 16:00:00,-2.2,84,0.0,,37,7.4,18.5,1026.4,0,7,3
2025-02-14 17:00:00,-1.9,82,0.0,,43,9.3,20.4,1026.6,0,7,3
2025-02-14 18:00:00,-1.7,82,0.0,,45,9.3,24.1,1026.7,0,7,2
2025-02-14 19:00:00,-1.9,81,0.0,,48,9.3,24.1,1026.7,0,6,2
2025-02-14 20:00:00,-1.9,80,0.0,,50,11.1,25.9,1026.6,0,6,2
2025-02-14 21:00:00,-2.2,80,0.0,,53,11.1,25.9,1026.4,0,5,2
2025-02-14 22:00:00,-3.1,86,0.0,,55,13.0,25.9,1026.4,0,6,2
2025-02-14 23:00:00,-3.2,85,0.0,,51,11.1,25.9,1026.4,0,6,3
2025-02-15 00:00:00,-3.4,86,0.0,,50,9.3,24.1,1026.2,0,6,3
2025-02-15 01:00:00,-3.5,85,0.0,,49,9.3,20.4,1026.2,0,5,3
2025-02-15 02:00:00,-3.6,84,0.0,,49,7.4,18.5,1025.9,0,5,3
2025-02-15 03:00:00,-3.8,85,0.0,,48,7.4,16.7,1025.6,0,5,3
2025-02-15 04:00:00,-2.9,84,0.0,,42,5.5,16.7,1025.3,0,6,3
2025-02-15 05:00:00,-3.3,85,0.0,,54,5.5,14.8,1025.4,0,6,2
2025-02-15 06:00:00,-3.5,85,0.0,,57,5.5,14.8,1024.8,0,6,2
2025-02-15 07:00:00,-3.4,85,0.0,,58,5.5,14.8,1024.6,2,7,2
2025-02-15 08:00:00,-3.2,84,0.0,,58,7.4,16.7,1024.2,8,7,3
2025-02-15 09:00:00,-2.8,83,0.0,,54,7.4,16.7,1024.0,10,6,3
2025-02-15 10:00:00,-2.1,77,0.0,,58,7.4,16.7,1023.2,39,6,3
2025-02-15 11:00:00,-1.4,74,0.0,,57,5.5,16.7,1022.9,37,6,2
2025-02-15 12:00:00,-0.8,71,0.0,,51,7.4,16.7,1022.5,28,5,2
2025-02-15 13:00:00,-0.5,69,0.0,,49,7.4,16.7,1021.8,27,5,2
2025-02-15 14:00:00,-0.6,70,0.0,,42,7.4,16.7,1021.1,25,5,2
2025-02-15 15:00:00,-0.5,68,0.0,,40,5.5,14.8,1020.7,28,4,2
2025-02-15 16:00:00,-1.0,74,0.0,,31,5.5,13.0,1020.7,18,4,2
2025-02-15 17:00:00,-1.3,75,0.0,,35,5.5,13.0,1020.4,7,4,2
2025-02-15 18:00:00,-1.5,78,0.0,,41,5.5,14.8,1020.5,0,4,2
2025-02-15 19:00:00,-1.6,78,0.0,,44,5.5,13.0,1020.3,0,5,2
2025-02-15 20:00:00,-1.7,79,0.0,,39,5.5,11.1,1020.0,0,5,2
2025-02-15 21:00:00,-1.8,80,0.0,,45,5.5,13.0,1019.8,0,6,2
2025-02-15 22:00:00,-2.7,86,0.0,,47,3.7,11.1,1020.0,0,6,4
2025-02-15 23:00:00,-2.6,87,0.0,,46,3.7,11.1,1019.5,0,6,3
2025-02-16 00:00:00,-2.5,87,0.0,,41,5.5,11.1,1019.2,0,7,3
2025-02-16 01:00:00,-2.5,87,0.0,,51,3.7,11.1,1019.0,0,7,3
2025-02-16 02:00:00,-2.6,87,0.0,,55,3.7,9.3,1018.6,0,7,4
2025-02-16 03:00:00,-2.5,87,0.0,,49,3.7,9.3,1018.5,0,8,4
2025-02-16 04:00:00,-3.0,90,0.0,,58,3.7,7.4,1018.4,0,8,4
2025-02-16 05:00:00,-2.9,91,0.0,,49,3.7,9.3,1018.3,0,8,4
2025-02-16 06:00:00,-2.7,90,0.0,,49,3.7,9.3,1018.0,0,8,3
2025-02-16 07:00:00,-2.7,91,0.0,,52,3.7,11.1,1018.1,0,8,3
2025-02-16 08:00:00,-2.3,89,0.0,,55,5.5,11.1,1018.1,0,7,3
2025-02-16 09:00:00,-1.8,87,0.0,,47,5.5,11.1,1018.2,0,7,4
2025-02-16 10:00:00,-0.9,83,0.0,,57,5.5,14.8,1018.0,1,7,3
2025-02-16 11:00:00,-0.1,78,0.0,,48,5.5,14.8,1017.6,6,8,3
2025-02-16 12:00:00,0.5,75,0.0,,45,5.5,14.8,1017.1,5,8,3
2025-02-16 13:00:00,0.8,74,0.0,,45,5.5,14.8,1016.8,5,8,3
2025-02-16 14:00:00,0.7,74,0.0,,39,5.5,14.8,1016.9,5,7,3
2025-02-16 15:00:00,0.8,75,0.0,,40,5.5,14.8,1017.1,8,6,4
2025-02-16 16:00:00,0.6,76,0.0,,37,7.4,14.8,1017.5,7,6,4
2025-02-16 17:00:00,0.5,77,0.0,,41,7.4,16.7,1018.1,4,6,3
2025-02-16 18:00:00,-0.2,80,0.0,,42,5.5,14.8,1018.5,0,6,2
2025-02-16 19:00:00,-0.3,80,0.0,,42,5.5,14.8,1018.8,0,6,2
2025-02-16 20:00:00,-0.6,81,0.0,,44,5.5,14.8,1019.2,0,6,2
2025-02-16 21:00:00,-0.9,83,0.0,,42,7.4,14.8,1019.5,0,6,2
2025-02-16 22:00:00,-0.7,88,0.0,,49,9.3,20.4,1020.1,0,6,3
2025-02-16 23:00:00,-1.1,88,0.0,,50,7.4,18.5,1020.2,0,5,3
2025-02-17 00:00:00,-1.4,88,0.0,,48,7.4,18.5,1020.2,0,5,3
2025-02-17 01:00:00,-1.7,88,0.0,,51,7.4,16.7,1020.6,0,5,3
2025-02-17 02:00:00,-1.9,88,0.0,,52,7.4,16.7,1020.7,0,5,3
2025-02-17 03:00:00,-2.1,89,0.0,,47,7.4,16.7,1020.7,0,6,3
2025-02-17 04:00:00,-1.1,86,0.0,,49,7.4,18.5,1020.6,0,6,4
2025-02-17 05:00:00,-1.3,87,0.0,,49,7.4,18.5,1020.8,0,6,3
2025-02-17 06:00:00,-1.6,88,0.0,,47,7.4,16.7,1020.8,0,6,2
2025-02-17 07:00:00,-1.5,87,0.0,,49,7.4,16.7,1021.2,1,7,2
2025-02-17 08:00:00,-1.3,85,0.0,,48,7.4,18.5,1021.5,5,7,3
2025-02-17 09:00:00,-1.0,84,0.0,,47,7.4,18.5,1021.9,7,6,3
2025-02-17 10:00:00,-0.3,81,0.0,,51,7.4,16.7,1021.7,2,7,3
2025-02-17 11:00:00,0.3,77,0.0,,46,7.4,16.7,1021.4,8,7,3
2025-02-17 12:00:00,0.8,76,0.0,,44,5.5,16.7,1021.0,10,7,2
2025-02-17 13:00:00,1.1,74,0.0,,46,5.5,14.8,1020.7,14,6,2
2025-02-17 14:00:00,1.1,74,0.0,,38,5.5,14.8,1020.6,15,5,2
2025-02-17 15:00:00,1.3,73,0.0,,43,5.5,13.0,1020.7,24,4,2
2025-02-17 16:00:00,-0.3,81,0.0,,29,3.7,9.3,1021.8,4,4,2
2025-02-17 17:00:00,-0.6,83,0.0,,34,3.7,11.1,1021.8,5,4,2
2025-02-17 18:00:00,-0.7,85,0.0,,36,5.5,13.0,1021.8,0,3,1
2025-02-17 19:00:00,-0.9,86,0.0,,40,5.5,13.0,1022.0,0,4,2
2025-02-17 20:00:00,-0.9,85,0.0,,42,5.5,11.1,1022.2,0,4,2
2025-02-17 21:00:00,-1.2,88,0.0,,42,5.5,11.1,1022.6,0,4,2
2025-02-17 22:00:00,-0.6,83,0.0,,42,3.7,7.4,1023.3,0,6,2
2025-02-17 23:00:00,-1.0,84,0.0,,38,3.7,9.3,1023.3,0,5,2
2025-02-18 00:00:00,-1.5,87,0.0,,35,3.7,9.3,1023.4,0,5,3
2025-02-18 01:00:00,-1.8,88,0.0,,36,5.5,9.3,1023.3,0,4,2
2025-02-18 02:00:00,-2.2,90,0.0,,37,3.7,9.3,1023.3,0,4,2
2025-02-18 03:00:00,-2.4,89,0.0,,38,5.5,11.1,1023.1,0,5,2
2025-02-18 04:00:00,-1.1,83,0.0,,39,3.7,11.1,1023.4,0,5,2
2025-02-18 05:00:00,-1.6,85,0.0,,45,5.5,11.1,1023.5,0,5,2
2025-02-18 06:00:00,-1.9,86,0.0,,44,7.4,14.8,1023.6,0,5,2
2025-02-18 07:00:00,-1.9,86,0.0,,49,7.4,14.8,1023.8,5,5,2
2025-02-18 08:00:00,-1.3,83,0.0,,52,7.4,16.7,1023.9,16,5,2
2025-02-18 09:00:00,-0.7,80,0.0,,48,7.4,16.7,1023.9,23,5,3
2025-02-18 10:00:00,0.0,80,0.0,,62,7.4,14.8,1023.9,5,6,2
2025-02-18 11:00:00,0.8,75,0.0,,56,7.4,18.5,1023.4,12,6,2
2025-02-18 12:00:00,1.5,72,0.0,,54,7.4,20.4,1022.8,16,6,2
2025-02-18 13:00:00,1.8,69,0.0,,52,7.4,22.2,1022.5,19,5,2
2025-02-18 14:00:00,1.9,68,0.0,,48,9.3,22.2,1022.3,22,4,2
2025-02-18 15:00:00,2.1,67,0.0,,49,9.3,22.2,1022.3,31,4,2
2025-02-18 16:00:00,0.3,81,0.0,,47,9.3,20.4,1023.0,7,5,2
2025-02-18 17:00:00,0.0,82,0.0,,46,9.3,22.2,1023.2,7,4,2
2025-02-18 18:00:00,-0.2,81,0.0,,46,9.3,24.1,1023.3,0,3,2
2025-02-18 19:00:00,-0.4,80,0.0,,46,9.3,24.1,1023.6,0,4,2
2025-02-18 20:00:00,-0.6,80,0.0,,43,9.3,22.2,1023.7,0,4,2
2025-02-18 21:00:00,-1.0,81,0.0,,43,9.3,22.2,1023.9,0,3,1
2025-02-18 22:00:00,-0.9,78,0.0,,39,5.5,14.8,1024.4,0,5,2
2025-02-18 23:00:00,-1.3,79,0.0,,41,7.4,16.7,1024.4,0,5,2
2025-02-19 00:00:00,-1.7,81,0.0,,43,7.4,16.7,1024.4,0,4,2
2025-02-19 01:00:00,-2.0,82,0.0,,44,7.4,16.7,1024.7,0,3,1
2025-02-19 02:00:00,-2.2,82,0.0,,45,7.4,16.7,1024.7,0,3,1
2025-02-19 03:00:00,-2.4,82,0.0,,43,7.4,16.7,1024.6,0,4,2
2025-02-19 04:00:00,-2.6,84,0.0,,48,7.4,14.8,1024.7,0,5,2
2025-02-19 05:00:00,-2.5,83,0.0,,47,5.5,14.8,1024.9,0,5,2
2025-02-19 06:00:00,-2.4,83,0.0,,43,5.5,13.0,1025.1,0,6,2
2025-02-19 07:00:00,-2.4,84,0.0,,42,5.5,11.1,1025.5,7,6,2
2025-02-19 08:00:00,-1.8,81,0.0,,50,3.7,11.1,1025.8,13,6,2
2025-02-19 09:00:00,-1.0,80,0.0,,48,3.7,11.1,1026.1,19,7,3
2025-02-19 10:00:00,-0.5,76,0.0,,64,3.7,7.4,1026.1,6,6,3
2025-02-19 11:00:00,0.7,72,0.0,,28,3.7,9.3,1025.6,11,6,2
2025-02-19 12:00:00,1.9,68,0.0,,49,3.7,9.3,1025.1,16,6,2
2025-02-19 13:00:00,2.7,66,0.0,,119,3.7,9.3,1024.6,15,6,2
2025-02-19 14:00:00,3.2,66,0.0,,97,3.7,11.1,1024.1,13,6,2
2025-02-19 15:00:00,3.7,65,0.0,,83,3.7,9.3,1024.1,18,6,3
2025-02-19 16:00:00,3.6,72,0.0,,126,3.7,7.4,1024.4,18,5,2
2025-02-19 17:00:00,2.8,78,0.0,,69,3.7,7.4,1024.8,3,6,2
2025-02-19 18:00:00,2.2,81,0.0,,69,3.7,9.3,1025.1,0,6,2
2025-02-19 19:00:00,2.0,83,0.0,,64,3.7,9.3,1025.5,0,6,2
2025-02-19 20:00:00,1.9,83,0.0,,55,3.7,7.4,1025.6,0,6,2
2025-02-19 21:00:00,1.7,86,0.0,,64,1.8,5.5,1026.0,0,6,3
2025-02-19 22:00:00,-0.1,88,0.0,,72,3.7,7.4,1027.2,0,6,3
2025-02-19 23:00:00,0.0,91,0.0,,60,1.8,7.4,1027.1,0,6,3
2025-02-20 00:00:00,0.1,93,0.0,,84,1.8,5.5,1027.3,0,6,3
2025-02-20 01:00:00,0.2,93,0.0,,115,1.8,5.5,1027.1,0,6,3
2025-02-20 02:00:00,0.4,93,0.0,,123,1.8,5.5,1027.0,0,6,3
2025-02-20 03:00:00,0.7,93,0.0,,141,1.8,5.5,1026.8,0,6,4
2025-02-20 04:00:00,0.3,92,0.0,,178,1.8,3.7,1027.7,0,7,3
2025-02-20 05:00:00,0.5,93,0.0,,199,1.8,5.5,1027.8,0,7,3
2025-02-20 06:00:00,1.3,90,0.0,,200,1.8,5.5,1027.9,0,7,2
2025-02-20 07:00:00,1.6,89,0.0,,195,1.8,5.5,1028.1,0,7,2
2025-02-20 08:00:00,2.3,87,0.0,,197,1.8,7.4,1028.2,3,6,3
2025-02-20 09:00:00,3.3,85,0.0,,198,1.8,7.4,1028.3,4,6,4
2025-02-20 10:00:00,4.1,84,0.0,,190,3.7,7.4,1028.6,2,6,3
2025-02-20 11:00:00,5.9,76,0.0,,217,3.7,7.4,1027.9,10,6,2
2025-02-20 12:00:00,7.3,72,0.0,,218,3.7,9.3,1027.3,15,6,2
2025-02-20 13:00:00,8.4,67,0.0,,217,5.5,11.1,1026.7,18,6,2
2025-02-20 14:00:00,8.6,67,0.0,,215,5.5,11.1,1026.3,19,6,2
2025-02-20 15:00:00,9.0,67,0.0,,213,3.7,9.3,1026.2,23,5,2
2025-02-20 16:00:00,8.6,70,0.0,,187,3.7,9.3,1026.6,32,6,2
2025-02-20 17:00:00,7.6,75,0.0,,179,3.7,7.4,1026.9,11,5,2
2025-02-20 18:00:00,6.7,80,0.0,,164,1.8,5.5,1027.5,0,5,2
2025-02-20 19:00:00,6.1,83,0.0,,134,1.8,3.7,1027.9,0,4,2
2025-02-20 20:00:00,5.8,83,0.0,,152,1.8,5.5,1028.1,0,4,2
2025-02-20 21:00:00,5.5,85,0.0,,136,1.8,1.8,1028.3,0,4,2
2025-02-20 22:00:00,4.4,85,0.0,,107,1.8,3.7,1029.0,0,2,1
2025-02-20 23:00:00,4.1,89,0.0,,77,1.8,3.7,1028.8,0,2,2
2025-02-21 00:00:00,3.7,92,0.0,,70,1.8,3.7,1028.6,0,2,2
2025-02-21 01:00:00,3.5,93,0.0,,76,1.8,3.7,1028.3,0,5,2
2025-02-21 02:00:00,3.3,94,0.0,,75,1.8,5.5,1028.1,0,5,2
2025-02-21 03:00:00,3.2,94,0.0,,72,1.8,5.5,1027.9,0,6,3
2025-02-21 04:00:00,2.6,93,0.0,,38,1.8,5.5,1028.4,0,6,3
2025-02-21 05:00:00,2.5,94,0.0,,48,1.8,5.5,1028.4,0,6,2
2025-02-21 06:00:00,2.5,94,0.0,,53,1.8,5.5,1028.3,0,5,2
2025-02-21 07:00:00,2.7,93,0.0,,56,1.8,5.5,1028.2,3,5,2
2025-02-21 08:00:00,3.5,90,0.0,,54,1.8,5.5,1028.0,11,6,2
2025-02-21 09:00:00,4.5,86,0.0,,94,1.8,5.5,1027.7,20,6,3
2025-02-21 10:00:00,5.9,77,0.0,,220,3.7,9.3,1027.0,51,7,4
2025-02-21 11:00:00,7.0,73,0.0,,226,3.7,9.3,1026.0,42,7,2
2025-02-21 12:00:00,8.0,68,0.0,,231,3.7,7.4,1025.1,34,7,2
2025-02-21 13:00:00,8.8,65,0.0,,236,3.7,9.3,1024.0,28,7,2
2025-02-21 14:00:00,9.1,63,0.0,,238,3.7,9.3,1023.1,22,7,3
2025-02-21 15:00:00,9.5,61,0.0,,227,3.7,9.3,1022.6,22,7,3
2025-02-21 16:00:00,9.1,64,0.0,,79,3.7,9.3,1022.1,13,6,3
2025-02-21 17:00:00,8.3,67,0.0,,60,3.7,7.4,1021.9,6,6,2
2025-02-21 18:00:00,7.2,72,0.0,,55,3.7,7.4,1021.7,0,6,2
2025-02-21 19:00:00,6.8,75,0.0,,60,3.7,7.4,1021.7,0,6,2
2025-02-21 20:00:00,6.4,77,0.0,,53,3.7,7.4,1021.6,0,6,2
2025-02-21 21:00:00,6.0,78,0.0,,45,3.7,5.5,1021.8,0,6,2
2025-02-21 22:00:00,5.6,81,0.0,,46,3.7,5.5,1021.8,0,6,2
2025-02-21 23:00:00,5.5,80,0.0,,45,1.8,5.5,1021.5,0,6,3
2025-02-22 00:00:00,5.1,82,0.0,,37,3.7,5.5,1021.7,0,7,3
2025-02-22 01:00:00,4.8,82,0.0,,49,1.8,5.5,1021.3,0,7,3
2025-02-22 02:00:00,4.5,83,0.0,,43,1.8,5.5,1021.2,0,7,3
2025-02-22 03:00:00,4.1,84,0.0,,58,1.8,5.5,1021.0,0,8,4
2025-02-22 04:00:00,4.7,91,0.0,,152,1.8,5.5,1020.6,0,6,4
2025-02-22 05:00:00,4.4,93,0.0,,127,1.8,7.4,1020.9,0,6,3
2025-02-22 06:00:00,4.4,91,0.0,,97,1.8,7.4,1021.2,0,5,2
2025-02-22 07:00:00,4.6,90,0.0,,120,1.8,5.5,1021.5,2,5,2
2025-02-22 08:00:00,5.5,85,0.0,,160,1.8,5.5,1022.0,11,5,2
2025-02-22 09:00:00,6.8,80,0.0,,198,1.8,5.5,1021.8,20,5,2
2025-02-22 10:00:00,8.1,76,0.0,,221,3.7,9.3,1021.8,11,7,3
2025-02-22 11:00:00,9.5,69,0.0,,223,5.5,11.1,1021.6,15,7,3
2025-02-22 12:00:00,10.5,64,0.0,,228,5.5,11.1,1021.4,16,7,2
2025-02-22 13:00:00,11.2,61,0.0,,233,5.5,13.0,1021.3,15,7,2
2025-02-22 14:00:00,11.2,60,0.0,,237,7.4,13.0,1021.2,11,7,3
2025-02-22 15:00:00,11.2,59,0.0,,237,5.5,13.0,1021.5,12,7,3
2025-02-22 16:00:00,12.2,55,0.0,,208,5.5,13.0,1021.3,5,7,3
2025-02-22 17:00:00,10.9,61,0.0,,219,5.5,13.0,1022.2,0,6,2
2025-02-22 18:00:00,9.8,67,0.0,,216,3.7,11.1,1023.1,0,6,2
2025-02-22 19:00:00,9.4,69,0.0,,218,3.7,11.1,1024.1,0,6,2
2025-02-22 20:00:00,9.0,71,0.0,,220,3.7,11.1,1024.8,0,6,2
2025-02-22 21:00:00,8.9,72,0.0,,218,3.7,9.3,1025.5,0,6,3
2025-02-22 22:00:00,8.7,75,0.0,,255,3.7,9.3,1026.4,0,6,4
2025-02-22 23:00:00,8.5,77,0.0,,237,1.8,9.3,1027.0,0,6,3
2025-02-23 00:00:00,8.2,79,0.0,,235,1.8,9.3,1027.5,0,6,3
2025-02-23 01:00:00,7.8,81,0.0,,234,3.7,9.3,1027.9,0,7,3
2025-02-23 02:00:00,7.6,82,0.0,,211,1.8,7.4,1028.3,0,8,4
2025-02-23 03:00:00,7.5,84,0.0,,202,1.8,9.3,1028.4,0,8,4
2025-02-23 04:00:00,7.8,83,0.0,,161,3.7,7.4,1028.8,0,7,4
2025-02-23 05:00:00,7.4,86,0.0,,173,1.8,7.4,1029.1,0,7,4
2025-02-23 06:00:00,7.1,88,0.0,,135,1.8,5.5,1029.6,0,7,3
2025-02-23 07:00:00,7.2,88,0.0,,100,1.8,5.5,1030.2,0,7,3
2025-02-23 08:00:00,7.4,88,0.0,,97,1.8,7.4,1030.7,0,7,3
2025-02-23 09:00:00,7.7,87,0.1,,122,1.8,7.4,1031.1,1,7,4
2025-02-23 10:00:00,7.7,86,0.0,,235,1.8,5.5,1031.5,1,8,4
2025-02-23 11:00:00,8.6,82,0.0,,246,3.7,7.4,1031.3,2,8,3
2025-02-23 12:00:00,9.3,77,0.0,,244,3.7,9.3,1031.0,4,8,3
2025-02-23 13:00:00,9.6,76,0.0,,244,3.7,11.1,1030.5,5,8,2
2025-02-23 14:00:00,9.5,76,0.1,,239,5.5,11.1,1030.3,4,7,3
2025-02-23 15:00:00,9.6,75,0.4,,241,3.7,11.1,1030.0,7,6,3
2025-02-23 16:00:00,8.1,91,0.0,,48,3.7,9.3,1030.8,0,6,7
2025-02-23 17:00:00,7.8,90,0.1,,80,3.7,7.4,1030.8,0,6,3
2025-02-23 18:00:00,7.5,92,0.0,,101,3.7,7.4,1030.9,0,6,2
2025-02-23 19:00:00,7.3,92,0.0,,107,1.8,7.4,1031.0,0,6,2
2025-02-23 20:00:00,7.0,91,0.0,,115,1.8,5.5,1031.2,0,6,2
2025-02-23 21:00:00,6.4,93,0.0,,108,1.8,5.5,1031.4,0,5,2
2025-02-23 22:00:00,6.0,94,0.0,,134,1.8,5.5,1031.4,0,5,2
2025-02-23 23:00:00,5.7,97,0.0,,142,1.8,5.5,1031.2,0,5,2
2025-02-24 00:00:00,5.5,95,0.0,,124,1.8,5.5,1031.0,0,5,3
2025-02-24 01:00:00,5.1,97,0.0,,116,1.8,3.7,1030.7,0,6,3
2025-02-24 02:00:00,4.9,96,0.0,,125,1.8,3.7,1030.4,0,6,3
2025-02-24 03:00:00,4.6,97,0.0,,124,1.8,3.7,1030.0,0,6,3
2025-02-24 04:00:00,5.1,97,0.0,,157,1.8,5.5,1029.6,0,7,4
2025-02-24 05:00:00,4.8,99,0.0,,154,1.8,5.5,1029.1,0,7,2
2025-02-24 06:00:00,4.6,99,0.0,,159,1.8,3.7,1028.7,0,6,2
2025-02-24 07:00:00,4.6,99,0.0,,173,1.8,3.7,1028.5,1,6,2
2025-02-24 08:00:00,5.1,96,0.0,,192,1.8,5.5,1028.4,5,6,2
2025-02-24 09:00:00,5.8,93,0.0,,208,3.7,5.5,1028.1,11,6,3
2025-02-24 10:00:00,6.6,88,0.0,,211,3.7,7.4,1027.6,13,7,3
2025-02-24 11:00:00,7.6,82,0.0,,220,5.5,9.3,1026.9,12,7,3
2025-02-24 12:00:00,8.3,77,0.0,,221,5.5,11.1,1026.0,7,7,2
2025-02-24 13:00:00,9.0,73,0.0,,221,5.5,11.1,1024.8,8,7,2
2025-02-24 14:00:00,9.2,70,0.0,,225,5.5,11.1,1024.0,6,7,3
2025-02-24 15:00:00,9.2,70,0.0,,220,5.5,11.1,1023.2,5,8,3
2025-02-24 16:00:00,9.5,75,0.0,,199,3.7,9.3,1023.0,0,6,3
2025-02-24 17:00:00,8.8,78,0.0,,196,3.7,9.3,1022.8,0,6,2
2025-02-24 18:00:00,8.4,79,0.0,,196,3.7,9.3,1022.7,0,6,2
2025-02-24 19:00:00,8.1,79,0.0,,194,3.7,11.1,1022.5,0,6,2
2025-02-24 20:00:00,8.0,78,0.0,,200,3.7,11.1,1022.3,0,6,2
2025-02-24 21:00:00,7.9,76,0.0,,202,5.5,13.0,1022.1,0,6,3
2025-02-24 22:00:00,8.2,76,0.0,,181,5.5,14.8,1022.1,0,7,4
2025-02-24 23:00:00,8.1,75,0.0,,191,5.5,14.8,1021.7,0,7,3
2025-02-25 00:00:00,8.0,75,0.0,,193,5.5,14.8,1021.3,0,7,3
2025-02-25 01:00:00,7.8,75,0.0,,199,5.5,14.8,1020.6,0,7,3
2025-02-25 02:00:00,7.7,75,0.0,,199,5.5,13.0,1020.2,0,7,4
2025-02-25 03:00:00,7.6,76,0.0,,195,5.5,14.8,1019.7,0,8,4
2025-02-25 04:00:00,7.3,81,0.0,,144,1.8,7.4,1019.1,0,8,4
2025-02-25 05:00:00,7.0,83,0.0,,170,1.8,9.3,1018.6,0,8,3
2025-02-25 06:00:00,6.9,83,0.0,,165,1.8,9.3,1018.2,0,8,3
2025-02-25 07:00:00,7.0,83,0.0,,154,1.8,7.4,1017.6,0,8,3
2025-02-25 08:00:00,7.4,81,0.0,,166,3.7,9.3,1017.1,1,7,3
2025-02-25 09:00:00,7.7,81,0.0,,205,3.7,9.3,1016.4,2,8,4
2025-02-25 10:00:00,8.2,79,0.0,,249,3.7,11.1,1016.2,0,8,3
2025-02-25 11:00:00,8.5,78,0.0,,253,3.7,11.1,1015.6,0,8,3
2025-02-25 12:00:00,8.5,78,0.0,,238,5.5,13.0,1015.1,0,8,3
2025-02-25 13:00:00,8.5,79,0.0,,228,5.5,14.8,1014.6,0,8,3
2025-02-25 14:00:00,8.3,80,0.4,,233,5.5,14.8,1014.4,0,7,7
2025-02-25 15:00:00,8.1,80,0.7,,232,5.5,14.8,1014.4,0,7,7
2025-02-25 16:00:00,7.9,89,0.0,,251,3.7,13.0,1013.9,0,7,7
2025-02-25 17:00:00,7.2,91,0.0,,217,5.5,13.0,1014.2,0,7,7
2025-02-25 18:00:00,6.8,90,0.0,,227,7.4,18.5,1014.5,0,7,7
2025-02-25 19:00:00,6.5,89,0.0,,226,9.3,25.9,1014.7,0,7,2
2025-02-25 20:00:00,6.4,85,0.0,,229,13.0,31.5,1014.7,0,6,2
2025-02-25 21:00:00,6.3,81,0.0,,228,16.7,37.0,1014.9,0,6,3
2025-02-25 22:00:00,6.8,70,0.0,,234,22.2,50.0,1015.2,0,5,4
2025-02-25 23:00:00,6.4,70,0.0,,237,24.1,53.7,1015.5,0,6,2
2025-02-26 00:00:00,6.2,71,0.0,,238,24.1,57.4,1015.7,0,6,3
2025-02-26 01:00:00,6.0,71,0.0,,236,25.9,59.3,1016.2,0,6,3
2025-02-26 02:00:00,5.7,72,0.0,,237,27.8,61.1,1016.5,0,6,4
2025-02-26 03:00:00,5.4,74,0.0,,237,27.8,63.0,1017.0,0,7,7
2025-02-26 04:00:00,4.9,71,0.0,,234,27.8,68.5,1018.1,0,7,7
2025-02-26 05:00:00,4.7,72,0.0,,235,25.9,64.8,1018.5,0,8,7
2025-02-26 06:00:00,4.3,75,0.3,,235,24.1,61.1,1019.0,0,8,7
2025-02-26 07:00:00,4.1,77,0.4,,235,24.1,55.5,1020.0,0,8,7
2025-02-26 08:00:00,3.8,80,0.2,,234,22.2,50.0,1020.9,0,7,7
2025-02-26 09:00:00,3.8,81,0.1,,236,20.4,46.3,1021.6,0,7,7
2025-02-26 10:00:00,3.6,84,0.1,,234,18.5,42.6,1022.2,0,8,7
2025-02-26 11:00:00,3.8,84,0.1,,235,18.5,38.9,1022.4,0,8,7
2025-02-26 12:00:00,4.0,83,0.2,,236,16.7,37.0,1022.6,0,8,7
2025-02-26 13:00:00,4.1,82,0.1,,237,16.7,35.2,1022.5,0,8,7
2025-02-26 14:00:00,4.1,82,0.0,,235,14.8,33.3,1022.5,0,7,7
2025-02-26 15:00:00,4.4,80,0.0,,237,13.0,29.6,1022.4,1,7,7
2025-02-26 16:00:00,4.7,79,0.0,,232,11.1,25.9,1022.1,2,6,7
2025-02-26 17:00:00,4.4,79,0.0,,231,9.3,22.2,1022.4,3,6,2
2025-02-26 18:00:00,4.2,81,0.0,,230,7.4,18.5,1022.9,0,5,2
2025-02-26 19:00:00,3.9,81,0.0,,220,5.5,16.7,1023.1,0,6,2
2025-02-26 20:00:00,3.7,80,0.0,,210,5.5,14.8,1023.0,0,5,2
2025-02-26 21:00:00,3.4,80,0.0,,201,5.5,13.0,1022.8,0,4,2
2025-02-26 22:00:00,3.1,81,0.0,,197,5.5,13.0,1022.8,0,4,2
2025-02-26 23:00:00,2.9,81,0.0,,195,5.5,11.1,1022.7,0,4,2
2025-02-27 00:00:00,2.9,80,0.0,,191,3.7,11.1,1022.4,0,5,2
2025-02-27 01:00:00,2.7,81,0.0,,194,5.5,11.1,1021.7,0,5,2
2025-02-27 02:00:00,2.7,80,0.0,,199,5.5,13.0,1021.2,0,5,2
2025-02-27 03:00:00,2.7,78,0.0,,205,5.5,14.8,1020.5,0,7,3
2025-02-27 04:00:00,1.4,85,0.0,,218,7.4,16.7,1020.2,0,7,4
2025-02-27 05:00:00,1.5,85,0.0,,214,5.5,14.8,1020.1,0,8,3
2025-02-27 06:00:00,1.7,85,0.2,,210,5.5,14.8,1020.0,0,8,3
2025-02-27 07:00:00,1.8,85,0.0,,208,7.4,16.7,1020.4,0,8,7
2025-02-27 08:00:00,2.0,86,0.5,,211,7.4,16.7,1020.8,0,8,7
2025-02-27 09:00:00,2.2,87,0.9,,216,7.4,16.7,1021.2,0,7,7
2025-02-27 10:00:00,1.4,95,1.3,,201,5.5,14.8,1022.1,0,7,7
2025-02-27 11:00:00,2.0,92,0.8,,211,7.4,14.8,1022.0,0,8,7
2025-02-27 12:00:00,2.6,90,0.3,,217,7.4,16.7,1021.8,0,8,12
2025-02-27 13:00:00,2.9,89,0.0,,218,7.4,18.5,1021.4,0,8,12
2025-02-27 14:00:00,3.1,88,0.1,,220,7.4,18.5,1021.2,0,7,7
2025-02-27 15:00:00,3.4,86,0.3,,220,7.4,16.7,1021.2,1,6,7
2025-02-27 16:00:00,3.9,86,0.0,,183,9.3,22.2,1021.1,4,6,7
2025-02-27 17:00:00,3.5,87,0.0,,185,7.4,18.5,1021.7,1,6,7
2025-02-27 18:00:00,3.1,89,0.0,,190,7.4,16.7,1022.3,0,5,7
2025-02-27 19:00:00,2.9,89,0.1,,191,5.5,14.8,1023.0,0,6,2
2025-02-27 20:00:00,2.9,87,0.2,,197,5.5,13.0,1023.4,0,5,2
2025-02-27 21:00:00,2.7,87,0.0,,198,5.5,13.0,1023.7,0,5,2
2025-02-27 22:00:00,2.5,89,0.0,,186,3.7,7.4,1023.9,0,5,2
2025-02-27 23:00:00,2.4,91,0.0,,199,3.7,9.3,1024.1,0,5,3
2025-02-28 00:00:00,2.2,91,0.0,,202,3.7,11.1,1024.2,0,5,3
2025-02-28 01:00:00,2.1,91,0.0,,208,5.5,11.1,1024.2,0,5,3
2025-02-28 02:00:00,2.1,89,0.0,,206,3.7,11.1,1024.2,0,5,2
2025-02-28 03:00:00,1.9,89,0.0,,208,3.7,11.1,1024.0,0,5,3
2025-02-28 04:00:00,1.3,89,0.0,,226,3.7,9.3,1024.1,0,4,2
2025-02-28 05:00:00,1.1,90,0.0,,226,3.7,7.4,1024.2,0,4,2
2025-02-28 06:00:00,1.2,88,0.0,,223,3.7,7.4,1024.3,2,4,2
2025-02-28 07:00:00,1.5,85,0.0,,227,3.7,7.4,1024.6,4,4,2
2025-02-28 08:00:00,2.2,82,0.0,,227,3.7,9.3,1024.7,13,4,2
2025-02-28 09:00:00,3.0,78,0.0,,239,3.7,9.3,1024.9,17,5,2
2025-02-28 10:00:00,3.7,74,0.0,,278,7.4,14.8,1024.6,15,5,2
2025-02-28 11:00:00,4.3,68,0.0,,279,7.4,14.8,1024.3,18,5,2
2025-02-28 12:00:00,4.6,65,0.0,,276,5.5,16.7,1023.9,17,6,2
2025-02-28 13:00:00,4.8,63,0.0,,282,5.5,16.7,1023.6,14,6,2
2025-02-28 14:00:00,4.7,62,0.0,,299,5.5,14.8,1023.5,11,6,2
2025-02-28 15:00:00,4.6,62,0.0,,315,5.5,14.8,1023.5,12,5,3
2025-02-28 16:00:00,4.7,57,0.0,,318,3.7,13.0,1023.1,3,6,3
2025-02-28 17:00:00,4.0,63,0.0,,354,5.5,13.0,1023.5,5,6,2
2025-02-28 18:00:00,3.4,69,0.0,,15,5.5,13.0,1024.1,0,6,2
2025-02-28 19:00:00,3.1,71,0.0,,27,5.5,14.8,1024.3,0,6,2
2025-02-28 20:00:00,2.8,74,0.0,,33,5.5,14.8,1024.6,0,6,2
2025-02-28 21:00:00,2.5,75,0.0,,33,7.4,16.7,1024.6,0,6,3
2025-02-28 22:00:00,2.5,74,0.0,,31,5.5,13.0,1024.8,0,6,4
2025-02-28 23:00:00,2.1,77,0.0,,32,7.4,16.7,1024.9,0,6,3
2025-03-01 00:00:00,1.7,79,0.0,,36,7.4,20.4,1024.9,0,6,3
2025-03-01 01:00:00,1.3,80,0.0,,36,9.3,20.4,1024.9,0,6,3
2025-03-01 02:00:00,1.1,80,0.0,,39,9.3,22.2,1024.9,0,5,3
2025-03-01 03:00:00,1.0,80,0.0,,40,9.3,24.1,1024.8,0,6,4
2025-03-01 04:00:00,1.0,80,0.0,,41,9.3,24.1,1025.0,0,6,4
2025-03-01 05:00:00,0.9,81,0.0,,41,11.1,24.1,1025.3,0,6,4
2025-03-01 06:00:00,1.0,82,0.0,,45,11.1,25.9,1025.7,0,7,3
2025-03-01 07:00:00,1.1,81,0.0,,47,11.1,29.6,1026.1,0,7,2
2025-03-01 08:00:00,1.3,80,0.0,,50,13.0,31.5,1026.5,0,7,3
2025-03-01 09:00:00,1.7,79,0.0,,49,13.0,33.3,1026.9,4,6,3
2025-03-01 10:00:00,2.4,77,0.0,,47,13.0,31.5,1027.4,0,6,3
2025-03-01 11:00:00,3.0,72,0.0,,47,14.8,35.2,1027.4,0,7,2
2025-03-01 12:00:00,3.4,70,0.0,,48,14.8,37.0,1027.1,3,7,2
2025-03-01 13:00:00,3.9,67,0.0,,50,14.8,38.9,1027.0,5,7,2
2025-03-01 14:00:00,4.0,66,0.0,,51,14.8,37.0,1027.0,7,6,2
2025-03-01 15:00:00,4.0,65,0.0,,52,14.8,37.0,1027.2,10,5,3
2025-03-01 16:00:00,4.3,67,0.0,,50,14.8,38.9,1027.2,15,6,3
2025-03-01 17:00:00,3.4,70,0.0,,50,14.8,35.2,1027.9,7,5,2
2025-03-01 18:00:00,2.8,73,0.0,,50,13.0,33.3,1028.4,0,5,2
2025-03-01 19:00:00,2.4,75,0.0,,48,11.1,29.6,1029.0,0,5,2
2025-03-01 20:00:00,2.0,74,0.0,,48,11.1,27.8,1029.4,0,4,2
2025-03-01 21:00:00,1.7,75,0.0,,47,11.1,27.8,1029.7,0,4,2
2025-03-01 22:00:00,1.5,79,0.0,,44,11.1,27.8,1030.4,0,4,2
2025-03-01 23:00:00,1.1,80,0.0,,46,11.1,27.8,1030.5,0,4,2
2025-03-02 00:00:00,0.8,80,0.0,,44,11.1,25.9,1030.6,0,4,2
2025-03-02 01:00:00,0.4,82,0.0,,46,11.1,25.9,1030.6,0,4,2
2025-03-02 02:00:00,0.2,82,0.0,,47,9.3,24.1,1030.7,0,4,2
2025-03-02 03:00:00,0.1,83,0.0,,47,9.3,22.2,1030.7,0,4,2
2025-03-02 04:00:00,1.0,85,0.0,,46,9.3,24.1,1030.6,0,4,2
2025-03-02 05:00:00,0.7,87,0.0,,43,9.3,24.1,1030.8,0,4,2
2025-03-02 06:00:00,0.5,87,0.0,,44,9.3,22.2,1031.1,0,5,2
2025-03-02 07:00:00,0.6,86,0.0,,45,9.3,22.2,1031.5,1,5,2
2025-03-02 08:00:00,1.0,83,0.0,,46,9.3,24.1,1031.7,8,5,2
2025-03-02 09:00:00,1.4,82,0.0,,46,9.3,24.1,1031.9,13,5,2
2025-03-02 10:00:00,1.9,78,0.0,,44,11.1,27.8,1032.1,6,6,4
2025-03-02 11:00:00,2.9,72,0.0,,47,11.1,25.9,1031.7,13,6,2
2025-03-02 12:00:00,3.7,68,0.0,,48,11.1,24.1,1031.0,18,5,2
2025-03-02 13:00:00,4.4,66,0.0,,51,11.1,24.1,1030.4,22,4,2
2025-03-02 14:00:00,4.9,62,0.0,,56,9.3,22.2,1029.6,25,4,2
2025-03-02 15:00:00,5.2,60,0.0,,55,9.3,22.2,1029.1,31,3,2
2025-03-02 16:00:00,6.5,57,0.0,,48,5.5,16.7,1028.4,34,3,2
2025-03-02 17:00:00,5.3,62,0.0,,51,5.5,14.8,1028.7,20,3,2
2025-03-02 18:00:00,4.2,68,0.0,,54,5.5,14.8,1029.2,0,2,1
2025-03-02 19:00:00,3.8,69,0.0,,54,5.5,14.8,1029.7,0,3,1
2025-03-02 20:00:00,3.3,71,0.0,,53,5.5,13.0,1030.0,0,3,2
2025-03-02 21:00:00,2.8,72,0.0,,51,5.5,13.0,1030.2,0,2,1
2025-03-02 22:00:00,1.5,79,0.0,,30,5.5,9.3,1030.5,0,2,1
2025-03-02 23:00:00,1.1,81,0.0,,31,5.5,9.3,1030.5,0,2,1
2025-03-03 00:00:00,0.7,83,0.0,,31,3.7,9.3,1030.4,0,2,1
2025-03-03 01:00:00,0.4,84,0.0,,31,3.7,9.3,1030.4,0,2,1
2025-03-03 02:00:00,0.1,85,0.0,,35,3.7,9.3,1030.4,0,3,1
2025-03-03 03:00:00,-0.1,85,0.0,,37,3.7,7.4,1030.4,0,3,1
2025-03-03 04:00:00,-0.8,87,0.0,,360,1.8,7.4,1030.6,0,4,2
2025-03-03 05:00:00,-1.0,90,0.0,,359,1.8,7.4,1030.7,0,4,2
2025-03-03 06:00:00,-0.7,88,0.0,,26,1.8,5.5,1030.9,4,3,1
2025-03-03 07:00:00,-0.2,85,0.0,,42,1.8,5.5,1030.9,13,3,1
2025-03-03 08:00:00,1.0,79,0.0,,57,1.8,5.5,1030.8,27,3,2
2025-03-03 09:00:00,2.2,76,0.0,,62,1.8,7.4,1030.6,40,3,2
2025-03-03 10:00:00,4.2,70,0.0,,197,3.7,9.3,1030.2,56,3,2
2025-03-03 11:00:00,5.7,64,0.0,,71,3.7,11.1,1029.4,55,3,1
2025-03-03 12:00:00,6.8,59,0.0,,45,5.5,13.0,1028.6,50,2,1
2025-03-03 13:00:00,7.7,55,0.0,,46,5.5,13.0,1027.7,47,2,1
2025-03-03 14:00:00,8.4,51,0.0,,32,5.5,13.0,1026.9,45,2,1
2025-03-03 15:00:00,8.7,48,0.0,,38,5.5,13.0,1026.6,47,1,1
2025-03-03 16:00:00,8.1,50,0.0,,41,3.7,11.1,1026.3,39,1,1
2025-03-03 17:00:00,7.0,54,0.0,,40,5.5,11.1,1026.6,29,1,1
2025-03-03 18:00:00,5.8,59,0.0,,43,3.7,9.3,1026.8,0,1,1
2025-03-03 19:00:00,5.0,64,0.0,,43,5.5,11.1,1027.1,0,2,1
2025-03-03 20:00:00,4.6,65,0.0,,40,3.7,9.3,1027.5,0,2,1
2025-03-03 21:00:00,3.9,68,0.0,,37,3.7,9.3,1027.8,0,1,1
2025-03-03 22:00:00,3.6,74,0.0,,51,1.8,3.7,1027.9,0,0,1
2025-03-03 23:00:00,3.0,75,0.0,,48,1.8,5.5,1028.0,0,0,1
2025-03-04 00:00:00,2.7,76,0.0,,40,1.8,5.5,1028.1,0,0,1
2025-03-04 01:00:00,2.2,77,0.0,,40,1.8,5.5,1028.0,0,1,1
2025-03-04 02:00:00,1.8,78,0.0,,48,1.8,5.5,1027.9,0,2,1
2025-03-04 03:00:00,1.4,79,0.0,,50,1.8,5.5,1027.7,0,2,1
2025-03-04 04:00:00,0.7,85,0.0,,36,1.8,5.5,1027.8,0,2,1
2025-03-04 05:00:00,0.5,85,0.0,,25,1.8,5.5,1027.8,0,2,1
2025-03-04 06:00:00,0.8,83,0.0,,56,1.8,5.5,1027.9,5,2,1
2025-03-04 07:00:00,1.3,80,0.0,,70,1.8,3.7,1027.9,16,2,1
2025-03-04 08:00:00,2.7,74,0.0,,89,1.8,5.5,1027.8,33,2,1
2025-03-04 09:00:00,4.0,70,0.0,,42,1.8,5.5,1027.6,48,2,1
2025-03-04 10:00:00,5.9,66,0.0,,242,3.7,9.3,1027.3,55,3,2
2025-03-04 11:00:00,7.4,59,0.0,,17,3.7,11.1,1026.5,52,3,1
2025-03-04 12:00:00,8.5,55,0.0,,30,5.5,13.0,1025.7,49,2,1
2025-03-04 13:00:00,9.5,50,0.0,,40,5.5,13.0,1025.1,45,2,1
2025-03-04 14:00:00,10.1,47,0.0,,40,5.5,13.0,1024.6,45,2,1
2025-03-04 15:00:00,10.5,44,0.0,,46,5.5,13.0,1024.5,48,2,1
2025-03-04 16:00:00,11.4,39,0.0,,47,5.5,14.8,1024.0,48,1,1
2025-03-04 17:00:00,9.9,44,0.0,,49,5.5,13.0,1024.6,35,1,1
2025-03-04 18:00:00,8.1,51,0.0,,53,5.5,11.1,1025.4,0,0,1
2025-03-04 19:00:00,7.5,54,0.0,,58,5.5,9.3,1026.0,0,1,1
2025-03-04 20:00:00,6.5,58,0.0,,59,3.7,7.4,1026.5,0,1,1
2025-03-04 21:00:00,5.8,60,0.0,,68,3.7,5.5,1026.9,0,1,1
2025-03-04 22:00:00,4.5,68,0.0,,68,1.8,3.7,1027.0,0,0,1
2025-03-04 23:00:00,3.9,69,0.0,,54,1.8,3.7,1027.0,0,0,1
2025-03-05 00:00:00,3.5,71,0.0,,46,1.8,3.7,1027.2,0,0,1
2025-03-05 01:00:00,3.0,72,0.0,,38,1.8,3.7,1027.1,0,1,1
2025-03-05 02:00:00,2.6,74,0.0,,36,1.8,3.7,1027.2,0,1,1
2025-03-05 03:00:00,2.1,75,0.0,,42,1.8,3.7,1027.2,0,1,1
2025-03-05 04:00:00,1.5,82,0.0,,35,1.8,5.5,1027.7,0,1,1
2025-03-05 05:00:00,1.3,82,0.0,,26,1.8,5.5,1027.9,0,1,1
2025-03-05 06:00:00,1.6,79,0.0,,75,1.8,5.5,1028.1,7,1,1
2025-03-05 07:00:00,2.4,76,0.0,,135,1.8,3.7,1028.1,19,1,1
2025-03-05 08:00:00,4.0,68,0.0,,212,1.8,5.5,1027.9,38,1,1
2025-03-05 09:00:00,5.5,63,0.0,,225,1.8,5.5,1027.8,53,1,1
2025-03-05 10:00:00,7.6,59,0.0,,228,3.7,9.3,1027.1,57,2,1
2025-03-05 11:00:00,9.3,52,0.0,,235,5.5,11.1,1026.3,54,2,1
2025-03-05 12:00:00,10.7,47,0.0,,237,5.5,11.1,1025.5,51,1,1
2025-03-05 13:00:00,11.7,43,0.0,,230,5.5,13.0,1024.7,47,1,1
2025-03-05 14:00:00,12.4,40,0.0,,215,5.5,13.0,1024.1,46,1,1
2025-03-05 15:00:00,12.8,37,0.0,,203,5.5,13.0,1023.9,48,1,1
2025-03-05 16:00:00,13.3,32,0.0,,187,5.5,13.0,1023.0,49,0,1
2025-03-05 17:00:00,11.8,37,0.0,,166,3.7,11.1,1023.4,35,0,1
2025-03-05 18:00:00,9.9,44,0.0,,89,3.7,7.4,1023.9,5,0,1
2025-03-05 19:00:00,9.2,47,0.0,,65,3.7,7.4,1024.3,0,1,1
2025-03-05 20:00:00,8.3,50,0.0,,61,3.7,7.4,1024.6,0,1,1
2025-03-05 21:00:00,7.5,52,0.0,,72,1.8,5.5,1025.0,0,0,1
2025-03-05 22:00:00,6.2,58,0.0,,74,1.8,3.7,1025.3,0,0,1
2025-03-05 23:00:00,5.5,60,0.0,,46,1.8,5.5,1025.5,0,0,1
2025-03-06 00:00:00,5.0,62,0.0,,40,1.8,3.7,1025.6,0,0,1
2025-03-06 01:00:00,4.5,65,0.0,,16,1.8,5.5,1025.4,0,0,1
2025-03-06 02:00:00,3.9,67,0.0,,38,1.8,5.5,1025.4,0,1,1
2025-03-06 03:00:00,3.3,70,0.0,,42,1.8,5.5,1025.3,0,1,1
2025-03-06 04:00:00,3.3,70,0.0,,43,1.8,5.5,1025.2,0,1,1
2025-03-06 05:00:00,3.1,70,0.0,,67,1.8,5.5,1025.2,0,1,1
2025-03-06 06:00:00,3.4,70,0.0,,98,1.8,5.5,1025.2,9,2,1
2025-03-06 07:00:00,4.1,67,0.0,,181,1.8,5.5,1025.1,24,2,1
2025-03-06 08:00:00,5.7,61,0.0,,202,1.8,7.4,1024.8,41,1,1
2025-03-06 09:00:00,7.2,57,0.0,,225,3.7,7.4,1024.3,56,1,1
2025-03-06 10:00:00,9.9,48,0.0,,218,3.7,9.3,1023.5,58,1,1
2025-03-06 11:00:00,11.5,43,0.0,,226,5.5,11.1,1022.6,54,1,1
2025-03-06 12:00:00,12.6,39,0.0,,235,5.5,13.0,1021.7,50,1,1
2025-03-06 13:00:00,13.5,36,0.0,,249,5.5,13.0,1020.9,45,1,1
2025-03-06 14:00:00,14.1,34,0.0,,257,5.5,13.0,1020.3,44,2,1
2025-03-06 15:00:00,14.2,33,0.0,,301,5.5,13.0,1020.0,46,2,1
2025-03-06 16:00:00,15.4,29,0.0,,54,5.5,13.0,1018.7,44,2,1
2025-03-06 17:00:00,13.6,34,0.0,,54,5.5,11.1,1019.2,29,1,1
2025-03-06 18:00:00,11.4,40,0.0,,55,5.5,11.1,1019.7,7,1,1
2025-03-06 19:00:00,10.8,43,0.0,,53,5.5,11.1,1020.2,0,2,1
2025-03-06 20:00:00,9.6,46,0.0,,56,3.7,9.3,1020.7,0,2,1
2025-03-06 21:00:00,8.7,48,0.0,,61,3.7,7.4,1020.9,0,2,1
2025-03-06 22:00:00,9.3,38,0.0,,100,3.7,9.3,1020.5,0,1,1
2025-03-06 23:00:00,8.2,42,0.0,,89,1.8,7.4,1021.0,0,1,1
2025-03-07 00:00:00,7.2,47,0.0,,80,1.8,7.4,1021.5,0,1,1
2025-03-07 01:00:00,6.3,51,0.0,,57,1.8,7.4,1021.6,0,1,1
2025-03-07 02:00:00,5.6,54,0.0,,72,1.8,7.4,1021.8,0,1,1
2025-03-07 03:00:00,4.9,58,0.0,,67,1.8,5.5,1021.8,0,1,1
2025-03-07 04:00:00,4.5,70,0.0,,40,1.8,5.5,1021.8,0,1,1
2025-03-07 05:00:00,4.1,69,0.0,,40,1.8,5.5,1021.9,0,1,1
2025-03-07 06:00:00,4.4,67,0.0,,72,1.8,5.5,1022.0,8,2,1
2025-03-07 07:00:00,5.0,64,0.0,,219,1.8,3.7,1021.8,20,2,1
2025-03-07 08:00:00,6.4,58,0.0,,226,1.8,5.5,1021.6,37,2,1
2025-03-07 09:00:00,7.9,53,0.0,,230,1.8,7.4,1021.3,48,2,1
2025-03-07 10:00:00,10.8,45,0.0,,242,3.7,9.3,1020.0,56,2,1
2025-03-07 11:00:00,12.1,41,0.0,,276,5.5,13.0,1019.2,53,2,1
2025-03-07 12:00:00,13.0,38,0.0,,354,5.5,14.8,1018.4,51,2,1
2025-03-07 13:00:00,13.8,36,0.0,,37,5.5,14.8,1017.5,45,2,1
2025-03-07 14:00:00,14.2,33,0.0,,44,5.5,14.8,1016.7,44,2,1
2025-03-07 15:00:00,14.4,32,0.0,,67,5.5,14.8,1016.2,45,2,2
2025-03-07 16:00:00,14.7,24,0.0,,44,5.5,16.7,1015.1,43,1,1
2025-03-07 17:00:00,13.1,30,0.0,,48,5.5,14.8,1015.4,27,1,1
2025-03-07 18:00:00,11.2,38,0.0,,57,5.5,13.0,1015.9,8,1,1
2025-03-07 19:00:00,10.4,41,0.0,,59,5.5,11.1,1016.4,0,2,1
2025-03-07 20:00:00,9.3,46,0.0,,67,3.7,9.3,1016.9,0,2,2
2025-03-07 21:00:00,8.5,49,0.0,,74,3.7,9.3,1017.2,0,2,1
2025-03-07 22:00:00,7.3,53,0.0,,90,1.8,7.4,1017.0,0,1,4
2025-03-07 23:00:00,6.6,55,0.0,,69,1.8,7.4,1017.2,0,0,1
2025-03-08 00:00:00,5.9,58,0.0,,61,1.8,5.5,1017.3,0,0,1
2025-03-08 01:00:00,5.2,61,0.0,,63,1.8,5.5,1017.2,0,1,1
2025-03-08 02:00:00,4.8,63,0.0,,70,1.8,5.5,1017.1,0,2,1
2025-03-08 03:00:00,4.1,65,0.0,,64,1.8,5.5,1017.0,0,1,1
2025-03-08 04:00:00,3.9,63,0.0,,70,3.7,9.3,1016.8,0,1,1
2025-03-08 05:00:00,3.3,65,0.0,,71,1.8,7.4,1016.9,0,1,1
2025-03-08 06:00:00,3.8,64,0.0,,72,1.8,7.4,1016.9,10,1,1
2025-03-08 07:00:00,4.3,62,0.0,,73,1.8,5.5,1016.7,23,1,1
2025-03-08 08:00:00,5.9,57,0.0,,107,1.8,7.4,1016.4,39,1,1
2025-03-08 09:00:00,7.5,53,0.0,,53,3.7,7.4,1016.1,51,1,1
2025-03-08 10:00:00,10.4,45,0.0,,249,3.7,11.1,1014.7,56,2,1
2025-03-08 11:00:00,12.0,40,0.0,,27,5.5,13.0,1013.7,51,2,1
2025-03-08 12:00:00,13.2,37,0.0,,51,5.5,14.8,1012.6,47,1,1
2025-03-08 13:00:00,14.2,34,0.0,,44,7.4,16.7,1011.4,42,1,1
2025-03-08 14:00:00,15.0,31,0.0,,43,7.4,18.5,1010.4,42,1,1
2025-03-08 15:00:00,15.1,30,0.0,,49,7.4,18.5,1009.9,45,1,1
2025-03-08 16:00:00,14.0,33,0.0,,46,7.4,16.7,1009.5,39,1,1
2025-03-08 17:00:00,12.7,36,0.0,,46,7.4,16.7,1009.6,29,1,1
2025-03-08 18:00:00,11.0,41,0.0,,49,7.4,14.8,1009.6,10,1,1
2025-03-08 19:00:00,10.0,44,0.0,,50,7.4,14.8,1009.7,0,2,1
2025-03-08 20:00:00,9.4,46,0.0,,49,7.4,13.0,1009.9,0,2,1
2025-03-08 21:00:00,8.6,49,0.0,,52,5.5,14.8,1010.0,0,2,1
2025-03-08 22:00:00,8.3,45,0.0,,54,5.5,14.8,1009.2,0,2,1
2025-03-08 23:00:00,7.7,48,0.0,,47,5.5,13.0,1009.2,0,2,1
2025-03-09 00:00:00,7.1,51,0.0,,50,5.5,13.0,1009.1,0,3,1
2025-03-09 01:00:00,6.5,53,0.0,,48,5.5,13.0,1009.0,0,3,1
2025-03-09 02:00:00,5.8,57,0.0,,47,5.5,11.1,1008.7,0,4,1
2025-03-09 03:00:00,5.2,59,0.0,,52,5.5,13.0,1008.5,0,4,2
2025-03-09 04:00:00,6.3,52,0.0,,44,7.4,16.7,1007.7,0,3,2
2025-03-09 05:00:00,5.5,56,0.0,,44,5.5,16.7,1007.8,0,3,1
2025-03-09 06:00:00,5.9,56,0.0,,41,5.5,14.8,1007.7,4,2,1
2025-03-09 07:00:00,6.5,55,0.0,,42,5.5,13.0,1007.3,15,2,1
2025-03-09 08:00:00,7.9,52,0.0,,34,5.5,13.0,1006.8,31,2,1
2025-03-09 09:00:00,9.2,51,0.0,,34,5.5,13.0,1006.3,42,3,1
2025-03-09 10:00:00,12.7,41,0.0,,88,7.4,16.7,1004.7,53,4,2
2025-03-09 11:00:00,14.0,38,0.0,,69,7.4,16.7,1003.7,45,4,2
2025-03-09 12:00:00,14.9,35,0.0,,69,7.4,16.7,1002.8,40,4,2
2025-03-09 13:00:00,15.7,34,0.0,,71,7.4,18.5,1001.8,33,4,2
2025-03-09 14:00:00,16.6,32,0.0,,77,7.4,20.4,1001.0,32,4,2
2025-03-09 15:00:00,16.4,32,0.0,,79,7.4,18.5,1000.6,31,4,2
2025-03-09 16:00:00,17.2,25,0.0,,129,7.4,20.4,999.9,26,4,2
2025-03-09 17:00:00,15.3,30,0.0,,110,7.4,18.5,1000.0,16,4,2
2025-03-09 18:00:00,12.7,37,0.0,,87,7.4,16.7,1000.3,6,5,2
2025-03-09 19:00:00,12.3,39,0.0,,72,7.4,16.7,1000.5,0,5,2
2025-03-09 20:00:00,11.5,42,0.0,,68,5.5,13.0,1000.8,0,5,2
2025-03-09 21:00:00,10.8,46,0.0,,58,5.5,14.8,1000.9,0,5,2
2025-03-09 22:00:00,12.3,36,0.0,,95,5.5,16.7,1000.3,0,6,4
2025-03-09 23:00:00,11.4,40,0.0,,85,5.5,16.7,1000.3,0,6,3
2025-03-10 00:00:00,10.5,45,0.0,,74,5.5,14.8,1000.2,0,7,3
2025-03-10 01:00:00,9.5,48,0.0,,54,5.5,14.8,1000.0,0,7,3
2025-03-10 02:00:00,8.8,53,0.0,,38,5.5,13.0,999.8,0,7,3
2025-03-10 03:00:00,8.3,56,0.0,,338,5.5,14.8,999.8,0,8,4
2025-03-10 04:00:00,8.2,53,0.0,,38,7.4,18.5,998.8,0,7,4
2025-03-10 05:00:00,8.1,55,0.0,,312,5.5,16.7,999.8,0,8,3
2025-03-10 06:00:00,8.0,58,0.5,,265,7.4,20.4,1000.8,0,8,3
2025-03-10 07:00:00,8.2,59,0.6,,253,7.4,18.5,1001.7,0,8,7
2025-03-10 08:00:00,8.6,60,0.0,,245,7.4,20.4,1002.5,0,8,7
2025-03-10 09:00:00,8.9,62,0.0,,244,9.3,24.1,1003.2,1,8,7
2025-03-10 10:00:00,9.4,72,0.1,,229,13.0,27.8,1004.0,0,8,7
2025-03-10 11:00:00,9.8,71,0.4,,234,11.1,25.9,1004.3,0,8,3
2025-03-10 12:00:00,10.2,69,0.0,,234,11.1,25.9,1004.4,0,8,7
2025-03-10 13:00:00,10.7,66,0.0,,231,11.1,27.8,1004.3,3,7,2
2025-03-10 14:00:00,11.1,63,0.0,,228,9.3,25.9,1004.1,5,7,2
2025-03-10 15:00:00,11.4,60,0.0,,226,9.3,24.1,1003.9,10,6,3
2025-03-10 16:00:00,11.9,58,0.0,,186,7.4,18.5,1003.3,28,6,3
2025-03-10 17:00:00,10.6,65,0.0,,183,5.5,14.8,1003.6,18,5,2
2025-03-10 18:00:00,9.1,68,0.0,,158,3.7,13.0,1004.2,6,5,2
2025-03-10 19:00:00,8.5,72,0.0,,120,3.7,11.1,1004.7,0,5,2
2025-03-10 20:00:00,8.0,74,0.0,,99,3.7,11.1,1005.0,0,5,2
2025-03-10 21:00:00,7.5,76,0.0,,81,1.8,9.3,1005.5,0,5,2
2025-03-10 22:00:00,6.9,81,0.0,,45,3.7,5.5,1005.7,0,3,1
2025-03-10 23:00:00,6.5,81,0.0,,7,3.7,7.4,1005.5,0,3,1
2025-03-11 00:00:00,6.0,82,0.0,,19,1.8,7.4,1005.4,0,3,2
2025-03-11 01:00:00,5.6,82,0.0,,356,1.8,7.4,1005.3,0,4,2
2025-03-11 02:00:00,5.4,82,0.0,,328,1.8,5.5,1005.3,0,5,2
2025-03-11 03:00:00,5.0,83,0.0,,338,1.8,7.4,1005.0,0,6,3
2025-03-11 04:00:00,4.9,83,0.0,,35,1.8,7.4,1005.0,0,7,3
2025-03-11 05:00:00,4.8,82,0.0,,263,1.8,5.5,1005.2,0,7,3
2025-03-11 06:00:00,5.1,83,0.0,,261,1.8,7.4,1005.1,0,8,2
2025-03-11 07:00:00,5.4,80,0.0,,220,1.8,7.4,1004.9,4,7,2
2025-03-11 08:00:00,6.4,77,0.0,,245,3.7,9.3,1004.6,9,7,2
2025-03-11 09:00:00,7.3,74,0.0,,253,3.7,11.1,1004.3,16,6,3
2025-03-11 10:00:00,8.4,69,0.0,,254,5.5,11.1,1003.7,18,6,3
2025-03-11 11:00:00,9.7,64,0.0,,263,5.5,14.8,1003.1,20,6,2
2025-03-11 12:00:00,10.8,59,0.0,,257,5.5,14.8,1002.5,21,6,2
2025-03-11 13:00:00,11.6,56,0.0,,244,7.4,16.7,1001.6,24,6,2
2025-03-11 14:00:00,12.1,54,0.0,,243,7.4,18.5,1001.0,25,6,2
2025-03-11 15:00:00,12.0,53,0.0,,248,7.4,16.7,1000.4,23,7,3
2025-03-11 16:00:00,12.7,47,0.0,,270,5.5,16.7,999.9,4,6,3
2025-03-11 17:00:00,11.4,54,0.0,,312,3.7,14.8,1000.3,3,6,2
2025-03-11 18:00:00,9.7,62,0.0,,335,5.5,13.0,1000.8,0,6,2
2025-03-11 19:00:00,9.4,64,0.0,,334,3.7,13.0,1001.1,0,6,2
2025-03-11 20:00:00,8.8,68,0.0,,346,3.7,11.1,1001.3,0,6,2
2025-03-11 21:00:00,8.3,72,0.0,,17,3.7,11.1,1001.3,0,7,3
2025-03-11 22:00:00,8.6,68,0.0,,2,5.5,16.7,1000.6,0,7,4
2025-03-11 23:00:00,8.0,72,0.0,,352,5.5,13.0,1000.3,0,7,4
2025-03-12 00:00:00,7.4,75,0.0,,349,3.7,13.0,1000.0,0,8,3
2025-03-12 01:00:00,6.9,76,0.0,,335,3.7,13.0,999.7,0,8,3
2025-03-12 02:00:00,6.6,77,0.0,,321,3.7,11.1,999.4,0,8,4
2025-03-12 03:00:00,6.2,79,0.0,,325,3.7,11.1,999.0,0,8,4
2025-03-12 04:00:00,5.3,87,0.0,,326,3.7,9.3,998.6,0,8,4
2025-03-12 05:00:00,5.2,87,0.0,,292,1.8,9.3,998.7,0,8,3
2025-03-12 06:00:00,5.2,88,0.0,,265,3.7,11.1,999.1,0,8,3
2025-03-12 07:00:00,5.4,87,0.1,,251,3.7,11.1,999.2,0,8,7
2025-03-12 08:00:00,5.5,88,0.3,,259,5.5,13.0,999.3,0,8,7
2025-03-12 09:00:00,5.9,87,0.6,,258,5.5,14.8,999.2,0,8,7
2025-03-12 10:00:00,6.2,86,0.4,,248,5.5,14.8,999.1,0,8,7
2025-03-12 11:00:00,6.8,83,0.2,,245,5.5,14.8,999.0,0,8,7
2025-03-12 12:00:00,7.1,82,0.0,,244,7.4,16.7,998.8,0,8,7
2025-03-12 13:00:00,7.3,81,0.0,,242,7.4,16.7,998.3,2,8,7
2025-03-12 14:00:00,7.3,80,0.0,,248,7.4,16.7,998.2,0,7,7
2025-03-12 15:00:00,7.0,82,0.5,,255,7.4,18.5,998.2,0,8,7
2025-03-12 16:00:00,6.3,88,0.3,,281,5.5,18.5,998.2,0,7,7
2025-03-12 17:00:00,5.7,91,0.6,,283,5.5,16.7,998.6,0,8,7
2025-03-12 18:00:00,5.3,92,0.7,,296,5.5,14.8,998.8,0,8,7
2025-03-12 19:00:00,5.1,93,0.4,,299,5.5,14.8,998.8,0,8,7
2025-03-12 20:00:00,5.1,94,0.3,,297,5.5,13.0,998.8,0,8,8
2025-03-12 21:00:00,4.9,95,0.3,,349,3.7,11.1,998.7,0,8,8
2025-03-12 22:00:00,4.8,95,0.3,,30,3.7,11.1,998.2,0,8,8
2025-03-12 23:00:00,4.6,97,0.2,,52,3.7,9.3,998.0,0,8,8
2025-03-13 00:00:00,4.5,94,0.2,,48,3.7,11.1,997.5,0,8,8
2025-03-13 01:00:00,4.3,95,0.2,,50,5.5,11.1,997.0,0,8,8
2025-03-13 02:00:00,4.1,94,0.1,,49,5.5,13.0,996.4,0,8,8
2025-03-13 03:00:00,3.9,95,0.0,,48,5.5,13.0,996.0,0,8,8
2025-03-13 04:00:00,3.7,95,0.0,,45,5.5,11.1,995.5,0,8,7
2025-03-13 05:00:00,3.5,94,0.0,,47,5.5,13.0,995.3,0,8,7
2025-03-13 06:00:00,3.2,93,0.0,,30,3.7,11.1,995.4,0,8,7
2025-03-13 07:00:00,3.2,93,0.2,,277,3.7,13.0,995.8,0,8,7
2025-03-13 08:00:00,3.3,93,0.9,,238,5.5,11.1,996.4,0,8,7
2025-03-13 09:00:00,3.3,94,0.8,,234,7.4,16.7,996.9,0,8,7
2025-03-13 10:00:00,3.5,91,0.3,,239,7.4,18.5,997.2,0,8,7
2025-03-13 11:00:00,3.8,89,0.0,,244,9.3,22.2,997.4,0,8,7
2025-03-13 12:00:00,4.3,84,0.2,,241,11.1,25.9,997.3,0,8,7
2025-03-13 13:00:00,4.7,80,0.0,,249,11.1,25.9,997.6,1,8,7
2025-03-13 14:00:00,5.1,78,0.0,,251,11.1,29.6,998.1,0,8,17
2025-03-13 15:00:00,4.7,78,0.0,,260,11.1,27.8,998.7,0,7,7
2025-03-13 16:00:00,4.2,79,0.0,,262,9.3,25.9,999.4,0,7,7
2025-03-13 17:00:00,3.6,81,0.0,,264,9.3,24.1,1000.3,0,8,7
2025-03-13 18:00:00,3.1,83,0.0,,277,7.4,20.4,1001.0,0,8,7
2025-03-13 19:00:00,2.9,85,0.0,,293,5.5,16.7,1001.9,0,7,7
2025-03-13 20:00:00,2.6,85,0.0,,298,5.5,14.8,1002.4,0,7,7
2025-03-13 21:00:00,2.6,85,0.0,,322,5.5,16.7,1003.1,0,8,7
2025-03-13 22:00:00,2.3,87,0.1,,314,5.5,14.8,1003.2,0,7,7
2025-03-13 23:00:00,2.2,86,0.0,,329,5.5,14.8,1003.5,0,6,7
2025-03-14 00:00:00,2.0,87,0.0,,349,5.5,11.1,1003.6,0,7,7
2025-03-14 01:00:00,1.7,89,0.0,,11,3.7,9.3,1003.7,0,7,7
2025-03-14 02:00:00,1.6,89,0.0,,19,3.7,11.1,1003.7,0,7,4
2025-03-14 03:00:00,1.4,89,0.0,,29,3.7,9.3,1003.6,0,7,4
2025-03-14 04:00:00,1.1,90,0.0,,28,3.7,11.1,1003.6,0,8,4
2025-03-14 05:00:00,1.0,90,0.0,,37,5.5,11.1,1003.4,0,8,4
2025-03-14 06:00:00,1.0,92,0.0,,45,5.5,13.0,1003.3,0,8,3
2025-03-14 07:00:00,1.5,88,0.0,,51,5.5,14.8,1003.4,0,8,3
2025-03-14 08:00:00,2.1,85,0.0,,49,7.4,18.5,1003.9,0,8,3
2025-03-14 09:00:00,2.7,83,0.0,,43,9.3,18.5,1003.8,0,8,4
2025-03-14 10:00:00,2.9,81,0.0,,44,9.3,20.4,1003.9,0,8,4
2025-03-14 11:00:00,3.5,78,0.0,,44,9.3,24.1,1004.0,0,8,3
2025-03-14 12:00:00,3.7,79,0.0,,48,9.3,24.1,1003.9,0,8,3
2025-03-14 13:00:00,3.9,78,0.0,,49,9.3,24.1,1004.0,0,8,3
2025-03-14 14:00:00,3.8,80,0.0,,49,9.3,24.1,1004.2,0,8,3
2025-03-14 15:00:00,3.6,81,0.0,,50,9.3,22.2,1004.4,0,8,7
2025-03-14 16:00:00,3.4,83,0.1,,46,9.3,20.4,1004.7,0,8,7
2025-03-14 17:00:00,3.2,85,0.1,,44,9.3,20.4,1005.2,0,8,7
2025-03-14 18:00:00,2.8,88,0.2,,47,9.3,22.2,1005.9,0,8,7
2025-03-14 19:00:00,2.8,88,,,39,9.3,22.2,1006.3,0,8,7
2025-03-14 20:00:00,2.8,87,,,34,7.4,20.4,1006.5,0,8,7
2025-03-14 21:00:00,2.7,89,,,36,7.4,18.5,1006.8,0,8,7
2025-03-14 22:00:00,2.5,90,,,35,7.4,18.5,1006.9,0,8,7
2025-03-14 23:00:00,2.5,89,,,35,9.3,20.4,1007.1,0,7,7
2025-03-15 00:00:00,2.6,88,,,35,9.3,20.4,1007.2,0,8,7
2025-03-15 01:00:00,2.5,89,,,36,9.3,20.4,1007.4,0,8,7
2025-03-15 02:00:00,2.2,91,,,38,9.3,22.2,1007.3,0,8,7
2025-03-15 03:00:00,2.4,89,,,39,9.3,22.2,1007.3,0,8,7
2025-03-15 04:00:00,2.5,87,,,38,9.3,20.4,1007.5,0,8,7
2025-03-15 05:00:00,2.3,88,,,40,9.3,22.2,1007.6,0,8,7
2025-03-15 06:00:00,2.4,88,,,39,9.3,24.1,1008.0,0,8,7
2025-03-15 07:00:00,2.5,87,,,37,11.1,25.9,1008.6,0,8,7
2025-03-15 08:00:00,2.8,87,,,39,11.1,27.8,1008.7,0,8,7
2025-03-15 09:00:00,3.3,85,,,38,11.1,27.8,1008.7,0,8,7
2025-03-15 10:00:00,3.4,85,,,41,11.1,29.6,1008.7,0,8,7
2025-03-15 11:00:00,3.8,83,,,43,11.1,29.6,1008.6,0,8,7
2025-03-15 12:00:00,4.1,83,,,43,11.1,25.9,1009.0,0,8,7
2025-03-15 13:00:00,4.6,80,,,46,11.1,27.8,1008.9,0,8,7
2025-03-15 14:00:00,4.6,81,,,45,11.1,27.8,1009.3,0,8,7
2025-03-15 15:00:00,4.7,80,,,43,11.1,25.9,1009.4,0,7,7
2025-03-15 16:00:00,4.4,82,,,45,11.1,25.9,1009.7,0,8,7
2025-03-15 17:00:00,4.2,83,,,46,9.3,25.9,1010.4,0,8,7
2025-03-15 18:00:00,3.9,83,,,49,9.3,25.9,1011.2,0,8,7
2025-03-15 19:00:00,3.7,84,,,47,9.3,24.1,1011.7,0,8,7
2025-03-15 20:00:00,3.3,87,,,44,9.3,22.2,1012.3,0,8,7
2025-03-15 21:00:00,3.1,87,,,43,7.4,20.4,1012.4,0,8,7
2025-03-15 22:00:00,3.0,86,,,37,7.4,18.5,1012.5,0,8,7
2025-03-15 23:00:00,2.8,86,,,34,7.4,18.5,1013.1,0,7,7
2025-03-16 00:00:00,2.5,87,,,36,7.4,18.5,1013.5,0,8,7
2025-03-16 01:00:00,2.4,88,,,34,7.4,16.7,1013.9,0,7,7
2025-03-16 02:00:00,2.4,86,,,34,7.4,16.7,1013.8,0,8,7
2025-03-16 03:00:00,1.9,89,,,33,7.4,16.7,1014.2,0,8,7
2025-03-16 04:00:00,1.8,89,,,33,7.4,16.7,1014.4,0,8,12
2025-03-16 05:00:00,1.9,87,,,32,7.4,18.5,1014.9,0,8,12
2025-03-16 06:00:00,1.6,89,,,32,7.4,16.7,1015.6,0,8,12
2025-03-16 07:00:00,2.0,87,,,34,7.4,16.7,1015.8,1,8,7
2025-03-16 08:00:00,2.1,87,,,28,7.4,16.7,1016.2,2,8,7
2025-03-16 09:00:00,2.4,84,,,27,7.4,16.7,1016.3,2,8,12
2025-03-16 10:00:00,2.7,82,,,27,7.4,18.5,1016.6,6,8,12
2025-03-16 11:00:00,3.2,79,,,20,7.4,18.5,1016.6,9,8,12
2025-03-16 12:00:00,3.6,77,,,17,7.4,18.5,1016.9,8,8,3
2025-03-16 13:00:00,3.9,75,,,10,7.4,18.5,1017.0,7,8,3
2025-03-16 14:00:00,4.1,75,,,7,7.4,16.7,1017.2,9,7,3
2025-03-16 15:00:00,4.0,73,,,7,7.4,16.7,1017.5,7,8,3
2025-03-16 16:00:00,3.8,74,,,13,7.4,14.8,1018.3,7,7,12
2025-03-16 17:00:00,3.2,77,,,20,5.5,14.8,1019.0,1,7,3
2025-03-16 18:00:00,2.6,81,,,28,5.5,13.0,1019.9,0,7,3
2025-03-16 19:00:00,2.3,85,,,34,5.5,11.1,1020.4,0,7,2
2025-03-16 20:00:00,1.9,87,,,32,5.5,11.1,1020.9,0,7,2
2025-03-16 21:00:00,1.7,89,,,25,5.5,11.1,1021.4,0,7,2
2025-03-16 22:00:00,1.6,90,,,23,5.5,9.3,1021.3,0,6,2
2025-03-16 23:00:00,1.4,90,,,21,5.5,11.1,1021.5,0,6,3
2025-03-17 00:00:00,1.2,91,,,25,5.5,9.3,1021.7,0,6,3
2025-03-17 01:00:00,1.0,91,,,25,5.5,11.1,1022.0,0,6,4
2025-03-17 02:00:00,0.8,91,,,31,5.5,11.1,1022.0,0,6,3
2025-03-17 03:00:00,0.6,92,,,32,5.5,9.3,1022.0,0,5,3
2025-03-17 04:00:00,0.7,90,,,37,5.5,9.3,1022.1,0,5,3
2025-03-17 05:00:00,0.5,92,,,37,3.7,9.3,1022.3,0,5,3
2025-03-17 06:00:00,0.8,90,,,39,5.5,11.1,1022.5,2,7,2
2025-03-17 07:00:00,1.4,87,,,42,5.5,13.0,1022.3,7,7,2
2025-03-17 08:00:00,2.0,85,,,41,5.5,14.8,1022.6,11,6,3
2025-03-17 09:00:00,2.9,81,,,43,7.4,16.7,1022.4,22,6,3
2025-03-17 10:00:00,4.1,74,,,39,9.3,18.5,1021.9,27,6,3
2025-03-17 11:00:00,4.5,72,,,40,9.3,22.2,1021.5,25,6,3
2025-03-17 12:00:00,5.3,67,,,45,11.1,24.1,1020.9,24,6,2
2025-03-17 13:00:00,6.0,62,,,46,9.3,24.1,1020.1,26,6,2
2025-03-17 14:00:00,6.7,58,,,48,9.3,25.9,1019.7,30,6,2
2025-03-17 15:00:00,6.9,56,,,50,9.3,25.9,1019.6,27,5,3
2025-03-17 16:00:00,6.6,57,,,47,9.3,24.1,1020.0,22,5,3
2025-03-17 17:00:00,6.3,57,,,50,9.3,22.2,1020.1,16,5,2
2025-03-17 18:00:00,5.6,59,,,48,7.4,20.4,1020.7,7,5,2
2025-03-17 19:00:00,4.6,63,,,47,7.4,18.5,1021.3,0,4,2
2025-03-17 20:00:00,4.0,66,,,46,7.4,20.4,1021.7,0,4,2
2025-03-17 21:00:00,3.6,67,,,44,7.4,18.5,1022.3,0,4,2
2025-03-17 22:00:00,3.1,69,,,44,7.4,16.7,1022.5,0,4,2
2025-03-17 23:00:00,2.5,72,,,43,7.4,16.7,1022.8,0,4,2
2025-03-18 00:00:00,1.9,74,,,44,9.3,20.4,1023.5,0,4,2
2025-03-18 01:00:00,1.6,76,,,46,9.3,18.5,1023.5,0,4,2
2025-03-18 02:00:00,1.4,77,,,48,9.3,18.5,1023.5,0,4,2
2025-03-18 03:00:00,0.8,80,,,44,7.4,18.5,1023.5,0,4,2
2025-03-18 04:00:00,0.5,80,,,38,7.4,16.7,1023.8,0,4,2
2025-03-18 05:00:00,0.3,82,,,39,7.4,16.7,1024.1,0,4,2
2025-03-18 06:00:00,0.8,78,,,43,7.4,16.7,1024.2,8,4,2
2025-03-18 07:00:00,1.4,76,,,45,7.4,18.5,1024.0,19,4,2
2025-03-18 08:00:00,2.0,73,,,44,7.4,18.5,1024.1,29,5,2
2025-03-18 09:00:00,3.5,66,,,50,9.3,22.2,1023.8,35,5,2
2025-03-18 10:00:00,5.3,59,,,46,9.3,22.2,1023.3,37,5,2
2025-03-18 11:00:00,6.5,54,,,46,9.3,22.2,1023.1,40,4,2
2025-03-18 12:00:00,7.3,50,,,46,11.1,24.1,1022.8,43,4,2
2025-03-18 13:00:00,8.5,45,,,50,9.3,24.1,1021.8,43,4,2
2025-03-18 14:00:00,8.9,43,,,46,9.3,25.9,1021.2,46,4,2
2025-03-18 15:00:00,8.9,42,,,46,9.3,24.1,1021.3,44,5,3
2025-03-18 16:00:00,8.8,43,,,44,9.3,24.1,1021.4,38,4,2
2025-03-18 17:00:00,8.0,46,,,50,9.3,22.2,1021.4,28,4,2
2025-03-18 18:00:00,6.7,51,,,48,9.3,22.2,1021.9,15,3,1
2025-03-18 19:00:00,6.2,53,,,48,7.4,20.4,1022.4,0,4,1
2025-03-18 20:00:00,5.5,55,,,48,7.4,20.4,1022.9,0,4,2
2025-03-18 21:00:00,4.7,58,,,47,7.4,18.5,1023.6,0,4,1
2025-03-18 22:00:00,3.9,61,,,43,7.4,16.7,1023.8,0,3,1
2025-03-18 23:00:00,3.1,64,,,43,7.4,16.7,1023.8,0,3,1
2025-03-19 00:00:00,2.6,66,,,40,7.4,16.7,1024.2,0,4,2
2025-03-19 01:00:00,2.2,67,,,40,7.4,16.7,1024.5,0,4,2
2025-03-19 02:00:00,1.5,70,,,43,7.4,16.7,1024.6,0,4,2
2025-03-19 03:00:00,1.0,72,,,41,7.4,16.7,1024.8,0,4,2
2025-03-19 04:00:00,0.6,74,,,49,5.5,14.8,1025.1,0,4,2
2025-03-19 05:00:00,0.2,76,,,47,5.5,14.8,1025.6,0,4,2
2025-03-19 06:00:00,0.6,74,,,44,5.5,13.0,1026.6,10,3,2
2025-03-19 07:00:00,1.2,69,,,49,5.5,13.0,1026.9,24,3,2
2025-03-19 08:00:00,2.9,63,,,45,5.5,13.0,1026.6,37,4,2
2025-03-19 09:00:00,4.8,58,,,44,7.4,14.8,1025.9,46,4,2
2025-03-19 10:00:00,6.7,51,,,42,7.4,16.7,1025.3,49,4,2
2025-03-19 11:00:00,8.4,45,,,43,7.4,18.5,1024.6,48,4,2
2025-03-19 12:00:00,9.6,42,,,39,9.3,18.5,1023.6,48,4,2
2025-03-19 13:00:00,10.5,38,,,41,9.3,20.4,1023.2,48,4,2
2025-03-19 14:00:00,10.9,37,,,48,9.3,20.4,1022.6,48,4,2
2025-03-19 15:00:00,11.1,37,,,42,9.3,20.4,1022.2,47,4,2
2025-03-19 16:00:00,10.7,38,,,51,9.3,18.5,1022.2,41,4,2
2025-03-19 17:00:00,9.9,40,,,56,7.4,18.5,1022.5,31,3,2
2025-03-19 18:00:00,8.1,47,,,59,7.4,16.7,1022.6,18,3,1
2025-03-19 19:00:00,7.7,49,,,55,7.4,14.8,1023.0,0,4,1
2025-03-19 20:00:00,6.9,51,,,56,7.4,13.0,1023.5,0,3,1
2025-03-19 21:00:00,6.2,54,,,60,7.4,13.0,1023.1,0,3,1
2025-03-19 22:00:00,5.6,56,,,62,7.4,13.0,1023.3,0,3,1
2025-03-19 23:00:00,4.9,59,,,51,7.4,13.0,1023.3,0,3,1
2025-03-20 00:00:00,4.3,62,,,54,5.5,13.0,1023.3,0,4,2
2025-03-20 01:00:00,3.7,64,,,55,5.5,11.1,1023.2,0,4,2
2025-03-20 02:00:00,3.4,65,,,42,5.5,11.1,1023.1,0,4,2
2025-03-20 03:00:00,3.1,66,,,45,3.7,11.1,1023.1,0,4,2
2025-03-20 04:00:00,3.0,67,,,41,3.7,11.1,1023.1,0,4,2
2025-03-20 05:00:00,2.9,70,,,44,3.7,11.1,1023.1,0,4,2
2025-03-20 06:00:00,3.3,69,,,42,3.7,11.1,1023.3,13,3,2
2025-03-20 07:00:00,4.1,63,,,53,5.5,11.1,1023.3,27,3,1
2025-03-20 08:00:00,5.4,61,,,55,5.5,11.1,1023.2,39,4,2
2025-03-20 09:00:00,6.7,55,,,50,5.5,13.0,1022.6,48,4,2
2025-03-20 10:00:00,8.3,50,,,43,7.4,16.7,1022.1,50,4,2
2025-03-20 11:00:00,9.9,46,,,33,7.4,18.5,1021.5,52,3,2
2025-03-20 12:00:00,10.7,44,,,49,7.4,20.4,1021.0,51,3,1
2025-03-20 13:00:00,11.2,40,,,51,7.4,20.4,1020.5,50,3,1
2025-03-20 14:00:00,11.0,40,,,40,9.3,22.2,1020.0,47,3,2
2025-03-20 15:00:00,11.2,40,,,39,7.4,22.2,1019.8,41,4,2
2025-03-20 16:00:00,10.7,39,,,43,7.4,20.4,1019.7,37,4,2
2025-03-20 17:00:00,10.2,40,,,35,7.4,18.5,1019.9,26,3,2
2025-03-20 18:00:00,8.9,47,,,46,7.4,18.5,1020.7,14,3,1
2025-03-20 19:00:00,8.4,47,,,51,7.4,13.0,1021.2,0,4,1
2025-03-20 20:00:00,7.8,50,,,63,5.5,13.0,1021.6,0,4,2
2025-03-20 21:00:00,7.3,54,,,61,5.5,13.0,1022.0,0,4,2
2025-03-20 22:00:00,6.8,56,,,63,5.5,14.8,1022.2,0,4,1
2025-03-20 23:00:00,6.3,58,,,59,5.5,14.8,1022.3,0,3,1
2025-03-21 00:00:00,5.9,60,,,56,5.5,13.0,1022.5,0,4,2
2025-03-21 01:00:00,5.0,64,,,54,5.5,13.0,1022.6,0,4,2
2025-03-21 02:00:00,4.4,68,,,55,5.5,13.0,1022.7,0,4,2
2025-03-21 03:00:00,4.1,70,,,45,5.5,11.1,1022.8,0,4,2
2025-03-21 04:00:00,4.1,70,,,50,5.5,13.0,1023.0,0,4,2
2025-03-21 05:00:00,3.8,72,,,45,5.5,13.0,1023.1,0,5,3
2025-03-21 06:00:00,4.0,71,,,51,5.5,13.0,1023.1,10,4,2
2025-03-21 07:00:00,4.6,70,,,44,5.5,13.0,1023.0,23,4,1
2025-03-21 08:00:00,5.3,67,,,47,5.5,14.8,1022.9,32,4,2
2025-03-21 09:00:00,6.5,62,,,49,7.4,16.7,1022.9,39,4,2
2025-03-21 10:00:00,7.6,58,,,43,7.4,18.5,1022.3,38,4,2
2025-03-21 11:00:00,9.1,52,,,12,9.3,20.4,1021.7,38,4,2
2025-03-21 12:00:00,9.9,49,,,40,9.3,22.2,1021.2,38,4,2
2025-03-21 13:00:00,10.7,46,,,6,9.3,22.2,1020.6,38,4,2
2025-03-21 14:00:00,11.0,44,0.0,,31,9.3,22.2,1020.2,38,4,2
2025-03-21 15:00:00,10.9,43,0.0,,27,9.3,22.2,1019.9,36,4,2
2025-03-21 16:00:00,16.3,40,0.0,,53,11.1,25.9,1010.2,21,6,3
2025-03-21 17:00:00,15.2,43,0.0,,72,9.3,22.2,1009.7,5,6,2
2025-03-21 18:00:00,14.0,47,0.0,,69,9.3,20.4,1009.5,0,6,2
2025-03-21 19:00:00,13.5,48,0.0,,67,9.3,20.4,1009.0,0,6,2
2025-03-21 20:00:00,12.8,49,0.0,,65,7.4,16.7,1008.8,0,6,2
2025-03-21 21:00:00,12.5,50,0.0,,63,5.5,18.5,1008.6,0,6,3
2025-03-21 22:00:00,11.3,57,0.0,,45,11.1,24.1,1007.5,0,6,4
2025-03-21 23:00:00,10.8,58,0.0,,42,7.4,20.4,1007.5,0,6,3
2025-03-22 00:00:00,10.4,59,0.0,,41,7.4,18.5,1007.5,0,7,3
2025-03-22 01:00:00,9.8,62,0.0,,28,5.5,16.7,1007.4,0,7,3
2025-03-22 02:00:00,9.5,62,0.0,,19,5.5,16.7,1007.4,0,7,3
2025-03-22 03:00:00,9.1,64,0.0,,20,5.5,16.7,1007.4,0,7,3
2025-03-22 04:00:00,11.9,50,0.0,,95,3.7,11.1,1006.7,0,6,3
2025-03-22 05:00:00,10.9,55,0.0,,122,3.7,13.0,1007.2,0,6,2
2025-03-22 06:00:00,10.9,57,0.0,,48,3.7,11.1,1007.8,0,6,2
2025-03-22 07:00:00,11.1,58,0.0,,43,3.7,11.1,1007.8,11,6,2
2025-03-22 08:00:00,12.3,55,0.0,,42,3.7,11.1,1007.5,20,5,2
2025-03-22 09:00:00,12.9,55,0.0,,43,5.5,14.8,1007.2,29,5,2
2025-03-22 10:00:00,16.2,46,0.0,,79,5.5,14.8,1005.9,47,4,2
2025-03-22 11:00:00,16.9,43,0.0,,82,7.4,16.7,1004.9,39,4,2
2025-03-22 12:00:00,17.1,41,0.0,,85,9.3,20.4,1004.2,41,4,2
2025-03-22 13:00:00,17.6,40,0.0,,84,9.3,24.1,1003.0,34,4,2
2025-03-22 14:00:00,18.0,37,0.0,,100,7.4,22.2,1002.2,35,5,2
2025-03-22 15:00:00,17.6,37,0.0,,98,9.3,22.2,1001.8,35,5,2
2025-03-22 16:00:00,17.9,28,0.0,,150,9.3,24.1,1000.9,34,4,2
2025-03-22 17:00:00,16.2,32,0.0,,134,9.3,22.2,1000.8,18,5,2
2025-03-22 18:00:00,14.3,37,0.0,,123,9.3,22.2,1000.9,7,5,2
2025-03-22 19:00:00,13.9,38,0.0,,108,9.3,22.2,1000.9,0,6,2
2025-03-22 20:00:00,13.2,42,0.0,,99,7.4,18.5,1001.1,0,6,2
2025-03-22 21:00:00,12.6,44,0.0,,82,5.5,18.5,1001.3,0,6,3
2025-03-22 22:00:00,13.0,36,0.0,,95,3.7,14.8,1000.4,0,6,2
2025-03-22 23:00:00,12.2,40,0.0,,91,5.5,14.8,1000.5,0,6,3
2025-03-23 00:00:00,11.4,44,0.0,,266,3.7,13.0,1000.7,0,6,3
2025-03-23 01:00:00,10.4,49,0.0,,257,3.7,14.8,1001.0,0,7,3
2025-03-23 02:00:00,9.8,54,0.0,,251,5.5,16.7,1001.6,0,7,3
2025-03-23 03:00:00,9.4,58,0.0,,256,7.4,18.5,1001.8,0,8,4
2025-03-23 04:00:00,8.9,79,0.0,,267,11.1,27.8,1002.5,0,7,4
2025-03-23 05:00:00,8.6,78,0.0,,263,9.3,24.1,1003.3,0,8,3
2025-03-23 06:00:00,8.3,79,0.3,,257,9.3,24.1,1004.2,0,8,3
2025-03-23 07:00:00,8.1,80,0.5,,254,9.3,22.2,1005.2,0,8,3
2025-03-23 08:00:00,8.2,79,0.3,,249,9.3,22.2,1006.2,0,8,7
2025-03-23 09:00:00,8.6,77,0.5,,252,7.4,20.4,1006.8,1,8,7
2025-03-23 10:00:00,8.5,87,0.7,,252,7.4,16.7,1008.0,0,7,7
2025-03-23 11:00:00,8.8,84,0.3,,255,7.4,16.7,1007.9,1,7,7
2025-03-23 12:00:00,9.5,78,0.0,,249,7.4,16.7,1007.8,2,7,7
2025-03-23 13:00:00,10.2,73,0.0,,253,7.4,18.5,1007.4,2,7,7
2025-03-23 14:00:00,11.0,67,0.0,,256,7.4,18.5,1007.1,7,7,3
2025-03-23 15:00:00,11.7,61,0.0,,252,7.4,16.7,1006.8,13,7,3
2025-03-23 16:00:00,12.7,56,0.0,,229,5.5,14.8,1006.4,26,6,2
2025-03-23 17:00:00,11.6,61,0.0,,232,5.5,13.0,1006.8,10,6,2
2025-03-23 18:00:00,10.5,66,0.0,,223,5.5,13.0,1007.7,0,7,2
2025-03-23 19:00:00,10.0,70,0.0,,77,3.7,11.1,1008.3,0,7,2
2025-03-23 20:00:00,9.7,73,0.0,,64,3.7,9.3,1008.8,0,7,3
2025-03-23 21:00:00,9.2,75,0.0,,57,3.7,9.3,1009.4,0,7,3
2025-03-23 22:00:00,8.7,77,0.0,,41,3.7,9.3,1010.0,0,7,3
2025-03-23 23:00:00,8.2,80,0.0,,45,3.7,9.3,1010.4,0,7,3
2025-03-24 00:00:00,8.0,82,0.0,,37,3.7,9.3,1010.7,0,6,3
2025-03-24 01:00:00,7.7,83,0.0,,19,1.8,7.4,1011.0,0,7,3
2025-03-24 02:00:00,7.2,85,0.0,,331,1.8,7.4,1011.1,0,7,4
2025-03-24 03:00:00,7.1,86,0.0,,27,1.8,7.4,1011.0,0,7,4
2025-03-24 04:00:00,7.2,87,0.0,,43,1.8,5.5,1011.4,0,7,4
2025-03-24 05:00:00,7.1,88,0.1,,57,1.8,5.5,1011.9,0,7,4
2025-03-24 06:00:00,7.3,86,0.0,,70,1.8,5.5,1012.1,0,8,3
2025-03-24 07:00:00,7.7,85,0.2,,133,1.8,5.5,1012.7,1,8,2
2025-03-24 08:00:00,8.4,81,0.1,,236,3.7,7.4,1013.0,5,7,2
2025-03-24 09:00:00,8.8,79,0.0,,336,3.7,9.3,1013.2,16,6,3
2025-03-24 10:00:00,10.1,78,0.0,,14,3.7,11.1,1013.6,7,8,7
2025-03-24 11:00:00,10.5,74,0.0,,24,5.5,13.0,1013.5,11,7,3
2025-03-24 12:00:00,10.9,71,0.0,,28,5.5,14.8,1013.4,11,7,2
2025-03-24 13:00:00,11.3,68,0.0,,29,5.5,16.7,1013.1,11,7,2
2025-03-24 14:00:00,11.8,64,0.0,,34,5.5,16.7,1013.0,15,6,3
2025-03-24 15:00:00,12.2,61,0.0,,38,5.5,16.7,1013.1,16,6,3
2025-03-24 16:00:00,12.7,58,0.4,,20,7.4,22.2,1013.3,3,6,2
2025-03-24 17:00:00,11.6,63,0.0,,32,5.5,18.5,1014.1,1,6,2
2025-03-24 18:00:00,10.3,70,0.0,,43,5.5,16.7,1015.1,0,6,2
2025-03-24 19:00:00,9.9,74,0.0,,42,3.7,13.0,1016.0,0,6,2
2025-03-24 20:00:00,9.6,77,0.0,,34,3.7,11.1,1016.8,0,6,2
2025-03-24 21:00:00,9.2,79,0.2,,31,1.8,9.3,1017.7,0,6,3
2025-03-24 22:00:00,9.8,74,0.0,,36,3.7,9.3,1017.5,0,5,4
2025-03-24 23:00:00,9.0,77,0.0,,16,3.7,7.4,1017.7,0,5,2
2025-03-25 00:00:00,8.3,81,0.0,,15,1.8,7.4,1018.0,0,4,2
2025-03-25 01:00:00,7.7,83,0.0,,25,1.8,7.4,1018.3,0,5,2
2025-03-25 02:00:00,7.4,85,0.0,,31,1.8,5.5,1018.4,0,5,3
2025-03-25 03:00:00,6.9,85,0.0,,58,1.8,5.5,1018.5,0,5,4
2025-03-25 04:00:00,7.3,87,0.0,,59,0.0,5.5,1018.5,0,5,2
2025-03-25 05:00:00,7.2,87,0.0,,182,1.8,5.5,1018.8,0,6,2
2025-03-25 06:00:00,7.4,87,0.0,,191,1.8,5.5,1019.3,0,6,2
2025-03-25 07:00:00,8.0,85,0.0,,196,1.8,5.5,1019.6,4,6,2
2025-03-25 08:00:00,8.9,82,0.0,,199,1.8,7.4,1019.8,11,6,2
2025-03-25 09:00:00,9.6,78,0.4,,143,3.7,9.3,1019.9,18,6,3
2025-03-25 10:00:00,9.1,84,0.0,,109,3.7,9.3,1020.1,10,6,2
2025-03-25 11:00:00,10.2,77,0.0,,62,5.5,11.1,1019.8,14,6,2
2025-03-25 12:00:00,10.9,72,0.1,,37,5.5,13.0,1019.4,15,6,2
2025-03-25 13:00:00,11.4,69,0.2,,11,5.5,16.7,1018.9,14,6,2
2025-03-25 14:00:00,11.5,67,0.6,,16,5.5,16.7,1018.6,16,6,2
2025-03-25 15:00:00,11.8,64,0.9,,13,5.5,16.7,1018.5,16,6,3
2025-03-25 16:00:00,9.9,78,0.5,,17,3.7,13.0,1019.1,0,6,18
2025-03-25 17:00:00,9.4,80,0.2,,56,5.5,13.0,1019.6,0,6,2
2025-03-25 18:00:00,8.8,84,0.0,,78,5.5,11.1,1020.2,0,6,2
2025-03-25 19:00:00,8.5,87,0.7,,104,3.7,7.4,1020.4,0,6,2
2025-03-25 20:00:00,8.2,89,0.5,,113,3.7,7.4,1020.8,0,6,2
2025-03-25 21:00:00,8.2,88,1.0,,132,3.7,7.4,1021.0,0,6,3
2025-03-25 22:00:00,8.2,91,0.2,,171,1.8,5.5,1020.7,0,7,4
2025-03-25 23:00:00,8.0,91,0.0,,184,1.8,3.7,1020.7,0,7,3
2025-03-26 00:00:00,7.8,91,0.0,,198,1.8,7.4,1020.7,0,6,3
2025-03-26 01:00:00,7.5,90,0.0,,195,1.8,5.5,1020.5,0,6,3
2025-03-26 02:00:00,7.5,90,0.0,,61,1.8,5.5,1020.4,0,7,4
2025-03-26 03:00:00,7.3,90,0.0,,79,1.8,5.5,1020.2,0,7,4
2025-03-26 04:00:00,7.3,95,0.2,,159,1.8,1.8,1020.0,0,7,4
2025-03-26 05:00:00,7.4,94,0.2,,168,1.8,3.7,1020.1,0,7,3
2025-03-26 06:00:00,7.5,94,0.0,,193,1.8,5.5,1020.2,0,7,7
2025-03-26 07:00:00,7.8,92,0.0,,200,1.8,5.5,1020.4,0,7,7
2025-03-26 08:00:00,8.2,90,0.0,,185,1.8,7.4,1020.5,1,8,7
2025-03-26 09:00:00,8.5,87,0.0,,43,3.7,9.3,1020.6,3,7,7
2025-03-26 10:00:00,9.4,79,0.0,,54,5.5,11.1,1020.4,5,8,7
2025-03-26 11:00:00,9.8,76,0.0,,51,5.5,13.0,1020.1,5,8,7
2025-03-26 12:00:00,9.7,76,0.0,,47,5.5,14.8,1019.9,2,8,7
2025-03-26 13:00:00,9.7,76,0.0,,47,5.5,14.8,1019.6,0,8,7
2025-03-26 14:00:00,9.7,74,0.0,,48,5.5,14.8,1019.6,0,8,7
2025-03-26 15:00:00,9.5,74,0.1,,46,5.5,14.8,1019.5,1,8,7
2025-03-26 16:00:00,9.0,77,0.2,,48,5.5,13.0,1019.8,0,7,7
2025-03-26 17:00:00,8.7,78,0.2,,46,5.5,14.8,1020.0,0,8,7
2025-03-26 18:00:00,8.3,79,0.3,,40,5.5,13.0,1020.4,0,8,7
2025-03-26 19:00:00,7.9,83,0.2,,44,5.5,14.8,1020.7,0,7,7
2025-03-26 20:00:00,7.9,83,0.1,,44,5.5,14.8,1021.0,0,6,7
2025-03-26 21:00:00,7.5,84,0.2,,41,5.5,14.8,1021.3,0,6,7
2025-03-26 22:00:00,6.7,97,0.0,,46,5.5,11.1,1021.0,0,8,7
2025-03-26 23:00:00,6.5,95,0.0,,47,7.4,14.8,1020.8,0,8,7
2025-03-27 00:00:00,6.6,91,0.0,,44,9.3,20.4,1020.7,0,7,4
2025-03-27 01:00:00,6.3,90,0.0,,42,9.3,20.4,1020.1,0,7,4
2025-03-27 02:00:00,6.1,88,0.0,,40,9.3,22.2,1019.9,0,7,4
2025-03-27 03:00:00,6.0,88,0.0,,42,9.3,22.2,1019.7,0,7,4
2025-03-27 04:00:00,6.2,91,0.0,,42,11.1,24.1,1019.5,0,7,4
2025-03-27 05:00:00,6.0,90,0.0,,41,11.1,27.8,1019.5,0,7,3
2025-03-27 06:00:00,6.1,88,0.0,,44,13.0,27.8,1019.6,0,7,2
2025-03-27 07:00:00,6.4,84,0.0,,45,13.0,29.6,1019.6,0,7,2
2025-03-27 08:00:00,6.9,81,0.0,,45,13.0,31.5,1019.3,0,7,3
2025-03-27 09:00:00,7.5,77,0.0,,49,14.8,33.3,1019.2,3,6,3
2025-03-27 10:00:00,7.6,76,0.0,,45,14.8,35.2,1019.2,2,7,4
2025-03-27 11:00:00,8.5,69,0.0,,49,14.8,35.2,1018.6,5,7,3
2025-03-27 12:00:00,9.3,66,0.0,,50,14.8,35.2,1018.0,9,7,2
2025-03-27 13:00:00,10.0,63,0.0,,53,13.0,35.2,1017.2,9,7,2
2025-03-27 14:00:00,10.3,60,0.0,,53,13.0,33.3,1016.8,13,6,2
2025-03-27 15:00:00,10.5,58,0.0,,53,13.0,31.5,1016.6,19,5,3
2025-03-27 16:00:00,9.3,63,0.0,,55,9.3,27.8,1016.9,7,5,2
2025-03-27 17:00:00,8.8,64,0.0,,56,9.3,25.9,1016.8,6,5,2
2025-03-27 18:00:00,7.9,68,0.0,,58,9.3,22.2,1017.2,4,4,2
2025-03-27 19:00:00,7.5,69,0.0,,59,7.4,22.2,1017.1,0,4,2
2025-03-27 20:00:00,7.0,71,0.0,,57,7.4,22.2,1017.1,0,4,2
2025-03-27 21:00:00,6.6,73,0.0,,52,7.4,20.4,1017.1,0,4,2
2025-03-27 22:00:00,5.3,80,0.0,,52,5.5,13.0,1017.1,0,5,2
2025-03-27 23:00:00,4.9,81,0.0,,46,5.5,13.0,1016.8,0,4,2
2025-03-28 00:00:00,4.4,83,0.0,,42,5.5,11.1,1016.7,0,4,2
2025-03-28 01:00:00,3.9,84,0.0,,43,5.5,13.0,1016.0,0,4,2
2025-03-28 02:00:00,3.7,84,0.0,,43,3.7,11.1,1015.6,0,4,2
2025-03-28 03:00:00,3.5,85,0.0,,41,3.7,7.4,1015.3,0,4,2
2025-03-28 04:00:00,4.7,88,0.0,,42,5.5,11.1,1014.7,0,4,2
2025-03-28 05:00:00,4.6,87,0.0,,44,3.7,11.1,1014.7,0,4,2
2025-03-28 06:00:00,4.6,87,0.0,,54,3.7,9.3,1015.0,3,4,2
2025-03-28 07:00:00,5.0,84,0.0,,49,3.7,7.4,1014.8,10,5,2
2025-03-28 08:00:00,5.8,80,0.0,,29,3.7,7.4,1014.4,15,5,2
2025-03-28 09:00:00,6.2,78,0.0,,229,3.7,9.3,1014.2,16,5,2
2025-03-28 10:00:00,7.8,73,0.0,,172,3.7,9.3,1013.2,6,6,2
2025-03-28 11:00:00,8.6,69,0.0,,241,5.5,11.1,1012.6,11,6,2
2025-03-28 12:00:00,9.4,65,0.0,,257,5.5,13.0,1011.9,14,6,2
2025-03-28 13:00:00,10.2,61,0.0,,274,5.5,13.0,1011.2,12,6,2
2025-03-28 14:00:00,10.7,57,0.0,,275,5.5,14.8,1010.6,17,6,2
2025-03-28 15:00:00,11.3,53,0.0,,258,5.5,13.0,1010.1,20,6,3
2025-03-28 16:00:00,10.2,60,0.0,,174,5.5,13.0,1009.7,9,6,3
2025-03-28 17:00:00,9.8,62,0.0,,186,5.5,11.1,1009.7,7,6,2
2025-03-28 18:00:00,9.2,65,0.0,,184,3.7,9.3,1010.0,3,6,2
2025-03-28 19:00:00,8.8,68,0.0,,183,3.7,7.4,1010.2,0,6,2
2025-03-28 20:00:00,8.5,71,0.0,,202,3.7,7.4,1010.5,0,6,2
2025-03-28 21:00:00,8.5,72,0.0,,209,3.7,9.3,1010.7,0,7,3
2025-03-28 22:00:00,8.6,71,0.0,,207,3.7,7.4,1010.7,0,7,3
2025-03-28 23:00:00,8.3,73,0.2,,211,3.7,7.4,1010.8,0,7,3
2025-03-29 00:00:00,8.4,74,0.2,,220,3.7,9.3,1010.7,0,7,4
2025-03-29 01:00:00,8.1,75,0.2,,231,3.7,9.3,1010.6,0,7,4
2025-03-29 02:00:00,7.8,77,0.3,,231,3.7,9.3,1010.5,0,8,7
2025-03-29 03:00:00,7.6,79,0.6,,238,3.7,9.3,1010.6,0,8,7
2025-03-29 04:00:00,7.4,81,0.8,,239,3.7,9.3,1010.8,0,8,7
2025-03-29 05:00:00,7.2,82,0.7,,247,3.7,7.4,1011.6,0,8,7
2025-03-29 06:00:00,7.1,84,1.0,,253,3.7,9.3,1012.1,0,8,7
2025-03-29 07:00:00,6.9,85,0.7,,256,5.5,11.1,1013.0,0,8,7
2025-03-29 08:00:00,6.7,86,0.6,,260,5.5,11.1,1013.6,0,8,8
2025-03-29 09:00:00,6.9,86,0.4,,271,5.5,13.0,1014.5,0,8,8
2025-03-29 10:00:00,7.1,93,0.3,,329,5.5,13.0,1014.9,0,8,8
2025-03-29 11:00:00,7.4,90,0.5,,346,5.5,13.0,1015.4,0,8,7
2025-03-29 12:00:00,7.8,88,0.4,,9,5.5,13.0,1015.9,0,8,7
2025-03-29 13:00:00,7.8,87,0.2,,28,5.5,14.8,1016.2,0,8,7
2025-03-29 14:00:00,8.0,83,0.1,,46,5.5,14.8,1016.5,0,8,7
2025-03-29 15:00:00,8.3,79,0.9,,45,5.5,13.0,1016.7,0,7,7
2025-03-29 16:00:00,8.7,81,0.4,,63,3.7,11.1,1017.0,0,8,7
2025-03-29 17:00:00,8.4,82,0.1,,57,3.7,11.1,1017.8,0,8,7
2025-03-29 18:00:00,7.8,85,0.3,,57,3.7,11.1,1018.8,0,8,7
2025-03-29 19:00:00,7.5,87,0.3,,33,1.8,7.4,1019.4,0,8,7
2025-03-29 20:00:00,7.2,90,0.3,,32,1.8,5.5,1020.2,0,7,7
2025-03-29 21:00:00,7.0,90,0.3,,14,1.8,5.5,1020.8,0,7,7
2025-03-29 22:00:00,7.1,88,0.0,,40,1.8,5.5,1020.8,0,7,4
2025-03-29 23:00:00,6.8,89,0.0,,23,1.8,5.5,1020.9,0,7,4
2025-03-30 00:00:00,6.6,88,0.0,,359,1.8,5.5,1020.9,0,6,3
2025-03-30 01:00:00,6.2,88,0.0,,37,1.8,5.5,1020.8,0,6,3
2025-03-30 02:00:00,5.9,87,0.0,,15,1.8,5.5,1021.2,0,6,4
2025-03-30 03:00:00,5.7,86,0.0,,341,1.8,3.7,1021.2,0,6,4
2025-03-30 04:00:00,6.1,90,0.0,,298,1.8,3.7,1021.2,0,5,2
2025-03-30 05:00:00,6.0,88,0.0,,276,1.8,3.7,1021.6,0,5,2
2025-03-30 06:00:00,6.3,85,0.0,,238,3.7,5.5,1022.0,4,4,2
2025-03-30 07:00:00,7.0,81,0.0,,245,3.7,7.4,1022.0,15,4,2
2025-03-30 08:00:00,7.9,75,0.0,,242,5.5,11.1,1021.8,23,4,2
2025-03-30 09:00:00,8.9,68,0.0,,236,7.4,16.7,1021.6,27,4,2
2025-03-30 10:00:00,10.1,63,0.0,,228,11.1,20.4,1020.7,42,5,2
2025-03-30 11:00:00,10.8,58,0.0,,234,11.1,24.1,1020.2,41,6,2
2025-03-30 12:00:00,11.3,54,0.0,,240,14.8,29.6,1019.4,35,6,2
2025-03-30 13:00:00,11.9,50,0.0,,245,16.7,35.2,1019.0,30,6,2
2025-03-30 14:00:00,12.1,47,0.0,,248,16.7,38.9,1018.7,24,6,2
2025-03-30 15:00:00,12.3,44,0.0,,252,18.5,38.9,1018.5,23,6,3
2025-03-30 16:00:00,12.4,46,0.0,,248,18.5,40.8,1018.1,4,6,3
2025-03-30 17:00:00,11.4,49,0.0,,252,16.7,38.9,1018.5,6,6,2
2025-03-30 18:00:00,10.7,55,0.0,,253,14.8,35.2,1019.4,0,6,2
2025-03-30 19:00:00,10.3,57,0.0,,253,14.8,31.5,1019.7,0,6,2
2025-03-30 20:00:00,9.9,61,0.6,,257,13.0,29.6,1020.2,0,6,2
2025-03-30 21:00:00,9.5,63,0.6,,260,11.1,27.8,1020.7,0,6,3
2025-03-30 22:00:00,8.8,70,0.0,,274,9.3,27.8,1021.4,0,5,4
2025-03-30 23:00:00,8.1,72,0.0,,272,9.3,24.1,1021.5,0,5,2
2025-03-31 00:00:00,7.8,73,0.1,,271,9.3,20.4,1021.6,0,5,3
2025-03-31 01:00:00,7.3,74,1.3,,281,5.5,16.7,1021.4,0,5,3
2025-03-31 02:00:00,7.1,75,0.0,,288,5.5,14.8,1021.7,0,5,3
2025-03-31 03:00:00,6.6,75,0.0,,286,5.5,13.0,1021.7,0,6,3
2025-03-31 04:00:00,6.4,78,0.0,,305,5.5,20.4,1021.9,0,5,2
2025-03-31 05:00:00,6.3,76,0.0,,308,5.5,16.7,1022.5,0,6,2
2025-03-31 06:00:00,6.4,74,0.0,,298,5.5,14.8,1023.2,5,6,2
2025-03-31 07:00:00,6.6,71,0.0,,297,7.4,16.7,1023.7,9,6,2
2025-03-31 08:00:00,7.2,66,0.2,,299,5.5,16.7,1024.0,14,6,2
2025-03-31 09:00:00,7.5,64,0.0,,308,5.5,16.7,1024.3,15,6,3
2025-03-31 10:00:00,8.0,59,0.1,,313,7.4,18.5,1024.1,14,6,3
2025-03-31 11:00:00,8.9,53,0.0,,322,5.5,16.7,1023.8,17,6,2
2025-03-31 12:00:00,9.0,53,0.1,,339,7.4,18.5,1023.4,21,6,2
2025-03-31 13:00:00,9.6,49,0.0,,352,5.5,18.5,1023.0,16,6,2
2025-03-31 14:00:00,10.0,46,0.0,,2,5.5,18.5,1022.9,18,6,3
2025-03-31 15:00:00,10.2,45,0.0,,17,5.5,18.5,1023.1,20,6,3
2025-03-31 16:00:00,9.4,48,0.0,,27,5.5,18.5,1023.5,20,6,3
2025-03-31 17:00:00,9.0,50,0.0,,35,7.4,16.7,1024.1,13,6,2
2025-03-31 18:00:00,8.1,55,0.0,,44,5.5,14.8,1024.8,3,6,2
2025-03-31 19:00:00,7.3,58,0.0,,42,5.5,16.7,1025.3,0,6,2
2025-03-31 20:00:00,7.0,61,0.0,,55,5.5,14.8,1025.6,0,5,2
2025-03-31 21:00:00,6.3,64,0.0,,50,5.5,14.8,1026.0,0,4,2
2025-03-31 22:00:00,5.3,63,0.0,,61,9.3,22.2,1025.8,0,3,2
2025-03-31 23:00:00,4.8,66,0.0,,59,9.3,24.1,1025.4,0,3,2
2025-04-01 00:00:00,4.5,68,0.0,,57,11.1,25.9,1025.0,0,3,2
2025-04-01 01:00:00,4.0,70,0.0,,53,11.1,27.8,1024.3,0,4,2
2025-04-01 02:00:00,3.9,70,0.0,,48,11.1,27.8,1024.0,0,3,2
2025-04-01 03:00:00,3.6,72,0.0,,47,13.0,29.6,1023.4,0,3,2
2025-04-01 04:00:00,3.5,70,0.0,,51,11.1,24.1,1022.5,0,3,2
2025-04-01 05:00:00,3.4,71,0.0,,50,11.1,25.9,1022.4,0,3,2
2025-04-01 06:00:00,3.8,71,0.0,,49,14.8,33.3,1022.4,9,4,2
2025-04-01 07:00:00,4.5,69,0.0,,47,14.8,38.9,1021.7,15,4,2
2025-04-01 08:00:00,5.3,66,0.0,,52,18.5,42.6,1021.2,19,4,2
2025-04-01 09:00:00,6.4,61,0.0,,56,20.4,48.2,1020.7,24,4,2
2025-04-01 10:00:00,6.8,60,0.0,,53,22.2,50.0,1020.2,10,3,4
2025-04-01 11:00:00,8.1,52,0.0,,56,22.2,55.5,1019.0,15,4,1
2025-04-01 12:00:00,8.6,51,0.0,,58,24.1,61.1,1018.2,26,4,1
2025-04-01 13:00:00,9.2,49,0.0,,57,24.1,61.1,1016.9,26,4,2
2025-04-01 14:00:00,9.6,46,0.0,,61,20.4,57.4,1016.5,25,3,2
2025-04-01 15:00:00,9.3,47,0.0,,62,20.4,57.4,1016.5,26,3,2
2025-04-01 16:00:00,9.2,49,0.0,,63,24.1,61.1,1016.2,43,3,2
2025-04-01 17:00:00,8.0,53,0.0,,65,20.4,55.5,1016.6,21,3,2
2025-04-01 18:00:00,7.0,58,0.0,,66,16.7,44.5,1016.9,11,3,2
2025-04-01 19:00:00,6.8,58,0.0,,62,14.8,40.8,1017.1,0,4,2
2025-04-01 20:00:00,6.4,60,0.0,,62,13.0,38.9,1017.2,0,4,2
2025-04-01 21:00:00,6.1,61,0.0,,59,13.0,35.2,1017.3,0,4,2
2025-04-01 22:00:00,5.6,68,0.0,,56,14.8,40.8,1017.1,0,3,4
2025-04-01 23:00:00,5.1,70,0.0,,55,13.0,35.2,1017.2,0,2,1
2025-04-02 00:00:00,4.9,70,0.0,,53,13.0,33.3,1017.3,0,2,1
2025-04-02 01:00:00,4.5,72,0.0,,51,13.0,29.6,1017.1,0,4,2
2025-04-02 02:00:00,4.2,74,0.0,,49,11.1,29.6,1017.1,0,4,2
2025-04-02 03:00:00,3.9,75,0.0,,49,11.1,25.9,1017.1,0,4,2
2025-04-02 04:00:00,4.2,81,0.0,,50,11.1,25.9,1016.4,0,3,1
2025-04-02 05:00:00,4.0,82,0.0,,49,11.1,25.9,1016.6,0,4,2
2025-04-02 06:00:00,4.6,79,0.0,,47,11.1,25.9,1016.9,7,4,2
2025-04-02 07:00:00,5.5,75,0.0,,45,11.1,25.9,1017.0,16,4,2
2025-04-02 08:00:00,6.8,70,0.0,,50,13.0,27.8,1016.9,26,4,2
2025-04-02 09:00:00,7.9,66,0.0,,46,13.0,29.6,1016.8,32,4,2
2025-04-02 10:00:00,10.2,58,0.0,,49,18.5,40.8,1016.1,53,2,2
2025-04-02 11:00:00,11.7,53,0.0,,53,16.7,38.9,1015.1,48,2,1
2025-04-02 12:00:00,12.7,51,0.0,,53,16.7,37.0,1014.3,47,2,1
2025-04-02 13:00:00,13.7,48,0.0,,52,16.7,37.0,1013.6,43,2,1
2025-04-02 14:00:00,14.6,44,0.0,,53,14.8,37.0,1013.2,44,2,1
2025-04-02 15:00:00,14.6,44,0.0,,54,14.8,38.9,1013.3,46,2,1
2025-04-02 16:00:00,16.1,41,0.0,,57,14.8,38.9,1012.5,47,2,2
2025-04-02 17:00:00,14.7,44,0.0,,56,14.8,37.0,1013.2,35,2,2
2025-04-02 18:00:00,12.5,50,0.0,,54,13.0,31.5,1014.0,20,1,1
2025-04-02 19:00:00,12.3,51,0.0,,50,13.0,31.5,1015.1,0,2,1
2025-04-02 20:00:00,11.4,54,0.0,,50,11.1,29.6,1016.0,0,2,1
2025-04-02 21:00:00,10.7,56,0.0,,47,11.1,29.6,1016.9,0,2,1
2025-04-02 22:00:00,9.1,67,0.0,,41,13.0,29.6,1017.4,0,1,1
2025-04-02 23:00:00,8.4,68,0.0,,41,11.1,24.1,1018.0,0,1,1
2025-04-03 00:00:00,7.8,70,0.0,,39,11.1,24.1,1018.5,0,1,1
2025-04-03 01:00:00,7.1,72,0.0,,38,9.3,20.4,1019.1,0,2,1
2025-04-03 02:00:00,6.6,74,0.0,,37,9.3,20.4,1019.5,0,2,1
2025-04-03 03:00:00,6.0,76,0.0,,38,9.3,18.5,1019.9,0,2,1
2025-04-03 04:00:00,6.0,75,0.0,,38,7.4,16.7,1020.5,0,2,1
2025-04-03 05:00:00,5.8,76,0.0,,37,5.5,14.8,1021.1,0,2,1
2025-04-03 06:00:00,6.3,76,0.0,,42,5.5,13.0,1021.6,15,4,1
2025-04-03 07:00:00,7.4,72,0.0,,46,5.5,13.0,1022.0,31,4,1
2025-04-03 08:00:00,9.0,66,0.0,,48,5.5,13.0,1022.1,41,4,1
2025-04-03 09:00:00,10.3,62,0.0,,42,7.4,14.8,1022.0,47,3,1
2025-04-03 10:00:00,11.8,58,0.0,,29,7.4,18.5,1021.9,55,2,1
2025-04-03 11:00:00,13.5,52,0.0,,33,7.4,18.5,1021.1,52,2,1
2025-04-03 12:00:00,14.8,48,0.0,,37,9.3,22.2,1020.1,51,2,1
2025-04-03 13:00:00,16.2,43,0.0,,43,11.1,24.1,1019.2,46,2,1
2025-04-03 14:00:00,17.1,38,0.0,,41,11.1,24.1,1018.7,47,2,1
2025-04-03 15:00:00,17.5,36,0.0,,43,9.3,24.1,1018.4,50,2,1
2025-04-03 16:00:00,18.7,30,0.0,,44,9.3,24.1,1017.9,49,2,2
2025-04-03 17:00:00,17.2,34,0.0,,50,7.4,22.2,1018.3,42,1,1
2025-04-03 18:00:00,15.5,41,0.0,,54,7.4,18.5,1019.3,25,0,1
2025-04-03 19:00:00,14.5,44,0.0,,55,7.4,16.7,1019.9,0,1,1
2025-04-03 20:00:00,13.2,49,0.0,,57,7.4,14.8,1020.4,0,1,1
2025-04-03 21:00:00,12.4,52,0.0,,58,7.4,14.8,1021.0,0,1,1
2025-04-03 22:00:00,10.7,62,0.0,,41,7.4,14.8,1020.8,0,0,1
2025-04-03 23:00:00,9.9,66,0.0,,34,5.5,11.1,1020.9,0,0,1
2025-04-04 00:00:00,9.2,68,0.0,,35,5.5,11.1,1021.0,0,0,1
2025-04-04 01:00:00,8.5,71,0.0,,38,5.5,11.1,1020.9,0,1,1
2025-04-04 02:00:00,8.1,72,0.0,,38,5.5,11.1,1021.0,0,1,1
2025-04-04 03:00:00,7.5,74,0.0,,43,5.5,11.1,1020.8,0,1,1
2025-04-04 04:00:00,6.6,78,0.0,,45,5.5,11.1,1020.7,0,1,1
2025-04-04 05:00:00,6.7,78,0.0,,43,5.5,13.0,1020.8,0,2,1
2025-04-04 06:00:00,7.6,75,0.0,,45,5.5,13.0,1020.7,19,2,1
2025-04-04 07:00:00,8.8,70,0.0,,47,5.5,13.0,1020.3,34,2,1
2025-04-04 08:00:00,10.7,63,0.0,,45,5.5,13.0,1019.6,42,2,1
2025-04-04 09:00:00,12.1,59,0.0,,39,7.4,14.8,1019.1,48,2,1
2025-04-04 10:00:00,14.9,52,0.0,,34,9.3,22.2,1017.7,58,1,1
2025-04-04 11:00:00,16.3,47,0.0,,35,9.3,22.2,1016.8,56,1,1
2025-04-04 12:00:00,17.3,44,0.0,,35,9.3,24.1,1015.9,57,1,1
2025-04-04 13:00:00,18.5,40,0.0,,42,9.3,24.1,1014.9,50,1,1
2025-04-04 14:00:00,19.5,36,0.0,,39,9.3,24.1,1014.2,52,1,1
2025-04-04 15:00:00,19.7,34,0.0,,42,9.3,22.2,1013.7,53,1,1
2025-04-04 16:00:00,19.7,32,0.0,,39,9.3,22.2,1012.8,50,1,1
2025-04-04 17:00:00,18.3,35,0.0,,46,7.4,20.4,1012.9,42,0,1
2025-04-04 18:00:00,16.6,41,0.0,,49,7.4,16.7,1013.4,24,0,1
2025-04-04 19:00:00,15.5,43,0.0,,51,7.4,16.7,1013.6,0,1,1
2025-04-04 20:00:00,14.2,48,0.0,,53,7.4,14.8,1014.1,0,1,1
2025-04-04 21:00:00,13.4,50,0.0,,54,7.4,16.7,1014.3,0,1,1
2025-04-04 22:00:00,12.7,52,0.0,,51,7.4,16.7,1014.0,0,1,1
2025-04-04 23:00:00,11.6,55,0.0,,45,7.4,14.8,1014.2,0,0,1
2025-04-05 00:00:00,10.8,58,0.0,,42,5.5,13.0,1014.5,0,0,1
2025-04-05 01:00:00,9.9,61,0.0,,40,5.5,11.1,1014.8,0,1,1
2025-04-05 02:00:00,9.2,63,0.0,,39,3.7,9.3,1014.7,0,1,1
2025-04-05 03:00:00,8.4,67,0.0,,42,3.7,9.3,1014.8,0,1,1
2025-04-05 04:00:00,7.4,68,0.0,,35,5.5,13.0,1015.1,0,1,1
2025-04-05 05:00:00,7.5,68,0.0,,34,3.7,11.1,1015.0,6,1,1
2025-04-05 06:00:00,8.5,65,0.0,,15,3.7,9.3,1015.1,21,1,1
2025-04-05 07:00:00,9.7,60,0.0,,358,3.7,7.4,1015.1,34,1,1
2025-04-05 08:00:00,11.9,53,0.0,,348,3.7,7.4,1014.8,44,1,1
2025-04-05 09:00:00,13.2,50,0.0,,334,3.7,11.1,1014.9,49,1,1
2025-04-05 10:00:00,16.0,42,0.0,,36,5.5,14.8,1014.1,57,1,1
2025-04-05 11:00:00,17.2,39,0.0,,29,5.5,16.7,1013.4,54,1,1
2025-04-05 12:00:00,18.0,36,0.0,,16,5.5,18.5,1012.6,51,1,1
2025-04-05 13:00:00,19.0,33,0.0,,15,7.4,18.5,1011.7,44,1,1
2025-04-05 14:00:00,19.9,29,0.0,,15,5.5,18.5,1011.1,47,2,1
2025-04-05 15:00:00,20.1,28,0.0,,19,5.5,18.5,1010.7,48,2,1
2025-04-05 16:00:00,19.3,29,0.0,,13,5.5,18.5,1010.6,43,3,1
2025-04-05 17:00:00,18.2,32,0.0,,30,5.5,16.7,1010.8,31,3,1
2025-04-05 18:00:00,16.6,37,0.0,,39,5.5,13.0,1011.3,16,3,1
2025-04-05 19:00:00,15.4,40,0.0,,51,5.5,11.1,1011.9,0,4,2
2025-04-05 20:00:00,14.6,44,0.0,,50,5.5,11.1,1012.3,0,5,2
2025-04-05 21:00:00,13.6,47,0.0,,49,7.4,16.7,1012.6,0,4,2
2025-04-05 22:00:00,13.1,48,0.0,,48,9.3,18.5,1012.9,0,3,2
2025-04-05 23:00:00,11.9,51,0.0,,48,11.1,24.1,1013.5,0,2,1
2025-04-06 00:00:00,10.8,55,0.0,,42,13.0,31.5,1014.4,0,2,1
2025-04-06 01:00:00,9.7,56,0.0,,44,13.0,33.3,1015.2,0,3,1
2025-04-06 02:00:00,8.8,58,0.0,,44,14.8,33.3,1015.8,0,3,1
2025-04-06 03:00:00,7.7,57,0.0,,42,14.8,35.2,1016.4,0,3,1
2025-04-06 04:00:00,6.5,55,0.0,,42,18.5,42.6,1016.9,0,1,1
2025-04-06 05:00:00,6.1,56,0.0,,43,14.8,40.8,1017.6,4,2,1
2025-04-06 06:00:00,6.2,56,0.0,,44,16.7,38.9,1018.1,17,2,1
2025-04-06 07:00:00,6.5,53,0.0,,43,14.8,37.0,1018.6,28,2,1
2025-04-06 08:00:00,7.5,50,0.0,,46,16.7,38.9,1018.8,34,2,1
2025-04-06 09:00:00,8.1,48,0.0,,46,16.7,40.8,1019.0,39,2,1
2025-04-06 10:00:00,8.4,48,0.0,,45,16.7,44.5,1019.3,54,2,1
2025-04-06 11:00:00,9.6,43,0.0,,48,16.7,42.6,1018.8,50,2,1
2025-04-06 12:00:00,9.8,41,0.0,,49,16.7,42.6,1018.5,51,2,1
2025-04-06 13:00:00,10.6,38,0.0,,51,16.7,44.5,1018.0,43,2,1
2025-04-06 14:00:00,11.3,34,0.0,,50,16.7,42.6,1017.8,43,2,1
2025-04-06 15:00:00,11.3,33,0.0,,52,16.7,42.6,1017.7,48,1,1
2025-04-06 16:00:00,11.1,29,0.0,,48,16.7,37.0,1017.5,50,1,1
2025-04-06 17:00:00,9.7,33,0.0,,50,14.8,37.0,1018.2,41,1,1
2025-04-06 18:00:00,8.3,37,0.0,,52,13.0,33.3,1019.3,28,1,1
2025-04-06 19:00:00,7.5,37,0.0,,50,11.1,33.3,1020.0,0,2,1
2025-04-06 20:00:00,6.7,38,0.0,,49,11.1,31.5,1020.6,0,1,1
2025-04-06 21:00:00,5.9,41,0.0,,49,11.1,29.6,1021.4,0,1,1
2025-04-06 22:00:00,4.1,43,0.0,,47,11.1,25.9,1021.7,0,1,1
2025-04-06 23:00:00,3.6,46,0.0,,45,9.3,24.1,1021.6,0,0,1
2025-04-07 00:00:00,3.0,49,0.0,,43,9.3,22.2,1021.8,0,0,1
2025-04-07 01:00:00,2.3,53,0.0,,42,9.3,22.2,1021.9,0,1,1
2025-04-07 02:00:00,1.8,54,0.0,,42,9.3,22.2,1022.2,0,1,1
2025-04-07 03:00:00,1.3,57,0.0,,40,9.3,22.2,1022.1,0,1,1
2025-04-07 04:00:00,1.2,50,0.0,,34,11.1,20.4,1021.9,0,1,1
2025-04-07 05:00:00,1.0,52,0.0,,37,9.3,22.2,1022.4,5,1,1
2025-04-07 06:00:00,1.7,52,0.0,,38,11.1,24.1,1022.8,18,1,1
2025-04-07 07:00:00,2.6,49,0.0,,38,11.1,24.1,1023.1,33,1,1
2025-04-07 08:00:00,4.2,45,0.0,,39,11.1,24.1,1023.2,42,1,1
2025-04-07 09:00:00,5.1,44,0.0,,37,11.1,25.9,1023.3,50,1,1
2025-04-07 10:00:00,7.9,39,0.0,,32,11.1,27.8,1022.1,57,1,1
2025-04-07 11:00:00,9.0,37,0.0,,33,11.1,29.6,1021.8,54,1,1
2025-04-07 12:00:00,9.6,36,0.0,,38,11.1,29.6,1021.4,51,1,1
2025-04-07 13:00:00,10.7,33,0.0,,40,11.1,29.6,1020.9,43,1,1
2025-04-07 14:00:00,11.7,30,0.0,,43,11.1,27.8,1020.6,45,1,1
2025-04-07 15:00:00,11.7,30,0.0,,44,11.1,27.8,1020.6,49,1,1
2025-04-07 16:00:00,12.7,26,0.0,,47,9.3,25.9,1020.3,50,1,1
2025-04-07 17:00:00,11.3,30,0.0,,46,9.3,24.1,1021.0,44,1,1
2025-04-07 18:00:00,9.5,35,0.0,,51,9.3,22.2,1021.9,28,1,1
2025-04-07 19:00:00,8.8,37,0.0,,52,9.3,22.2,1022.9,0,1,1
2025-04-07 20:00:00,7.7,41,0.0,,52,9.3,22.2,1023.8,0,1,1
2025-04-07 21:00:00,7.0,45,0.0,,50,11.1,22.2,1024.5,0,1,1
2025-04-07 22:00:00,6.1,46,0.0,,54,13.0,27.8,1024.6,0,0,1
2025-04-07 23:00:00,5.3,50,0.0,,50,11.1,24.1,1024.9,0,0,1
2025-04-08 00:00:00,4.5,54,0.0,,47,11.1,22.2,1025.0,0,0,1
2025-04-08 01:00:00,3.8,57,0.0,,46,9.3,20.4,1025.2,0,1,1
2025-04-08 02:00:00,3.2,60,0.0,,44,9.3,20.4,1025.4,0,1,1
2025-04-08 03:00:00,2.7,63,0.0,,43,9.3,18.5,1025.3,0,1,1
2025-04-08 04:00:00,2.5,64,0.0,,43,9.3,18.5,1025.6,0,1,1
2025-04-08 05:00:00,2.6,64,0.0,,43,7.4,18.5,1026.0,8,2,1
2025-04-08 06:00:00,3.3,63,0.0,,43,7.4,18.5,1026.1,21,3,1
2025-04-08 07:00:00,4.4,59,0.0,,44,7.4,18.5,1026.2,37,3,1
2025-04-08 08:00:00,6.0,54,0.0,,42,7.4,18.5,1026.0,48,3,1
2025-04-08 09:00:00,7.5,51,0.0,,41,9.3,20.4,1026.0,55,2,1
2025-04-08 10:00:00,9.4,44,0.0,,50,9.3,22.2,1025.3,57,2,1
2025-04-08 11:00:00,10.4,41,0.0,,45,9.3,24.1,1024.8,54,2,1
2025-04-08 12:00:00,11.1,40,0.0,,45,9.3,25.9,1024.2,52,2,1
2025-04-08 13:00:00,12.2,36,0.0,,47,9.3,25.9,1023.3,45,3,1
2025-04-08 14:00:00,13.3,33,0.0,,44,9.3,24.1,1022.6,44,3,1
2025-04-08 15:00:00,13.3,32,0.0,,44,9.3,24.1,1022.1,44,4,2
2025-04-08 16:00:00,14.4,29,0.0,,31,9.3,22.2,1021.0,46,3,1
2025-04-08 17:00:00,13.0,33,0.0,,35,7.4,20.4,1021.2,33,3,2
2025-04-08 18:00:00,11.2,39,0.0,,40,7.4,18.5,1021.6,17,2,2
2025-04-08 19:00:00,10.6,41,0.0,,45,7.4,18.5,1022.1,0,3,2
2025-04-08 20:00:00,9.5,45,0.0,,47,7.4,16.7,1022.5,0,3,1
2025-04-08 21:00:00,8.7,48,0.0,,49,7.4,16.7,1022.8,0,3,1
2025-04-08 22:00:00,8.1,50,0.0,,49,7.4,14.8,1022.8,0,3,1
2025-04-08 23:00:00,7.4,54,0.0,,49,9.3,16.7,1022.8,0,3,1
2025-04-09 00:00:00,6.9,57,0.0,,47,7.4,16.7,1022.6,0,3,1
2025-04-09 01:00:00,6.1,59,0.0,,47,7.4,14.8,1022.6,0,4,1
2025-04-09 02:00:00,5.5,63,0.0,,46,5.5,13.0,1022.6,0,4,2
2025-04-09 03:00:00,5.1,64,0.0,,47,5.5,13.0,1022.3,0,4,2
2025-04-09 04:00:00,5.0,65,0.0,,49,5.5,11.1,1022.6,0,4,2
2025-04-09 05:00:00,5.1,65,0.0,,48,3.7,11.1,1022.7,3,4,2
2025-04-09 06:00:00,5.7,65,0.0,,47,3.7,11.1,1022.7,10,6,2
2025-04-09 07:00:00,6.7,61,0.0,,47,3.7,11.1,1022.5,22,6,2
2025-04-09 08:00:00,8.5,55,0.0,,46,5.5,13.0,1022.4,30,5,2
2025-04-09 09:00:00,9.5,53,0.0,,40,5.5,14.8,1022.4,38,5,2
2025-04-09 10:00:00,11.9,44,0.0,,42,9.3,18.5,1021.2,53,3,4
2025-04-09 11:00:00,13.0,40,0.0,,40,9.3,22.2,1020.5,52,3,1
2025-04-09 12:00:00,13.8,38,0.0,,39,9.3,24.1,1020.2,53,3,1
2025-04-09 13:00:00,14.3,36,0.0,,42,11.1,25.9,1019.9,50,3,1
2025-04-09 14:00:00,14.5,35,0.0,,39,9.3,25.9,1019.7,48,3,1
2025-04-09 15:00:00,14.3,35,0.0,,41,9.3,25.9,1019.7,51,2,2
2025-04-09 16:00:00,15.4,29,0.0,,41,11.1,25.9,1019.0,49,2,2
2025-04-09 17:00:00,13.9,33,0.0,,47,9.3,22.2,1019.8,36,2,1
2025-04-09 18:00:00,12.2,37,0.0,,53,7.4,18.5,1020.6,22,1,1
2025-04-09 19:00:00,11.3,40,0.0,,56,7.4,18.5,1021.8,0,2,1
2025-04-09 20:00:00,10.2,44,0.0,,57,7.4,16.7,1022.8,0,2,1
2025-04-09 21:00:00,9.5,47,0.0,,54,7.4,18.5,1023.7,0,1,1
2025-04-09 22:00:00,8.5,50,0.0,,50,9.3,18.5,1023.7,0,1,1
2025-04-09 23:00:00,7.7,53,0.0,,49,7.4,16.7,1024.2,0,1,1
2025-04-10 00:00:00,7.0,56,0.0,,47,5.5,13.0,1024.6,0,1,1
2025-04-10 01:00:00,6.3,59,0.0,,51,5.5,13.0,1025.1,0,2,1
2025-04-10 02:00:00,5.9,61,0.0,,51,5.5,11.1,1025.4,0,2,1
2025-04-10 03:00:00,5.4,64,0.0,,56,3.7,9.3,1025.5,0,1,1
2025-04-10 04:00:00,4.8,66,0.0,,45,5.5,11.1,1025.8,0,2,1
2025-04-10 05:00:00,5.0,65,0.0,,52,3.7,11.1,1026.2,5,2,1
2025-04-10 06:00:00,6.1,62,0.0,,53,3.7,9.3,1026.3,18,2,1
2025-04-10 07:00:00,7.3,59,0.0,,48,3.7,9.3,1026.3,33,2,1
2025-04-10 08:00:00,9.4,52,0.0,,43,3.7,9.3,1025.9,44,3,1
2025-04-10 09:00:00,10.7,48,0.0,,40,5.5,13.0,1025.6,51,3,1
2025-04-10 10:00:00,13.5,42,0.0,,290,5.5,13.0,1024.5,57,2,1
2025-04-10 11:00:00,14.6,38,0.0,,28,5.5,16.7,1023.9,52,2,1
2025-04-10 12:00:00,15.1,37,0.0,,36,5.5,18.5,1023.3,49,2,1
2025-04-10 13:00:00,15.9,34,0.0,,24,5.5,18.5,1022.6,42,2,1
2025-04-10 14:00:00,16.5,31,0.0,,26,5.5,18.5,1022.1,44,2,1
2025-04-10 15:00:00,16.6,30,0.0,,30,5.5,18.5,1021.8,44,3,2
2025-04-10 16:00:00,16.0,31,0.0,,36,5.5,18.5,1021.6,45,2,2
2025-04-10 17:00:00,14.9,34,0.0,,48,5.5,16.7,1022.0,40,1,1
2025-04-10 18:00:00,13.6,38,0.0,,59,5.5,13.0,1022.5,28,1,1
2025-04-10 19:00:00,12.6,41,0.0,,57,5.5,11.1,1023.0,7,2,1
2025-04-10 20:00:00,11.8,44,0.0,,55,5.5,9.3,1023.5,0,1,1
2025-04-10 21:00:00,10.6,49,0.0,,57,3.7,7.4,1024.1,0,1,1
2025-04-10 22:00:00,9.9,51,0.0,,60,3.7,7.4,1024.2,0,1,1
2025-04-10 23:00:00,9.3,54,0.0,,53,3.7,7.4,1024.3,0,0,1
2025-04-11 00:00:00,8.6,58,0.0,,44,3.7,7.4,1024.3,0,0,1
2025-04-11 01:00:00,7.6,62,0.0,,45,1.8,7.4,1024.4,0,1,1
2025-04-11 02:00:00,6.9,65,0.0,,40,1.8,3.7,1024.3,0,1,1
2025-04-11 03:00:00,6.3,68,0.0,,40,1.8,3.7,1024.2,0,1,1
2025-04-11 04:00:00,5.7,69,0.0,,48,1.8,3.7,1023.4,0,0,1
2025-04-11 05:00:00,5.9,68,0.0,,50,1.8,5.5,1023.7,7,0,1
2025-04-11 06:00:00,7.0,65,0.0,,140,1.8,5.5,1023.8,22,1,1
2025-04-11 07:00:00,8.5,60,0.0,,221,1.8,5.5,1023.4,40,1,1
2025-04-11 08:00:00,10.4,54,0.0,,238,3.7,7.4,1022.8,50,1,1
2025-04-11 09:00:00,11.9,50,0.0,,238,3.7,11.1,1022.4,55,1,1
2025-04-11 10:00:00,15.4,40,0.0,,270,5.5,13.0,1021.0,59,1,1
2025-04-11 11:00:00,16.8,36,0.0,,257,5.5,14.8,1020.1,55,1,1
2025-04-11 12:00:00,17.7,33,0.0,,250,5.5,16.7,1019.1,52,0,1
2025-04-11 13:00:00,18.8,30,0.0,,245,7.4,18.5,1018.1,44,0,1
2025-04-11 14:00:00,19.7,27,0.0,,237,7.4,18.5,1017.3,48,1,1
2025-04-11 15:00:00,19.9,26,0.0,,248,7.4,18.5,1016.8,51,1,1
2025-04-11 16:00:00,20.3,23,0.0,,278,5.5,16.7,1015.8,53,1,1
2025-04-11 17:00:00,19.0,26,0.0,,318,5.5,13.0,1015.9,45,1,1
2025-04-11 18:00:00,17.0,32,0.0,,16,3.7,11.1,1016.3,27,0,1
2025-04-11 19:00:00,16.0,35,0.0,,37,5.5,11.1,1016.8,8,1,1
2025-04-11 20:00:00,14.4,40,0.0,,44,3.7,9.3,1017.3,0,1,1
2025-04-11 21:00:00,13.4,44,0.0,,47,5.5,11.1,1017.6,0,1,1
2025-04-11 22:00:00,12.4,50,0.0,,36,7.4,14.8,1017.2,0,1,1
2025-04-11 23:00:00,11.4,52,0.0,,36,7.4,14.8,1017.0,0,0,1
2025-04-12 00:00:00,10.4,55,0.0,,40,7.4,16.7,1016.8,0,0,1
2025-04-12 01:00:00,9.3,58,0.0,,44,7.4,16.7,1016.4,0,2,1
2025-04-12 02:00:00,8.7,59,0.0,,42,9.3,18.5,1016.0,0,2,1
2025-04-12 03:00:00,8.2,60,0.0,,43,9.3,18.5,1015.6,0,2,1
2025-04-12 04:00:00,7.6,62,0.0,,42,9.3,18.5,1015.0,0,4,1
2025-04-12 05:00:00,7.6,61,0.0,,39,7.4,18.5,1015.0,7,4,2
2025-04-12 06:00:00,8.7,58,0.0,,38,7.4,18.5,1014.8,20,4,2
2025-04-12 07:00:00,10.2,54,0.0,,38,7.4,16.7,1014.3,35,4,2
2025-04-12 08:00:00,12.2,49,0.0,,32,7.4,14.8,1013.4,42,4,2
2025-04-12 09:00:00,13.2,48,0.0,,35,7.4,14.8,1013.0,48,4,2
2025-04-12 10:00:00,16.7,40,0.0,,7,7.4,16.7,1011.6,57,2,1
2025-04-12 11:00:00,17.7,38,0.0,,332,5.5,18.5,1011.0,53,3,1
2025-04-12 12:00:00,18.7,37,0.0,,283,7.4,18.5,1010.4,47,3,1
2025-04-12 13:00:00,19.6,34,0.0,,257,7.4,20.4,1009.5,40,4,1
2025-04-12 14:00:00,20.4,31,0.0,,245,7.4,20.4,1008.7,35,4,2
2025-04-12 15:00:00,20.4,31,0.0,,251,7.4,18.5,1008.0,32,4,2
2025-04-12 16:00:00,18.6,38,0.0,,237,5.5,13.0,1007.6,9,6,2
2025-04-12 17:00:00,17.9,40,0.0,,236,5.5,14.8,1007.2,11,5,2
2025-04-12 18:00:00,17.0,43,0.0,,244,7.4,13.0,1007.4,4,5,2
2025-04-12 19:00:00,16.4,45,0.0,,271,5.5,11.1,1007.8,0,5,2
2025-04-12 20:00:00,15.6,47,0.0,,226,5.5,13.0,1008.3,0,5,2
2025-04-12 21:00:00,15.1,49,0.0,,227,5.5,16.7,1008.9,0,4,2
2025-04-12 22:00:00,12.9,62,0.0,,195,3.7,9.3,1009.0,0,5,2
2025-04-12 23:00:00,12.9,63,0.0,,208,3.7,11.1,1009.0,0,6,2
2025-04-13 00:00:00,12.7,63,0.0,,214,5.5,11.1,1009.1,0,6,2
2025-04-13 01:00:00,12.4,66,0.0,,217,5.5,11.1,1009.1,0,7,3
2025-04-13 02:00:00,12.2,67,0.0,,218,3.7,11.1,1009.1,0,7,3
2025-04-13 03:00:00,12.0,69,0.0,,223,5.5,13.0,1009.1,0,8,4
2025-04-13 04:00:00,12.0,70,0.0,,231,5.5,14.8,1009.4,0,8,4
2025-04-13 05:00:00,12.0,71,0.0,,222,5.5,14.8,1009.7,0,8,4
2025-04-13 06:00:00,12.3,71,0.0,,227,5.5,16.7,1009.9,0,8,3
2025-04-13 07:00:00,12.5,71,0.0,,227,7.4,18.5,1010.2,3,8,2
2025-04-13 08:00:00,13.3,68,0.0,,227,7.4,20.4,1010.3,6,8,3
2025-04-13 09:00:00,13.8,66,0.0,,233,9.3,22.2,1010.3,13,7,3
2025-04-13 10:00:00,14.6,62,0.0,,235,9.3,22.2,1010.4,11,8,3
2025-04-13 11:00:00,15.2,61,0.0,,241,9.3,22.2,1010.1,10,8,3
2025-04-13 12:00:00,15.7,59,0.0,,240,9.3,24.1,1009.9,10,8,2
2025-04-13 13:00:00,16.0,60,0.0,,238,11.1,25.9,1009.5,12,8,7
2025-04-13 14:00:00,16.2,59,0.0,,237,11.1,27.8,1009.4,10,7,7
2025-04-13 15:00:00,15.9,59,0.0,,236,11.1,24.1,1009.1,7,7,3
2025-04-13 16:00:00,15.6,60,0.0,,255,11.1,25.9,1009.1,1,8,3
2025-04-13 17:00:00,14.8,63,0.0,,264,7.4,20.4,1009.1,0,8,3
2025-04-13 18:00:00,13.9,67,0.0,,277,7.4,16.7,1009.5,0,8,2
2025-04-13 19:00:00,13.3,70,0.0,,275,5.5,16.7,1009.9,0,7,2
2025-04-13 20:00:00,12.8,73,0.0,,277,5.5,13.0,1010.4,0,7,3
2025-04-13 21:00:00,12.5,75,0.0,,305,3.7,11.1,1010.7,0,6,3
2025-04-13 22:00:00,12.3,84,0.0,,346,1.8,5.5,1010.4,0,7,7
2025-04-13 23:00:00,11.9,85,0.1,,269,3.7,9.3,1010.7,0,8,7
2025-04-14 00:00:00,11.6,86,0.1,,229,3.7,11.1,1011.0,0,8,7
2025-04-14 01:00:00,11.3,86,0.0,,250,3.7,9.3,1011.0,0,8,7
2025-04-14 02:00:00,11.1,88,0.4,,264,3.7,7.4,1011.2,0,8,7
2025-04-14 03:00:00,10.9,89,0.5,,84,3.7,9.3,1011.2,0,8,7
2025-04-14 04:00:00,10.7,93,0.3,,14,1.8,7.4,1011.4,0,8,7
2025-04-14 05:00:00,10.6,94,0.3,,48,1.8,9.3,1011.5,0,8,7
2025-04-14 06:00:00,11.2,90,0.0,,49,3.7,7.4,1011.5,0,8,7
2025-04-14 07:00:00,11.7,86,0.0,,62,3.7,9.3,1011.2,3,7,7
2025-04-14 08:00:00,12.8,80,0.0,,66,3.7,11.1,1010.8,8,7,7
2025-04-14 09:00:00,13.7,77,0.0,,39,5.5,13.0,1010.3,15,7,3
2025-04-14 10:00:00,15.3,66,0.0,,53,7.4,18.5,1009.4,50,7,4
2025-04-14 11:00:00,16.1,62,0.0,,44,7.4,18.5,1008.3,43,7,3
2025-04-14 12:00:00,16.6,59,0.0,,45,9.3,20.4,1007.4,35,6,2
2025-04-14 13:00:00,17.4,56,0.0,,45,9.3,24.1,1006.3,30,7,2
2025-04-14 14:00:00,18.0,52,0.1,,43,9.3,25.9,1005.5,24,7,3
2025-04-14 15:00:00,17.9,52,0.0,,45,9.3,25.9,1004.8,22,7,3
2025-04-14 16:00:00,18.9,50,0.0,,29,9.3,25.9,1004.2,32,6,2
2025-04-14 17:00:00,17.6,54,0.0,,39,9.3,25.9,1003.8,19,6,2
2025-04-14 18:00:00,16.1,60,0.0,,44,7.4,22.2,1003.8,4,6,2
2025-04-14 19:00:00,15.6,62,0.0,,47,7.4,20.4,1003.4,0,7,2
2025-04-14 20:00:00,14.8,64,0.0,,47,7.4,20.4,1003.2,0,7,3
2025-04-14 21:00:00,14.3,66,0.0,,48,7.4,18.5,1002.9,0,7,3
2025-04-14 22:00:00,13.8,68,0.0,,49,7.4,20.4,1002.3,0,7,3
2025-04-14 23:00:00,13.3,69,0.0,,51,7.4,18.5,1001.9,0,7,3
2025-04-15 00:00:00,13.0,71,0.0,,39,5.5,14.8,1001.3,0,7,3
2025-04-15 01:00:00,12.3,73,0.0,,37,5.5,13.0,1000.9,0,7,3
2025-04-15 02:00:00,11.9,74,0.0,,35,5.5,11.1,1000.6,0,8,3
2025-04-15 03:00:00,11.5,75,0.0,,24,3.7,11.1,1000.4,0,8,4
2025-04-15 04:00:00,11.5,76,0.0,,24,3.7,11.1,1000.4,0,8,4
2025-04-15 05:00:00,11.5,76,0.0,,3,3.7,9.3,1000.5,0,8,4
2025-04-15 06:00:00,11.8,77,0.0,,263,3.7,9.3,1000.5,0,8,3
2025-04-15 07:00:00,12.4,75,0.0,,246,3.7,11.1,1000.4,4,7,2
2025-04-15 08:00:00,13.2,73,0.0,,238,5.5,13.0,1000.3,7,7,3
2025-04-15 09:00:00,13.5,73,0.5,,242,5.5,13.0,1000.5,4,7,3
2025-04-15 10:00:00,14.5,70,0.3,,246,5.5,14.8,1000.6,4,7,3
2025-04-15 11:00:00,15.6,66,0.1,,235,7.4,16.7,1000.4,8,7,3
2025-04-15 12:00:00,16.1,63,0.1,,243,7.4,18.5,1000.1,9,7,2
2025-04-15 13:00:00,16.8,62,0.3,,239,7.4,18.5,1000.1,11,7,2
2025-04-15 14:00:00,17.2,59,0.0,,252,9.3,20.4,1000.1,18,7,3
2025-04-15 15:00:00,16.7,59,0.0,,253,7.4,20.4,999.9,18,6,3
2025-04-15 16:00:00,16.7,58,0.0,,260,7.4,18.5,1000.4,20,7,3
2025-04-15 17:00:00,15.8,61,0.0,,284,7.4,20.4,1000.9,12,6,2
2025-04-15 18:00:00,14.7,66,0.0,,305,7.4,18.5,1001.8,1,6,2
2025-04-15 19:00:00,13.9,69,0.0,,311,5.5,18.5,1002.8,0,6,2
2025-04-15 20:00:00,13.3,72,0.0,,323,5.5,18.5,1003.8,0,6,2
2025-04-15 21:00:00,12.8,75,0.0,,322,5.5,16.7,1004.5,0,6,3
2025-04-15 22:00:00,12.2,78,0.0,,292,5.5,16.7,1005.2,0,6,3
2025-04-15 23:00:00,11.9,79,0.0,,299,5.5,16.7,1005.6,0,6,3
2025-04-16 00:00:00,11.5,81,0.0,,316,5.5,14.8,1006.1,0,6,3
2025-04-16 01:00:00,11.1,83,0.0,,312,5.5,16.7,1006.0,0,7,3
2025-04-16 02:00:00,10.7,85,0.0,,322,7.4,16.7,1006.2,0,8,4
2025-04-16 03:00:00,10.5,85,0.0,,333,5.5,16.7,1005.9,0,8,4
2025-04-16 04:00:00,10.1,88,0.0,,348,5.5,16.7,1006.0,0,8,4
2025-04-16 05:00:00,10.3,86,0.0,,340,5.5,16.7,1006.5,0,7,4
2025-04-16 06:00:00,10.2,87,0.0,,294,5.5,16.7,1006.7,2,8,3
2025-04-16 07:00:00,10.6,86,0.0,,286,7.4,16.7,1007.2,1,8,3
2025-04-16 08:00:00,11.1,81,0.0,,293,7.4,18.5,1007.6,3,8,3
2025-04-16 09:00:00,11.3,80,0.1,,287,7.4,20.4,1007.9,1,7,3
2025-04-16 10:00:00,11.6,79,0.0,,286,7.4,20.4,1008.3,0,8,3
2025-04-16 11:00:00,12.0,77,0.0,,277,9.3,22.2,1008.2,0,8,3
2025-04-16 12:00:00,11.1,82,0.0,,275,11.1,25.9,1008.3,0,8,7
2025-04-16 13:00:00,11.1,82,0.0,,272,11.1,25.9,1008.4,0,8,7
2025-04-16 14:00:00,10.7,83,0.1,,275,13.0,27.8,1008.8,0,8,7
2025-04-16 15:00:00,10.1,86,0.1,,275,13.0,31.5,1009.0,0,8,7
2025-04-16 16:00:00,9.2,90,0.0,,262,11.1,29.6,1009.2,0,8,7
2025-04-16 17:00:00,9.1,88,0.2,,259,11.1,25.9,1010.0,0,8,7
2025-04-16 18:00:00,8.0,91,0.2,,256,9.3,22.2,1010.0,0,8,7
2025-04-16 19:00:00,7.5,93,0.7,,255,7.4,18.5,1010.8,0,8,7
2025-04-16 20:00:00,7.3,93,0.7,,257,5.5,14.8,1010.8,0,8,7
2025-04-16 21:00:00,7.0,94,0.7,,264,5.5,14.8,1011.1,0,8,7
2025-04-16 22:00:00,6.9,93,0.4,,262,7.4,13.0,1010.7,0,8,7
2025-04-16 23:00:00,6.8,94,0.6,,267,7.4,13.0,1010.7,0,8,7
2025-04-17 00:00:00,6.5,96,0.4,,266,7.4,13.0,1010.5,0,8,7
2025-04-17 01:00:00,6.2,97,0.2,,262,5.5,13.0,1010.4,0,8,7
2025-04-17 02:00:00,6.0,99,0.2,,260,5.5,14.8,1010.4,0,8,7
2025-04-17 03:00:00,6.4,95,0.4,,255,5.5,14.8,1010.2,0,8,7
2025-04-17 04:00:00,6.3,94,0.2,,251,7.4,16.7,1010.1,0,8,7
2025-04-17 05:00:00,6.2,95,0.5,,251,7.4,14.8,1009.9,0,8,7
2025-04-17 06:00:00,6.1,94,0.6,,252,7.4,16.7,1010.3,1,8,7
2025-04-17 07:00:00,6.1,93,0.2,,256,7.4,16.7,1010.4,0,8,7
2025-04-17 08:00:00,6.7,91,0.1,,260,9.3,18.5,1010.9,0,8,7
2025-04-17 09:00:00,7.0,88,0.0,,251,9.3,20.4,1010.9,0,8,7
2025-04-17 10:00:00,7.2,88,0.0,,247,9.3,20.4,1010.9,0,8,7
2025-04-17 11:00:00,7.3,88,0.0,,248,9.3,20.4,1011.2,0,8,7
2025-04-17 12:00:00,7.7,87,0.4,,241,9.3,18.5,1010.9,0,8,7
2025-04-17 13:00:00,7.8,84,,,243,7.4,20.4,1011.4,0,8,7
2025-04-17 14:00:00,7.2,87,,,242,9.3,20.4,1011.2,0,8,7
2025-04-17 15:00:00,7.0,88,,,264,9.3,20.4,1011.4,0,8,7
2025-04-17 16:00:00,7.3,85,,,260,9.3,18.5,1011.9,0,8,7
2025-04-17 17:00:00,7.1,87,,,254,7.4,16.7,1012.6,0,8,7
2025-04-17 18:00:00,6.7,90,,,248,7.4,14.8,1013.3,0,8,7
2025-04-17 19:00:00,6.7,90,,,254,7.4,14.8,1013.9,0,8,7
2025-04-17 20:00:00,6.5,91,,,249,5.5,13.0,1014.3,0,8,7
2025-04-17 21:00:00,6.3,90,,,248,5.5,11.1,1014.5,0,8,7
2025-04-17 22:00:00,6.2,90,,,238,5.5,11.1,1014.5,0,7,7
2025-04-17 23:00:00,6.2,89,,,239,5.5,11.1,1014.7,0,6,7
2025-04-18 00:00:00,6.3,88,,,240,5.5,13.0,1014.8,0,7,7
2025-04-18 01:00:00,6.4,88,,,229,5.5,11.1,1014.8,0,7,7
2025-04-18 02:00:00,6.3,88,,,237,5.5,13.0,1014.8,0,7,4
2025-04-18 03:00:00,6.0,90,,,233,5.5,11.1,1014.9,0,8,4
2025-04-18 04:00:00,5.8,90,,,236,5.5,11.1,1014.8,0,8,4
2025-04-18 05:00:00,6.0,89,,,235,5.5,14.8,1015.0,0,8,4
2025-04-18 06:00:00,6.3,86,,,235,7.4,16.7,1014.9,2,8,3
2025-04-18 07:00:00,6.8,84,,,238,7.4,16.7,1014.8,2,8,2
2025-04-18 08:00:00,7.6,80,,,237,9.3,18.5,1014.6,2,7,3
2025-04-18 09:00:00,8.3,74,,,242,9.3,20.4,1015.0,2,7,4
2025-04-18 10:00:00,8.9,74,,,239,9.3,22.2,1014.4,0,7,4
2025-04-18 11:00:00,9.6,72,,,241,9.3,22.2,1014.0,0,8,2
2025-04-18 12:00:00,9.5,71,,,247,9.3,24.1,1013.4,11,8,2
2025-04-18 13:00:00,9.8,69,,,249,11.1,24.1,1012.9,6,8,2
2025-04-18 14:00:00,10.5,66,,,253,9.3,24.1,1012.6,6,7,2
2025-04-18 15:00:00,10.0,66,,,248,9.3,24.1,1012.3,6,7,3
2025-04-18 16:00:00,9.9,66,,,250,9.3,22.2,1012.5,6,6,3
2025-04-18 17:00:00,9.3,70,,,253,7.4,20.4,1012.2,6,6,2
2025-04-18 18:00:00,8.8,72,,,248,7.4,16.7,1012.8,7,6,2
2025-04-18 19:00:00,8.4,74,,,245,7.4,14.8,1013.2,3,7,2
2025-04-18 20:00:00,8.2,75,,,250,7.4,16.7,1013.5,0,7,2
2025-04-18 21:00:00,8.0,75,,,249,7.4,16.7,1013.6,0,6,2
2025-04-18 22:00:00,7.5,77,,,253,7.4,14.8,1013.6,0,6,2
2025-04-18 23:00:00,7.0,80,,,259,5.5,13.0,1013.2,0,6,2
2025-04-19 00:00:00,6.6,81,,,87,5.5,13.0,1012.9,0,5,2
2025-04-19 01:00:00,6.2,83,,,84,5.5,13.0,1012.7,0,5,3
2025-04-19 02:00:00,6.0,83,,,82,5.5,13.0,1012.4,0,6,3
2025-04-19 03:00:00,5.7,85,,,50,5.5,13.0,1012.1,0,6,2
2025-04-19 04:00:00,5.6,85,,,52,5.5,13.0,1011.9,0,6,2
2025-04-19 05:00:00,5.7,85,,,50,5.5,14.8,1011.7,2,6,3
2025-04-19 06:00:00,6.6,82,,,45,5.5,13.0,1011.5,13,6,2
2025-04-19 07:00:00,6.8,80,,,40,5.5,14.8,1011.0,24,6,2
2025-04-19 08:00:00,8.0,76,,,353,5.5,13.0,1010.7,26,6,2
2025-04-19 09:00:00,9.4,68,,,328,5.5,13.0,1010.2,28,7,3
2025-04-19 10:00:00,10.9,63,,,319,5.5,14.8,1009.8,32,6,3
2025-04-19 11:00:00,12.1,59,,,341,7.4,16.7,1009.0,35,6,2
2025-04-19 12:00:00,13.3,53,,,334,7.4,16.7,1008.0,37,5,2
2025-04-19 13:00:00,13.7,52,,,297,7.4,18.5,1007.5,34,5,2
2025-04-19 14:00:00,14.2,50,,,353,7.4,18.5,1006.8,26,5,2
2025-04-19 15:00:00,14.5,49,,,32,7.4,18.5,1006.3,22,5,3
2025-04-19 16:00:00,14.1,50,,,40,7.4,20.4,1006.3,17,6,3
2025-04-19 17:00:00,13.4,53,,,20,7.4,18.5,1006.6,12,6,2
2025-04-19 18:00:00,12.6,57,,,47,5.5,16.7,1006.8,12,6,2
2025-04-19 19:00:00,11.9,59,,,47,5.5,14.8,1007.4,1,6,2
2025-04-19 20:00:00,11.3,63,,,44,5.5,14.8,1007.8,0,6,2
2025-04-19 21:00:00,10.6,67,,,43,5.5,13.0,1008.1,0,6,2
2025-04-19 22:00:00,10.1,70,,,44,5.5,13.0,1008.2,0,6,2
2025-04-19 23:00:00,9.5,74,,,22,5.5,13.0,1008.3,0,5,2
2025-04-20 00:00:00,9.3,75,,,18,5.5,14.8,1008.4,0,4,2
2025-04-20 01:00:00,8.9,77,,,13,5.5,14.8,1008.0,0,5,2
2025-04-20 02:00:00,8.5,79,,,21,5.5,13.0,1008.0,0,5,2
2025-04-20 03:00:00,8.2,81,,,18,3.7,11.1,1008.1,0,5,3
2025-04-20 04:00:00,8.0,83,,,31,3.7,11.1,1008.1,0,6,3
2025-04-20 05:00:00,8.0,83,,,42,3.7,11.1,1008.7,3,6,3
2025-04-20 06:00:00,8.6,79,,,40,3.7,11.1,1009.1,8,6,2
2025-04-20 07:00:00,9.7,75,,,31,5.5,11.1,1008.5,13,6,2
2025-04-20 08:00:00,10.7,72,,,358,5.5,13.0,1008.2,17,6,2
2025-04-20 09:00:00,12.3,64,,,342,5.5,14.8,1009.0,18,6,3
2025-04-20 10:00:00,13.5,60,0.0,,338,5.5,14.8,1007.5,19,6,3
2025-04-20 11:00:00,14.2,57,0.0,,355,7.4,18.5,1008.1,23,5,2
2025-04-20 12:00:00,15.2,52,0.0,,13,7.4,16.7,1007.7,27,5,2
2025-04-20 13:00:00,15.7,50,0.0,,18,7.4,18.5,1007.7,27,5,2
2025-04-20 14:00:00,15.8,50,0.0,,19,7.4,18.5,1007.5,25,5,2
2025-04-20 15:00:00,15.9,49,0.0,,1,9.3,20.4,1007.0,23,6,3
2025-04-20 16:00:00,15.5,50,0.0,,15,9.3,22.2,1007.5,18,6,3
2025-04-20 17:00:00,14.7,53,0.0,,7,7.4,20.4,1007.9,13,6,2
2025-04-20 18:00:00,13.7,57,0.0,,3,5.5,16.7,1008.5,9,6,2
2025-04-20 19:00:00,13.0,61,0.0,,27,5.5,16.7,1009.0,2,6,2
2025-04-20 20:00:00,12.1,65,0.0,,29,5.5,14.8,1009.6,0,5,2
2025-04-20 21:00:00,11.6,67,0.0,,13,5.5,13.0,1010.0,0,5,2
2025-04-20 22:00:00,11.0,69,0.0,,8,5.5,13.0,1010.3,0,5,2
2025-04-20 23:00:00,10.6,72,0.0,,4,3.7,13.0,1010.4,0,5,2
2025-04-21 00:00:00,10.1,74,0.0,,7,5.5,13.0,1011.0,0,5,2
2025-04-21 01:00:00,9.7,77,0.0,,6,3.7,13.0,1011.0,0,5,2
2025-04-21 02:00:00,9.3,80,0.0,,347,3.7,11.1,1010.9,0,5,2
2025-04-21 03:00:00,9.2,80,0.0,,340,3.7,11.1,1011.0,0,5,2
2025-04-21 04:00:00,9.0,81,0.0,,348,3.7,9.3,1011.0,0,5,2
2025-04-21 05:00:00,9.2,80,0.0,,341,3.7,11.1,1011.1,3,5,2
2025-04-21 06:00:00,9.5,79,0.0,,306,5.5,11.1,1011.5,9,6,2
2025-04-21 07:00:00,10.3,75,0.0,,295,5.5,13.0,1011.4,16,6,2
2025-04-21 08:00:00,11.4,71,0.0,,276,5.5,13.0,1011.5,19,6,2
2025-04-21 09:00:00,12.4,67,0.0,,272,5.5,14.8,1011.6,27,7,3
2025-04-21 10:00:00,13.3,64,0.0,,270,7.4,16.7,1011.2,29,6,3
2025-04-21 11:00:00,14.3,59,0.0,,277,7.4,18.5,1010.9,29,6,2
2025-04-21 12:00:00,14.8,56,0.0,,276,7.4,18.5,1010.6,28,6,2
2025-04-21 13:00:00,15.3,54,0.0,,270,9.3,20.4,1009.9,30,6,2
2025-04-21 14:00:00,15.5,52,0.0,,263,9.3,20.4,1009.7,25,6,2
2025-04-21 15:00:00,15.2,53,0.0,,265,9.3,20.4,1009.9,23,6,3
2025-04-21 16:00:00,14.9,54,0.0,,262,7.4,18.5,1009.7,21,6,3
2025-04-21 17:00:00,14.2,57,0.0,,248,7.4,18.5,1010.3,15,6,2
2025-04-21 18:00:00,13.7,59,0.0,,236,7.4,16.7,1010.7,9,6,2
2025-04-21 19:00:00,12.7,63,0.0,,223,7.4,14.8,1011.2,3,5,2
2025-04-21 20:00:00,11.9,68,0.0,,215,5.5,13.0,1011.6,0,5,2
2025-04-21 21:00:00,11.3,71,0.0,,332,5.5,13.0,1011.9,0,5,2
2025-04-21 22:00:00,10.8,73,0.0,,335,5.5,13.0,1012.1,0,5,2
2025-04-21 23:00:00,10.1,76,0.0,,349,5.5,13.0,1012.2,0,5,3
2025-04-22 00:00:00,9.7,77,0.0,,6,5.5,13.0,1011.9,0,5,3
2025-04-22 01:00:00,9.2,81,0.0,,19,5.5,14.8,1011.8,0,5,2
2025-04-22 02:00:00,8.9,83,0.0,,10,5.5,14.8,1011.8,0,5,2
2025-04-22 03:00:00,8.6,83,0.0,,22,5.5,13.0,1011.8,0,5,2
2025-04-22 04:00:00,7.9,90,0.0,,96,1.8,3.7,1018.9,0,4,2
2025-04-22 05:00:00,8.1,88,0.0,,100,1.8,3.7,1019.0,4,4,2
2025-04-22 06:00:00,8.8,85,0.0,,171,1.8,5.5,1019.0,9,4,2
2025-04-22 07:00:00,9.9,78,0.0,,212,1.8,5.5,1018.9,20,4,2
2025-04-22 08:00:00,11.1,73,0.0,,233,3.7,9.3,1018.6,27,4,2
2025-04-22 09:00:00,12.3,67,0.0,,250,3.7,11.1,1018.5,31,4,2
2025-04-22 10:00:00,14.2,56,0.0,,266,5.5,13.0,1018.2,45,5,2
2025-04-22 11:00:00,15.0,52,0.0,,287,5.5,13.0,1017.5,40,5,2
2025-04-22 12:00:00,15.6,49,0.0,,285,5.5,16.7,1016.9,38,4,2
2025-04-22 13:00:00,16.3,47,0.0,,300,5.5,18.5,1016.4,31,5,2
2025-04-22 14:00:00,16.6,44,0.0,,316,5.5,18.5,1016.1,26,5,2
2025-04-22 15:00:00,16.7,43,0.0,,319,5.5,16.7,1015.9,25,5,2
2025-04-22 16:00:00,16.9,39,0.0,,314,5.5,13.0,1015.9,20,5,2
2025-04-22 17:00:00,16.0,42,0.0,,346,5.5,13.0,1016.1,17,5,2
2025-04-22 18:00:00,14.7,49,0.0,,4,5.5,11.1,1016.4,7,5,2
2025-04-22 19:00:00,13.9,52,0.0,,17,3.7,11.1,1017.0,2,5,2
2025-04-22 20:00:00,12.8,57,0.0,,26,3.7,9.3,1017.5,0,5,2
2025-04-22 21:00:00,12.1,61,0.0,,24,3.7,9.3,1017.9,0,5,2
2025-04-22 22:00:00,10.8,63,0.0,,34,5.5,13.0,1018.7,0,5,2
2025-04-22 23:00:00,10.4,66,0.0,,30,5.5,11.1,1018.8,0,5,2
2025-04-23 00:00:00,10.0,68,0.0,,19,3.7,9.3,1018.8,0,5,2
2025-04-23 01:00:00,9.5,71,0.0,,17,3.7,5.5,1018.8,0,7,3
2025-04-23 02:00:00,9.1,73,0.0,,44,3.7,5.5,1018.5,0,7,3
2025-04-23 03:00:00,8.9,75,0.0,,40,1.8,5.5,1018.5,0,7,3
2025-04-23 04:00:00,8.9,76,0.0,,21,1.8,3.7,1018.4,0,6,3
2025-04-23 05:00:00,9.1,76,0.0,,66,1.8,3.7,1018.3,1,6,3
2025-04-23 06:00:00,9.8,75,0.0,,224,1.8,5.5,1018.1,5,6,2
2025-04-23 07:00:00,10.9,71,0.0,,233,3.7,7.4,1017.7,16,6,2
2025-04-23 08:00:00,12.1,67,0.0,,236,5.5,11.1,1017.0,24,5,2
2025-04-23 09:00:00,13.2,63,0.0,,241,5.5,13.0,1016.3,32,5,2
2025-04-23 10:00:00,14.9,56,0.0,,264,7.4,16.7,1014.7,50,4,4
2025-04-23 11:00:00,15.5,53,0.0,,266,7.4,16.7,1013.7,44,4,2
2025-04-23 12:00:00,15.4,54,0.0,,261,9.3,22.2,1012.8,38,5,18
2025-04-23 13:00:00,15.0,56,0.0,,260,11.1,27.8,1012.5,25,6,18
2025-04-23 14:00:00,14.5,59,0.0,,272,11.1,29.6,1012.5,15,6,17
2025-04-23 15:00:00,13.0,65,2.2,,271,13.0,31.5,1013.0,2,8,7
2025-04-23 16:00:00,12.4,74,0.7,,277,14.8,37.0,1012.3,0,7,8
2025-04-23 17:00:00,11.1,77,1.5,,275,13.0,35.2,1013.3,0,7,8
2025-04-23 18:00:00,9.7,79,1.2,,268,11.1,31.5,1014.1,0,8,8
2025-04-23 19:00:00,9.5,80,1.4,,263,9.3,27.8,1015.0,0,8,8
2025-04-23 20:00:00,9.1,83,3.2,,244,7.4,24.1,1015.9,0,8,8
2025-04-23 21:00:00,8.7,84,2.6,,236,7.4,20.4,1016.5,0,8,8
2025-04-23 22:00:00,8.4,90,0.9,,216,9.3,27.8,1017.2,0,8,8
2025-04-23 23:00:00,8.4,88,0.3,,213,9.3,22.2,1017.3,0,8,8
2025-04-24 00:00:00,8.2,89,0.3,,218,7.4,20.4,1017.3,0,8,7
2025-04-24 01:00:00,8.1,90,0.2,,220,9.3,20.4,1017.2,0,8,7
2025-04-24 02:00:00,8.1,88,0.1,,225,9.3,20.4,1017.1,0,8,7
2025-04-24 03:00:00,7.9,88,0.1,,228,9.3,20.4,1017.1,0,8,7
2025-04-24 04:00:00,8.3,86,0.1,,230,9.3,20.4,1017.3,0,8,7
2025-04-24 05:00:00,8.3,86,0.0,,228,9.3,20.4,1017.5,0,8,7
2025-04-24 06:00:00,8.6,84,0.0,,230,9.3,22.2,1017.8,0,8,3
2025-04-24 07:00:00,9.1,81,0.1,,235,9.3,20.4,1018.1,0,7,2
2025-04-24 08:00:00,9.6,78,0.0,,239,9.3,20.4,1018.1,5,7,3
2025-04-24 09:00:00,10.1,74,0.3,,243,9.3,22.2,1018.3,7,6,3
2025-04-24 10:00:00,10.9,70,0.2,,246,13.0,25.9,1018.3,11,7,4
2025-04-24 11:00:00,11.4,67,0.0,,249,11.1,25.9,1017.9,14,7,3
2025-04-24 12:00:00,11.7,65,0.1,,250,11.1,27.8,1017.4,15,7,2
2025-04-24 13:00:00,12.1,63,0.0,,247,11.1,27.8,1017.3,10,7,2
2025-04-24 14:00:00,12.5,61,0.0,,246,11.1,27.8,1017.1,9,7,17
2025-04-24 15:00:00,12.3,60,0.2,,249,11.1,25.9,1017.2,10,6,17
2025-04-24 16:00:00,10.3,66,0.4,,269,9.3,22.2,1017.8,0,7,7
2025-04-24 17:00:00,10.0,68,0.8,,255,7.4,22.2,1018.0,0,7,7
2025-04-24 18:00:00,9.5,74,0.6,,243,7.4,20.4,1018.6,0,7,7
2025-04-24 19:00:00,9.3,76,0.0,,234,7.4,18.5,1019.0,0,7,7
2025-04-24 20:00:00,8.7,81,0.0,,227,5.5,18.5,1019.3,0,6,7
2025-04-24 21:00:00,8.6,82,0.0,,221,5.5,16.7,1019.5,0,6,7
2025-04-24 22:00:00,8.1,92,0.2,,193,5.5,11.1,1019.3,0,8,7
2025-04-24 23:00:00,8.1,92,0.1,,203,5.5,13.0,1019.0,0,8,7
2025-04-25 00:00:00,8.2,91,0.9,,208,5.5,14.8,1018.6,0,8,7
2025-04-25 01:00:00,8.1,92,1.5,,211,5.5,13.0,1018.2,0,8,7
2025-04-25 02:00:00,8.1,92,0.4,,218,5.5,13.0,1017.9,0,8,8
2025-04-25 03:00:00,7.9,95,1.6,,223,5.5,13.0,1017.6,0,8,8
2025-04-25 04:00:00,7.8,92,1.4,,225,7.4,16.7,1017.1,0,8,8
2025-04-25 05:00:00,7.8,93,1.1,,216,7.4,16.7,1017.4,0,8,8
2025-04-25 06:00:00,7.9,95,1.1,,220,5.5,16.7,1017.9,0,8,8
2025-04-25 07:00:00,8.1,95,1.1,,220,5.5,14.8,1018.3,0,8,7
2025-04-25 08:00:00,8.2,94,0.7,,220,5.5,13.0,1018.7,0,8,7
2025-04-25 09:00:00,8.5,92,0.4,,229,5.5,13.0,1019.0,0,7,7
2025-04-25 10:00:00,9.3,90,0.0,,231,5.5,13.0,1018.8,0,7,7
2025-04-25 11:00:00,9.8,85,0.8,,235,5.5,13.0,1018.7,0,7,7
2025-04-25 12:00:00,10.4,81,0.6,,221,5.5,13.0,1018.6,2,7,7
2025-04-25 13:00:00,11.1,77,2.9,,204,5.5,13.0,1018.4,3,7,18
2025-04-25 14:00:00,11.5,73,0.6,,139,5.5,14.8,1018.3,7,6,17
2025-04-25 15:00:00,12.1,69,0.0,,105,5.5,14.8,1018.2,12,5,17
2025-04-25 16:00:00,11.7,70,0.0,,93,5.5,13.0,1018.2,18,6,3
2025-04-25 17:00:00,11.3,71,0.0,,90,5.5,11.1,1018.3,10,6,2
2025-04-25 18:00:00,10.5,75,0.1,,83,5.5,13.0,1018.6,6,6,2
2025-04-25 19:00:00,9.9,78,0.2,,76,5.5,11.1,1018.9,1,5,2
2025-04-25 20:00:00,9.6,81,0.0,,68,5.5,9.3,1019.2,0,5,2
2025-04-25 21:00:00,9.0,83,0.0,,65,5.5,9.3,1019.3,0,5,2
2025-04-25 22:00:00,8.6,85,0.0,,65,5.5,9.3,1019.3,0,5,2
2025-04-25 23:00:00,8.4,84,0.0,,59,3.7,11.1,1019.2,0,4,2
2025-04-26 00:00:00,8.1,85,0.0,,60,7.4,14.8,1018.8,0,5,2
2025-04-26 01:00:00,7.7,86,0.0,,53,7.4,16.7,1018.5,0,5,2
2025-04-26 02:00:00,7.4,88,0.0,,53,9.3,18.5,1018.4,0,5,3
2025-04-26 03:00:00,7.1,90,0.0,,52,11.1,20.4,1018.2,0,5,3
2025-04-26 04:00:00,8.7,90,0.0,,50,11.1,24.1,1017.1,0,6,3
2025-04-26 05:00:00,8.6,89,0.0,,51,11.1,25.9,1017.1,1,6,2
2025-04-26 06:00:00,8.9,88,0.0,,51,13.0,27.8,1017.1,2,6,2
2025-04-26 07:00:00,9.6,83,0.0,,50,13.0,27.8,1017.1,6,6,2
2025-04-26 08:00:00,10.2,80,0.0,,47,13.0,29.6,1016.8,6,6,2
2025-04-26 09:00:00,10.9,76,0.0,,48,13.0,27.8,1016.8,10,6,3
2025-04-26 10:00:00,11.4,75,0.0,,41,11.1,27.8,1016.6,7,6,4
2025-04-26 11:00:00,12.2,70,0.0,,39,11.1,27.8,1016.3,8,6,2
2025-04-26 12:00:00,13.0,67,0.0,,38,11.1,27.8,1015.9,11,7,2
2025-04-26 13:00:00,13.9,64,0.0,,40,11.1,25.9,1015.5,12,6,2
2025-04-26 14:00:00,14.4,60,0.0,,41,9.3,25.9,1015.3,18,6,2
2025-04-26 15:00:00,14.6,58,0.0,,38,9.3,27.8,1015.3,19,5,3
2025-04-26 16:00:00,15.5,57,0.0,,31,9.3,25.9,1015.4,37,4,2
2025-04-26 17:00:00,14.6,59,0.0,,39,9.3,24.1,1015.8,27,4,2
2025-04-26 18:00:00,13.3,63,0.0,,39,9.3,25.9,1016.2,12,5,2
2025-04-26 19:00:00,12.9,65,0.0,,43,9.3,24.1,1016.8,5,5,2
2025-04-26 20:00:00,11.8,69,0.0,,46,9.3,24.1,1017.3,0,5,2
2025-04-26 21:00:00,11.2,71,0.0,,44,11.1,24.1,1017.6,0,5,2
2025-04-26 22:00:00,10.0,82,0.0,,37,9.3,20.4,1018.0,0,6,2
2025-04-26 23:00:00,9.7,81,0.0,,35,9.3,18.5,1018.2,0,5,2
2025-04-27 00:00:00,9.3,82,0.0,,35,9.3,20.4,1018.4,0,5,2
2025-04-27 01:00:00,8.8,82,0.0,,34,7.4,16.7,1018.9,0,6,2
2025-04-27 02:00:00,8.3,84,0.0,,37,7.4,14.8,1019.1,0,7,3
2025-04-27 03:00:00,8.0,84,0.0,,33,5.5,14.8,1019.5,0,7,3
2025-04-27 04:00:00,7.5,88,0.0,,33,3.7,9.3,1019.7,0,6,2
2025-04-27 05:00:00,7.8,87,0.0,,30,3.7,11.1,1020.1,1,6,2
2025-04-27 06:00:00,8.6,83,0.0,,38,3.7,11.1,1020.7,3,6,2
2025-04-27 07:00:00,9.5,79,0.0,,21,3.7,11.1,1021.1,12,6,2
2025-04-27 08:00:00,10.8,74,0.0,,16,3.7,9.3,1021.3,17,6,2
2025-04-27 09:00:00,11.8,71,0.0,,8,5.5,11.1,1021.4,24,7,3
2025-04-27 10:00:00,12.6,68,0.0,,357,5.5,11.1,1021.7,24,6,3
2025-04-27 11:00:00,13.6,64,0.0,,19,5.5,13.0,1021.2,23,6,2
2025-04-27 12:00:00,14.4,62,0.0,,32,5.5,14.8,1020.7,19,6,2
2025-04-27 13:00:00,15.2,61,0.0,,35,7.4,18.5,1020.5,17,6,2
2025-04-27 14:00:00,15.6,59,0.0,,38,7.4,18.5,1020.4,19,7,3
2025-04-27 15:00:00,16.0,56,0.0,,38,7.4,20.4,1020.3,17,7,3
2025-04-27 16:00:00,16.8,57,0.0,,39,7.4,22.2,1020.6,35,6,3
2025-04-27 17:00:00,16.0,59,0.0,,41,7.4,18.5,1020.9,20,6,2
2025-04-27 18:00:00,14.8,63,0.0,,45,5.5,14.8,1021.5,6,5,2
2025-04-27 19:00:00,14.3,67,0.0,,52,5.5,14.8,1022.2,1,6,2
2025-04-27 20:00:00,13.6,70,0.0,,43,5.5,13.0,1022.8,0,6,2
2025-04-27 21:00:00,13.0,72,0.0,,38,5.5,13.0,1023.2,0,6,3
2025-04-27 22:00:00,10.7,84,0.0,,41,7.4,14.8,1024.3,0,5,2
2025-04-27 23:00:00,10.4,84,0.0,,39,5.5,14.8,1024.1,0,5,2
2025-04-28 00:00:00,10.0,86,0.0,,38,5.5,11.1,1024.1,0,4,2
2025-04-28 01:00:00,9.6,86,0.0,,36,5.5,11.1,1024.2,0,5,2
2025-04-28 02:00:00,9.3,88,0.0,,37,5.5,11.1,1024.1,0,5,3
2025-04-28 03:00:00,9.1,88,0.0,,41,5.5,11.1,1024.2,0,4,2
2025-04-28 04:00:00,8.6,90,0.0,,44,5.5,11.1,1024.7,0,4,2
2025-04-28 05:00:00,9.2,88,0.0,,41,5.5,11.1,1025.0,4,4,2
2025-04-28 06:00:00,10.2,83,0.0,,37,5.5,11.1,1025.2,11,5,2
2025-04-28 07:00:00,11.6,78,0.0,,40,5.5,11.1,1025.0,23,5,2
2025-04-28 08:00:00,13.2,71,0.0,,36,5.5,13.0,1024.6,29,5,2
2025-04-28 09:00:00,14.4,67,0.0,,35,7.4,14.8,1024.3,37,5,2
2025-04-28 10:00:00,15.5,63,0.0,,30,7.4,18.5,1023.7,38,4,2
2025-04-28 11:00:00,17.0,57,0.0,,32,7.4,20.4,1023.2,36,4,2
2025-04-28 12:00:00,17.7,55,0.0,,33,7.4,20.4,1022.5,37,4,2
2025-04-28 13:00:00,18.5,52,0.0,,37,9.3,22.2,1022.0,35,4,2
2025-04-28 14:00:00,19.1,49,0.0,,41,7.4,22.2,1021.6,36,5,2
2025-04-28 15:00:00,19.5,47,0.0,,44,7.4,22.2,1021.4,32,5,2
2025-04-28 16:00:00,20.7,43,0.0,,32,7.4,24.1,1020.6,42,4,2
2025-04-28 17:00:00,19.6,46,0.0,,49,7.4,20.4,1021.0,32,4,2
2025-04-28 18:00:00,17.9,53,0.0,,59,5.5,16.7,1021.4,16,4,2
2025-04-28 19:00:00,17.2,56,0.0,,64,5.5,14.8,1022.2,7,5,2
2025-04-28 20:00:00,16.1,60,0.0,,61,5.5,13.0,1023.0,0,5,2
2025-04-28 21:00:00,15.3,63,0.0,,54,3.7,13.0,1023.6,0,4,2
2025-04-28 22:00:00,14.7,63,0.0,,61,5.5,13.0,1023.5,0,2,1
2025-04-28 23:00:00,13.8,67,0.0,,52,5.5,13.0,1023.7,0,2,1
2025-04-29 00:00:00,13.0,71,0.0,,44,3.7,11.1,1023.8,0,3,2
2025-04-29 01:00:00,12.2,75,0.0,,43,3.7,9.3,1024.0,0,3,2
2025-04-29 02:00:00,11.8,77,0.0,,45,1.8,7.4,1024.0,0,3,2
2025-04-29 03:00:00,11.3,80,0.0,,49,1.8,5.5,1024.1,0,3,2
2025-04-29 04:00:00,10.5,86,0.0,,52,5.5,13.0,1024.0,0,3,2
2025-04-29 05:00:00,11.1,84,0.0,,55,3.7,11.1,1024.3,7,3,2
2025-04-29 06:00:00,12.2,79,0.0,,45,3.7,9.3,1024.6,19,4,2
2025-04-29 07:00:00,13.6,73,0.0,,51,3.7,9.3,1024.5,32,3,2
2025-04-29 08:00:00,15.2,67,0.0,,43,3.7,11.1,1024.2,38,3,2
2025-04-29 09:00:00,16.5,62,0.0,,40,5.5,13.0,1024.0,45,3,2
2025-04-29 10:00:00,18.6,56,0.0,,33,9.3,20.4,1022.8,55,2,1
2025-04-29 11:00:00,19.7,51,0.0,,38,9.3,22.2,1022.1,55,2,1
2025-04-29 12:00:00,20.3,48,0.0,,40,9.3,25.9,1021.6,53,2,1
2025-04-29 13:00:00,21.1,45,0.0,,50,9.3,25.9,1020.9,49,3,1
2025-04-29 14:00:00,21.7,42,0.0,,50,9.3,25.9,1020.5,48,3,2
2025-04-29 15:00:00,21.7,41,0.0,,51,9.3,25.9,1020.2,48,3,2
2025-04-29 16:00:00,22.9,36,0.0,,59,7.4,25.9,1019.2,42,2,2
2025-04-29 17:00:00,21.6,39,0.0,,66,7.4,22.2,1019.5,37,2,1
2025-04-29 18:00:00,19.8,45,0.0,,70,5.5,16.7,1020.2,22,2,1
2025-04-29 19:00:00,19.0,48,0.0,,72,5.5,14.8,1020.8,11,3,1
2025-04-29 20:00:00,17.7,52,0.0,,71,5.5,13.0,1021.2,0,2,1
2025-04-29 21:00:00,16.7,55,0.0,,65,3.7,11.1,1021.8,0,1,1
2025-04-29 22:00:00,15.0,60,0.0,,95,3.7,14.8,1022.6,0,1,1
2025-04-29 23:00:00,14.1,64,0.0,,76,3.7,11.1,1022.5,0,1,1
2025-04-30 00:00:00,13.5,67,0.0,,59,1.8,9.3,1022.4,0,1,1
2025-04-30 01:00:00,12.8,69,0.0,,53,3.7,7.4,1022.4,0,1,1
2025-04-30 02:00:00,12.3,72,0.0,,49,1.8,7.4,1022.5,0,2,1
2025-04-30 03:00:00,11.8,74,0.0,,53,1.8,3.7,1022.5,0,1,1
2025-04-30 04:00:00,10.7,81,0.0,,44,3.7,7.4,1022.8,0,1,1
2025-04-30 05:00:00,11.4,78,0.0,,31,1.8,7.4,1023.0,10,1,1
2025-04-30 06:00:00,12.7,73,0.0,,35,1.8,7.4,1023.1,27,1,1
2025-04-30 07:00:00,14.3,66,0.0,,15,1.8,5.5,1023.0,42,1,1
2025-04-30 08:00:00,16.1,60,0.0,,348,3.7,7.4,1022.6,49,1,1
2025-04-30 09:00:00,17.5,56,0.0,,353,3.7,11.1,1022.4,55,1,1
2025-04-30 10:00:00,19.5,51,0.0,,345,5.5,14.8,1021.3,57,1,1
2025-04-30 11:00:00,20.9,45,0.0,,14,7.4,16.7,1020.6,57,1,1
2025-04-30 12:00:00,21.8,42,0.0,,26,7.4,20.4,1020.0,54,1,1
2025-04-30 13:00:00,22.7,38,0.0,,32,7.4,22.2,1019.3,47,1,1
2025-04-30 14:00:00,23.5,34,0.0,,30,7.4,22.2,1018.9,51,1,1
2025-04-30 15:00:00,23.7,32,0.0,,34,7.4,24.1,1018.6,51,1,1
2025-04-30 16:00:00,23.9,29,0.0,,23,9.3,24.1,1017.5,53,1,1
2025-04-30 17:00:00,22.7,31,0.0,,33,7.4,20.4,1017.8,46,1,1
2025-04-30 18:00:00,21.1,36,0.0,,39,5.5,16.7,1018.5,27,0,1
2025-04-30 19:00:00,19.9,39,0.0,,47,5.5,14.8,1019.0,15,1,1
2025-04-30 20:00:00,18.4,44,0.0,,49,5.5,13.0,1019.6,0,1,1
2025-04-30 21:00:00,17.4,47,0.0,,52,5.5,11.1,1020.0,0,1,1
2025-04-30 22:00:00,16.6,50,0.0,,53,3.7,9.3,1020.2,0,1,1
2025-04-30 23:00:00,15.5,55,0.0,,41,3.7,7.4,1020.4,0,1,1
2025-05-01 00:00:00,14.9,58,0.0,,41,1.8,5.5,1020.6,0,0,1
2025-05-01 01:00:00,13.9,62,0.0,,47,1.8,5.5,1020.8,0,1,1
2025-05-01 02:00:00,13.4,65,0.0,,48,1.8,5.5,1021.0,0,1,1
2025-05-01 03:00:00,12.9,67,0.0,,54,1.8,3.7,1020.9,0,1,1
2025-05-01 04:00:00,11.3,71,0.0,,48,3.7,7.4,1021.2,0,0,1
2025-05-01 05:00:00,12.0,69,0.0,,54,1.8,7.4,1021.5,11,0,1
2025-05-01 06:00:00,13.4,65,0.0,,56,1.8,5.5,1021.6,27,0,1
2025-05-01 07:00:00,15.1,59,0.0,,55,1.8,3.7,1021.6,42,0,1
2025-05-01 08:00:00,17.0,54,0.0,,177,3.7,7.4,1021.1,50,0,1
2025-05-01 09:00:00,18.5,50,0.0,,312,3.7,9.3,1020.9,53,0,1
2025-05-01 10:00:00,21.1,44,0.0,,8,5.5,13.0,1019.8,59,1,1
2025-05-01 11:00:00,22.5,39,0.0,,47,5.5,14.8,1019.0,57,1,1
2025-05-01 12:00:00,23.3,36,0.0,,49,5.5,18.5,1018.3,52,0,1
2025-05-01 13:00:00,24.2,33,0.0,,45,7.4,18.5,1017.6,43,1,1
2025-05-01 14:00:00,25.0,29,0.0,,31,5.5,18.5,1017.0,48,1,1
2025-05-01 15:00:00,25.1,28,0.0,,28,5.5,18.5,1016.7,49,1,1
2025-05-01 16:00:00,25.4,23,0.0,,329,5.5,18.5,1015.7,55,1,1
2025-05-01 17:00:00,24.2,25,0.0,,360,5.5,16.7,1016.1,46,1,1
2025-05-01 18:00:00,22.3,31,0.0,,33,5.5,13.0,1016.6,27,0,1
2025-05-01 19:00:00,20.9,34,0.0,,67,3.7,11.1,1017.2,15,1,1
2025-05-01 20:00:00,19.5,39,0.0,,73,3.7,9.3,1017.8,0,1,1
2025-05-01 21:00:00,18.5,41,0.0,,77,3.7,9.3,1018.3,0,1,1
2025-05-01 22:00:00,16.2,49,0.0,,91,1.8,5.5,1018.3,0,0,1
2025-05-01 23:00:00,15.6,52,0.0,,115,1.8,5.5,1018.6,0,0,1
2025-05-02 00:00:00,15.1,54,0.0,,127,1.8,3.7,1018.8,0,0,1
2025-05-02 01:00:00,14.4,57,0.0,,110,1.8,3.7,1019.1,0,1,1
2025-05-02 02:00:00,14.0,59,0.0,,88,1.8,5.5,1019.3,0,1,1
2025-05-02 03:00:00,13.6,63,0.0,,119,1.8,3.7,1019.4,0,1,1
2025-05-02 04:00:00,13.1,67,0.0,,65,3.7,5.5,1019.7,0,0,1
2025-05-02 05:00:00,13.7,66,0.0,,145,1.8,5.5,1019.8,11,1,1
2025-05-02 06:00:00,14.9,62,0.0,,198,1.8,5.5,1019.8,28,1,1
2025-05-02 07:00:00,16.6,56,0.0,,222,1.8,5.5,1019.5,42,1,1
2025-05-02 08:00:00,18.6,51,0.0,,227,3.7,7.4,1018.9,50,1,1
2025-05-02 09:00:00,20.0,48,0.0,,231,3.7,9.3,1018.5,53,1,1
2025-05-02 10:00:00,22.9,46,0.0,,228,5.5,13.0,1016.9,59,1,1
2025-05-02 11:00:00,24.2,41,0.0,,230,5.5,14.8,1016.1,57,1,1
2025-05-02 12:00:00,25.0,38,0.0,,236,7.4,18.5,1015.3,53,1,1
2025-05-02 13:00:00,25.9,35,0.0,,236,7.4,20.4,1014.5,44,1,1
2025-05-02 14:00:00,26.9,31,0.0,,243,7.4,20.4,1013.8,45,2,1
2025-05-02 15:00:00,27.0,29,0.0,,243,7.4,20.4,1013.4,46,2,2
2025-05-02 16:00:00,26.4,26,0.0,,229,7.4,20.4,1012.8,50,2,1
2025-05-02 17:00:00,25.3,28,0.0,,233,7.4,18.5,1013.0,37,2,1
2025-05-02 18:00:00,23.7,33,0.0,,241,5.5,14.8,1013.6,21,3,1
2025-05-02 19:00:00,22.7,37,0.0,,248,3.7,11.1,1014.2,11,3,1
2025-05-02 20:00:00,21.5,42,0.0,,70,3.7,11.1,1014.8,0,4,2
2025-05-02 21:00:00,20.8,45,0.0,,24,3.7,13.0,1015.3,0,4,2
2025-05-02 22:00:00,18.8,53,0.0,,177,1.8,7.4,1014.9,0,4,2
2025-05-02 23:00:00,18.3,55,0.0,,243,3.7,9.3,1015.2,0,4,2
2025-05-03 00:00:00,17.9,57,0.0,,246,3.7,13.0,1015.4,0,4,2
2025-05-03 01:00:00,17.4,59,0.0,,243,5.5,14.8,1015.5,0,5,2
2025-05-03 02:00:00,17.0,61,0.0,,236,5.5,14.8,1015.4,0,5,2
2025-05-03 03:00:00,16.7,63,0.0,,234,5.5,18.5,1015.5,0,6,3
2025-05-03 04:00:00,16.8,58,0.0,,247,9.3,20.4,1015.9,0,6,2
2025-05-03 05:00:00,16.2,64,0.0,,234,5.5,18.5,1016.2,0,6,2
2025-05-03 06:00:00,16.1,66,0.0,,230,5.5,14.8,1016.2,2,7,2
2025-05-03 07:00:00,16.4,68,0.5,,222,5.5,14.8,1016.2,5,7,7
2025-05-03 08:00:00,16.8,68,0.0,,222,5.5,14.8,1015.8,8,7,7
2025-05-03 09:00:00,17.2,67,0.2,,213,7.4,16.7,1015.6,13,6,7
2025-05-03 10:00:00,17.7,68,0.0,,219,9.3,20.4,1015.1,13,7,7
2025-05-03 11:00:00,18.5,65,0.0,,221,11.1,24.1,1014.6,14,7,7
2025-05-03 12:00:00,19.0,63,2.3,,222,13.0,31.5,1013.9,16,7,17
2025-05-03 13:00:00,19.7,62,1.5,,224,14.8,35.2,1012.8,19,6,2
2025-05-03 14:00:00,20.3,59,0.0,,225,14.8,37.0,1012.0,18,6,2
2025-05-03 15:00:00,20.8,56,0.1,,228,16.7,38.9,1011.2,22,6,3
2025-05-03 16:00:00,20.2,56,0.0,,204,16.7,37.0,1010.2,25,4,2
2025-05-03 17:00:00,19.7,57,0.2,,214,14.8,37.0,1009.9,20,5,2
2025-05-03 18:00:00,19.0,58,0.0,,223,13.0,31.5,1009.9,8,5,2
2025-05-03 19:00:00,18.3,62,0.0,,222,13.0,31.5,1009.8,2,5,2
2025-05-03 20:00:00,17.7,64,0.0,,230,11.1,29.6,1010.1,0,5,2
2025-05-03 21:00:00,17.2,67,0.0,,231,11.1,29.6,1010.5,0,5,3
2025-05-03 22:00:00,17.2,67,3.1,,232,7.4,22.2,1010.2,0,6,7
2025-05-03 23:00:00,16.3,72,1.9,,230,7.4,24.1,1010.7,0,6,7
2025-05-04 00:00:00,15.7,77,2.1,,221,9.3,25.9,1010.7,0,7,7
2025-05-04 01:00:00,15.1,80,0.0,,221,9.3,25.9,1010.6,0,7,4
2025-05-04 02:00:00,14.7,82,0.3,,224,11.1,27.8,1010.4,0,7,4
2025-05-04 03:00:00,14.3,84,0.0,,227,9.3,25.9,1010.4,0,7,4
2025-05-04 04:00:00,14.2,80,0.0,,234,11.1,27.8,1010.5,0,6,7
2025-05-04 05:00:00,14.1,82,0.0,,232,9.3,25.9,1010.1,1,6,7
2025-05-04 06:00:00,14.3,82,0.0,,230,9.3,22.2,1009.7,3,6,7
2025-05-04 07:00:00,14.6,82,0.0,,225,9.3,22.2,1009.6,6,6,7
2025-05-04 08:00:00,14.9,81,0.0,,233,7.4,18.5,1009.3,9,6,7
2025-05-04 09:00:00,15.0,81,0.0,,257,7.4,18.5,1009.5,10,6,17
2025-05-04 10:00:00,17.4,68,0.5,,256,5.5,16.7,1007.7,20,6,17
2025-05-04 11:00:00,16.6,71,1.5,,337,5.5,18.5,1007.4,17,7,18
2025-05-04 12:00:00,15.7,75,0.1,,8,7.4,20.4,1007.3,11,7,18
2025-05-04 13:00:00,15.2,79,3.0,,18,7.4,22.2,1007.3,1,7,18
2025-05-04 14:00:00,14.7,82,1.3,,31,7.4,22.2,1007.3,0,8,25
2025-05-04 15:00:00,14.0,83,0.5,,33,9.3,22.2,1007.4,0,8,25
2025-05-04 16:00:00,10.9,94,0.3,,23,13.0,31.5,1008.7,0,7,25
2025-05-04 17:00:00,10.9,93,0.4,,29,13.0,29.6,1008.6,0,8,25
2025-05-04 18:00:00,10.7,89,0.9,,30,13.0,29.6,1008.8,0,8,8
2025-05-04 19:00:00,10.6,87,0.4,,34,13.0,31.5,1008.5,0,8,8
2025-05-04 20:00:00,10.0,87,0.2,,32,13.0,31.5,1008.6,0,8,8
2025-05-04 21:00:00,9.6,88,0.2,,37,13.0,31.5,1008.7,0,8,8
2025-05-04 22:00:00,8.9,95,0.2,,41,14.8,31.5,1008.6,0,8,8
2025-05-04 23:00:00,8.5,94,0.5,,46,14.8,33.3,1008.2,0,8,8
2025-05-05 00:00:00,7.8,96,0.5,,42,13.0,33.3,1008.1,0,8,8
2025-05-05 01:00:00,7.4,94,0.8,,42,14.8,33.3,1007.9,0,8,8
2025-05-05 02:00:00,7.4,92,1.2,,41,13.0,31.5,1007.4,0,8,8
2025-05-05 03:00:00,6.8,94,1.0,,39,13.0,29.6,1007.0,0,8,8
2025-05-05 04:00:00,6.8,94,1.5,,34,14.8,35.2,1006.9,0,8,9
2025-05-05 05:00:00,6.7,93,1.9,,35,13.0,33.3,1007.4,0,8,9
2025-05-05 06:00:00,6.4,93,2.1,,35,13.0,31.5,1007.9,0,8,9
2025-05-05 07:00:00,6.6,92,1.9,,34,11.1,27.8,1008.6,0,8,9
2025-05-05 08:00:00,6.5,93,0.8,,37,9.3,25.9,1009.1,0,8,9
2025-05-05 09:00:00,6.2,96,2.3,,39,9.3,24.1,1009.3,0,8,9
2025-05-05 10:00:00,6.8,97,1.8,,39,11.1,24.1,1010.0,0,8,9
2025-05-05 11:00:00,6.5,97,1.2,,37,11.1,25.9,1010.7,0,8,8
2025-05-05 12:00:00,6.1,99,1.0,,39,11.1,25.9,1011.4,0,8,8
2025-05-05 13:00:00,5.9,100,0.6,,43,11.1,25.9,1012.0,0,8,8
2025-05-05 14:00:00,5.7,100,0.6,,42,11.1,25.9,1012.5,0,8,8
2025-05-05 15:00:00,5.5,100,0.7,,44,11.1,25.9,1013.0,0,8,8
2025-05-05 16:00:00,6.1,93,0.4,,42,11.1,31.5,1012.7,0,8,8
2025-05-05 17:00:00,6.1,91,0.3,,44,11.1,27.8,1013.1,0,8,8
2025-05-05 18:00:00,5.9,93,0.2,,44,9.3,25.9,1013.5,0,8,8
2025-05-05 19:00:00,5.9,93,0.2,,42,9.3,24.1,1013.7,0,8,7
2025-05-05 20:00:00,5.5,95,0.2,,38,7.4,20.4,1014.1,0,8,7
2025-05-05 21:00:00,5.3,97,0.1,,37,7.4,18.5,1014.2,0,8,7
2025-05-05 22:00:00,5.2,97,0.0,,42,7.4,20.4,1014.0,0,8,7
2025-05-05 23:00:00,5.2,97,0.0,,40,9.3,22.2,1013.8,0,8,7
2025-05-06 00:00:00,5.4,95,0.0,,39,9.3,20.4,1013.5,0,8,7
2025-05-06 01:00:00,5.2,95,0.0,,42,9.3,20.4,1013.2,0,8,7
2025-05-06 02:00:00,5.4,93,0.0,,43,9.3,22.2,1013.2,0,8,7
2025-05-06 03:00:00,5.4,92,0.0,,42,11.1,24.1,1013.0,0,8,7
2025-05-06 04:00:00,5.7,89,0.0,,44,9.3,22.2,1013.1,0,8,7
2025-05-06 05:00:00,5.9,89,0.0,,43,11.1,24.1,1013.2,0,8,7
2025-05-06 06:00:00,5.9,90,0.0,,41,11.1,25.9,1013.4,0,8,7
2025-05-06 07:00:00,6.3,86,0.0,,39,13.0,29.6,1013.6,0,8,7
2025-05-06 08:00:00,6.8,84,0.0,,43,13.0,29.6,1013.8,0,8,7
2025-05-06 09:00:00,7.1,84,0.0,,45,13.0,31.5,1014.1,0,7,7
2025-05-06 10:00:00,6.8,88,0.0,,49,14.8,37.0,1014.2,0,8,4
2025-05-06 11:00:00,7.4,84,0.0,,49,14.8,37.0,1014.3,0,8,3
2025-05-06 12:00:00,7.8,83,0.0,,49,14.8,33.3,1014.4,0,8,3
2025-05-06 13:00:00,8.3,81,0.0,,52,13.0,31.5,1014.4,0,8,3
2025-05-06 14:00:00,8.5,80,0.0,,51,13.0,29.6,1014.6,0,7,3
2025-05-06 15:00:00,8.6,78,0.0,,49,11.1,29.6,1014.7,0,7,4
2025-05-06 16:00:00,9.5,70,0.0,,42,11.1,29.6,1014.4,0,8,4
2025-05-06 17:00:00,9.4,70,0.0,,47,11.1,27.8,1014.7,0,8,3
2025-05-06 18:00:00,8.8,72,0.0,,49,9.3,25.9,1015.2,0,8,2
2025-05-06 19:00:00,8.7,74,0.0,,52,7.4,24.1,1015.5,0,8,2
2025-05-06 20:00:00,8.4,74,0.0,,46,7.4,22.2,1015.8,0,6,3
2025-05-06 21:00:00,8.1,75,0.0,,44,7.4,20.4,1016.1,0,6,3
2025-05-06 22:00:00,7.5,80,0.0,,48,7.4,18.5,1015.9,0,7,4
2025-05-06 23:00:00,7.5,79,0.0,,49,7.4,18.5,1015.5,0,7,3
2025-05-07 00:00:00,7.3,79,0.0,,44,7.4,18.5,1015.3,0,6,3
2025-05-07 01:00:00,7.0,78,0.0,,43,7.4,20.4,1014.9,0,6,3
2025-05-07 02:00:00,6.9,78,0.0,,42,9.3,22.2,1014.7,0,6,3
2025-05-07 03:00:00,6.4,79,0.0,,40,9.3,22.2,1014.5,0,7,4
2025-05-07 04:00:00,5.7,86,0.0,,40,7.4,16.7,1014.6,0,6,3
2025-05-07 05:00:00,6.1,84,0.0,,37,7.4,20.4,1014.6,0,7,3
2025-05-07 06:00:00,6.7,81,0.0,,33,9.3,20.4,1014.6,1,7,2
2025-05-07 07:00:00,7.5,77,0.0,,33,9.3,20.4,1014.7,3,7,2
2025-05-07 08:00:00,8.0,76,0.0,,36,7.4,20.4,1014.6,2,7,3
2025-05-07 09:00:00,8.3,75,0.0,,39,7.4,20.4,1014.8,3,7,7
2025-05-07 10:00:00,11.4,70,0.5,,51,11.1,29.6,1013.2,11,7,7
2025-05-07 11:00:00,11.1,70,0.4,,51,11.1,27.8,1013.3,7,8,7
2025-05-07 12:00:00,10.9,72,0.2,,48,11.1,27.8,1013.3,1,8,7
2025-05-07 13:00:00,10.7,74,0.2,,47,9.3,24.1,1013.5,0,8,7
2025-05-07 14:00:00,10.5,76,0.0,,45,7.4,22.2,1013.5,0,8,7
2025-05-07 15:00:00,10.1,76,0.0,,43,7.4,20.4,1013.7,0,8,7
2025-05-07 16:00:00,10.7,66,0.0,,34,9.3,25.9,1013.5,0,8,7
2025-05-07 17:00:00,10.5,68,0.0,,33,7.4,20.4,1013.8,0,8,7
2025-05-07 18:00:00,9.6,72,0.0,,35,5.5,14.8,1014.2,0,8,7
2025-05-07 19:00:00,9.4,74,0.0,,33,3.7,13.0,1014.4,0,8,7
2025-05-07 20:00:00,9.1,75,0.0,,12,3.7,11.1,1014.8,0,7,7
2025-05-07 21:00:00,8.9,78,0.0,,12,3.7,9.3,1015.0,0,7,7
2025-05-07 22:00:00,8.1,83,0.0,,19,3.7,14.8,1014.6,0,8,4
2025-05-07 23:00:00,8.1,83,0.0,,12,3.7,13.0,1014.3,0,8,4
2025-05-08 00:00:00,8.1,82,0.0,,11,3.7,11.1,1014.1,0,8,4
2025-05-08 01:00:00,7.9,82,0.0,,22,3.7,9.3,1013.8,0,8,4
2025-05-08 02:00:00,7.7,83,0.0,,29,3.7,7.4,1013.7,0,8,4
2025-05-08 03:00:00,7.5,83,0.0,,34,3.7,7.4,1013.5,0,8,4
2025-05-08 04:00:00,7.6,87,0.0,,23,3.7,9.3,1013.3,0,8,4
2025-05-08 05:00:00,8.0,84,0.0,,24,5.5,11.1,1013.2,0,8,3
2025-05-08 06:00:00,8.5,81,0.0,,29,5.5,14.8,1013.2,0,8,3
2025-05-08 07:00:00,9.2,77,0.0,,35,7.4,16.7,1013.2,0,8,3
2025-05-08 08:00:00,9.9,73,0.0,,38,9.3,20.4,1013.1,0,7,3
2025-05-08 09:00:00,10.4,70,0.0,,43,9.3,22.2,1013.2,4,7,3
2025-05-08 10:00:00,11.5,69,0.0,,40,11.1,24.1,1012.5,9,7,4
2025-05-08 11:00:00,12.1,64,0.0,,43,13.0,29.6,1012.2,9,7,3
2025-05-08 12:00:00,12.4,62,0.0,,47,13.0,29.6,1011.8,13,7,2
2025-05-08 13:00:00,12.7,60,0.0,,49,13.0,31.5,1011.6,9,7,2
2025-05-08 14:00:00,13.1,57,0.0,,47,11.1,31.5,1011.5,7,7,3
2025-05-08 15:00:00,12.8,58,0.0,,49,11.1,29.6,1011.5,6,6,3
2025-05-08 16:00:00,12.1,61,0.0,,48,11.1,31.5,1011.8,7,6,3
2025-05-08 17:00:00,11.6,64,0.0,,48,11.1,31.5,1012.1,5,6,3
2025-05-08 18:00:00,10.9,66,0.0,,51,9.3,25.9,1012.6,4,6,2
2025-05-08 19:00:00,10.1,71,0.0,,49,9.3,25.9,1013.1,2,6,2
2025-05-08 20:00:00,9.6,72,0.0,,46,9.3,24.1,1013.7,0,6,2
2025-05-08 21:00:00,8.8,77,0.0,,43,9.3,24.1,1014.2,0,6,3
2025-05-08 22:00:00,8.2,75,0.0,,50,11.1,24.1,1014.9,0,6,4
2025-05-08 23:00:00,8.0,76,0.0,,50,11.1,24.1,1014.7,0,6,3
2025-05-09 00:00:00,7.7,77,0.0,,45,9.3,24.1,1014.6,0,6,3
2025-05-09 01:00:00,7.2,78,0.0,,42,9.3,20.4,1014.6,0,7,3
2025-05-09 02:00:00,6.8,81,0.0,,39,9.3,20.4,1014.7,0,7,3
2025-05-09 03:00:00,6.6,81,0.0,,38,7.4,20.4,1014.8,0,8,3
2025-05-09 04:00:00,6.2,83,0.0,,46,13.0,24.1,1014.9,0,7,3
2025-05-09 05:00:00,6.4,83,0.0,,48,11.1,25.9,1015.5,0,7,3
2025-05-09 06:00:00,6.8,82,0.0,,46,11.1,24.1,1015.9,0,8,7
2025-05-09 07:00:00,7.3,81,0.2,,44,9.3,22.2,1016.2,2,8,7
2025-05-09 08:00:00,7.9,79,0.3,,50,9.3,24.1,1016.4,1,8,7
2025-05-09 09:00:00,8.5,75,0.4,,52,9.3,24.1,1016.7,2,7,7
2025-05-09 10:00:00,10.5,69,0.3,,48,9.3,24.1,1016.6,19,7,7
2025-05-09 11:00:00,10.7,68,0.2,,50,11.1,25.9,1016.7,11,8,3
2025-05-09 12:00:00,11.0,68,0.2,,52,11.1,27.8,1016.7,5,8,2
2025-05-09 13:00:00,11.2,68,0.0,,50,11.1,29.6,1016.6,1,7,7
2025-05-09 14:00:00,11.5,67,0.0,,49,11.1,27.8,1016.6,1,7,3
2025-05-09 15:00:00,11.6,66,0.0,,50,11.1,27.8,1016.5,3,6,3
2025-05-09 16:00:00,13.5,56,0.0,,55,9.3,24.1,1016.0,9,6,3
2025-05-09 17:00:00,12.8,59,0.0,,59,9.3,24.1,1016.3,12,5,2
2025-05-09 18:00:00,11.7,63,0.0,,62,7.4,20.4,1016.8,8,4,2
2025-05-09 19:00:00,11.3,64,0.0,,64,7.4,20.4,1017.4,6,5,2
2025-05-09 20:00:00,10.5,66,0.0,,58,9.3,20.4,1017.9,0,4,2
2025-05-09 21:00:00,9.8,68,0.0,,53,9.3,18.5,1018.3,0,3,2
2025-05-09 22:00:00,8.6,69,0.0,,53,11.1,22.2,1018.8,0,2,1
2025-05-09 23:00:00,8.1,71,0.0,,51,9.3,20.4,1018.8,0,2,1
2025-05-10 00:00:00,7.6,73,0.0,,48,9.3,18.5,1018.9,0,2,2
2025-05-10 01:00:00,7.1,75,0.0,,47,7.4,16.7,1019.2,0,2,2
2025-05-10 02:00:00,6.6,77,0.0,,45,9.3,18.5,1019.4,0,2,1
2025-05-10 03:00:00,6.2,79,0.0,,44,7.4,18.5,1019.5,0,3,1
2025-05-10 04:00:00,5.6,82,0.0,,42,7.4,14.8,1020.1,0,2,1
2025-05-10 05:00:00,6.2,79,0.0,,44,7.4,16.7,1020.3,8,2,1
2025-05-10 06:00:00,7.4,75,0.0,,45,7.4,16.7,1020.3,19,2,1
2025-05-10 07:00:00,8.8,69,0.0,,46,7.4,14.8,1020.1,33,2,1
2025-05-10 08:00:00,10.3,64,0.0,,46,7.4,14.8,1019.6,38,2,1
2025-05-10 09:00:00,11.7,61,0.0,,38,7.4,16.7,1019.3,43,2,1
2025-05-10 10:00:00,13.8,58,0.0,,18,9.3,20.4,1018.5,55,2,1
2025-05-10 11:00:00,15.0,54,0.0,,30,7.4,20.4,1017.7,53,2,1
2025-05-10 12:00:00,15.7,51,0.0,,32,7.4,22.2,1017.0,50,2,1
2025-05-10 13:00:00,16.7,48,0.0,,34,7.4,20.4,1016.2,43,2,1
2025-05-10 14:00:00,17.5,46,0.0,,40,7.4,20.4,1015.7,42,2,2
2025-05-10 15:00:00,17.7,44,0.0,,40,7.4,22.2,1015.3,42,2,2
2025-05-10 16:00:00,18.9,38,0.0,,65,5.5,18.5,1014.2,48,2,2
2025-05-10 17:00:00,17.8,41,0.0,,58,7.4,16.7,1014.4,42,2,1
2025-05-10 18:00:00,16.2,47,0.0,,55,7.4,16.7,1014.6,24,1,1
2025-05-10 19:00:00,15.5,50,0.0,,59,7.4,16.7,1014.9,14,2,1
2025-05-10 20:00:00,14.2,54,0.0,,54,7.4,14.8,1015.3,0,2,1
2025-05-10 21:00:00,13.4,57,0.0,,52,7.4,16.7,1015.7,0,2,1
2025-05-10 22:00:00,12.3,59,0.0,,42,9.3,18.5,1015.9,0,1,1
2025-05-10 23:00:00,11.4,63,0.0,,41,7.4,16.7,1015.9,0,1,1
2025-05-11 00:00:00,10.8,66,0.0,,41,7.4,16.7,1016.0,0,1,1
2025-05-11 01:00:00,10.1,69,0.0,,43,7.4,14.8,1016.0,0,2,1
2025-05-11 02:00:00,9.5,73,0.0,,42,7.4,14.8,1015.8,0,2,1
2025-05-11 03:00:00,9.0,76,0.0,,44,7.4,14.8,1015.6,0,2,1
2025-05-11 04:00:00,9.3,74,0.0,,47,5.5,13.0,1015.5,0,2,1
2025-05-11 05:00:00,9.9,73,0.0,,44,5.5,13.0,1015.4,14,2,1
2025-05-11 06:00:00,10.9,71,0.0,,45,5.5,13.0,1015.1,24,4,1
2025-05-11 07:00:00,12.4,65,0.0,,45,5.5,14.8,1014.6,40,3,1
2025-05-11 08:00:00,13.9,60,0.0,,44,5.5,14.8,1014.0,44,3,1
2025-05-11 09:00:00,15.2,56,0.0,,40,7.4,16.7,1013.4,49,2,1
2025-05-11 10:00:00,17.0,51,0.0,,42,9.3,24.1,1012.7,56,2,1
2025-05-11 11:00:00,18.2,47,0.0,,43,11.1,25.9,1011.9,54,1,1
2025-05-11 12:00:00,18.9,45,0.0,,43,11.1,27.8,1011.1,53,1,1
2025-05-11 13:00:00,19.7,43,0.0,,50,11.1,27.8,1010.3,45,2,1
2025-05-11 14:00:00,20.3,40,0.0,,53,9.3,25.9,1009.7,44,2,1
2025-05-11 15:00:00,20.2,39,0.0,,52,9.3,27.8,1009.3,43,2,2
2025-05-11 16:00:00,21.6,32,0.0,,40,9.3,25.9,1008.1,50,2,2
2025-05-11 17:00:00,20.4,35,0.0,,53,9.3,24.1,1008.2,43,2,1
2025-05-11 18:00:00,18.5,40,0.0,,56,7.4,20.4,1008.5,25,1,1
2025-05-11 19:00:00,17.7,43,0.0,,60,9.3,20.4,1008.9,15,2,1
2025-05-11 20:00:00,16.4,47,0.0,,57,9.3,20.4,1009.4,0,2,1
2025-05-11 21:00:00,15.5,50,0.0,,53,9.3,22.2,1009.9,0,2,1
2025-05-11 22:00:00,15.1,47,0.0,,44,11.1,24.1,1009.7,0,1,1
2025-05-11 23:00:00,14.1,51,0.0,,38,9.3,20.4,1010.3,0,1,1
2025-05-12 00:00:00,13.4,55,0.0,,32,7.4,16.7,1011.0,0,2,1
2025-05-12 01:00:00,12.6,59,0.0,,32,5.5,13.0,1011.5,0,2,1
2025-05-12 02:00:00,11.8,63,0.0,,32,3.7,11.1,1011.7,0,2,1
2025-05-12 03:00:00,11.4,67,0.0,,32,3.7,11.1,1012.1,0,3,1
2025-05-12 04:00:00,11.8,80,0.0,,273,5.5,14.8,1012.9,0,3,2
2025-05-12 05:00:00,12.1,79,0.0,,274,3.7,11.1,1012.9,6,3,2
2025-05-12 06:00:00,12.8,76,0.0,,264,3.7,13.0,1012.8,13,3,2
2025-05-12 07:00:00,13.5,73,0.0,,255,3.7,9.3,1012.8,24,3,2
2025-05-12 08:00:00,14.4,68,0.0,,249,3.7,9.3,1012.5,28,3,2
2025-05-12 09:00:00,15.1,65,0.0,,293,3.7,11.1,1012.4,32,3,2
2025-05-12 10:00:00,17.5,55,0.0,,304,5.5,16.7,1011.1,35,4,2
2025-05-12 11:00:00,17.7,54,0.0,,330,5.5,16.7,1010.9,33,4,2
2025-05-12 12:00:00,17.5,53,0.0,,346,7.4,18.5,1010.4,29,4,2
2025-05-12 13:00:00,17.6,53,0.0,,340,7.4,22.2,1010.3,23,5,2
2025-05-12 14:00:00,18.0,53,0.0,,268,7.4,22.2,1010.1,22,5,2
2025-05-12 15:00:00,17.7,52,0.0,,272,9.3,24.1,1010.2,18,6,3
2025-05-12 16:00:00,17.9,47,0.0,,323,9.3,24.1,1010.0,7,6,3
2025-05-12 17:00:00,16.4,55,1.4,,293,7.4,22.2,1010.9,6,6,2
2025-05-12 18:00:00,14.6,62,0.2,,257,5.5,20.4,1011.9,0,6,17
2025-05-12 19:00:00,13.9,69,0.2,,242,5.5,20.4,1013.0,0,7,17
2025-05-12 20:00:00,13.3,73,0.0,,222,5.5,18.5,1013.5,0,7,17
2025-05-12 21:00:00,12.8,76,0.0,,222,5.5,16.7,1014.1,0,7,17
2025-05-12 22:00:00,10.2,91,0.0,,194,7.4,24.1,1015.6,0,7,7
2025-05-12 23:00:00,10.5,89,0.0,,196,5.5,18.5,1015.4,0,7,4
2025-05-13 00:00:00,10.6,89,0.0,,206,3.7,13.0,1015.4,0,6,3
2025-05-13 01:00:00,10.6,87,0.0,,223,5.5,11.1,1015.3,0,7,3
2025-05-13 02:00:00,10.5,88,0.0,,214,3.7,9.3,1015.3,0,7,4
2025-05-13 03:00:00,10.5,89,0.0,,195,3.7,7.4,1015.5,0,7,4
2025-05-13 04:00:00,9.8,94,0.0,,70,3.7,7.4,1016.1,0,6,3
2025-05-13 05:00:00,10.4,90,0.0,,49,3.7,9.3,1016.0,2,6,3
2025-05-13 06:00:00,11.4,85,0.0,,48,3.7,9.3,1016.1,2,6,2
2025-05-13 07:00:00,12.1,80,0.0,,51,5.5,13.0,1015.9,7,6,2
2025-05-13 08:00:00,13.3,73,0.0,,48,5.5,13.0,1015.7,11,6,2
2025-05-13 09:00:00,14.3,68,0.0,,45,5.5,14.8,1015.6,17,6,2
2025-05-13 10:00:00,15.8,63,0.0,,38,7.4,16.7,1015.7,36,5,4
2025-05-13 11:00:00,16.5,58,0.0,,47,7.4,20.4,1015.2,33,5,2
2025-05-13 12:00:00,16.9,54,0.1,,50,7.4,20.4,1014.6,31,5,2
2025-05-13 13:00:00,17.6,50,0.1,,53,7.4,22.2,1014.2,26,5,2
2025-05-13 14:00:00,18.3,46,0.0,,59,7.4,22.2,1014.0,25,5,2
2025-05-13 15:00:00,18.4,45,0.0,,57,7.4,22.2,1013.8,24,5,2
2025-05-13 16:00:00,17.9,45,0.0,,63,7.4,20.4,1013.8,19,4,2
2025-05-13 17:00:00,17.1,48,0.0,,69,5.5,16.7,1014.0,18,4,2
2025-05-13 18:00:00,16.0,51,0.0,,73,5.5,14.8,1014.3,13,3,2
2025-05-13 19:00:00,14.8,55,0.0,,75,5.5,13.0,1014.7,7,4,2
2025-05-13 20:00:00,14.2,57,0.0,,58,5.5,13.0,1015.3,0,4,2
2025-05-13 21:00:00,13.3,60,0.0,,53,5.5,11.1,1015.8,0,3,2
2025-05-13 22:00:00,12.6,73,0.0,,57,3.7,9.3,1016.1,0,3,2
2025-05-13 23:00:00,11.9,73,0.0,,48,5.5,11.1,1016.3,0,2,2
2025-05-14 00:00:00,11.3,72,0.0,,43,3.7,9.3,1016.6,0,1,1
2025-05-14 01:00:00,10.7,73,0.0,,46,3.7,9.3,1016.9,0,2,1
2025-05-14 02:00:00,10.0,74,0.0,,44,3.7,9.3,1017.1,0,2,1
2025-05-14 03:00:00,9.5,77,0.0,,49,3.7,9.3,1017.2,0,2,1
2025-05-14 04:00:00,8.2,73,0.0,,51,3.7,9.3,1018.2,0,1,1
2025-05-14 05:00:00,9.2,70,0.0,,45,3.7,9.3,1018.1,10,1,1
2025-05-14 06:00:00,10.9,66,0.0,,46,3.7,9.3,1017.9,26,1,1
2025-05-14 07:00:00,12.3,61,0.0,,47,3.7,9.3,1017.7,41,1,1
2025-05-14 08:00:00,14.1,55,0.0,,34,3.7,9.3,1017.2,47,1,1
2025-05-14 09:00:00,15.6,51,0.0,,19,3.7,11.1,1017.1,53,1,1
2025-05-14 10:00:00,18.0,36,0.0,,31,7.4,16.7,1016.2,59,1,1
2025-05-14 11:00:00,19.0,34,0.0,,22,7.4,18.5,1015.8,56,1,1
2025-05-14 12:00:00,19.5,33,0.0,,358,7.4,20.4,1015.2,53,1,1
2025-05-14 13:00:00,20.3,31,0.0,,359,7.4,20.4,1014.8,44,1,1
2025-05-14 14:00:00,21.0,30,0.0,,351,5.5,18.5,1014.4,48,1,1
2025-05-14 15:00:00,21.2,29,0.0,,342,7.4,20.4,1014.1,49,1,1
2025-05-14 16:00:00,21.1,27,0.0,,306,5.5,18.5,1013.5,49,1,1
2025-05-14 17:00:00,20.3,30,0.0,,322,5.5,16.7,1013.6,47,1,1
2025-05-14 18:00:00,18.7,35,0.0,,357,5.5,11.1,1014.0,29,0,1
2025-05-14 19:00:00,17.4,39,0.0,,45,3.7,9.3,1014.5,17,1,1
2025-05-14 20:00:00,16.0,44,0.0,,61,3.7,7.4,1014.9,0,1,1
2025-05-14 21:00:00,15.1,47,0.0,,78,3.7,7.4,1015.4,0,1,1
2025-05-14 22:00:00,13.5,55,0.0,,99,1.8,7.4,1015.3,0,0,1
2025-05-14 23:00:00,12.9,57,0.0,,115,1.8,5.5,1015.3,0,0,1
2025-05-15 00:00:00,12.3,60,0.0,,215,0.0,3.7,1015.2,0,0,1
2025-05-15 01:00:00,11.7,63,0.0,,221,0.0,1.8,1015.2,0,1,1
2025-05-15 02:00:00,11.2,65,0.0,,188,1.8,3.7,1015.0,0,1,1
2025-05-15 03:00:00,10.8,68,0.0,,173,1.8,5.5,1014.9,0,1,1
2025-05-15 04:00:00,10.1,79,0.0,,206,1.8,3.7,1015.3,0,2,1
2025-05-15 05:00:00,11.0,75,0.0,,212,1.8,7.4,1015.0,9,2,1
2025-05-15 06:00:00,12.5,69,0.0,,218,3.7,7.4,1014.6,19,3,1
2025-05-15 07:00:00,13.7,64,0.0,,235,3.7,9.3,1014.3,31,3,1
2025-05-15 08:00:00,15.2,58,0.0,,245,5.5,11.1,1013.8,36,3,2
2025-05-15 09:00:00,16.4,53,0.0,,261,7.4,16.7,1013.7,39,4,2
2025-05-15 10:00:00,18.0,47,0.0,,251,7.4,18.5,1012.7,39,3,4
2025-05-15 11:00:00,18.6,43,0.0,,276,7.4,22.2,1012.4,38,3,1
2025-05-15 12:00:00,18.9,41,0.0,,292,9.3,24.1,1012.0,38,4,1
2025-05-15 13:00:00,19.4,39,0.0,,311,9.3,25.9,1011.8,32,4,1
2025-05-15 14:00:00,19.8,37,0.0,,323,9.3,25.9,1011.6,32,4,2
2025-05-15 15:00:00,19.6,35,0.0,,353,11.1,27.8,1011.6,31,5,2
2025-05-15 16:00:00,19.1,29,0.0,,346,11.1,31.5,1011.3,30,5,2
2025-05-15 17:00:00,17.9,32,0.0,,11,11.1,31.5,1012.0,21,5,2
2025-05-15 18:00:00,16.3,37,0.0,,24,11.1,29.6,1013.1,12,5,2
2025-05-15 19:00:00,15.4,39,0.0,,34,11.1,29.6,1014.1,6,4,2
2025-05-15 20:00:00,14.2,41,0.0,,41,11.1,29.6,1015.4,0,4,2
2025-05-15 21:00:00,13.4,42,0.0,,44,11.1,29.6,1016.4,0,3,2
2025-05-15 22:00:00,12.0,39,0.0,,48,11.1,29.6,1017.0,0,3,2
2025-05-15 23:00:00,11.2,42,0.0,,47,9.3,25.9,1017.2,0,3,1
2025-05-16 00:00:00,10.1,46,0.0,,46,9.3,24.1,1017.4,0,2,1
2025-05-16 01:00:00,9.3,49,0.0,,44,9.3,24.1,1017.8,0,2,1
2025-05-16 02:00:00,8.6,51,0.0,,42,9.3,24.1,1018.0,0,2,1
2025-05-16 03:00:00,7.9,55,0.0,,40,9.3,24.1,1018.1,0,1,1
2025-05-16 04:00:00,8.1,54,0.0,,42,9.3,24.1,1018.4,3,2,1
2025-05-16 05:00:00,8.6,54,0.0,,41,9.3,22.2,1018.5,15,2,1
2025-05-16 06:00:00,9.6,52,0.0,,38,11.1,25.9,1018.2,27,4,1
2025-05-16 07:00:00,10.9,48,0.0,,37,11.1,25.9,1018.1,44,3,1
2025-05-16 08:00:00,12.3,44,0.0,,37,11.1,27.8,1017.6,49,2,1
2025-05-16 09:00:00,13.5,40,0.0,,38,13.0,29.6,1017.4,55,2,1
2025-05-16 10:00:00,14.5,37,0.0,,41,13.0,29.6,1017.0,50,2,1
2025-05-16 11:00:00,15.8,34,0.0,,40,11.1,31.5,1016.8,47,3,1
2025-05-16 12:00:00,16.1,32,0.0,,39,11.1,29.6,1016.5,33,3,1
2025-05-16 13:00:00,16.5,30,0.0,,35,9.3,27.8,1016.3,36,4,1
2025-05-16 14:00:00,16.8,30,0.0,,34,7.4,24.1,1016.0,34,4,2
2025-05-16 15:00:00,16.5,30,0.0,,32,7.4,24.1,1015.6,26,4,2
2025-05-16 16:00:00,15.7,31,0.0,,33,5.5,18.5,1015.7,9,5,2
2025-05-16 17:00:00,15.2,32,0.0,,34,5.5,14.8,1015.7,11,5,2
2025-05-16 18:00:00,13.9,38,0.0,,46,5.5,13.0,1015.9,5,5,2
2025-05-16 19:00:00,13.0,42,0.0,,53,5.5,13.0,1016.2,1,6,2
2025-05-16 20:00:00,12.3,46,0.0,,56,5.5,11.1,1016.7,0,6,2
2025-05-16 21:00:00,11.8,48,0.0,,55,5.5,9.3,1016.9,0,6,3
2025-05-16 22:00:00,12.1,50,0.0,,46,3.7,9.3,1016.7,0,6,4
2025-05-16 23:00:00,11.4,52,0.0,,39,3.7,11.1,1016.6,0,6,3
2025-05-17 00:00:00,10.8,56,0.0,,38,3.7,11.1,1016.6,0,6,3
2025-05-17 01:00:00,10.2,58,0.0,,44,3.7,9.3,1016.7,0,5,3
2025-05-17 02:00:00,9.6,61,0.0,,44,3.7,7.4,1016.7,0,5,3
2025-05-17 03:00:00,9.0,64,0.0,,56,1.8,7.4,1016.5,0,5,3
2025-05-17 04:00:00,9.9,67,0.0,,13,3.7,9.3,1016.5,0,4,2
2025-05-17 05:00:00,10.4,66,0.0,,38,1.8,7.4,1016.6,5,3,2
2025-05-17 06:00:00,11.4,62,0.0,,144,3.7,9.3,1016.6,12,3,2
2025-05-17 07:00:00,12.3,58,0.0,,220,1.8,7.4,1016.4,24,3,2
2025-05-17 08:00:00,13.5,53,0.0,,221,3.7,9.3,1016.1,28,3,2
2025-05-17 09:00:00,14.3,50,0.0,,231,5.5,11.1,1016.1,34,3,2
2025-05-17 10:00:00,16.3,40,0.0,,240,5.5,13.0,1015.4,42,4,2
2025-05-17 11:00:00,16.7,38,0.0,,255,5.5,16.7,1015.2,38,4,2
2025-05-17 12:00:00,17.0,37,0.0,,250,7.4,18.5,1014.7,33,4,2
2025-05-17 13:00:00,17.6,36,0.0,,256,7.4,20.4,1014.3,25,4,2
2025-05-17 14:00:00,18.2,34,0.0,,256,7.4,20.4,1014.2,26,4,2
2025-05-17 15:00:00,18.2,34,0.0,,258,7.4,22.2,1014.0,27,4,2
2025-05-17 16:00:00,17.7,35,0.0,,338,7.4,20.4,1013.8,12,5,2
2025-05-17 17:00:00,17.0,37,0.0,,313,7.4,18.5,1013.9,18,4,2
2025-05-17 18:00:00,15.9,41,0.0,,310,5.5,16.7,1014.3,11,4,2
2025-05-17 19:00:00,14.9,45,0.0,,309,5.5,14.8,1015.0,5,5,2
2025-05-17 20:00:00,14.0,51,0.0,,321,5.5,13.0,1015.8,1,5,2
2025-05-17 21:00:00,13.4,55,0.0,,13,3.7,13.0,1016.4,0,5,2
2025-05-17 22:00:00,12.7,57,0.0,,360,3.7,9.3,1016.2,0,5,2
2025-05-17 23:00:00,12.0,63,0.0,,32,3.7,11.1,1016.7,0,5,2
2025-05-18 00:00:00,11.5,67,0.0,,59,3.7,11.1,1017.1,0,5,2
2025-05-18 01:00:00,11.0,70,0.0,,85,1.8,9.3,1017.4,0,5,3
2025-05-18 02:00:00,10.6,73,0.0,,84,1.8,7.4,1017.5,0,5,3
2025-05-18 03:00:00,10.2,76,0.0,,146,1.8,7.4,1017.5,0,5,3
2025-05-18 04:00:00,10.0,74,0.0,,341,3.7,7.4,1017.4,0,4,2
2025-05-18 05:00:00,10.5,74,0.0,,351,1.8,7.4,1017.3,3,3,2
2025-05-18 06:00:00,11.4,71,0.0,,218,3.7,9.3,1017.1,9,3,2
2025-05-18 07:00:00,12.5,66,0.0,,236,3.7,9.3,1017.0,17,3,2
2025-05-18 08:00:00,13.7,61,0.0,,236,5.5,13.0,1016.7,22,3,2
2025-05-18 09:00:00,14.7,56,0.1,,236,7.4,16.7,1016.8,29,3,2
2025-05-18 10:00:00,16.7,49,0.0,,246,9.3,20.4,1016.0,47,4,2
2025-05-18 11:00:00,17.4,45,0.0,,251,9.3,22.2,1015.6,43,4,2
2025-05-18 12:00:00,17.9,43,0.0,,251,9.3,25.9,1015.1,39,3,2
2025-05-18 13:00:00,18.6,40,0.0,,255,11.1,25.9,1014.6,33,3,2
2025-05-18 14:00:00,19.4,37,0.0,,260,9.3,25.9,1014.2,34,3,2
2025-05-18 15:00:00,19.7,35,0.0,,265,9.3,25.9,1014.0,37,3,2
2025-05-18 16:00:00,19.9,36,0.0,,256,7.4,22.2,1013.3,43,2,2
2025-05-18 17:00:00,19.0,37,0.0,,271,7.4,18.5,1013.5,40,2,2
2025-05-18 18:00:00,17.5,41,0.0,,289,5.5,14.8,1014.1,27,1,1
2025-05-18 19:00:00,16.4,44,0.0,,322,5.5,13.0,1014.8,16,2,1
2025-05-18 20:00:00,15.0,49,0.0,,12,3.7,11.1,1015.4,0,2,1
2025-05-18 21:00:00,14.2,52,0.0,,23,3.7,9.3,1016.0,0,2,1
2025-05-18 22:00:00,13.5,55,0.0,,34,3.7,9.3,1016.3,0,2,1
2025-05-18 23:00:00,12.5,59,0.0,,41,3.7,7.4,1016.4,0,2,1
2025-05-19 00:00:00,12.0,61,0.0,,25,3.7,9.3,1016.6,0,0,1
2025-05-19 01:00:00,11.2,65,0.0,,25,3.7,9.3,1016.9,0,2,1
2025-05-19 02:00:00,10.6,66,0.0,,35,5.5,11.1,1017.1,0,2,1
2025-05-19 03:00:00,10.1,69,0.0,,43,5.5,11.1,1017.0,0,2,1
2025-05-19 04:00:00,9.1,70,0.0,,40,9.3,18.5,1017.8,0,2,1
2025-05-19 05:00:00,9.8,69,0.0,,44,7.4,18.5,1017.9,11,2,1
2025-05-19 06:00:00,11.2,65,0.0,,43,7.4,16.7,1017.9,23,2,1
2025-05-19 07:00:00,12.7,61,0.0,,50,7.4,14.8,1017.7,36,2,1
2025-05-19 08:00:00,14.5,56,0.0,,43,7.4,14.8,1017.3,43,3,1
2025-05-19 09:00:00,15.8,53,0.0,,44,5.5,14.8,1017.1,48,3,1
2025-05-19 10:00:00,18.2,45,0.0,,42,7.4,16.7,1016.6,55,2,1
2025-05-19 11:00:00,19.2,42,0.0,,54,7.4,18.5,1016.0,52,2,1
2025-05-19 12:00:00,19.9,39,0.0,,52,7.4,20.4,1015.3,45,3,1
2025-05-19 13:00:00,20.8,37,0.0,,45,7.4,20.4,1014.6,40,3,1
2025-05-19 14:00:00,21.4,35,0.0,,48,7.4,20.4,1014.2,38,4,2
2025-05-19 15:00:00,21.3,34,0.0,,51,7.4,20.4,1013.8,35,5,2
2025-05-19 16:00:00,22.4,35,0.0,,43,9.3,22.2,1012.4,38,4,2
2025-05-19 17:00:00,21.0,37,0.0,,45,7.4,18.5,1012.5,29,4,2
2025-05-19 18:00:00,19.3,42,0.0,,49,7.4,16.7,1012.9,16,4,2
2025-05-19 19:00:00,18.5,45,0.0,,52,7.4,14.8,1013.4,10,6,2
2025-05-19 20:00:00,17.3,49,0.0,,47,7.4,14.8,1014.1,2,6,2
2025-05-19 21:00:00,16.5,51,0.0,,42,7.4,14.8,1014.7,0,6,3
2025-05-19 22:00:00,16.8,51,0.0,,48,7.4,14.8,1014.7,0,4,4
2025-05-19 23:00:00,16.0,54,0.0,,40,7.4,14.8,1014.7,0,5,3
2025-05-20 00:00:00,15.1,58,0.0,,32,5.5,14.8,1014.8,0,6,3
2025-05-20 01:00:00,14.4,60,0.3,,27,5.5,13.0,1015.1,0,7,3
2025-05-20 02:00:00,13.7,63,0.0,,27,5.5,13.0,1015.2,0,7,3
2025-05-20 03:00:00,13.1,66,0.0,,28,5.5,14.8,1015.2,0,8,3
2025-05-20 04:00:00,13.3,67,0.0,,336,7.4,14.8,1015.6,0,6,3
2025-05-20 05:00:00,13.5,67,0.0,,358,5.5,14.8,1015.6,3,6,3
2025-05-20 06:00:00,13.9,65,0.0,,2,5.5,14.8,1015.6,3,6,2
2025-05-20 07:00:00,14.5,62,0.0,,6,5.5,13.0,1015.5,8,6,2
2025-05-20 08:00:00,15.3,59,0.0,,9,5.5,13.0,1015.2,14,6,2
2025-05-20 09:00:00,15.9,58,0.0,,2,5.5,14.8,1015.1,22,6,3
2025-05-20 10:00:00,17.9,58,0.0,,54,9.3,22.2,1014.0,33,7,4
2025-05-20 11:00:00,18.2,55,0.0,,47,7.4,22.2,1013.6,28,7,3
2025-05-20 12:00:00,18.4,55,0.0,,36,7.4,18.5,1013.2,24,7,2
2025-05-20 13:00:00,18.8,53,0.0,,47,7.4,20.4,1012.9,17,7,2
2025-05-20 14:00:00,19.0,52,0.0,,48,7.4,18.5,1012.7,13,7,3
2025-05-20 15:00:00,18.7,53,0.6,,48,7.4,18.5,1012.4,8,8,3
2025-05-20 16:00:00,19.4,50,0.0,,294,5.5,18.5,1012.4,0,7,3
2025-05-20 17:00:00,18.2,56,0.4,,271,5.5,18.5,1012.9,0,7,17
2025-05-20 18:00:00,16.7,64,0.2,,252,5.5,16.7,1013.7,0,7,17
2025-05-20 19:00:00,16.1,69,0.0,,241,5.5,16.7,1014.3,0,7,18
2025-05-20 20:00:00,15.5,73,0.0,,235,5.5,14.8,1014.9,0,8,18
2025-05-20 21:00:00,14.9,76,0.7,,229,5.5,14.8,1015.4,0,8,7
2025-05-20 22:00:00,12.8,95,2.4,,202,3.7,11.1,1016.6,0,7,8
2025-05-20 23:00:00,12.7,95,0.8,,218,3.7,13.0,1016.4,0,7,8
2025-05-21 00:00:00,12.8,94,1.2,,219,3.7,11.1,1016.1,0,7,8
2025-05-21 01:00:00,12.7,95,0.7,,218,3.7,11.1,1015.8,0,7,7
2025-05-21 02:00:00,12.7,95,0.9,,219,3.7,9.3,1015.4,0,8,7
2025-05-21 03:00:00,12.7,95,0.6,,219,3.7,9.3,1015.3,0,8,7
2025-05-21 04:00:00,12.2,97,0.5,,181,3.7,9.3,1015.7,0,8,7
2025-05-21 05:00:00,12.4,97,0.6,,203,3.7,9.3,1015.8,0,8,7
2025-05-21 06:00:00,12.7,97,0.5,,221,5.5,11.1,1015.9,0,8,7
2025-05-21 07:00:00,13.1,96,0.5,,226,5.5,13.0,1015.8,0,8,7
2025-05-21 08:00:00,13.4,94,0.3,,225,5.5,13.0,1015.6,0,8,7
2025-05-21 09:00:00,13.9,91,0.1,,221,5.5,14.8,1015.6,0,8,7
2025-05-21 10:00:00,14.1,90,0.1,,220,7.4,16.7,1015.1,0,8,7
2025-05-21 11:00:00,14.7,84,0.2,,222,7.4,20.4,1014.6,0,8,7
2025-05-21 12:00:00,14.9,82,0.0,,226,9.3,20.4,1014.0,0,8,18
2025-05-21 13:00:00,15.2,82,3.0,,223,9.3,22.2,1013.4,1,8,18
2025-05-21 14:00:00,15.2,80,2.3,,223,9.3,22.2,1013.1,2,8,25
2025-05-21 15:00:00,15.2,78,3.5,,226,9.3,22.2,1012.9,0,8,25
2025-05-21 16:00:00,14.5,77,0.0,,207,9.3,22.2,1012.9,0,8,25
2025-05-21 17:00:00,14.0,81,0.3,,217,9.3,22.2,1012.6,0,8,25
2025-05-21 18:00:00,13.3,83,0.0,,225,7.4,20.4,1012.8,0,8,25
2025-05-21 19:00:00,12.9,85,0.4,,227,7.4,20.4,1013.0,0,8,25
2025-05-21 20:00:00,12.2,89,0.8,,226,7.4,18.5,1013.5,0,8,25
2025-05-21 21:00:00,11.7,91,1.6,,223,5.5,14.8,1013.8,0,8,8
2025-05-21 22:00:00,10.8,93,1.6,,242,7.4,20.4,1014.7,0,8,8
2025-05-21 23:00:00,10.6,94,0.6,,227,5.5,16.7,1014.0,0,8,8
2025-05-22 00:00:00,10.7,94,0.3,,221,5.5,13.0,1013.3,0,8,8
2025-05-22 01:00:00,10.5,94,0.0,,224,3.7,13.0,1012.3,0,8,8
2025-05-22 02:00:00,10.4,94,0.0,,217,3.7,11.1,1011.6,0,8,7
2025-05-22 03:00:00,10.2,95,0.0,,222,3.7,9.3,1011.1,0,8,7
2025-05-22 04:00:00,9.8,95,0.2,,242,3.7,7.4,1010.4,0,8,7
2025-05-22 05:00:00,9.9,95,0.3,,266,3.7,11.1,1010.7,0,8,7
2025-05-22 06:00:00,9.8,95,0.9,,258,5.5,13.0,1011.1,0,8,8
2025-05-22 07:00:00,9.8,95,1.3,,264,5.5,13.0,1011.6,0,8,8
2025-05-22 08:00:00,9.9,94,0.9,,261,5.5,13.0,1012.1,0,7,8
2025-05-22 09:00:00,9.9,93,0.5,,257,5.5,13.0,1012.5,0,8,8
2025-05-22 10:00:00,9.7,92,0.3,,268,5.5,14.8,1013.4,0,8,9
2025-05-22 11:00:00,9.8,92,0.5,,244,5.5,14.8,1013.7,0,8,9
2025-05-22 12:00:00,9.9,91,0.7,,238,7.4,14.8,1013.7,0,8,9
2025-05-22 13:00:00,9.9,92,0.8,,230,7.4,14.8,1014.1,0,8,8
2025-05-22 14:00:00,10.2,90,1.5,,224,7.4,14.8,1014.3,0,7,8
2025-05-22 15:00:00,10.2,90,1.3,,226,7.4,14.8,1014.5,0,8,7
2025-05-22 16:00:00,10.2,91,0.5,,247,5.5,13.0,1014.7,0,7,7
2025-05-22 17:00:00,10.3,90,0.8,,240,5.5,13.0,1014.9,0,7,7
2025-05-22 18:00:00,9.9,90,1.8,,233,5.5,11.1,1015.3,0,7,7
2025-05-22 19:00:00,9.6,92,0.1,,229,3.7,9.3,1015.9,0,7,7
2025-05-22 20:00:00,9.2,93,0.0,,228,3.7,9.3,1016.6,0,7,7
2025-05-22 21:00:00,8.9,93,0.1,,235,3.7,7.4,1017.2,0,6,7
2025-05-22 22:00:00,9.0,95,0.2,,160,1.8,3.7,1017.3,0,7,7
2025-05-22 23:00:00,8.7,96,0.0,,209,1.8,5.5,1017.3,0,7,7
2025-05-23 00:00:00,8.5,95,0.1,,234,1.8,5.5,1017.2,0,6,3
2025-05-23 01:00:00,8.3,94,0.7,,217,1.8,5.5,1017.2,0,6,4
2025-05-23 02:00:00,8.0,95,0.0,,232,1.8,5.5,1017.2,0,6,4
2025-05-23 03:00:00,7.9,95,0.0,,243,3.7,7.4,1017.1,0,6,4
2025-05-23 04:00:00,8.2,96,0.0,,266,1.8,5.5,1016.8,0,6,3
2025-05-23 05:00:00,8.5,93,0.8,,252,3.7,7.4,1017.1,0,6,2
2025-05-23 06:00:00,8.9,90,0.2,,243,3.7,11.1,1017.2,0,6,2
2025-05-23 07:00:00,9.6,85,0.2,,244,5.5,13.0,1017.3,2,6,2
2025-05-23 08:00:00,10.2,81,0.1,,244,7.4,14.8,1017.2,4,5,2
2025-05-23 09:00:00,10.9,75,0.0,,246,7.4,16.7,1017.2,7,5,2
2025-05-23 10:00:00,11.8,67,0.5,,270,9.3,18.5,1016.8,23,6,3
2025-05-23 11:00:00,12.2,63,0.0,,261,9.3,22.2,1016.7,22,6,2
2025-05-23 12:00:00,12.8,59,0.0,,255,9.3,24.1,1016.4,20,6,2
2025-05-23 13:00:00,13.3,56,0.0,,255,9.3,24.1,1016.3,18,6,2
2025-05-23 14:00:00,13.7,54,0.0,,260,9.3,25.9,1016.1,19,5,2
2025-05-23 15:00:00,13.8,52,0.0,,267,9.3,24.1,1016.0,21,5,2
2025-05-23 16:00:00,13.4,53,0.0,,273,9.3,24.1,1016.2,21,5,2
2025-05-23 17:00:00,13.0,54,0.0,,277,9.3,22.2,1016.7,19,5,2
2025-05-23 18:00:00,12.2,57,0.0,,289,7.4,18.5,1017.3,13,5,2
2025-05-23 19:00:00,11.4,61,0.0,,305,7.4,16.7,1018.1,7,6,2
2025-05-23 20:00:00,10.9,63,0.0,,331,5.5,13.0,1018.7,3,6,2
2025-05-23 21:00:00,10.2,67,0.0,,346,5.5,13.0,1019.3,0,6,3
2025-05-23 22:00:00,10.7,55,0.0,,4,5.5,14.8,1019.5,0,5,4
2025-05-23 23:00:00,10.0,59,0.0,,11,5.5,13.0,1019.8,0,5,2
2025-05-24 00:00:00,9.5,61,0.0,,4,3.7,13.0,1020.0,0,4,2
2025-05-24 01:00:00,8.8,65,0.0,,7,3.7,11.1,1020.1,0,5,2
2025-05-24 02:00:00,8.1,67,0.0,,16,3.7,11.1,1020.0,0,5,3
2025-05-24 03:00:00,7.7,69,0.0,,8,1.8,7.4,1019.9,0,5,3
2025-05-24 04:00:00,7.5,71,0.0,,1,3.7,9.3,1020.1,0,4,2
2025-05-24 05:00:00,7.9,70,0.0,,358,1.8,9.3,1020.2,6,4,2
2025-05-24 06:00:00,8.7,67,0.0,,312,3.7,9.3,1020.2,15,4,2
2025-05-24 07:00:00,9.8,62,0.0,,282,3.7,11.1,1020.2,21,4,2
2025-05-24 08:00:00,11.0,56,0.0,,268,5.5,13.0,1020.1,25,4,2
2025-05-24 09:00:00,11.9,52,0.0,,252,5.5,14.8,1020.2,32,4,2
2025-05-24 10:00:00,13.9,45,0.0,,221,7.4,18.5,1019.4,48,6,2
2025-05-24 11:00:00,14.3,42,0.0,,233,7.4,20.4,1019.0,39,6,2
2025-05-24 12:00:00,14.7,41,0.0,,242,9.3,22.2,1018.6,31,6,2
2025-05-24 13:00:00,15.0,40,0.0,,249,9.3,24.1,1018.2,24,6,2
2025-05-24 14:00:00,15.4,39,0.0,,251,9.3,24.1,1018.0,21,6,2
2025-05-24 15:00:00,15.3,39,0.0,,256,9.3,24.1,1017.7,19,6,3
2025-05-24 16:00:00,15.8,41,0.0,,259,7.4,18.5,1017.4,29,5,2
2025-05-24 17:00:00,15.0,43,0.0,,261,7.4,18.5,1017.5,18,6,2
2025-05-24 18:00:00,14.0,48,0.0,,257,7.4,16.7,1018.2,10,6,2
2025-05-24 19:00:00,13.4,50,0.0,,248,5.5,14.8,1018.9,6,7,2
2025-05-24 20:00:00,12.7,53,0.0,,245,5.5,14.8,1019.5,2,6,3
2025-05-24 21:00:00,12.4,56,0.2,,236,5.5,14.8,1020.0,0,6,4
2025-05-24 22:00:00,10.3,74,0.0,,254,3.7,14.8,1021.0,0,7,4
2025-05-24 23:00:00,10.5,75,0.0,,228,3.7,13.0,1020.7,0,8,4
2025-05-25 00:00:00,10.7,74,0.0,,217,5.5,13.0,1020.3,0,8,4
2025-05-25 01:00:00,10.8,74,0.0,,209,5.5,14.8,1019.9,0,8,7
2025-05-25 02:00:00,10.9,74,0.0,,207,7.4,14.8,1019.5,0,8,7
2025-05-25 03:00:00,11.0,74,0.0,,207,7.4,16.7,1019.1,0,8,7
2025-05-25 04:00:00,10.3,87,0.0,,211,9.3,18.5,1019.4,0,8,7
2025-05-25 05:00:00,10.7,86,0.0,,209,7.4,18.5,1019.1,0,8,7
2025-05-25 06:00:00,11.4,83,0.0,,207,7.4,18.5,1018.8,0,8,7
2025-05-25 07:00:00,12.2,79,0.0,,208,9.3,18.5,1018.6,0,8,7
2025-05-25 08:00:00,13.1,76,0.0,,210,9.3,18.5,1018.3,2,8,7
2025-05-25 09:00:00,13.9,73,0.0,,214,9.3,22.2,1018.0,7,7,7
2025-05-25 10:00:00,14.0,78,0.0,,207,9.3,20.4,1018.0,3,8,7
2025-05-25 11:00:00,14.9,75,0.0,,215,11.1,22.2,1017.2,5,8,7
2025-05-25 12:00:00,15.8,71,0.0,,222,13.0,25.9,1016.3,4,8,7
2025-05-25 13:00:00,16.2,70,0.0,,226,13.0,29.6,1016.0,5,8,7
2025-05-25 14:00:00,16.5,70,0.0,,235,13.0,31.5,1015.8,3,8,7
2025-05-25 15:00:00,16.5,69,0.4,,237,13.0,31.5,1015.7,3,7,7
2025-05-25 16:00:00,16.2,72,0.4,,216,11.1,24.1,1016.2,0,7,7
2025-05-25 17:00:00,15.8,75,0.0,,222,11.1,25.9,1016.4,1,7,7
2025-05-25 18:00:00,15.1,76,0.3,,225,9.3,25.9,1016.7,0,7,7
2025-05-25 19:00:00,14.6,80,0.0,,222,9.3,24.1,1017.2,0,7,7
2025-05-25 20:00:00,13.9,83,0.0,,224,9.3,22.2,1017.7,0,6,7
2025-05-25 21:00:00,13.5,84,0.0,,224,9.3,22.2,1018.1,0,6,7
2025-05-25 22:00:00,13.1,87,0.0,,218,7.4,22.2,1018.4,0,6,7
2025-05-25 23:00:00,12.8,89,0.5,,217,7.4,20.4,1018.6,0,7,7
2025-05-26 00:00:00,12.8,88,0.4,,218,9.3,22.2,1018.7,0,8,7
2025-05-26 01:00:00,12.6,89,4.0,,217,9.3,22.2,1018.8,0,8,7
2025-05-26 02:00:00,12.5,89,0.6,,220,9.3,20.4,1018.8,0,8,7
2025-05-26 03:00:00,12.5,89,0.9,,221,9.3,20.4,1018.8,0,8,7
2025-05-26 04:00:00,13.4,79,0.7,,231,7.4,18.5,1018.4,0,8,7
2025-05-26 05:00:00,13.4,81,0.0,,229,7.4,20.4,1018.9,0,8,7
2025-05-26 06:00:00,13.4,82,0.5,,228,7.4,20.4,1019.5,0,8,7
2025-05-26 07:00:00,13.6,82,0.7,,231,9.3,20.4,1019.9,0,8,7
2025-05-26 08:00:00,13.8,82,0.1,,236,9.3,20.4,1020.1,0,7,7
2025-05-26 09:00:00,14.2,79,0.2,,243,9.3,20.4,1020.4,0,6,7
2025-05-26 10:00:00,15.0,80,2.5,,263,11.1,22.2,1019.4,5,7,7
2025-05-26 11:00:00,15.4,75,1.0,,264,11.1,24.1,1019.5,9,7,3
2025-05-26 12:00:00,15.8,70,0.0,,262,11.1,25.9,1019.5,11,7,2
2025-05-26 13:00:00,16.1,67,0.0,,261,11.1,25.9,1019.6,12,7,2
2025-05-26 14:00:00,16.4,64,0.0,,265,11.1,25.9,1019.5,16,6,2
2025-05-26 15:00:00,16.5,61,0.1,,265,11.1,25.9,1019.5,18,6,3
2025-05-26 16:00:00,14.7,67,0.0,,218,7.4,22.2,1020.7,3,6,2
2025-05-26 17:00:00,14.8,66,0.0,,237,7.4,20.4,1020.4,10,6,2
2025-05-26 18:00:00,14.5,68,0.0,,247,5.5,14.8,1020.4,8,6,2
2025-05-26 19:00:00,14.0,70,0.0,,257,3.7,11.1,1020.8,4,6,2
2025-05-26 20:00:00,13.6,72,0.0,,277,3.7,9.3,1021.3,0,6,2
2025-05-26 21:00:00,13.3,74,0.0,,272,3.7,9.3,1021.7,0,7,3
2025-05-26 22:00:00,12.5,79,0.0,,186,3.7,7.4,1022.5,0,7,4
2025-05-26 23:00:00,12.3,80,0.0,,178,3.7,7.4,1022.2,0,7,4
2025-05-27 00:00:00,12.1,80,0.0,,212,3.7,7.4,1022.1,0,7,4
2025-05-27 01:00:00,11.9,80,0.0,,231,3.7,9.3,1021.9,0,8,4
2025-05-27 02:00:00,11.6,81,0.0,,250,3.7,9.3,1021.9,0,8,4
2025-05-27 03:00:00,11.5,81,0.0,,240,3.7,9.3,1021.8,0,8,4
2025-05-27 04:00:00,11.0,92,0.0,,185,1.8,5.5,1021.6,0,8,4
2025-05-27 05:00:00,11.2,89,0.0,,223,1.8,7.4,1022.0,0,8,7
2025-05-27 06:00:00,11.7,86,0.0,,215,3.7,9.3,1022.3,0,8,7
2025-05-27 07:00:00,12.5,80,0.0,,225,5.5,11.1,1022.5,0,7,7
2025-05-27 08:00:00,13.4,75,0.0,,228,5.5,13.0,1022.5,0,7,7
2025-05-27 09:00:00,14.2,69,0.0,,231,7.4,16.7,1022.5,8,7,3
2025-05-27 10:00:00,15.4,64,0.0,,209,9.3,18.5,1022.8,16,7,3
2025-05-27 11:00:00,16.1,60,0.0,,218,9.3,18.5,1022.4,17,7,3
2025-05-27 12:00:00,16.6,58,0.0,,227,9.3,22.2,1021.9,16,7,2
2025-05-27 13:00:00,17.1,56,0.0,,232,9.3,22.2,1021.5,16,7,2
2025-05-27 14:00:00,17.3,55,0.0,,236,9.3,22.2,1021.3,17,7,3
2025-05-27 15:00:00,17.4,54,0.0,,239,9.3,22.2,1021.1,17,6,3
2025-05-27 16:00:00,17.1,52,0.0,,235,7.4,18.5,1021.4,5,6,2
2025-05-27 17:00:00,16.8,54,0.0,,233,9.3,18.5,1021.2,13,6,2
2025-05-27 18:00:00,16.0,59,0.0,,233,7.4,18.5,1021.4,12,6,2
2025-05-27 19:00:00,15.2,63,0.0,,228,7.4,16.7,1021.8,6,6,2
2025-05-27 20:00:00,14.4,67,0.0,,221,5.5,14.8,1022.2,2,6,2
2025-05-27 21:00:00,13.9,70,0.0,,211,5.5,14.8,1022.6,0,6,3
2025-05-27 22:00:00,13.0,74,0.0,,179,5.5,11.1,1022.7,0,6,3
2025-05-27 23:00:00,13.0,75,0.0,,191,5.5,11.1,1022.6,0,6,3
2025-05-28 00:00:00,13.0,76,0.0,,198,5.5,13.0,1022.4,0,7,3
2025-05-28 01:00:00,13.0,77,0.0,,200,7.4,14.8,1022.2,0,7,3
2025-05-28 02:00:00,12.9,77,0.0,,202,7.4,14.8,1022.0,0,7,3
2025-05-28 03:00:00,12.9,78,0.0,,208,7.4,16.7,1021.9,0,7,3
2025-05-28 04:00:00,12.8,80,0.0,,213,7.4,16.7,1021.6,0,7,3
2025-05-28 05:00:00,13.5,77,0.0,,218,9.3,20.4,1021.6,1,7,3
2025-05-28 06:00:00,14.2,75,0.0,,223,11.1,25.9,1021.5,1,7,2
2025-05-28 07:00:00,14.9,72,0.0,,228,13.0,29.6,1021.3,2,7,2
2025-05-28 08:00:00,15.5,70,0.0,,234,16.7,33.3,1020.9,5,7,3
2025-05-28 09:00:00,15.7,71,0.0,,239,16.7,37.0,1020.8,9,8,7
2025-05-28 10:00:00,15.7,72,0.0,,241,16.7,38.9,1021.0,6,8,7
2025-05-28 11:00:00,15.6,75,1.3,,242,16.7,38.9,1021.1,0,8,7
2025-05-28 12:00:00,15.2,77,0.6,,243,16.7,38.9,1021.3,0,8,7
2025-05-28 13:00:00,15.0,80,0.5,,242,18.5,40.8,1021.4,0,8,7
2025-05-28 14:00:00,14.7,82,0.6,,244,18.5,40.8,1021.4,0,8,7
2025-05-28 15:00:00,14.4,83,1.4,,244,18.5,40.8,1021.5,0,8,8
2025-05-28 16:00:00,13.5,91,0.6,,240,16.7,37.0,1021.8,0,8,8
2025-05-28 17:00:00,13.5,90,0.2,,239,16.7,40.8,1021.8,0,8,8
2025-05-28 18:00:00,13.3,89,1.1,,237,16.7,40.8,1021.9,1,8,8
2025-05-28 19:00:00,13.0,89,4.1,,238,16.7,38.9,1022.2,1,7,7
2025-05-28 20:00:00,12.6,91,2.4,,235,14.8,37.0,1022.7,1,7,7
2025-05-28 21:00:00,12.4,91,0.2,,234,13.0,33.3,1023.2,0,7,7
2025-05-28 22:00:00,12.7,94,0.6,,239,9.3,25.9,1023.4,0,7,8
2025-05-28 23:00:00,12.3,94,0.2,,238,9.3,22.2,1023.6,0,7,7
2025-05-29 00:00:00,12.2,93,0.0,,243,7.4,18.5,1023.6,0,8,7
2025-05-29 01:00:00,12.0,94,0.0,,242,7.4,16.7,1023.8,0,8,7
2025-05-29 02:00:00,12.0,93,0.0,,242,5.5,14.8,1024.0,0,7,3
2025-05-29 03:00:00,12.0,92,0.0,,237,5.5,11.1,1024.2,0,8,3
2025-05-29 04:00:00,11.6,97,0.0,,256,1.8,5.5,1025.0,0,7,3
2025-05-29 05:00:00,12.1,94,0.0,,237,1.8,7.4,1025.3,0,7,3
2025-05-29 06:00:00,12.7,92,0.0,,228,3.7,7.4,1025.6,0,7,2
2025-05-29 07:00:00,13.2,88,0.0,,232,3.7,9.3,1025.7,0,7,2
2025-05-29 08:00:00,14.1,82,0.0,,234,5.5,11.1,1025.5,0,7,3
2025-05-29 09:00:00,15.0,75,0.0,,234,5.5,13.0,1025.4,5,6,3
2025-05-29 10:00:00,16.6,69,0.0,,246,7.4,14.8,1024.5,21,6,3
2025-05-29 11:00:00,17.3,63,0.0,,249,7.4,18.5,1024.1,21,6,2
2025-05-29 12:00:00,18.1,58,0.1,,249,9.3,20.4,1023.8,22,7,2
2025-05-29 13:00:00,18.7,55,0.0,,253,9.3,20.4,1023.7,22,6,2
2025-05-29 14:00:00,19.1,53,0.0,,255,9.3,20.4,1023.4,22,6,2
2025-05-29 15:00:00,19.2,51,0.0,,257,7.4,20.4,1023.1,21,6,3
2025-05-29 16:00:00,20.1,50,0.0,,235,7.4,20.4,1022.7,23,6,3
2025-05-29 17:00:00,19.5,51,0.0,,236,7.4,16.7,1022.8,19,5,2
2025-05-29 18:00:00,18.3,57,0.0,,232,5.5,13.0,1023.1,16,4,2
2025-05-29 19:00:00,17.2,61,0.0,,212,3.7,9.3,1023.6,10,4,2
2025-05-29 20:00:00,16.2,65,0.0,,116,3.7,7.4,1023.9,3,4,2
2025-05-29 21:00:00,15.3,69,0.0,,103,1.8,5.5,1024.5,0,3,2
2025-05-29 22:00:00,14.0,81,0.0,,104,1.8,3.7,1025.0,0,2,2
2025-05-29 23:00:00,13.7,82,0.0,,129,1.8,3.7,1025.0,0,2,2
2025-05-30 00:00:00,13.3,84,0.0,,113,1.8,1.8,1025.0,0,2,2
2025-05-30 01:00:00,12.9,85,0.0,,122,1.8,1.8,1025.0,0,2,1
2025-05-30 02:00:00,12.6,87,0.0,,108,1.8,3.7,1025.0,0,2,1
2025-05-30 03:00:00,12.4,88,0.0,,93,1.8,3.7,1024.9,0,2,1
2025-05-30 04:00:00,11.7,91,0.0,,67,1.8,1.8,1025.3,0,1,1
2025-05-30 05:00:00,12.7,85,0.0,,72,1.8,3.7,1025.1,13,1,1
2025-05-30 06:00:00,14.1,80,0.0,,108,1.8,5.5,1024.7,29,1,1
2025-05-30 07:00:00,15.8,71,0.0,,196,1.8,5.5,1024.1,38,1,1
2025-05-30 08:00:00,17.7,64,0.0,,226,3.7,7.4,1023.4,45,1,1
2025-05-30 09:00:00,19.4,59,0.0,,232,3.7,9.3,1022.9,50,1,1
2025-05-30 10:00:00,21.8,55,0.0,,255,5.5,13.0,1021.8,58,1,1
2025-05-30 11:00:00,23.1,49,0.0,,234,5.5,14.8,1021.1,59,1,1
2025-05-30 12:00:00,24.0,45,0.0,,236,5.5,16.7,1020.5,57,1,1
2025-05-30 13:00:00,25.0,41,0.0,,234,5.5,16.7,1019.9,54,1,1
2025-05-30 14:00:00,25.8,38,0.0,,233,5.5,18.5,1019.4,56,1,1
2025-05-30 15:00:00,26.0,37,0.0,,240,5.5,16.7,1019.0,54,1,1
2025-05-30 16:00:00,26.8,31,0.0,,283,5.5,14.8,1018.5,58,1,1
2025-05-30 17:00:00,25.7,34,0.0,,306,5.5,13.0,1018.7,53,0,1
2025-05-30 18:00:00,23.9,40,0.0,,38,5.5,11.1,1019.1,39,0,1
2025-05-30 19:00:00,22.3,46,0.0,,63,5.5,11.1,1019.7,23,1,1
2025-05-30 20:00:00,20.7,52,0.0,,61,3.7,9.3,1020.1,8,1,1
2025-05-30 21:00:00,19.5,56,0.0,,71,3.7,7.4,1020.6,0,1,1
2025-05-30 22:00:00,18.6,61,0.0,,95,1.8,5.5,1020.7,0,1,1
2025-05-30 23:00:00,17.8,65,0.0,,112,1.8,5.5,1020.9,0,1,1
2025-05-31 00:00:00,17.2,68,0.0,,120,1.8,3.7,1021.0,0,1,1
2025-05-31 01:00:00,16.5,71,0.0,,124,1.8,3.7,1021.2,0,1,1
2025-05-31 02:00:00,16.0,73,0.0,,110,1.8,3.7,1021.1,0,1,1
2025-05-31 03:00:00,15.7,73,0.0,,113,1.8,3.7,1021.1,0,2,1
2025-05-31 04:00:00,15.9,73,0.0,,100,1.8,3.7,1021.2,3,2,1
2025-05-31 05:00:00,16.3,72,0.0,,160,1.8,3.7,1021.4,12,3,1
2025-05-31 06:00:00,17.4,70,0.0,,195,1.8,3.7,1021.3,24,3,1
2025-05-31 07:00:00,19.0,64,0.0,,208,1.8,5.5,1021.0,29,4,1
2025-05-31 08:00:00,20.9,57,0.0,,208,3.7,7.4,1020.7,32,4,2
2025-05-31 09:00:00,22.1,55,0.0,,217,3.7,9.3,1020.3,42,4,2
2025-05-31 10:00:00,24.2,50,0.0,,240,5.5,13.0,1019.1,57,3,2
2025-05-31 11:00:00,25.5,44,0.0,,236,5.5,14.8,1018.4,53,3,1
2025-05-31 12:00:00,26.5,40,0.0,,238,7.4,16.7,1017.6,47,3,1
2025-05-31 13:00:00,27.2,38,0.0,,245,7.4,18.5,1016.9,43,3,1
2025-05-31 14:00:00,27.7,35,0.0,,245,7.4,20.4,1016.3,43,4,2
2025-05-31 15:00:00,27.6,35,0.0,,248,7.4,20.4,1015.8,39,4,2
2025-05-31 16:00:00,28.3,33,0.0,,222,7.4,18.5,1014.8,56,4,2
2025-05-31 17:00:00,27.1,36,0.0,,227,5.5,14.8,1015.0,47,3,2
2025-05-31 18:00:00,25.4,42,0.0,,235,5.5,13.0,1015.6,31,2,1
2025-05-31 19:00:00,24.2,47,0.0,,68,5.5,13.0,1016.3,16,4,1
2025-05-31 20:00:00,22.9,50,0.0,,108,5.5,13.0,1016.9,5,4,2
2025-05-31 21:00:00,21.8,54,0.0,,166,5.5,13.0,1017.6,0,4,2
2025-05-31 22:00:00,20.7,56,0.0,,64,7.4,18.5,1017.9,0,3,2
2025-05-31 23:00:00,20.0,60,0.0,,93,5.5,14.8,1017.9,0,3,2
2025-06-01 00:00:00,19.4,64,0.0,,182,3.7,13.0,1017.9,0,3,2
2025-06-01 01:00:00,18.9,67,0.0,,205,3.7,13.0,1018.0,0,5,2
2025-06-01 02:00:00,18.6,69,0.0,,216,5.5,14.8,1018.0,0,5,3
2025-06-01 03:00:00,18.5,73,0.0,,213,5.5,14.8,1018.2,0,6,3
2025-06-01 04:00:00,16.4,91,0.0,,183,5.5,16.7,1018.0,0,5,2
2025-06-01 05:00:00,17.3,87,0.0,,193,5.5,16.7,1017.9,4,6,2
2025-06-01 06:00:00,18.4,81,0.0,,203,5.5,16.7,1018.0,9,6,2
2025-06-01 07:00:00,19.7,75,0.0,,212,7.4,18.5,1017.8,12,6,2
2025-06-01 08:00:00,21.2,68,0.0,,220,9.3,20.4,1017.4,18,6,2
2025-06-01 09:00:00,22.6,63,0.0,,225,11.1,24.1,1017.1,29,6,3
2025-06-01 10:00:00,22.6,63,0.0,,227,9.3,22.2,1016.3,50,6,3
2025-06-01 11:00:00,23.6,58,0.0,,232,11.1,25.9,1015.6,45,6,2
2025-06-01 12:00:00,24.4,55,0.0,,239,13.0,27.8,1015.0,37,6,2
2025-06-01 13:00:00,24.9,53,0.0,,245,14.8,31.5,1014.4,34,6,2
2025-06-01 14:00:00,25.2,51,0.0,,249,14.8,33.3,1014.1,30,6,2
2025-06-01 15:00:00,24.6,53,0.0,,250,14.8,33.3,1013.8,23,7,3
2025-06-01 16:00:00,25.3,48,0.3,,238,11.1,37.0,1012.9,35,7,3
2025-06-01 17:00:00,23.8,53,0.0,,242,11.1,31.5,1013.4,21,6,2
2025-06-01 18:00:00,22.1,61,0.0,,249,9.3,27.8,1014.2,10,6,25
2025-06-01 19:00:00,21.1,65,0.0,,243,9.3,25.9,1015.0,4,7,25
2025-06-01 20:00:00,19.9,71,0.0,,226,7.4,22.2,1015.8,0,7,25
2025-06-01 21:00:00,19.1,76,0.0,,216,5.5,20.4,1016.4,0,7,25
2025-06-01 22:00:00,17.4,84,0.0,,189,5.5,13.0,1016.6,0,7,25
2025-06-01 23:00:00,17.1,86,0.0,,200,5.5,14.8,1017.0,0,7,25
2025-06-02 00:00:00,16.9,89,5.2,,206,5.5,14.8,1017.4,0,8,7
2025-06-02 01:00:00,16.7,89,0.2,,212,5.5,16.7,1017.4,0,8,7
2025-06-02 02:00:00,16.5,90,0.0,,214,5.5,16.7,1017.1,0,8,7
2025-06-02 03:00:00,16.4,91,0.5,,217,5.5,16.7,1017.2,0,8,7
2025-06-02 04:00:00,15.7,91,2.1,,185,5.5,13.0,1017.1,0,7,7
2025-06-02 05:00:00,16.0,91,0.3,,203,5.5,13.0,1017.4,0,7,7
2025-06-02 06:00:00,16.3,91,0.2,,217,5.5,14.8,1017.8,0,8,7
2025-06-02 07:00:00,16.6,90,0.2,,222,7.4,16.7,1017.8,0,8,7
2025-06-02 08:00:00,17.1,88,1.4,,229,7.4,16.7,1017.8,0,8,7
2025-06-02 09:00:00,17.5,86,0.5,,233,7.4,18.5,1017.8,0,8,7
2025-06-02 10:00:00,17.4,88,0.4,,235,7.4,18.5,1017.8,0,8,7
2025-06-02 11:00:00,17.6,86,0.2,,236,7.4,20.4,1017.9,0,8,7
2025-06-02 12:00:00,17.5,87,0.0,,235,9.3,20.4,1017.8,2,8,7
2025-06-02 13:00:00,17.5,88,0.0,,238,9.3,22.2,1017.4,0,8,7
2025-06-02 14:00:00,17.4,88,0.4,,241,9.3,22.2,1017.2,0,8,25
2025-06-02 15:00:00,17.2,88,0.2,,238,7.4,22.2,1017.2,0,8,25
2025-06-02 16:00:00,16.5,91,0.6,,234,7.4,20.4,1017.0,0,8,25
2025-06-02 17:00:00,16.1,93,0.1,,239,7.4,20.4,1017.2,0,8,25
2025-06-02 18:00:00,15.7,93,0.8,,238,7.4,18.5,1017.5,0,8,25
2025-06-02 19:00:00,15.2,96,0.2,,233,5.5,16.7,1017.6,0,8,25
2025-06-02 20:00:00,15.0,96,0.0,,234,5.5,16.7,1018.0,0,8,7
2025-06-02 21:00:00,14.7,97,0.0,,233,5.5,14.8,1018.2,0,8,7
2025-06-02 22:00:00,14.6,97,0.0,,288,3.7,9.3,1018.4,0,8,8
2025-06-02 23:00:00,14.3,99,0.0,,229,3.7,11.1,1018.2,0,8,7
2025-06-03 00:00:00,14.3,98,0.0,,211,3.7,9.3,1018.0,0,8,7
2025-06-03 01:00:00,14.2,99,0.0,,211,3.7,9.3,1017.8,0,7,7
2025-06-03 02:00:00,14.1,99,0.0,,200,3.7,9.3,1017.5,0,7,4
2025-06-03 03:00:00,14.3,99,0.0,,183,3.7,9.3,1017.4,0,7,4
2025-06-03 04:00:00,14.6,98,0.0,,175,1.8,7.4,1016.7,0,7,3
2025-06-03 05:00:00,14.9,97,0.0,,181,1.8,7.4,1016.5,4,7,3
2025-06-03 06:00:00,15.5,95,0.0,,199,3.7,9.3,1016.4,7,7,2
2025-06-03 07:00:00,16.3,91,0.0,,212,3.7,11.1,1016.2,10,7,2
2025-06-03 08:00:00,17.2,86,0.0,,220,5.5,11.1,1016.0,13,7,3
2025-06-03 09:00:00,18.2,80,0.0,,222,5.5,13.0,1015.8,18,7,3
2025-06-03 10:00:00,19.1,74,0.0,,222,5.5,14.8,1015.3,37,7,4
2025-06-03 11:00:00,19.9,70,0.0,,230,7.4,16.7,1014.8,35,7,3
2025-06-03 12:00:00,20.5,68,0.0,,229,7.4,20.4,1014.2,26,7,2
2025-06-03 13:00:00,20.7,67,0.0,,229,9.3,20.4,1013.8,23,7,2
2025-06-03 14:00:00,20.8,67,0.0,,222,9.3,22.2,1013.6,18,7,17
2025-06-03 15:00:00,20.3,69,0.1,,214,7.4,20.4,1013.5,12,8,17
2025-06-03 16:00:00,20.6,66,0.1,,274,9.3,27.8,1013.5,18,7,3
2025-06-03 17:00:00,19.8,71,0.2,,253,7.4,22.2,1013.5,12,7,25
2025-06-03 18:00:00,18.8,76,0.0,,225,5.5,16.7,1013.6,7,7,25
2025-06-03 19:00:00,18.3,79,0.2,,174,5.5,16.7,1013.7,1,7,25
2025-06-03 20:00:00,17.5,82,0.0,,137,3.7,14.8,1013.9,0,6,25
2025-06-03 21:00:00,17.2,84,0.0,,140,3.7,13.0,1013.9,0,6,3
2025-06-03 22:00:00,15.7,87,0.0,,64,3.7,9.3,1014.3,0,6,3
2025-06-03 23:00:00,15.6,89,0.0,,95,3.7,11.1,1013.9,0,6,3
2025-06-04 00:00:00,15.5,90,0.0,,41,3.7,9.3,1013.6,0,6,3
2025-06-04 01:00:00,15.4,90,0.0,,335,3.7,9.3,1013.1,0,7,3
2025-06-04 02:00:00,15.2,91,0.0,,353,3.7,11.1,1012.7,0,7,3
2025-06-04 03:00:00,15.3,92,0.0,,346,3.7,11.1,1012.3,0,7,3
2025-06-04 04:00:00,13.9,93,0.0,,15,5.5,16.7,1012.7,0,6,3
2025-06-04 05:00:00,14.5,93,0.0,,307,3.7,13.0,1012.8,1,7,3
2025-06-04 06:00:00,15.1,92,0.1,,277,3.7,13.0,1012.9,1,7,2
2025-06-04 07:00:00,15.8,89,1.3,,276,5.5,13.0,1012.5,2,7,7
2025-06-04 08:00:00,16.6,86,0.1,,268,5.5,13.0,1012.2,3,7,7
2025-06-04 09:00:00,17.5,82,0.0,,284,5.5,14.8,1011.7,6,8,7
2025-06-04 10:00:00,19.8,74,0.0,,251,5.5,14.8,1010.6,26,7,4
2025-06-04 11:00:00,19.8,73,0.0,,278,5.5,16.7,1010.3,21,7,7
2025-06-04 12:00:00,19.8,73,0.0,,275,7.4,18.5,1009.9,14,8,7
2025-06-04 13:00:00,19.7,73,0.0,,273,7.4,20.4,1009.7,13,8,17
2025-06-04 14:00:00,19.5,74,0.4,,277,9.3,22.2,1009.5,10,8,18
2025-06-04 15:00:00,18.4,79,0.2,,259,9.3,22.2,1009.7,5,8,25
2025-06-04 16:00:00,18.8,73,0.0,,310,9.3,22.2,1010.2,4,8,25
2025-06-04 17:00:00,17.3,81,0.7,,284,9.3,24.1,1010.8,0,8,25
2025-06-04 18:00:00,16.0,88,0.6,,238,7.4,22.2,1011.4,3,8,25
2025-06-04 19:00:00,15.6,90,1.9,,231,7.4,22.2,1012.2,1,8,25
2025-06-04 20:00:00,15.1,92,1.6,,226,7.4,22.2,1013.2,1,8,25
2025-06-04 21:00:00,14.7,94,0.4,,225,7.4,22.2,1014.0,0,8,8
2025-06-04 22:00:00,14.1,94,0.0,,205,7.4,20.4,1014.8,0,7,8
2025-06-04 23:00:00,13.9,96,0.3,,209,7.4,20.4,1014.9,0,7,8
2025-06-05 00:00:00,13.9,94,0.0,,213,7.4,18.5,1015.0,0,7,8
2025-06-05 01:00:00,13.8,95,0.0,,213,7.4,16.7,1015.1,0,7,7
2025-06-05 02:00:00,13.6,96,0.1,,213,7.4,16.7,1015.1,0,7,7
2025-06-05 03:00:00,13.4,96,0.1,,216,7.4,14.8,1015.2,0,7,7
2025-06-05 04:00:00,13.5,96,0.2,,218,5.5,13.0,1015.2,0,7,7
2025-06-05 05:00:00,13.6,94,0.0,,223,5.5,14.8,1015.4,2,7,7
2025-06-05 06:00:00,14.1,91,0.1,,224,7.4,16.7,1015.5,3,7,7
2025-06-05 07:00:00,14.7,88,0.0,,226,7.4,18.5,1015.4,3,7,7
2025-06-05 08:00:00,15.5,83,0.1,,227,9.3,18.5,1015.3,7,7,7
2025-06-05 09:00:00,16.2,78,0.4,,230,9.3,20.4,1015.1,9,6,3
2025-06-05 10:00:00,16.1,81,0.0,,235,7.4,14.8,1015.5,5,7,7
2025-06-05 11:00:00,16.8,77,0.0,,229,9.3,20.4,1015.1,8,7,3
2025-06-05 12:00:00,17.1,76,0.1,,228,9.3,22.2,1014.6,7,8,7
2025-06-05 13:00:00,17.3,75,0.0,,227,11.1,25.9,1014.4,6,8,2
2025-06-05 14:00:00,17.3,75,0.2,,226,11.1,24.1,1014.3,4,8,3
2025-06-05 15:00:00,17.2,75,0.0,,225,9.3,24.1,1014.2,2,7,7
2025-06-05 16:00:00,18.0,76,0.0,,189,7.4,18.5,1014.1,2,7,7
2025-06-05 17:00:00,17.8,76,0.0,,199,7.4,18.5,1013.9,4,7,3
2025-06-05 18:00:00,17.2,80,0.0,,202,7.4,16.7,1013.8,4,7,2
2025-06-05 19:00:00,16.7,80,0.0,,201,7.4,18.5,1013.9,2,7,2
2025-06-05 20:00:00,16.2,81,0.0,,202,5.5,16.7,1014.3,0,7,3
2025-06-05 21:00:00,15.8,84,0.0,,202,5.5,16.7,1014.6,0,6,3
2025-06-05 22:00:00,16.0,85,0.0,,186,3.7,9.3,1014.2,0,6,3
2025-06-05 23:00:00,15.7,86,0.0,,197,5.5,13.0,1014.0,0,6,3
2025-06-06 00:00:00,15.7,85,0.0,,204,5.5,14.8,1014.0,0,5,3
2025-06-06 01:00:00,15.7,85,0.0,,205,7.4,16.7,1014.0,0,5,3
2025-06-06 02:00:00,15.7,84,0.0,,213,7.4,18.5,1014.2,0,6,3
2025-06-06 03:00:00,15.8,85,0.0,,221,9.3,20.4,1014.3,0,6,3
2025-06-06 04:00:00,17.0,74,0.0,,217,11.1,24.1,1014.1,0,6,3
2025-06-06 05:00:00,17.0,76,0.0,,222,11.1,24.1,1014.4,3,6,2
2025-06-06 06:00:00,17.1,76,0.0,,226,11.1,25.9,1014.8,7,6,2
2025-06-06 07:00:00,17.8,74,0.0,,230,13.0,29.6,1015.3,7,6,2
2025-06-06 08:00:00,18.6,70,0.0,,235,14.8,31.5,1015.4,9,6,2
2025-06-06 09:00:00,19.2,67,0.0,,238,16.7,33.3,1015.6,15,5,2
2025-06-06 10:00:00,19.9,66,0.0,,234,14.8,33.3,1015.3,13,6,3
2025-06-06 11:00:00,20.4,64,0.0,,238,16.7,35.2,1015.1,18,6,2
2025-06-06 12:00:00,20.6,63,0.0,,241,16.7,35.2,1014.9,17,6,2
2025-06-06 13:00:00,21.0,63,0.0,,244,16.7,37.0,1014.8,18,6,2
2025-06-06 14:00:00,21.2,62,0.0,,246,14.8,37.0,1014.7,18,6,3
2025-06-06 15:00:00,20.8,63,0.1,,246,14.8,35.2,1014.6,14,7,3
2025-06-06 16:00:00,21.5,55,0.5,,240,16.7,40.8,1014.2,33,6,3
2025-06-06 17:00:00,20.5,61,0.0,,238,11.1,31.5,1014.4,22,6,2
2025-06-06 18:00:00,19.3,68,0.0,,239,9.3,24.1,1014.8,13,6,2
2025-06-06 19:00:00,18.6,73,0.0,,238,7.4,20.4,1015.2,4,7,18
2025-06-06 20:00:00,17.7,78,0.0,,214,5.5,14.8,1015.6,0,7,17
2025-06-06 21:00:00,16.9,84,0.0,,245,5.5,14.8,1016.1,0,7,17
2025-06-06 22:00:00,15.7,95,2.6,,168,5.5,14.8,1016.7,0,6,18
2025-06-06 23:00:00,15.6,95,0.0,,185,5.5,14.8,1016.6,0,6,7
2025-06-07 00:00:00,15.5,94,0.0,,194,5.5,13.0,1016.4,0,7,7
2025-06-07 01:00:00,15.4,95,0.2,,196,5.5,13.0,1016.1,0,8,7
2025-06-07 02:00:00,15.2,96,0.2,,201,5.5,14.8,1015.7,0,8,8
2025-06-07 03:00:00,15.2,96,0.2,,212,5.5,13.0,1015.5,0,8,8
2025-06-07 04:00:00,15.1,100,0.3,,201,5.5,14.8,1015.0,0,7,8
2025-06-07 05:00:00,15.2,99,1.0,,211,7.4,18.5,1015.1,0,8,8
2025-06-07 06:00:00,15.2,99,1.2,,220,9.3,20.4,1015.2,0,8,8
2025-06-07 07:00:00,15.4,97,0.2,,225,9.3,22.2,1015.2,0,8,8
2025-06-07 08:00:00,15.7,94,0.0,,229,9.3,22.2,1015.2,0,8,8
2025-06-07 09:00:00,16.0,91,0.1,,235,11.1,25.9,1015.3,0,8,7
2025-06-07 10:00:00,17.1,82,2.7,,254,13.0,25.9,1014.9,1,8,7
2025-06-07 11:00:00,17.1,81,0.7,,255,11.1,29.6,1014.7,3,8,7
2025-06-07 12:00:00,17.0,81,0.2,,254,11.1,27.8,1014.5,3,8,7
2025-06-07 13:00:00,16.9,82,0.7,,251,11.1,29.6,1014.3,4,8,7
2025-06-07 14:00:00,16.9,82,0.3,,255,11.1,27.8,1014.3,8,8,7
2025-06-07 15:00:00,16.5,82,0.0,,244,9.3,24.1,1014.2,7,7,7
2025-06-07 16:00:00,16.3,83,0.1,,245,9.3,24.1,1014.1,7,7,18
2025-06-07 17:00:00,16.1,82,0.5,,246,9.3,22.2,1014.2,9,7,7
2025-06-07 18:00:00,15.7,85,0.2,,249,9.3,22.2,1014.4,7,7,7
2025-06-07 19:00:00,15.4,85,0.0,,250,7.4,20.4,1014.8,3,7,7
2025-06-07 20:00:00,15.2,85,0.0,,240,7.4,18.5,1015.2,2,7,3
2025-06-07 21:00:00,15.0,86,0.0,,230,7.4,18.5,1015.7,0,7,3
2025-06-07 22:00:00,13.9,94,0.3,,183,5.5,16.7,1015.6,0,7,4
2025-06-07 23:00:00,14.2,91,0.5,,201,7.4,18.5,1015.3,0,7,4
2025-06-08 00:00:00,14.3,90,0.8,,213,9.3,22.2,1015.4,0,7,4
2025-06-08 01:00:00,14.4,88,0.2,,219,9.3,24.1,1015.3,0,7,4
2025-06-08 02:00:00,14.2,88,0.0,,231,11.1,25.9,1015.2,0,8,7
2025-06-08 03:00:00,14.1,87,0.0,,239,13.0,29.6,1015.5,0,8,7
2025-06-08 04:00:00,13.6,90,0.2,,240,14.8,31.5,1015.6,0,7,7
2025-06-08 05:00:00,13.5,89,0.1,,240,14.8,35.2,1015.9,0,7,7
2025-06-08 06:00:00,13.7,87,0.0,,238,16.7,37.0,1016.3,0,7,2
2025-06-08 07:00:00,14.3,82,0.2,,241,18.5,42.6,1016.6,0,6,2
2025-06-08 08:00:00,15.1,77,0.0,,242,20.4,46.3,1016.9,3,6,2
2025-06-08 09:00:00,15.8,71,0.2,,245,22.2,50.0,1017.2,9,6,3
2025-06-08 10:00:00,17.2,61,0.0,,245,25.9,57.4,1017.0,21,6,3
2025-06-08 11:00:00,17.4,59,0.2,,249,24.1,57.4,1017.4,19,7,3
2025-06-08 12:00:00,17.5,59,0.5,,252,24.1,57.4,1017.7,16,7,2
2025-06-08 13:00:00,17.6,59,0.3,,255,24.1,55.5,1018.3,18,6,2
2025-06-08 14:00:00,17.5,58,0.0,,258,22.2,53.7,1018.6,21,6,2
2025-06-08 15:00:00,17.3,58,0.0,,261,20.4,51.8,1018.9,20,5,2
2025-06-08 16:00:00,16.8,57,0.0,,278,18.5,44.5,1019.9,38,5,2
2025-06-08 17:00:00,16.4,56,0.0,,274,18.5,42.6,1020.4,30,5,2
2025-06-08 18:00:00,16.0,57,0.0,,277,14.8,37.0,1021.3,25,4,2
2025-06-08 19:00:00,15.2,59,0.0,,279,13.0,31.5,1022.2,12,4,2
2025-06-08 20:00:00,14.6,62,0.0,,288,9.3,24.1,1023.1,4,4,2
2025-06-08 21:00:00,13.9,66,0.0,,296,7.4,18.5,1023.8,0,4,2
2025-06-08 22:00:00,12.1,71,0.0,,16,3.7,9.3,1024.7,0,3,2
2025-06-08 23:00:00,11.9,74,0.0,,64,1.8,7.4,1024.9,0,3,2
2025-06-09 00:00:00,11.4,78,0.0,,54,1.8,7.4,1025.0,0,4,2
2025-06-09 01:00:00,11.0,81,0.0,,53,1.8,7.4,1025.0,0,4,2
2025-06-09 02:00:00,10.3,85,0.0,,53,3.7,9.3,1025.2,0,4,2
2025-06-09 03:00:00,10.2,86,0.0,,50,3.7,7.4,1025.4,0,3,2
2025-06-09 04:00:00,10.9,78,0.0,,43,3.7,9.3,1025.2,0,3,2
2025-06-09 05:00:00,11.3,78,0.0,,49,3.7,9.3,1025.4,10,2,2
2025-06-09 06:00:00,12.2,76,0.0,,55,3.7,9.3,1025.1,22,2,1
2025-06-09 07:00:00,13.2,71,0.0,,49,3.7,11.1,1024.7,26,2,1
2025-06-09 08:00:00,14.6,66,0.0,,46,5.5,13.0,1024.5,33,2,1
2025-06-09 09:00:00,16.0,60,0.0,,40,5.5,14.8,1024.0,46,1,1
2025-06-09 10:00:00,18.2,51,0.0,,28,5.5,14.8,1023.1,53,3,2
2025-06-09 11:00:00,19.2,48,0.0,,23,5.5,16.7,1022.6,52,3,2
2025-06-09 12:00:00,20.0,46,0.0,,17,7.4,18.5,1022.0,50,3,1
2025-06-09 13:00:00,20.5,44,0.0,,17,7.4,18.5,1021.6,50,3,1
2025-06-09 14:00:00,20.9,42,0.0,,14,5.5,18.5,1021.2,52,2,1
2025-06-09 15:00:00,20.8,42,0.0,,9,5.5,16.7,1020.9,48,2,2
2025-06-09 16:00:00,21.6,37,0.0,,337,7.4,20.4,1020.3,58,1,1
2025-06-09 17:00:00,20.4,40,0.0,,355,5.5,16.7,1020.3,52,1,1
2025-06-09 18:00:00,19.1,46,0.0,,6,5.5,14.8,1020.9,43,1,1
2025-06-09 19:00:00,17.8,52,0.0,,21,5.5,13.0,1021.4,23,2,1
2025-06-09 20:00:00,16.6,56,0.0,,31,5.5,11.1,1021.9,9,1,1
2025-06-09 21:00:00,15.5,63,0.0,,34,5.5,9.3,1022.4,0,1,1
2025-06-09 22:00:00,13.8,67,0.0,,32,3.7,7.4,1022.7,0,0,1
2025-06-09 23:00:00,13.3,71,0.0,,54,1.8,5.5,1022.5,0,0,1
2025-06-10 00:00:00,12.7,76,0.0,,54,1.8,3.7,1022.3,0,0,1
2025-06-10 01:00:00,12.3,79,0.0,,69,1.8,3.7,1022.2,0,1,1
2025-06-10 02:00:00,11.7,81,0.0,,87,1.8,3.7,1021.9,0,1,1
2025-06-10 03:00:00,11.7,84,0.0,,85,1.8,3.7,1021.7,0,1,1
2025-06-10 04:00:00,11.9,84,0.0,,80,1.8,3.7,1021.6,4,2,1
2025-06-10 05:00:00,12.7,81,0.0,,146,1.8,3.7,1021.7,16,2,1
2025-06-10 06:00:00,14.0,78,0.0,,207,1.8,5.5,1021.5,32,1,1
2025-06-10 07:00:00,15.7,70,0.0,,214,3.7,7.4,1021.2,37,1,1
2025-06-10 08:00:00,17.5,62,0.0,,220,3.7,9.3,1020.5,43,2,1
2025-06-10 09:00:00,19.2,56,0.0,,231,5.5,13.0,1020.0,50,2,1
2025-06-10 10:00:00,20.6,50,0.0,,233,7.4,18.5,1019.3,44,3,1
2025-06-10 11:00:00,22.2,44,0.0,,238,9.3,20.4,1018.6,46,3,1
2025-06-10 12:00:00,23.1,43,0.0,,244,9.3,24.1,1018.0,45,4,1
2025-06-10 13:00:00,23.8,41,0.0,,247,11.1,25.9,1017.3,47,4,2
2025-06-10 14:00:00,24.4,39,0.0,,250,11.1,25.9,1016.8,47,4,2
2025-06-10 15:00:00,24.1,41,0.0,,254,11.1,25.9,1016.3,46,4,2
2025-06-10 16:00:00,23.7,45,0.0,,275,9.3,22.2,1015.9,42,4,2
2025-06-10 17:00:00,22.9,45,0.0,,277,9.3,24.1,1016.1,34,4,2
2025-06-10 18:00:00,21.9,47,0.0,,279,9.3,22.2,1016.5,30,3,1
2025-06-10 19:00:00,20.8,49,0.0,,289,7.4,22.2,1017.5,16,3,1
2025-06-10 20:00:00,19.8,53,0.0,,294,5.5,16.7,1018.1,7,3,2
2025-06-10 21:00:00,18.5,58,0.0,,298,5.5,13.0,1018.9,0,2,2
2025-06-10 22:00:00,17.7,59,0.0,,281,1.8,9.3,1019.6,0,1,1
2025-06-10 23:00:00,17.0,64,0.0,,311,1.8,7.4,1019.6,0,1,1
2025-06-11 00:00:00,16.6,67,0.0,,49,1.8,5.5,1019.8,0,2,1
2025-06-11 01:00:00,16.0,71,0.0,,78,1.8,5.5,1020.1,0,2,1
2025-06-11 02:00:00,15.3,75,0.0,,86,1.8,5.5,1020.2,0,3,2
2025-06-11 03:00:00,15.1,78,0.0,,66,1.8,5.5,1020.3,0,3,2
2025-06-11 04:00:00,14.3,78,0.0,,64,1.8,3.7,1020.6,0,3,2
2025-06-11 05:00:00,15.2,76,0.0,,51,1.8,5.5,1020.3,9,3,2
2025-06-11 06:00:00,16.4,73,0.0,,52,3.7,7.4,1020.0,20,4,2
2025-06-11 07:00:00,17.5,69,0.0,,56,3.7,9.3,1019.6,27,3,2
2025-06-11 08:00:00,19.1,64,0.0,,55,5.5,13.0,1019.2,33,3,2
2025-06-11 09:00:00,20.7,58,0.0,,49,5.5,14.8,1018.7,44,3,2
2025-06-11 10:00:00,22.0,52,0.0,,33,5.5,16.7,1018.5,56,2,4
2025-06-11 11:00:00,23.2,48,0.0,,29,5.5,18.5,1017.9,56,3,1
2025-06-11 12:00:00,24.1,45,0.0,,26,7.4,18.5,1017.4,53,3,1
2025-06-11 13:00:00,24.8,43,0.0,,27,7.4,20.4,1016.7,54,2,1
2025-06-11 14:00:00,25.2,42,0.0,,30,7.4,20.4,1016.2,55,2,1
2025-06-11 15:00:00,25.0,42,0.0,,37,7.4,20.4,1015.6,51,1,1
2025-06-11 16:00:00,25.7,35,0.0,,39,7.4,18.5,1014.9,59,1,1
2025-06-11 17:00:00,24.6,39,0.0,,45,7.4,18.5,1014.9,55,1,1
2025-06-11 18:00:00,22.9,45,0.0,,47,7.4,16.7,1015.1,45,0,1
2025-06-11 19:00:00,21.6,50,0.0,,50,9.3,18.5,1015.6,24,1,1
2025-06-11 20:00:00,20.2,54,0.0,,56,9.3,18.5,1016.0,10,1,1
2025-06-11 21:00:00,19.2,60,0.0,,54,9.3,20.4,1016.5,0,0,1
2025-06-11 22:00:00,19.2,58,0.0,,52,11.1,24.1,1016.7,0,0,1
2025-06-11 23:00:00,18.1,63,0.0,,49,11.1,22.2,1016.7,0,0,1
2025-06-12 00:00:00,17.2,67,0.0,,47,11.1,22.2,1016.8,0,0,1
2025-06-12 01:00:00,16.4,71,0.0,,43,9.3,20.4,1016.8,0,0,1
2025-06-12 02:00:00,15.8,74,0.0,,41,9.3,18.5,1016.8,0,1,1
2025-06-12 03:00:00,15.4,77,0.0,,39,7.4,18.5,1017.0,0,1,1
2025-06-12 04:00:00,14.9,74,0.0,,36,5.5,13.0,1016.9,0,1,1
2025-06-12 05:00:00,15.6,72,0.0,,40,5.5,13.0,1017.1,15,1,1
2025-06-12 06:00:00,16.8,70,0.0,,46,5.5,14.8,1017.1,34,1,1
2025-06-12 07:00:00,18.0,66,0.0,,48,5.5,14.8,1017.2,37,1,1
2025-06-12 08:00:00,19.8,61,0.0,,49,5.5,14.8,1016.7,40,1,1
2025-06-12 09:00:00,21.5,58,0.0,,42,5.5,14.8,1016.2,49,1,1
2025-06-12 10:00:00,22.7,56,0.0,,125,5.5,13.0,1016.2,58,2,1
2025-06-12 11:00:00,24.6,50,0.0,,97,5.5,14.8,1015.6,60,2,1
2025-06-12 12:00:00,26.2,45,0.0,,71,5.5,14.8,1014.9,56,2,1
2025-06-12 13:00:00,27.3,41,0.0,,82,5.5,16.7,1014.4,54,2,1
2025-06-12 14:00:00,28.2,38,0.0,,72,5.5,16.7,1014.0,54,3,1
2025-06-12 15:00:00,28.5,36,0.0,,59,5.5,14.8,1013.5,48,3,2
2025-06-12 16:00:00,28.2,35,0.0,,55,5.5,14.8,1013.4,49,2,2
2025-06-12 17:00:00,27.4,37,0.0,,63,5.5,13.0,1013.7,49,2,1
2025-06-12 18:00:00,25.9,41,0.0,,58,5.5,11.1,1014.1,39,1,1
2025-06-12 19:00:00,24.3,47,0.0,,54,7.4,11.1,1015.1,23,2,1
2025-06-12 20:00:00,23.4,50,0.0,,57,7.4,11.1,1016.1,10,2,1
2025-06-12 21:00:00,22.1,54,0.0,,54,5.5,9.3,1016.7,0,2,1
2025-06-12 22:00:00,21.2,58,0.0,,54,3.7,7.4,1017.3,0,2,1
2025-06-12 23:00:00,20.3,62,0.0,,57,3.7,5.5,1017.7,0,2,1
2025-06-13 00:00:00,19.9,65,0.0,,54,1.8,5.5,1018.0,0,2,1
2025-06-13 01:00:00,19.1,70,0.0,,56,1.8,5.5,1018.6,0,2,1
2025-06-13 02:00:00,18.4,74,0.0,,48,1.8,5.5,1018.8,0,2,1
2025-06-13 03:00:00,18.1,77,0.0,,49,3.7,5.5,1019.1,0,2,1
2025-06-13 04:00:00,16.7,85,0.0,,34,5.5,11.1,1019.9,0,1,1
2025-06-13 05:00:00,17.5,82,0.0,,48,3.7,9.3,1019.9,14,1,1
2025-06-13 06:00:00,19.1,78,0.0,,55,3.7,9.3,1019.8,31,1,1
2025-06-13 07:00:00,20.5,71,0.0,,55,5.5,11.1,1019.7,33,1,1
2025-06-13 08:00:00,22.5,64,0.0,,45,5.5,13.0,1019.4,36,2,1
2025-06-13 09:00:00,24.4,57,0.0,,38,5.5,14.8,1019.0,45,2,1
2025-06-13 10:00:00,26.5,51,0.0,,49,5.5,16.7,1018.3,52,3,4
2025-06-13 11:00:00,27.8,46,0.0,,42,7.4,18.5,1017.8,54,3,1
2025-06-13 12:00:00,29.1,42,0.0,,41,7.4,18.5,1017.2,50,3,1
2025-06-13 13:00:00,29.9,39,0.0,,39,7.4,20.4,1016.7,48,3,1
2025-06-13 14:00:00,30.5,37,0.0,,38,7.4,20.4,1016.2,51,3,1
2025-06-13 15:00:00,30.4,37,0.0,,43,7.4,20.4,1015.6,44,4,2
2025-06-13 16:00:00,30.8,35,0.0,,40,7.4,22.2,1015.1,54,3,2
2025-06-13 17:00:00,29.5,40,0.0,,48,7.4,18.5,1015.4,38,3,1
2025-06-13 18:00:00,27.7,47,0.0,,52,7.4,16.7,1015.9,29,3,1
2025-06-13 19:00:00,26.1,51,0.0,,53,7.4,16.7,1016.5,13,4,2
2025-06-13 20:00:00,24.8,55,0.0,,51,7.4,14.8,1017.0,4,4,2
2025-06-13 21:00:00,23.7,59,0.0,,48,5.5,13.0,1017.6,0,3,2
2025-06-13 22:00:00,23.4,60,0.0,,51,7.4,18.5,1018.0,0,1,1
2025-06-13 23:00:00,22.3,64,0.0,,57,5.5,14.8,1018.3,0,2,1
2025-06-14 00:00:00,21.5,68,0.0,,47,3.7,11.1,1018.6,0,2,1
2025-06-14 01:00:00,20.8,71,0.0,,52,3.7,9.3,1018.7,0,2,1
2025-06-14 02:00:00,20.2,74,0.0,,53,3.7,9.3,1018.8,0,3,2
2025-06-14 03:00:00,19.9,77,0.0,,49,3.7,7.4,1019.0,0,2,2
2025-06-14 04:00:00,19.6,68,0.0,,55,3.7,9.3,1019.5,0,2,1
2025-06-14 05:00:00,20.2,68,0.0,,65,1.8,7.4,1019.6,11,2,1
2025-06-14 06:00:00,21.4,68,0.0,,120,3.7,7.4,1019.4,26,2,1
2025-06-14 07:00:00,22.6,64,0.0,,213,3.7,9.3,1019.3,29,2,1
2025-06-14 08:00:00,24.4,59,0.0,,240,3.7,11.1,1019.0,33,2,1
2025-06-14 09:00:00,26.1,56,0.0,,248,5.5,14.8,1018.7,39,1,1
2025-06-14 10:00:00,28.4,51,0.0,,233,7.4,18.5,1018.1,52,4,4
2025-06-14 11:00:00,29.2,47,0.0,,234,9.3,20.4,1018.0,51,4,2
2025-06-14 12:00:00,29.7,46,0.1,,233,9.3,22.2,1017.8,45,4,1
2025-06-14 13:00:00,29.9,43,1.2,,238,9.3,22.2,1017.6,43,4,2
2025-06-14 14:00:00,30.0,43,0.0,,228,9.3,22.2,1017.3,41,4,2
2025-06-14 15:00:00,29.7,44,0.0,,220,7.4,22.2,1017.0,34,4,2
2025-06-14 16:00:00,30.8,39,0.0,,282,5.5,18.5,1015.6,31,4,2
2025-06-14 17:00:00,29.5,43,0.0,,201,5.5,16.7,1015.8,29,3,2
2025-06-14 18:00:00,27.7,50,0.0,,32,5.5,16.7,1016.3,27,2,2
2025-06-14 19:00:00,26.2,55,0.0,,47,5.5,16.7,1016.9,11,4,2
2025-06-14 20:00:00,24.9,59,0.0,,41,5.5,13.0,1017.5,4,3,2
2025-06-14 21:00:00,23.9,63,0.0,,58,3.7,11.1,1018.0,0,2,2
2025-06-14 22:00:00,22.9,57,0.0,,121,3.7,13.0,1018.4,0,2,1
2025-06-14 23:00:00,22.2,62,0.0,,94,3.7,11.1,1018.3,0,2,1
2025-06-15 00:00:00,21.7,66,0.0,,82,3.7,9.3,1018.3,0,2,1
2025-06-15 01:00:00,21.2,69,0.0,,83,3.7,9.3,1018.1,0,2,1
2025-06-15 02:00:00,20.9,72,0.0,,70,3.7,9.3,1018.1,0,2,1
2025-06-15 03:00:00,20.6,75,0.0,,25,3.7,9.3,1018.0,0,2,1
2025-06-15 04:00:00,20.6,76,0.0,,251,3.7,9.3,1018.4,3,3,2
2025-06-15 05:00:00,21.0,75,0.0,,241,3.7,9.3,1018.7,11,4,2
2025-06-15 06:00:00,21.2,75,0.0,,236,3.7,11.1,1019.0,17,4,2
2025-06-15 07:00:00,22.0,71,0.0,,247,5.5,13.0,1019.3,17,4,2
2025-06-15 08:00:00,22.8,67,0.0,,249,7.4,16.7,1019.4,14,4,2
2025-06-15 09:00:00,23.3,65,0.0,,253,7.4,18.5,1019.4,17,4,2
2025-06-15 10:00:00,23.9,62,0.0,,253,7.4,18.5,1019.3,13,5,2
2025-06-15 11:00:00,24.5,59,0.0,,247,7.4,20.4,1019.1,19,5,2
2025-06-15 12:00:00,24.6,58,0.0,,255,9.3,20.4,1018.7,22,6,25
2025-06-15 13:00:00,24.6,58,0.0,,252,9.3,22.2,1018.1,21,6,25
2025-06-15 14:00:00,24.1,61,0.2,,258,9.3,24.1,1018.2,20,6,25
2025-06-15 15:00:00,22.7,68,0.0,,262,9.3,24.1,1018.3,15,8,25
2025-06-15 16:00:00,18.0,88,1.9,,267,13.0,31.5,1021.2,10,6,25
2025-06-15 17:00:00,16.6,96,2.3,,266,13.0,31.5,1021.6,0,7,25
2025-06-15 18:00:00,16.4,100,5.2,,258,11.1,27.8,1021.9,2,7,25
2025-06-15 19:00:00,16.2,99,0.6,,259,11.1,29.6,1022.1,1,8,25
2025-06-15 20:00:00,16.3,97,1.2,,259,11.1,29.6,1022.6,0,8,25
2025-06-15 21:00:00,15.9,99,1.2,,261,9.3,22.2,1023.1,0,8,25
2025-06-15 22:00:00,16.6,93,0.6,,271,9.3,24.1,1024.5,0,7,25
2025-06-15 23:00:00,15.9,93,0.0,,265,7.4,18.5,1024.7,0,7,25
2025-06-16 00:00:00,15.4,94,0.6,,302,5.5,14.8,1025.0,0,6,17
2025-06-16 01:00:00,15.2,94,0.0,,312,5.5,13.0,1025.1,0,6,7
2025-06-16 02:00:00,15.2,93,0.0,,324,5.5,11.1,1024.9,0,7,4
2025-06-16 03:00:00,14.9,93,0.0,,10,5.5,11.1,1025.1,0,7,4
2025-06-16 04:00:00,14.7,94,0.0,,17,5.5,11.1,1025.6,0,7,3
2025-06-16 05:00:00,14.7,93,0.0,,14,5.5,13.0,1025.8,0,7,3
2025-06-16 06:00:00,15.1,90,0.0,,20,5.5,14.8,1025.9,0,7,2
2025-06-16 07:00:00,15.6,86,0.0,,31,7.4,16.7,1026.2,0,6,2
2025-06-16 08:00:00,16.5,80,0.0,,37,7.4,18.5,1026.2,0,6,2
2025-06-16 09:00:00,17.5,75,0.0,,40,9.3,20.4,1026.1,6,5,3
2025-06-16 10:00:00,18.7,66,0.2,,42,9.3,25.9,1025.9,37,5,2
2025-06-16 11:00:00,19.4,62,0.3,,42,11.1,25.9,1025.7,34,6,2
2025-06-16 12:00:00,20.2,60,0.2,,46,9.3,25.9,1025.1,28,6,2
2025-06-16 13:00:00,20.8,57,0.0,,45,9.3,25.9,1024.8,30,5,2
2025-06-16 14:00:00,21.1,55,0.1,,46,9.3,25.9,1024.4,32,5,2
2025-06-16 15:00:00,20.9,55,0.1,,49,9.3,24.1,1024.1,29,4,2
2025-06-16 16:00:00,21.2,54,0.0,,49,9.3,25.9,1024.0,47,3,2
2025-06-16 17:00:00,20.7,55,0.0,,51,9.3,24.1,1024.0,37,2,2
2025-06-16 18:00:00,19.5,61,0.0,,52,7.4,18.5,1024.3,35,2,2
2025-06-16 19:00:00,18.1,64,0.0,,50,7.4,16.7,1024.7,17,2,1
2025-06-16 20:00:00,17.0,67,0.0,,53,7.4,16.7,1025.4,7,2,2
2025-06-16 21:00:00,15.9,74,0.0,,52,9.3,16.7,1025.8,0,1,1
2025-06-16 22:00:00,15.5,74,0.0,,55,9.3,20.4,1026.3,0,1,1
2025-06-16 23:00:00,14.7,76,0.0,,52,9.3,20.4,1026.2,0,1,1
2025-06-17 00:00:00,14.1,80,0.0,,48,9.3,18.5,1026.1,0,1,1
2025-06-17 01:00:00,13.7,81,0.0,,48,9.3,18.5,1025.8,0,1,1
2025-06-17 02:00:00,13.3,82,0.0,,42,9.3,18.5,1025.4,0,1,1
2025-06-17 03:00:00,13.1,84,0.0,,40,9.3,18.5,1025.4,0,1,1
2025-06-17 04:00:00,13.6,81,0.0,,49,9.3,16.7,1024.9,0,1,1
2025-06-17 05:00:00,14.2,78,0.0,,43,9.3,18.5,1024.9,14,1,1
2025-06-17 06:00:00,15.2,77,0.0,,41,9.3,20.4,1024.7,31,1,1
2025-06-17 07:00:00,16.2,72,0.0,,41,9.3,22.2,1024.4,31,1,1
2025-06-17 08:00:00,17.9,66,0.0,,41,11.1,25.9,1023.9,33,1,1
2025-06-17 09:00:00,19.6,60,0.0,,42,13.0,27.8,1023.6,45,0,1
2025-06-17 10:00:00,21.6,52,0.0,,46,14.8,33.3,1023.1,57,3,4
2025-06-17 11:00:00,22.6,48,0.0,,49,14.8,33.3,1022.7,56,3,1
2025-06-17 12:00:00,23.4,46,0.0,,52,13.0,33.3,1022.1,51,4,1
2025-06-17 13:00:00,24.0,44,0.0,,51,13.0,33.3,1021.8,52,3,1
2025-06-17 14:00:00,24.4,43,0.0,,52,13.0,31.5,1021.4,54,2,1
2025-06-17 15:00:00,24.0,44,0.0,,53,11.1,29.6,1020.9,48,1,2
2025-06-17 16:00:00,24.6,42,0.0,,47,9.3,29.6,1020.6,57,1,1
2025-06-17 17:00:00,23.6,45,0.0,,51,9.3,25.9,1020.6,48,0,1
2025-06-17 18:00:00,21.9,52,0.0,,50,7.4,20.4,1021.0,47,0,1
2025-06-17 19:00:00,20.3,57,0.0,,48,7.4,18.5,1021.5,24,1,1
2025-06-17 20:00:00,19.2,60,0.0,,47,7.4,14.8,1022.1,9,1,1
2025-06-17 21:00:00,17.9,68,0.0,,46,7.4,14.8,1022.6,0,0,1
2025-06-17 22:00:00,17.2,72,0.0,,47,7.4,14.8,1022.9,0,0,1
2025-06-17 23:00:00,16.5,73,0.0,,47,7.4,16.7,1023.2,0,0,1
2025-06-18 00:00:00,16.0,78,0.0,,44,5.5,13.0,1023.4,0,0,1
2025-06-18 01:00:00,15.6,78,0.0,,47,5.5,11.1,1023.4,0,1,1
2025-06-18 02:00:00,14.8,81,0.0,,42,3.7,9.3,1023.4,0,1,1
2025-06-18 03:00:00,14.9,82,0.0,,41,3.7,7.4,1023.5,0,1,1
2025-06-18 04:00:00,14.1,83,0.0,,42,5.5,13.0,1023.5,0,2,1
2025-06-18 05:00:00,15.3,78,0.0,,47,3.7,11.1,1023.7,12,2,1
2025-06-18 06:00:00,16.7,75,0.0,,50,3.7,9.3,1023.8,27,3,1
2025-06-18 07:00:00,17.7,71,0.0,,41,3.7,9.3,1023.4,32,3,2
2025-06-18 08:00:00,19.4,65,0.0,,36,5.5,11.1,1022.8,35,3,2
2025-06-18 09:00:00,21.1,59,0.0,,23,5.5,14.8,1022.4,44,4,2
2025-06-18 10:00:00,22.5,55,0.0,,9,5.5,16.7,1021.5,57,4,2
2025-06-18 11:00:00,24.0,49,0.0,,11,7.4,16.7,1021.1,58,4,2
2025-06-18 12:00:00,25.1,44,0.0,,13,7.4,18.5,1020.7,54,5,1
2025-06-18 13:00:00,25.9,41,0.0,,15,7.4,18.5,1020.2,55,4,1
2025-06-18 14:00:00,26.5,38,0.0,,19,7.4,18.5,1019.9,55,2,2
2025-06-18 15:00:00,26.4,38,0.0,,20,7.4,18.5,1019.3,50,1,1
2025-06-18 16:00:00,26.6,35,0.0,,92,5.5,14.8,1019.3,60,1,1
2025-06-18 17:00:00,25.6,38,0.0,,61,3.7,13.0,1019.3,53,1,1
2025-06-18 18:00:00,23.9,44,0.0,,31,5.5,11.1,1019.8,45,0,1
2025-06-18 19:00:00,22.5,50,0.0,,33,5.5,11.1,1020.3,25,1,1
2025-06-18 20:00:00,21.3,54,0.0,,32,5.5,9.3,1020.9,10,1,1
2025-06-18 21:00:00,20.0,61,0.0,,20,3.7,7.4,1021.4,0,0,1
2025-06-18 22:00:00,19.2,65,0.0,,29,3.7,9.3,1021.8,0,0,1
2025-06-18 23:00:00,18.5,69,0.0,,39,3.7,7.4,1021.8,0,0,1
2025-06-19 00:00:00,17.8,73,0.0,,34,3.7,5.5,1021.9,0,0,1
2025-06-19 01:00:00,17.3,76,0.0,,36,1.8,5.5,1022.0,0,0,1
2025-06-19 02:00:00,16.8,78,0.0,,39,1.8,5.5,1022.0,0,1,1
2025-06-19 03:00:00,16.7,80,0.0,,42,1.8,5.5,1022.2,0,0,1
2025-06-19 04:00:00,15.6,81,0.0,,39,1.8,5.5,1022.8,0,0,1
2025-06-19 05:00:00,16.7,77,0.0,,37,3.7,7.4,1022.6,17,0,1
2025-06-19 06:00:00,18.2,74,0.0,,40,3.7,9.3,1022.4,35,0,1
2025-06-19 07:00:00,19.4,68,0.0,,40,5.5,11.1,1022.1,38,0,1
2025-06-19 08:00:00,21.5,61,0.0,,39,5.5,14.8,1021.8,40,0,1
2025-06-19 09:00:00,23.3,55,0.0,,40,7.4,18.5,1021.2,49,0,1
2025-06-19 10:00:00,26.0,48,0.0,,38,9.3,24.1,1020.4,58,1,4
2025-06-19 11:00:00,26.8,44,0.0,,43,11.1,25.9,1020.0,58,2,1
2025-06-19 12:00:00,27.7,41,0.0,,46,11.1,27.8,1019.4,54,2,1
2025-06-19 13:00:00,28.1,38,0.0,,45,11.1,27.8,1019.1,55,2,1
2025-06-19 14:00:00,28.3,37,0.0,,45,11.1,27.8,1018.6,55,1,1
2025-06-19 15:00:00,28.1,37,0.0,,46,9.3,27.8,1018.1,48,1,1
2025-06-19 16:00:00,28.1,36,0.0,,43,9.3,25.9,1018.3,59,0,1
2025-06-19 17:00:00,27.0,39,0.0,,50,7.4,22.2,1018.4,50,0,1
2025-06-19 18:00:00,25.3,45,0.0,,49,7.4,20.4,1018.7,43,0,1
2025-06-19 19:00:00,23.7,49,0.0,,47,7.4,18.5,1019.4,24,1,1
2025-06-19 20:00:00,22.4,52,0.0,,50,9.3,16.7,1020.2,10,1,1
2025-06-19 21:00:00,21.1,59,0.0,,49,9.3,16.7,1020.8,0,0,1
2025-06-19 22:00:00,20.4,61,0.0,,51,9.3,16.7,1021.3,0,0,1
2025-06-19 23:00:00,19.6,64,0.0,,46,9.3,18.5,1021.4,0,0,1
2025-06-20 00:00:00,18.8,67,0.0,,44,9.3,18.5,1021.6,0,0,1
2025-06-20 01:00:00,18.2,70,0.0,,44,9.3,18.5,1021.7,0,1,1
2025-06-20 02:00:00,17.5,73,0.0,,40,9.3,18.5,1021.8,0,1,1
2025-06-20 03:00:00,17.1,75,0.0,,37,7.4,16.7,1022.1,0,1,1
2025-06-20 04:00:00,16.8,77,0.0,,39,7.4,16.7,1022.1,0,0,1
2025-06-20 05:00:00,17.3,76,0.0,,38,7.4,18.5,1022.2,16,1,1
2025-06-20 06:00:00,18.3,74,0.0,,35,9.3,20.4,1022.1,34,1,1
2025-06-20 07:00:00,19.4,69,0.0,,39,9.3,22.2,1021.9,33,1,1
2025-06-20 08:00:00,21.2,63,0.0,,40,9.3,22.2,1021.4,37,1,1
2025-06-20 09:00:00,22.8,58,0.0,,40,11.1,24.1,1020.8,46,0,1
2025-06-20 10:00:00,24.2,54,0.0,,41,11.1,25.9,1020.3,44,1,1
2025-06-20 11:00:00,25.7,48,0.0,,43,11.1,27.8,1019.7,48,2,1
2025-06-20 12:00:00,27.0,43,0.0,,43,11.1,29.6,1019.0,47,2,1
2025-06-20 13:00:00,27.5,41,0.0,,45,11.1,29.6,1018.6,50,2,1
2025-06-20 14:00:00,28.1,39,0.0,,46,11.1,29.6,1018.1,53,2,1
2025-06-20 15:00:00,27.5,40,0.0,,49,11.1,27.8,1017.8,45,2,1
2025-06-20 16:00:00,27.9,39,0.0,,44,11.1,27.8,1017.9,58,2,1
2025-06-20 17:00:00,26.6,42,0.0,,51,9.3,24.1,1018.1,47,2,1
2025-06-20 18:00:00,24.9,47,0.0,,55,9.3,22.2,1018.6,41,2,1
2025-06-20 19:00:00,23.3,50,0.0,,56,9.3,20.4,1019.0,21,3,1
2025-06-20 20:00:00,21.8,53,0.0,,55,9.3,20.4,1019.6,8,3,1
2025-06-20 21:00:00,20.7,58,0.0,,55,9.3,18.5,1020.0,0,3,1
2025-06-20 22:00:00,20.4,60,0.0,,55,11.1,25.9,1020.5,0,2,1
2025-06-20 23:00:00,19.4,62,0.0,,48,11.1,24.1,1020.5,0,2,1
2025-06-21 00:00:00,18.7,65,0.0,,45,9.3,22.2,1020.4,0,1,1
2025-06-21 01:00:00,18.1,67,0.0,,44,9.3,18.5,1020.3,0,2,1
2025-06-21 02:00:00,17.4,69,0.0,,40,7.4,18.5,1020.3,0,2,1
2025-06-21 03:00:00,17.1,71,0.0,,39,7.4,16.7,1020.4,0,1,1
2025-06-21 04:00:00,15.6,75,0.0,,40,5.5,11.1,1020.6,0,0,1
2025-06-21 05:00:00,16.5,72,0.0,,42,5.5,13.0,1020.8,17,0,1
2025-06-21 06:00:00,17.8,69,0.0,,49,5.5,13.0,1020.6,35,0,1
2025-06-21 07:00:00,18.9,65,0.0,,47,7.4,14.8,1020.4,33,0,1
2025-06-21 08:00:00,20.6,59,0.0,,49,7.4,14.8,1019.9,35,1,1
2025-06-21 09:00:00,22.3,55,0.0,,42,7.4,16.7,1019.6,39,1,1
2025-06-21 10:00:00,23.8,51,0.0,,40,7.4,20.4,1019.0,55,3,4
2025-06-21 11:00:00,25.0,48,0.0,,44,7.4,20.4,1018.6,51,3,1
2025-06-21 12:00:00,26.1,45,0.0,,40,7.4,20.4,1018.1,47,4,1
2025-06-21 13:00:00,26.6,42,0.0,,33,7.4,20.4,1017.9,47,3,1
2025-06-21 14:00:00,27.0,41,0.0,,31,7.4,20.4,1017.6,48,3,1
2025-06-21 15:00:00,27.0,42,0.2,,55,5.5,18.5,1017.5,41,3,2
2025-06-21 16:00:00,27.6,38,0.0,,52,5.5,16.7,1016.8,58,2,2
2025-06-21 17:00:00,26.4,42,0.0,,61,5.5,16.7,1017.1,45,2,1
2025-06-21 18:00:00,24.8,49,0.0,,82,5.5,13.0,1017.7,37,2,1
2025-06-21 19:00:00,23.4,54,0.0,,87,7.4,13.0,1018.2,19,2,1
2025-06-21 20:00:00,22.2,57,0.0,,82,5.5,13.0,1019.0,8,2,1
2025-06-21 21:00:00,21.1,62,0.0,,87,5.5,11.1,1019.3,0,1,1
2025-06-21 22:00:00,21.2,59,0.0,,60,3.7,5.5,1019.5,0,0,1
2025-06-21 23:00:00,20.3,64,0.0,,53,3.7,7.4,1019.5,0,0,1
2025-06-22 00:00:00,19.5,68,0.0,,61,1.8,5.5,1019.6,0,1,1
2025-06-22 01:00:00,18.9,71,0.0,,57,1.8,5.5,1019.6,0,1,1
2025-06-22 02:00:00,18.4,74,0.0,,63,1.8,5.5,1019.7,0,1,1
2025-06-22 03:00:00,18.1,77,0.0,,58,1.8,5.5,1019.9,0,1,1
2025-06-22 04:00:00,16.7,86,0.0,,67,1.8,5.5,1020.4,0,1,1
2025-06-22 05:00:00,17.7,82,0.0,,93,1.8,5.5,1020.3,17,0,1
2025-06-22 06:00:00,19.2,77,0.0,,164,1.8,5.5,1020.1,35,0,1
2025-06-22 07:00:00,20.6,69,0.0,,199,3.7,7.4,1019.6,37,0,1
2025-06-22 08:00:00,22.9,59,0.0,,212,3.7,9.3,1019.0,38,1,1
2025-06-22 09:00:00,25.0,53,0.0,,225,5.5,13.0,1018.4,45,1,1
2025-06-22 10:00:00,26.1,47,0.0,,230,7.4,14.8,1018.0,57,1,4
2025-06-22 11:00:00,27.8,41,0.0,,230,9.3,20.4,1017.3,55,2,1
2025-06-22 12:00:00,29.3,36,0.0,,234,9.3,22.2,1016.5,54,3,1
2025-06-22 13:00:00,30.1,33,0.0,,237,11.1,25.9,1015.7,55,2,1
2025-06-22 14:00:00,30.8,31,0.0,,238,11.1,27.8,1015.1,55,2,1
2025-06-22 15:00:00,30.8,31,0.0,,237,11.1,27.8,1014.4,50,1,1
2025-06-22 16:00:00,30.8,29,0.0,,233,13.0,29.6,1014.1,60,1,1
2025-06-22 17:00:00,29.8,32,0.0,,234,11.1,25.9,1013.9,53,1,1
2025-06-22 18:00:00,28.0,39,0.0,,234,9.3,22.2,1014.1,43,0,1
2025-06-22 19:00:00,26.2,44,0.0,,234,9.3,20.4,1014.4,24,1,1
2025-06-22 20:00:00,25.1,47,0.0,,235,5.5,16.7,1015.2,8,2,1
2025-06-22 21:00:00,24.0,52,0.0,,208,3.7,11.1,1015.8,0,3,1
2025-06-22 22:00:00,23.1,56,0.0,,208,3.7,9.3,1016.2,0,3,1
2025-06-22 23:00:00,22.7,57,0.0,,195,3.7,11.1,1016.5,0,3,1
2025-06-23 00:00:00,22.5,59,0.0,,208,5.5,11.1,1016.4,0,2,1
2025-06-23 01:00:00,22.2,61,0.0,,207,5.5,14.8,1016.4,0,4,1
2025-06-23 02:00:00,21.7,62,0.0,,222,7.4,20.4,1016.3,0,4,2
2025-06-23 03:00:00,21.6,67,0.0,,225,7.4,20.4,1016.6,0,4,2
2025-06-23 04:00:00,22.0,59,0.0,,226,7.4,18.5,1015.7,0,4,2
2025-06-23 05:00:00,21.8,61,5.4,,229,9.3,22.2,1016.5,5,5,2
2025-06-23 06:00:00,21.7,65,0.0,,228,11.1,24.1,1016.9,7,6,2
2025-06-23 07:00:00,21.8,66,0.0,,230,11.1,25.9,1017.0,7,6,2
2025-06-23 08:00:00,22.2,67,0.0,,232,13.0,27.8,1016.9,7,6,2
2025-06-23 09:00:00,23.0,66,0.0,,236,14.8,31.5,1016.7,17,6,3
2025-06-23 10:00:00,27.0,53,0.7,,240,18.5,38.9,1014.4,49,6,3
2025-06-23 11:00:00,26.8,54,0.0,,242,20.4,42.6,1014.6,40,6,2
2025-06-23 12:00:00,26.4,57,1.4,,242,18.5,42.6,1014.6,34,6,2
2025-06-23 13:00:00,26.5,56,0.4,,244,18.5,44.5,1014.5,33,5,25
2025-06-23 14:00:00,26.2,57,0.4,,246,18.5,44.5,1014.4,32,4,25
2025-06-23 15:00:00,25.7,59,0.2,,245,18.5,42.6,1014.2,31,4,25
2025-06-23 16:00:00,23.6,72,0.3,,239,9.3,44.5,1014.3,25,3,25
2025-06-23 17:00:00,23.5,65,0.2,,253,13.0,42.6,1014.1,24,3,25
2025-06-23 18:00:00,23.2,63,0.0,,253,13.0,38.9,1014.6,27,2,18
2025-06-23 19:00:00,22.8,60,0.1,,258,11.1,33.3,1015.2,12,3,18
2025-06-23 20:00:00,22.1,60,0.0,,259,9.3,25.9,1015.9,5,3,18
2025-06-23 21:00:00,20.9,63,0.0,,253,7.4,22.2,1016.9,0,2,2
2025-06-23 22:00:00,21.2,54,0.0,,240,7.4,24.1,1016.9,0,3,2
2025-06-23 23:00:00,20.6,57,0.0,,241,7.4,18.5,1017.4,0,3,2
2025-06-24 00:00:00,20.0,61,0.0,,240,5.5,18.5,1017.8,0,3,2
2025-06-24 01:00:00,19.5,66,0.0,,241,5.5,16.7,1018.1,0,2,2
2025-06-24 02:00:00,18.8,69,0.0,,236,3.7,13.0,1018.0,0,2,2
2025-06-24 03:00:00,18.6,72,0.0,,219,3.7,13.0,1018.2,0,3,2
2025-06-24 04:00:00,15.9,79,0.0,,203,1.8,5.5,1018.5,0,3,2
2025-06-24 05:00:00,17.0,76,0.0,,218,3.7,9.3,1018.4,12,2,2
2025-06-24 06:00:00,18.7,70,0.0,,219,3.7,11.1,1018.3,23,2,1
2025-06-24 07:00:00,19.6,66,0.0,,227,7.4,14.8,1018.0,24,2,1
2025-06-24 08:00:00,21.3,59,0.0,,232,7.4,18.5,1017.6,27,2,1
2025-06-24 09:00:00,22.9,54,0.0,,238,9.3,22.2,1017.1,39,1,1
2025-06-24 10:00:00,24.0,48,0.0,,244,11.1,25.9,1016.5,56,2,4
2025-06-24 11:00:00,25.3,44,0.0,,244,13.0,27.8,1015.9,54,3,1
2025-06-24 12:00:00,26.5,42,0.0,,246,13.0,31.5,1015.4,50,4,1
2025-06-24 13:00:00,27.2,39,0.0,,249,13.0,31.5,1014.7,52,3,1
2025-06-24 14:00:00,27.7,38,0.0,,250,13.0,31.5,1014.1,54,2,1
2025-06-24 15:00:00,27.4,40,0.0,,250,13.0,31.5,1013.6,48,1,2
2025-06-24 16:00:00,27.3,41,0.0,,272,9.3,25.9,1014.0,57,1,1
2025-06-24 17:00:00,26.5,43,0.0,,274,7.4,24.1,1013.7,52,1,1
2025-06-24 18:00:00,25.4,48,0.0,,282,7.4,20.4,1014.0,43,1,1
2025-06-24 19:00:00,24.3,49,0.0,,293,7.4,16.7,1014.2,24,1,1
2025-06-24 20:00:00,23.2,52,0.0,,313,5.5,13.0,1014.7,9,1,1
2025-06-24 21:00:00,21.9,58,0.0,,333,3.7,11.1,1015.2,0,1,1
2025-06-24 22:00:00,21.0,59,0.0,,352,1.8,7.4,1016.2,0,0,1
2025-06-24 23:00:00,20.4,62,0.0,,11,1.8,7.4,1016.1,0,0,1
2025-06-25 00:00:00,19.9,65,0.0,,50,1.8,5.5,1016.1,0,0,1
2025-06-25 01:00:00,19.4,68,0.0,,79,1.8,5.5,1016.2,0,1,1
2025-06-25 02:00:00,18.6,72,0.0,,114,1.8,5.5,1016.1,0,1,1
2025-06-25 03:00:00,18.3,76,0.0,,128,1.8,5.5,1016.2,0,1,1
2025-06-25 04:00:00,17.9,84,0.0,,129,1.8,5.5,1016.5,0,1,1
2025-06-25 05:00:00,18.8,80,0.0,,165,1.8,5.5,1016.6,16,1,1
2025-06-25 06:00:00,20.3,74,0.0,,205,1.8,7.4,1016.4,31,1,1
2025-06-25 07:00:00,21.4,67,0.0,,207,3.7,9.3,1016.1,33,1,1
2025-06-25 08:00:00,23.4,58,0.0,,215,5.5,11.1,1015.7,37,1,1
2025-06-25 09:00:00,25.3,50,0.0,,219,5.5,13.0,1015.2,44,1,1
2025-06-25 10:00:00,26.7,44,0.0,,218,7.4,16.7,1014.5,41,2,1
2025-06-25 11:00:00,28.3,37,0.0,,226,7.4,18.5,1013.8,43,3,1
2025-06-25 12:00:00,29.9,32,0.0,,223,7.4,20.4,1012.8,44,4,1
2025-06-25 13:00:00,30.5,30,0.0,,226,9.3,22.2,1012.1,48,3,1
2025-06-25 14:00:00,31.4,28,0.0,,223,7.4,20.4,1011.5,51,2,1
2025-06-25 15:00:00,31.2,28,0.0,,227,5.5,18.5,1010.6,48,2,1
2025-06-25 16:00:00,31.8,26,0.0,,38,5.5,16.7,1010.9,60,1,1
2025-06-25 17:00:00,31.0,29,0.0,,82,5.5,16.7,1010.7,60,1,1
2025-06-25 18:00:00,29.4,32,0.0,,73,5.5,14.8,1010.7,52,0,1
2025-06-25 19:00:00,27.6,39,0.0,,72,5.5,16.7,1010.7,29,1,1
2025-06-25 20:00:00,26.0,43,0.0,,63,5.5,13.0,1011.1,14,1,1
2025-06-25 21:00:00,24.9,46,0.0,,60,5.5,13.0,1011.5,0,1,1
2025-06-25 22:00:00,23.5,49,0.0,,109,5.5,14.8,1012.2,0,1,1
2025-06-25 23:00:00,22.9,53,0.0,,101,3.7,11.1,1012.1,0,1,1
2025-06-26 00:00:00,22.2,58,0.0,,185,3.7,11.1,1012.2,0,0,1
2025-06-26 01:00:00,21.7,61,0.0,,234,3.7,13.0,1012.8,0,2,1
2025-06-26 02:00:00,21.6,62,0.0,,247,5.5,14.8,1013.3,0,3,1
2025-06-26 03:00:00,21.2,65,0.0,,247,5.5,18.5,1014.0,0,4,2
2025-06-26 04:00:00,19.8,79,0.0,,230,9.3,31.5,1017.2,0,4,2
2025-06-26 05:00:00,20.1,77,0.0,,235,9.3,27.8,1016.7,2,5,2
2025-06-26 06:00:00,20.6,75,0.0,,240,11.1,24.1,1016.4,5,7,2
2025-06-26 07:00:00,21.3,71,0.0,,238,11.1,25.9,1016.0,9,7,2
2025-06-26 08:00:00,22.1,67,0.3,,240,11.1,25.9,1016.1,8,7,3
2025-06-26 09:00:00,22.4,66,0.0,,243,11.1,27.8,1016.1,9,7,17
2025-06-26 10:00:00,24.3,65,0.1,,250,11.1,24.1,1015.7,43,7,17
2025-06-26 11:00:00,24.3,64,0.6,,242,13.0,27.8,1016.0,32,7,17
2025-06-26 12:00:00,23.6,66,0.1,,240,13.0,27.8,1016.5,26,7,17
2025-06-26 13:00:00,23.6,64,0.0,,238,13.0,29.6,1016.8,23,7,17
2025-06-26 14:00:00,23.3,64,0.0,,238,13.0,31.5,1017.1,22,6,17
2025-06-26 15:00:00,23.2,65,0.0,,234,13.0,31.5,1017.2,20,7,25
2025-06-26 16:00:00,21.6,72,0.4,,205,13.0,27.8,1018.8,4,6,3
2025-06-26 17:00:00,21.6,72,0.5,,212,11.1,27.8,1018.8,11,6,2
2025-06-26 18:00:00,21.4,74,0.0,,215,9.3,24.1,1018.9,11,6,2
2025-06-26 19:00:00,20.9,74,0.0,,213,7.4,20.4,1019.8,11,6,2
2025-06-26 20:00:00,20.3,75,0.0,,212,5.5,18.5,1020.5,6,5,2
2025-06-26 21:00:00,20.0,75,0.0,,207,5.5,16.7,1021.3,0,5,2
2025-06-26 22:00:00,17.9,86,0.0,,214,3.7,9.3,1022.8,0,5,2
2025-06-26 23:00:00,18.0,85,0.0,,219,3.7,11.1,1022.9,0,4,2
2025-06-27 00:00:00,17.9,85,0.0,,188,3.7,11.1,1023.0,0,4,2
2025-06-27 01:00:00,17.8,86,0.0,,170,3.7,9.3,1023.0,0,4,2
2025-06-27 02:00:00,17.8,86,0.0,,184,1.8,7.4,1023.0,0,4,2
2025-06-27 03:00:00,17.6,88,0.0,,175,1.8,7.4,1023.2,0,4,2
2025-06-27 04:00:00,17.3,88,0.0,,189,1.8,3.7,1023.3,0,4,2
2025-06-27 05:00:00,18.1,84,0.0,,179,1.8,5.5,1023.4,11,5,2
2025-06-27 06:00:00,19.1,79,0.0,,223,3.7,9.3,1023.3,21,5,2
2025-06-27 07:00:00,20.1,75,0.0,,226,5.5,13.0,1023.5,30,5,2
2025-06-27 08:00:00,21.0,70,0.0,,233,7.4,14.8,1023.6,33,6,2
2025-06-27 09:00:00,21.9,67,0.0,,237,7.4,16.7,1023.4,33,6,3
2025-06-27 10:00:00,22.9,61,0.0,,247,7.4,18.5,1023.1,32,5,2
2025-06-27 11:00:00,23.7,57,0.0,,247,9.3,20.4,1022.9,30,5,2
2025-06-27 12:00:00,24.3,55,0.0,,247,9.3,22.2,1022.7,29,6,2
2025-06-27 13:00:00,24.8,53,0.0,,247,9.3,22.2,1022.5,29,5,2
2025-06-27 14:00:00,25.2,52,0.0,,250,9.3,24.1,1022.2,31,4,2
2025-06-27 15:00:00,25.5,51,0.0,,258,9.3,24.1,1022.0,36,3,2
2025-06-27 16:00:00,26.2,49,0.0,,271,7.4,20.4,1021.9,33,3,2
2025-06-27 17:00:00,25.7,51,0.0,,284,7.4,18.5,1021.9,36,3,2
2025-06-27 18:00:00,25.0,54,0.0,,298,7.4,16.7,1022.3,36,3,2
2025-06-27 19:00:00,24.2,56,0.0,,315,5.5,14.8,1022.8,16,4,2
2025-06-27 20:00:00,22.8,62,0.0,,346,3.7,11.1,1023.4,7,4,2
2025-06-27 21:00:00,21.7,67,0.0,,8,3.7,9.3,1024.0,0,4,2
2025-06-27 22:00:00,20.9,70,0.0,,15,3.7,7.4,1024.5,0,4,2
2025-06-27 23:00:00,20.4,73,0.0,,28,3.7,5.5,1024.9,0,4,2
2025-06-28 00:00:00,19.7,77,0.0,,26,3.7,5.5,1025.3,0,4,2
2025-06-28 01:00:00,19.1,80,0.0,,26,1.8,5.5,1025.5,0,4,2
2025-06-28 02:00:00,18.5,83,0.0,,45,3.7,5.5,1025.6,0,4,2
2025-06-28 03:00:00,18.3,85,0.0,,43,1.8,5.5,1025.8,0,3,2
2025-06-28 04:00:00,17.8,84,0.0,,43,3.7,5.5,1026.2,0,3,2
2025-06-28 05:00:00,18.6,82,0.0,,44,1.8,5.5,1026.1,18,3,2
2025-06-28 06:00:00,20.0,76,0.0,,61,1.8,7.4,1026.0,36,2,2
2025-06-28 07:00:00,21.3,70,0.0,,86,3.7,7.4,1025.9,51,2,1
2025-06-28 08:00:00,23.0,64,0.0,,72,3.7,9.3,1025.7,59,1,1
2025-06-28 09:00:00,24.7,57,0.0,,56,3.7,11.1,1025.2,60,1,1
2025-06-28 10:00:00,26.2,53,0.0,,39,5.5,14.8,1024.7,60,2,2
2025-06-28 11:00:00,27.4,48,0.0,,39,7.4,14.8,1024.1,60,2,1
2025-06-28 12:00:00,28.5,44,0.0,,34,7.4,16.7,1023.5,60,1,1
2025-06-28 13:00:00,29.2,41,0.0,,37,7.4,18.5,1022.8,60,1,1
2025-06-28 14:00:00,29.6,39,0.0,,38,7.4,18.5,1022.2,60,1,1
2025-06-28 15:00:00,30.0,37,0.0,,35,7.4,18.5,1021.7,58,1,1
2025-06-28 16:00:00,29.6,39,0.0,,41,5.5,14.8,1021.7,58,1,1
2025-06-28 17:00:00,29.0,41,0.0,,45,5.5,13.0,1021.4,60,1,1
2025-06-28 18:00:00,27.6,46,0.0,,46,5.5,13.0,1021.5,52,0,1
2025-06-28 19:00:00,26.1,50,0.0,,43,5.5,11.1,1022.0,36,1,1
2025-06-28 20:00:00,24.6,56,0.0,,46,5.5,9.3,1022.5,16,1,1
2025-06-28 21:00:00,23.3,60,0.0,,32,3.7,7.4,1023.0,0,1,1
2025-06-28 22:00:00,22.0,65,0.0,,48,3.7,9.3,1023.7,0,1,1
2025-06-28 23:00:00,21.4,68,0.0,,54,3.7,7.4,1023.8,0,1,1
2025-06-29 00:00:00,20.7,71,0.0,,48,3.7,5.5,1024.0,0,0,1
2025-06-29 01:00:00,20.1,74,0.0,,50,3.7,5.5,1023.8,0,1,1
2025-06-29 02:00:00,19.6,77,0.0,,54,3.7,5.5,1023.7,0,1,1
2025-06-29 03:00:00,19.3,80,0.0,,52,3.7,5.5,1023.8,0,1,1
2025-06-29 04:00:00,18.8,81,0.0,,41,5.5,13.0,1023.8,0,1,1
2025-06-29 05:00:00,19.7,78,0.0,,47,3.7,9.3,1023.6,21,0,1
2025-06-29 06:00:00,21.1,72,0.0,,50,3.7,9.3,1023.4,45,0,1
2025-06-29 07:00:00,22.5,67,0.0,,42,3.7,9.3,1023.0,60,0,1
2025-06-29 08:00:00,24.5,60,0.0,,44,3.7,11.1,1022.4,60,0,1
2025-06-29 09:00:00,26.3,54,0.0,,41,5.5,14.8,1021.7,60,0,1
2025-06-29 10:00:00,27.7,50,0.0,,28,7.4,16.7,1021.1,60,1,1
2025-06-29 11:00:00,29.0,46,0.0,,36,7.4,20.4,1020.3,60,0,1
2025-06-29 12:00:00,30.4,41,0.0,,36,9.3,22.2,1019.5,60,0,1
2025-06-29 13:00:00,31.2,38,0.0,,37,9.3,24.1,1018.8,60,1,1
2025-06-29 14:00:00,31.6,36,0.0,,39,9.3,24.1,1018.2,60,2,1
2025-06-29 15:00:00,31.8,35,0.0,,43,9.3,24.1,1017.6,58,3,2
2025-06-29 16:00:00,32.1,34,0.0,,38,7.4,18.5,1017.2,59,2,2
2025-06-29 17:00:00,31.1,36,0.0,,45,7.4,18.5,1017.0,59,2,1
2025-06-29 18:00:00,29.5,41,0.0,,49,7.4,18.5,1017.1,47,2,1
2025-06-29 19:00:00,27.8,45,0.0,,49,7.4,16.7,1017.6,30,2,1
2025-06-29 20:00:00,26.2,50,0.0,,52,7.4,14.8,1018.3,14,2,2
2025-06-29 21:00:00,24.7,55,0.0,,52,7.4,14.8,1018.8,0,2,1
2025-06-29 22:00:00,23.0,60,0.0,,53,7.4,14.8,1019.2,0,1,1
2025-06-29 23:00:00,22.5,61,0.0,,45,7.4,16.7,1019.2,0,1,1
2025-06-30 00:00:00,21.8,64,0.0,,45,7.4,14.8,1019.3,0,1,1
2025-06-30 01:00:00,21.3,66,0.0,,43,7.4,14.8,1019.2,0,2,1
2025-06-30 02:00:00,20.8,69,0.0,,41,5.5,13.0,1019.1,0,2,1
2025-06-30 03:00:00,20.5,70,0.0,,40,5.5,11.1,1019.1,0,2,2
2025-06-30 04:00:00,20.4,69,0.0,,44,5.5,11.1,1018.6,0,2,2
2025-06-30 05:00:00,21.1,68,0.0,,50,5.5,11.1,1018.5,18,1,1
2025-06-30 06:00:00,22.1,65,0.0,,52,5.5,11.1,1018.5,40,1,1
2025-06-30 07:00:00,23.3,63,0.0,,46,5.5,13.0,1018.4,55,1,1
2025-06-30 08:00:00,24.8,58,0.0,,48,5.5,13.0,1017.9,59,1,1
2025-06-30 09:00:00,26.3,54,0.0,,47,5.5,13.0,1017.3,54,1,1
2025-06-30 10:00:00,27.9,50,0.0,,49,5.5,14.8,1016.7,54,2,1
2025-06-30 11:00:00,29.1,46,0.0,,55,7.4,16.7,1016.1,54,2,1
2025-06-30 12:00:00,29.9,43,0.0,,67,7.4,16.7,1015.4,54,3,1
2025-06-30 13:00:00,30.4,42,0.0,,18,7.4,18.5,1015.0,53,3,1
2025-06-30 14:00:00,30.5,41,0.0,,198,7.4,20.4,1014.7,49,4,2
2025-06-30 15:00:00,30.2,42,0.9,,184,7.4,20.4,1014.5,46,5,2
2025-06-30 16:00:00,29.6,43,2.1,,166,7.4,20.4,1014.5,40,5,2
2025-06-30 17:00:00,28.7,47,0.0,,141,7.4,20.4,1014.6,32,5,2
2025-06-30 18:00:00,27.5,51,0.0,,133,7.4,18.5,1014.8,25,5,25
2025-06-30 19:00:00,26.1,56,0.0,,116,7.4,18.5,1015.4,15,5,2
2025-06-30 20:00:00,25.0,59,0.0,,116,5.5,16.7,1016.0,6,5,2
2025-06-30 21:00:00,23.9,63,0.0,,113,5.5,13.0,1016.5,0,4,2
2025-06-30 22:00:00,22.2,72,0.0,,148,3.7,11.1,1016.5,0,4,2
2025-06-30 23:00:00,21.7,76,0.0,,130,3.7,9.3,1016.7,0,4,2
2025-07-01 00:00:00,21.3,78,0.0,,113,1.8,7.4,1016.8,0,3,2
2025-07-01 01:00:00,20.9,80,0.0,,117,3.7,9.3,1016.9,0,3,2
2025-07-01 02:00:00,20.7,81,0.0,,99,3.7,9.3,1016.9,0,3,2
2025-07-01 03:00:00,20.5,82,0.0,,114,3.7,9.3,1017.1,0,3,2
2025-07-01 04:00:00,20.7,74,0.0,,151,3.7,13.0,1017.2,0,3,2
2025-07-01 05:00:00,21.1,75,0.0,,140,3.7,9.3,1017.2,12,3,2
2025-07-01 06:00:00,21.9,72,0.0,,164,3.7,9.3,1017.2,28,3,2
2025-07-01 07:00:00,23.2,67,0.0,,184,3.7,9.3,1017.3,38,2,1
2025-07-01 08:00:00,24.9,62,0.0,,194,5.5,11.1,1017.0,47,2,1
2025-07-01 09:00:00,26.5,57,0.0,,199,5.5,11.1,1016.6,50,2,1
2025-07-01 10:00:00,27.6,51,0.0,,163,5.5,14.8,1016.1,45,2,1
2025-07-01 11:00:00,29.1,46,0.0,,162,5.5,14.8,1015.6,49,2,1
2025-07-01 12:00:00,30.0,44,0.0,,157,5.5,16.7,1014.8,53,2,1
2025-07-01 13:00:00,30.6,41,0.0,,155,7.4,16.7,1014.3,53,2,2
2025-07-01 14:00:00,31.1,39,0.0,,132,7.4,18.5,1014.0,52,3,2
2025-07-01 15:00:00,30.9,39,0.0,,93,7.4,18.5,1013.8,45,3,2
2025-07-01 16:00:00,29.3,51,0.0,,45,7.4,25.9,1013.9,47,3,2
2025-07-01 17:00:00,28.4,53,0.0,,74,7.4,22.2,1013.9,34,3,2
2025-07-01 18:00:00,27.5,58,0.1,,78,7.4,18.5,1014.4,28,4,2
2025-07-01 19:00:00,26.3,59,0.0,,80,7.4,18.5,1015.3,19,4,2
2025-07-01 20:00:00,24.9,62,0.0,,79,5.5,14.8,1016.0,8,3,2
2025-07-01 21:00:00,23.9,65,0.0,,76,5.5,13.0,1016.5,0,3,2
2025-07-01 22:00:00,24.0,71,0.0,,97,1.8,7.4,1016.3,0,2,1
2025-07-01 23:00:00,23.0,74,0.0,,78,1.8,7.4,1016.5,0,1,1
2025-07-02 00:00:00,22.0,77,0.0,,80,1.8,5.5,1016.6,0,1,1
2025-07-02 01:00:00,21.2,80,0.0,,78,1.8,5.5,1016.5,0,2,1
2025-07-02 02:00:00,20.6,83,0.0,,71,1.8,7.4,1016.6,0,2,1
2025-07-02 03:00:00,20.3,84,0.0,,70,1.8,5.5,1016.8,0,2,2
2025-07-02 04:00:00,20.0,80,0.0,,82,1.8,5.5,1016.7,0,1,1
2025-07-02 05:00:00,20.6,79,0.0,,107,1.8,5.5,1016.8,20,1,1
2025-07-02 06:00:00,21.9,74,0.0,,160,1.8,5.5,1016.6,42,0,1
2025-07-02 07:00:00,23.4,68,0.0,,186,3.7,7.4,1016.3,56,1,1
2025-07-02 08:00:00,25.3,60,0.0,,168,3.7,9.3,1015.8,60,1,1
2025-07-02 09:00:00,27.0,55,0.0,,213,5.5,11.1,1015.3,60,1,1
2025-07-02 10:00:00,28.6,46,0.0,,239,5.5,13.0,1014.3,60,2,1
2025-07-02 11:00:00,30.0,41,0.0,,242,5.5,14.8,1013.7,59,2,1
2025-07-02 12:00:00,31.0,38,0.0,,230,7.4,16.7,1013.0,58,2,1
2025-07-02 13:00:00,31.5,36,0.0,,228,7.4,18.5,1012.6,54,2,1
2025-07-02 14:00:00,31.7,35,0.0,,220,9.3,20.4,1012.3,50,3,1
2025-07-02 15:00:00,31.5,36,0.0,,208,7.4,20.4,1012.3,46,4,2
2025-07-02 16:00:00,31.4,36,0.0,,167,7.4,16.7,1011.4,34,3,2
2025-07-02 17:00:00,30.2,40,0.0,,176,7.4,18.5,1011.6,38,3,2
2025-07-02 18:00:00,28.8,45,0.0,,177,9.3,20.4,1012.2,33,3,2
2025-07-02 19:00:00,27.2,49,0.0,,174,7.4,20.4,1013.2,19,4,2
2025-07-02 20:00:00,26.0,52,0.0,,183,5.5,18.5,1014.1,9,3,2
2025-07-02 21:00:00,25.0,55,0.0,,184,3.7,13.0,1015.0,0,3,2
2025-07-02 22:00:00,24.0,58,0.0,,184,3.7,13.0,1015.6,0,3,2
2025-07-02 23:00:00,23.4,60,0.0,,181,5.5,13.0,1016.1,0,2,2
2025-07-03 00:00:00,23.0,61,0.0,,201,5.5,13.0,1016.3,0,2,1
2025-07-03 01:00:00,22.7,63,0.0,,202,5.5,14.8,1016.7,0,3,2
2025-07-03 02:00:00,22.4,65,0.0,,216,5.5,14.8,1017.0,0,3,2
2025-07-03 03:00:00,22.0,68,0.0,,223,5.5,14.8,1017.4,0,3,2
2025-07-03 04:00:00,21.9,68,0.0,,221,5.5,14.8,1017.9,5,3,2
2025-07-03 05:00:00,22.3,68,0.0,,231,3.7,13.0,1018.5,13,4,2
2025-07-03 06:00:00,22.7,67,0.0,,242,5.5,13.0,1019.0,21,4,2
2025-07-03 07:00:00,23.3,65,0.0,,249,5.5,13.0,1019.9,26,4,2
2025-07-03 08:00:00,23.8,65,0.3,,255,7.4,14.8,1020.4,28,4,2
2025-07-03 09:00:00,24.3,64,0.0,,262,7.4,14.8,1020.8,28,4,2
2025-07-03 10:00:00,25.4,58,0.0,,290,5.5,14.8,1020.0,36,4,2
2025-07-03 11:00:00,26.0,56,0.3,,296,7.4,18.5,1020.3,35,4,2
2025-07-03 12:00:00,26.1,57,0.0,,307,7.4,20.4,1020.5,39,4,2
2025-07-03 13:00:00,26.3,55,0.0,,314,7.4,22.2,1020.8,38,4,25
2025-07-03 14:00:00,26.2,55,0.0,,339,7.4,20.4,1020.9,37,4,25
2025-07-03 15:00:00,25.7,58,1.0,,12,7.4,20.4,1020.7,34,5,25
2025-07-03 16:00:00,25.6,58,0.5,,359,5.5,18.5,1020.5,26,5,25
2025-07-03 17:00:00,23.5,67,0.2,,20,7.4,22.2,1021.1,22,5,25
2025-07-03 18:00:00,21.9,76,1.5,,33,5.5,22.2,1021.8,15,6,25
2025-07-03 19:00:00,20.9,80,0.0,,45,5.5,20.4,1022.5,10,6,25
2025-07-03 20:00:00,20.3,82,0.0,,32,5.5,18.5,1023.0,4,6,25
2025-07-03 21:00:00,20.0,83,0.0,,29,5.5,16.7,1023.5,0,5,25
2025-07-03 22:00:00,19.0,94,0.0,,39,5.5,13.0,1024.2,0,7,25
2025-07-03 23:00:00,18.6,95,0.0,,38,5.5,13.0,1024.1,0,6,25
2025-07-04 00:00:00,18.4,94,0.0,,25,3.7,11.1,1024.1,0,6,25
2025-07-04 01:00:00,18.1,95,0.0,,20,3.7,11.1,1024.0,0,6,25
2025-07-04 02:00:00,18.2,93,0.1,,16,5.5,13.0,1023.8,0,6,7
2025-07-04 03:00:00,17.9,95,0.5,,5,5.5,13.0,1023.9,0,6,4
2025-07-04 04:00:00,17.4,96,1.3,,10,3.7,9.3,1024.2,0,7,7
2025-07-04 05:00:00,17.6,95,0.6,,341,3.7,9.3,1024.6,2,7,7
2025-07-04 06:00:00,18.0,94,0.3,,320,3.7,9.3,1025.1,6,7,2
2025-07-04 07:00:00,18.5,90,0.0,,313,3.7,11.1,1025.2,10,6,2
2025-07-04 08:00:00,19.5,84,0.0,,329,3.7,11.1,1025.1,16,5,2
2025-07-04 09:00:00,20.7,76,0.2,,357,3.7,11.1,1024.9,19,4,2
2025-07-04 10:00:00,21.1,75,0.2,,345,3.7,11.1,1024.5,30,5,2
2025-07-04 11:00:00,22.5,66,0.0,,5,5.5,14.8,1023.9,35,4,2
2025-07-04 12:00:00,23.6,60,0.0,,10,5.5,16.7,1023.1,39,4,2
2025-07-04 13:00:00,24.5,53,0.0,,15,5.5,16.7,1022.3,44,3,2
2025-07-04 14:00:00,25.1,50,0.0,,16,5.5,18.5,1021.7,46,3,2
2025-07-04 15:00:00,25.7,48,0.0,,22,7.4,18.5,1021.2,51,3,2
2025-07-04 16:00:00,26.1,45,0.0,,23,5.5,16.7,1020.9,46,3,2
2025-07-04 17:00:00,25.8,46,0.0,,35,5.5,14.8,1020.4,49,3,2
2025-07-04 18:00:00,24.6,51,0.0,,41,5.5,13.0,1020.1,45,2,2
2025-07-04 19:00:00,23.2,55,0.0,,45,5.5,11.1,1020.3,29,2,2
2025-07-04 20:00:00,21.8,60,0.0,,45,5.5,11.1,1020.7,13,2,2
2025-07-04 21:00:00,20.8,64,0.0,,39,5.5,9.3,1020.9,0,2,2
2025-07-04 22:00:00,20.2,69,0.0,,46,3.7,9.3,1021.1,0,2,1
2025-07-04 23:00:00,19.4,72,0.0,,44,5.5,9.3,1021.0,0,1,1
2025-07-05 00:00:00,18.7,76,0.0,,37,3.7,7.4,1020.9,0,1,1
2025-07-05 01:00:00,18.2,78,0.0,,33,3.7,7.4,1020.6,0,1,1
2025-07-05 02:00:00,17.7,80,0.0,,36,3.7,7.4,1020.2,0,2,1
2025-07-05 03:00:00,17.5,81,0.0,,40,3.7,5.5,1020.1,0,2,2
2025-07-05 04:00:00,17.2,83,0.0,,21,1.8,5.5,1020.3,0,2,2
2025-07-05 05:00:00,17.9,81,0.0,,20,1.8,7.4,1020.0,17,2,1
2025-07-05 06:00:00,19.1,75,0.0,,306,3.7,7.4,1019.8,40,2,1
2025-07-05 07:00:00,20.3,69,0.0,,278,3.7,9.3,1019.2,54,2,1
2025-07-05 08:00:00,21.8,62,0.0,,279,5.5,11.1,1018.5,59,1,1
2025-07-05 09:00:00,23.3,56,0.0,,276,5.5,13.0,1017.9,59,1,1
2025-07-05 10:00:00,24.8,50,0.0,,261,5.5,16.7,1017.4,56,2,2
2025-07-05 11:00:00,26.3,44,0.0,,264,7.4,18.5,1016.7,56,2,2
2025-07-05 12:00:00,27.0,40,0.0,,265,7.4,22.2,1016.0,56,1,1
2025-07-05 13:00:00,27.6,37,0.0,,268,9.3,22.2,1015.0,55,2,1
2025-07-05 14:00:00,28.1,35,0.0,,270,9.3,24.1,1014.4,53,2,2
2025-07-05 15:00:00,27.9,34,0.0,,275,9.3,25.9,1014.0,50,2,2
2025-07-05 16:00:00,27.5,34,0.0,,284,9.3,25.9,1013.4,51,2,2
2025-07-05 17:00:00,26.8,34,0.0,,287,9.3,24.1,1013.5,49,2,2
2025-07-05 18:00:00,25.5,34,0.0,,284,9.3,24.1,1013.8,40,3,2
2025-07-05 19:00:00,24.1,38,0.0,,289,9.3,22.2,1014.4,23,3,2
2025-07-05 20:00:00,22.9,41,0.0,,303,7.4,18.5,1014.8,9,4,2
2025-07-05 21:00:00,21.7,45,0.0,,298,7.4,16.7,1015.5,0,4,2
2025-07-05 22:00:00,20.8,45,0.0,,286,3.7,11.1,1015.9,0,4,2
2025-07-05 23:00:00,20.1,50,0.0,,312,3.7,11.1,1015.5,0,3,2
2025-07-06 00:00:00,19.6,52,0.0,,308,3.7,11.1,1015.3,0,2,1
2025-07-06 01:00:00,19.0,56,0.0,,302,3.7,9.3,1014.9,0,4,2
2025-07-06 02:00:00,18.3,58,0.0,,322,3.7,9.3,1014.5,0,4,2
2025-07-06 03:00:00,17.9,60,0.0,,5,3.7,9.3,1014.4,0,4,2
2025-07-06 04:00:00,17.0,67,0.0,,63,1.8,7.4,1014.4,0,3,2
2025-07-06 05:00:00,17.7,66,0.0,,164,3.7,9.3,1014.0,15,3,2
2025-07-06 06:00:00,18.7,62,0.0,,233,5.5,11.1,1013.5,35,2,1
2025-07-06 07:00:00,19.9,57,0.0,,229,5.5,13.0,1012.5,44,3,1
2025-07-06 08:00:00,21.1,51,0.0,,231,7.4,16.7,1011.7,46,4,2
2025-07-06 09:00:00,22.0,47,0.0,,242,9.3,22.2,1010.9,40,4,2
2025-07-06 10:00:00,23.7,41,0.0,,248,13.0,29.6,1010.4,42,5,2
2025-07-06 11:00:00,24.1,40,0.0,,250,13.0,31.5,1010.0,29,6,2
2025-07-06 12:00:00,23.5,40,0.0,,254,13.0,31.5,1009.6,21,7,2
2025-07-06 13:00:00,22.9,41,0.0,,258,13.0,29.6,1009.4,13,7,2
2025-07-06 14:00:00,22.4,44,0.0,,261,13.0,31.5,1009.2,6,7,3
2025-07-06 15:00:00,20.9,49,0.0,,261,11.1,29.6,1009.2,0,8,3
2025-07-06 16:00:00,21.3,48,0.0,,252,9.3,24.1,1008.6,10,7,3
2025-07-06 17:00:00,19.9,53,0.0,,264,9.3,25.9,1009.2,0,8,3
2025-07-06 18:00:00,18.2,57,0.0,,268,9.3,27.8,1009.8,0,8,7
2025-07-06 19:00:00,17.7,60,0.0,,265,9.3,27.8,1010.4,1,8,7
2025-07-06 20:00:00,16.6,66,0.0,,260,9.3,24.1,1010.9,1,8,7
2025-07-06 21:00:00,16.1,69,0.3,,243,9.3,22.2,1011.4,0,8,7
2025-07-06 22:00:00,14.0,87,0.0,,234,7.4,18.5,1011.3,0,7,7
2025-07-06 23:00:00,14.0,87,0.0,,222,7.4,18.5,1010.8,0,7,7
2025-07-07 00:00:00,13.9,86,0.0,,225,9.3,20.4,1010.5,0,6,7
2025-07-07 01:00:00,14.0,86,0.0,,226,9.3,22.2,1009.7,0,7,7
2025-07-07 02:00:00,14.3,83,0.0,,229,11.1,25.9,1009.0,0,7,7
2025-07-07 03:00:00,14.2,85,0.0,,232,11.1,27.8,1008.8,0,7,7
2025-07-07 04:00:00,15.0,78,0.0,,234,13.0,31.5,1008.5,0,7,7
2025-07-07 05:00:00,15.0,79,0.4,,236,11.1,29.6,1008.2,0,7,3
2025-07-07 06:00:00,15.1,81,0.2,,236,13.0,29.6,1008.2,1,8,7
2025-07-07 07:00:00,15.4,80,0.0,,236,13.0,29.6,1008.3,4,8,2
2025-07-07 08:00:00,15.9,79,0.0,,239,13.0,31.5,1007.9,2,7,7
2025-07-07 09:00:00,16.3,77,1.2,,241,13.0,29.6,1007.8,3,7,3
2025-07-07 10:00:00,14.9,88,0.8,,254,14.8,38.9,1008.6,3,7,18
2025-07-07 11:00:00,15.7,85,0.3,,245,14.8,37.0,1008.2,2,7,18
2025-07-07 12:00:00,16.3,81,0.2,,243,14.8,35.2,1007.7,5,8,18
2025-07-07 13:00:00,16.4,79,1.3,,243,14.8,35.2,1007.6,6,8,18
2025-07-07 14:00:00,16.2,79,3.6,,244,14.8,38.9,1007.7,4,7,18
2025-07-07 15:00:00,16.1,78,0.2,,244,16.7,38.9,1007.8,3,8,25
2025-07-07 16:00:00,14.4,85,1.2,,261,9.3,29.6,1008.5,2,8,25
2025-07-07 17:00:00,14.1,83,1.5,,248,14.8,37.0,1008.8,2,8,25
2025-07-07 18:00:00,13.5,84,0.3,,244,14.8,40.8,1009.4,3,8,25
2025-07-07 19:00:00,12.9,88,1.8,,242,16.7,42.6,1009.9,3,7,25
2025-07-07 20:00:00,12.7,87,1.0,,238,14.8,38.9,1010.8,2,8,18
2025-07-07 21:00:00,12.6,87,0.1,,237,14.8,37.0,1011.6,0,8,18
2025-07-07 22:00:00,13.0,88,0.3,,235,13.0,25.9,1011.8,0,8,8
2025-07-07 23:00:00,12.6,89,0.2,,234,13.0,27.8,1011.8,0,8,8
2025-07-08 00:00:00,12.4,89,0.6,,239,13.0,29.6,1012.0,0,7,8
2025-07-08 01:00:00,12.3,90,0.6,,243,13.0,29.6,1011.9,0,8,8
2025-07-08 02:00:00,12.3,89,1.0,,246,11.1,27.8,1012.0,0,8,7
2025-07-08 03:00:00,11.9,91,0.5,,251,11.1,27.8,1012.0,0,8,7
2025-07-08 04:00:00,11.9,90,0.3,,255,11.1,27.8,1012.6,1,8,7
2025-07-08 05:00:00,11.8,88,0.1,,265,11.1,27.8,1012.9,0,8,7
2025-07-08 06:00:00,11.7,86,0.0,,268,11.1,25.9,1013.5,1,8,7
2025-07-08 07:00:00,12.0,84,1.2,,271,11.1,27.8,1014.0,0,8,7
2025-07-08 08:00:00,12.1,80,0.0,,267,13.0,31.5,1014.6,0,8,7
2025-07-08 09:00:00,12.4,77,0.0,,268,13.0,31.5,1015.1,0,8,7
2025-07-08 10:00:00,11.5,85,0.0,,255,13.0,33.3,1016.2,0,8,7
2025-07-08 11:00:00,12.1,78,0.1,,252,11.1,31.5,1016.3,0,8,7
2025-07-08 12:00:00,12.6,75,0.0,,246,11.1,29.6,1016.3,0,8,18
2025-07-08 13:00:00,12.8,72,0.7,,245,13.0,29.6,1016.8,3,8,18
2025-07-08 14:00:00,13.0,70,0.7,,241,13.0,29.6,1017.0,5,7,18
2025-07-08 15:00:00,13.1,71,0.0,,234,13.0,27.8,1017.5,6,8,17
2025-07-08 16:00:00,13.6,68,0.5,,248,9.3,35.2,1017.9,39,6,17
2025-07-08 17:00:00,13.5,68,0.2,,238,11.1,31.5,1017.9,26,6,25
2025-07-08 18:00:00,13.1,72,0.0,,231,9.3,29.6,1018.3,16,6,2
2025-07-08 19:00:00,12.5,76,0.0,,230,9.3,25.9,1019.0,10,6,2
2025-07-08 20:00:00,12.1,77,0.0,,223,7.4,22.2,1019.8,6,6,2
2025-07-08 21:00:00,12.2,78,0.0,,220,7.4,20.4,1020.5,0,5,2
2025-07-08 22:00:00,12.2,76,1.3,,225,9.3,20.4,1021.1,0,3,1
2025-07-08 23:00:00,11.9,78,0.0,,223,7.4,14.8,1021.3,0,4,2
2025-07-09 00:00:00,11.6,80,0.0,,224,5.5,13.0,1021.6,0,4,2
2025-07-09 01:00:00,11.5,81,0.0,,223,5.5,13.0,1021.8,0,5,3
2025-07-09 02:00:00,11.5,82,0.0,,225,3.7,11.1,1021.8,0,5,3
2025-07-09 03:00:00,11.4,84,0.0,,212,3.7,9.3,1022.0,0,5,3
2025-07-09 04:00:00,11.3,81,0.0,,246,3.7,9.3,1022.1,0,5,2
2025-07-09 05:00:00,11.9,79,0.0,,225,1.8,7.4,1022.2,7,5,2
2025-07-09 06:00:00,12.6,77,0.0,,221,3.7,9.3,1022.2,18,5,2
2025-07-09 07:00:00,13.5,74,0.0,,222,3.7,9.3,1022.0,27,5,2
2025-07-09 08:00:00,14.5,69,0.1,,228,5.5,11.1,1021.9,31,5,2
2025-07-09 09:00:00,15.6,64,0.0,,231,5.5,11.1,1021.5,33,4,2
2025-07-09 10:00:00,16.6,58,0.0,,219,5.5,16.7,1021.6,33,5,2
2025-07-09 11:00:00,17.7,53,0.0,,227,7.4,16.7,1021.2,34,5,2
2025-07-09 12:00:00,18.5,51,0.0,,240,7.4,18.5,1020.9,34,5,2
2025-07-09 13:00:00,19.1,48,0.0,,243,7.4,18.5,1020.8,34,5,2
2025-07-09 14:00:00,19.4,47,0.0,,248,7.4,18.5,1020.6,37,4,2
2025-07-09 15:00:00,19.3,47,0.0,,268,7.4,16.7,1020.5,40,4,2
2025-07-09 16:00:00,19.2,45,0.0,,329,7.4,16.7,1020.6,35,4,2
2025-07-09 17:00:00,18.5,48,0.0,,342,5.5,14.8,1020.7,34,4,2
2025-07-09 18:00:00,17.7,52,0.0,,355,5.5,13.0,1021.1,34,3,2
2025-07-09 19:00:00,16.7,58,0.0,,9,5.5,11.1,1021.6,21,3,2
2025-07-09 20:00:00,15.5,64,0.0,,23,5.5,11.1,1022.1,10,3,2
2025-07-09 21:00:00,14.4,69,0.0,,24,5.5,11.1,1022.5,0,3,2
2025-07-09 22:00:00,14.4,67,0.0,,37,5.5,13.0,1022.4,0,4,2
2025-07-09 23:00:00,13.5,71,0.0,,45,5.5,11.1,1022.4,0,3,2
2025-07-10 00:00:00,12.5,77,0.0,,43,3.7,9.3,1022.5,0,2,2
2025-07-10 01:00:00,11.8,80,0.0,,47,3.7,7.4,1022.5,0,2,2
2025-07-10 02:00:00,11.4,82,0.0,,46,3.7,7.4,1022.4,0,2,2
2025-07-10 03:00:00,11.1,85,0.0,,49,3.7,7.4,1022.5,0,2,2
2025-07-10 04:00:00,10.7,86,0.0,,45,5.5,14.8,1022.7,0,2,2
2025-07-10 05:00:00,11.7,82,0.0,,45,5.5,13.0,1022.5,18,2,1
2025-07-10 06:00:00,13.1,77,0.0,,43,3.7,11.1,1022.2,40,1,1
2025-07-10 07:00:00,14.6,71,0.0,,37,5.5,11.1,1021.9,55,2,1
2025-07-10 08:00:00,16.3,64,0.0,,38,5.5,13.0,1021.6,60,2,1
2025-07-10 09:00:00,17.9,57,0.0,,42,7.4,16.7,1021.1,60,2,2
2025-07-10 10:00:00,20.0,52,0.0,,40,9.3,20.4,1020.5,58,2,2
2025-07-10 11:00:00,20.8,47,0.0,,38,9.3,20.4,1020.1,56,2,1
2025-07-10 12:00:00,21.5,43,0.0,,39,9.3,22.2,1019.7,53,2,1
2025-07-10 13:00:00,22.1,40,0.0,,39,9.3,22.2,1019.5,52,2,1
2025-07-10 14:00:00,22.3,39,0.0,,41,7.4,22.2,1019.3,53,2,2
2025-07-10 15:00:00,22.6,38,0.0,,43,7.4,20.4,1018.8,53,3,2
2025-07-10 16:00:00,22.5,38,0.0,,45,7.4,18.5,1018.7,52,2,2
2025-07-10 17:00:00,21.9,40,0.0,,57,5.5,14.8,1018.7,50,2,2
2025-07-10 18:00:00,20.8,44,0.0,,58,5.5,14.8,1018.8,45,2,1
2025-07-10 19:00:00,19.5,49,0.0,,53,5.5,13.0,1019.1,30,2,1
2025-07-10 20:00:00,18.0,55,0.0,,58,5.5,11.1,1019.4,14,2,1
2025-07-10 21:00:00,16.9,59,0.0,,52,5.5,9.3,1019.7,0,2,1
2025-07-10 22:00:00,16.4,56,0.0,,61,5.5,11.1,1019.7,0,1,1
2025-07-10 23:00:00,15.7,61,0.0,,64,3.7,9.3,1019.4,0,1,1
2025-07-11 00:00:00,15.0,65,0.0,,60,3.7,7.4,1019.3,0,1,1
2025-07-11 01:00:00,14.4,69,0.0,,65,1.8,7.4,1019.0,0,2,1
2025-07-11 02:00:00,13.9,73,0.0,,58,1.8,5.5,1018.8,0,2,1
2025-07-11 03:00:00,13.5,76,0.0,,62,1.8,5.5,1018.8,0,2,2
2025-07-11 04:00:00,13.6,79,0.0,,88,1.8,5.5,1018.7,0,1,2
2025-07-11 05:00:00,14.5,76,0.0,,86,1.8,5.5,1018.7,17,1,1
2025-07-11 06:00:00,15.7,71,0.0,,89,1.8,5.5,1018.5,37,1,1
2025-07-11 07:00:00,17.0,66,0.0,,238,1.8,7.4,1017.9,50,2,1
2025-07-11 08:00:00,18.4,60,0.0,,357,3.7,9.3,1017.5,54,2,1
2025-07-11 09:00:00,19.9,55,0.0,,6,5.5,11.1,1016.8,50,2,1
2025-07-11 10:00:00,21.7,45,0.0,,51,5.5,14.8,1016.3,57,3,1
2025-07-11 11:00:00,22.6,43,0.0,,33,5.5,16.7,1015.8,51,3,2
2025-07-11 12:00:00,23.3,40,0.0,,356,5.5,16.7,1015.4,47,3,2
2025-07-11 13:00:00,23.9,39,0.0,,351,5.5,18.5,1014.8,44,3,2
2025-07-11 14:00:00,24.3,38,0.0,,347,7.4,20.4,1014.4,44,3,2
2025-07-11 15:00:00,24.3,38,0.0,,352,5.5,20.4,1014.0,40,4,2
2025-07-11 16:00:00,23.2,41,0.2,,4,5.5,13.0,1014.0,24,3,2
2025-07-11 17:00:00,22.7,43,0.0,,1,5.5,13.0,1013.8,31,3,2
2025-07-11 18:00:00,22.1,46,0.0,,3,5.5,14.8,1013.9,28,3,2
2025-07-11 19:00:00,21.1,50,0.0,,16,5.5,13.0,1014.0,18,4,2
2025-07-11 20:00:00,19.9,55,0.0,,17,5.5,13.0,1014.4,7,4,2
2025-07-11 21:00:00,18.8,58,0.0,,25,7.4,13.0,1014.7,0,4,2
2025-07-11 22:00:00,18.2,62,0.0,,30,5.5,13.0,1014.9,0,4,2
2025-07-11 23:00:00,17.4,65,0.0,,25,5.5,11.1,1014.9,0,4,2
2025-07-12 00:00:00,16.7,68,0.0,,25,5.5,13.0,1014.9,0,3,2
2025-07-12 01:00:00,16.1,70,0.0,,27,5.5,13.0,1014.7,0,4,2
2025-07-12 02:00:00,15.4,74,0.0,,28,5.5,11.1,1014.6,0,4,2
2025-07-12 03:00:00,15.0,77,0.0,,30,3.7,11.1,1014.7,0,4,2
2025-07-12 04:00:00,14.0,77,0.0,,34,3.7,11.1,1014.9,0,3,2
2025-07-12 05:00:00,14.9,75,0.0,,38,3.7,11.1,1014.5,16,3,2
2025-07-12 06:00:00,16.1,71,0.0,,39,3.7,9.3,1014.2,35,3,2
2025-07-12 07:00:00,17.4,67,0.0,,31,3.7,11.1,1013.9,48,3,2
2025-07-12 08:00:00,18.7,62,0.0,,24,5.5,11.1,1013.5,54,3,2
2025-07-12 09:00:00,20.1,57,0.0,,18,5.5,13.0,1013.1,54,4,2
2025-07-12 10:00:00,21.2,52,0.0,,61,5.5,13.0,1012.6,57,4,2
2025-07-12 11:00:00,22.5,47,0.0,,6,5.5,14.8,1011.9,54,4,2
2025-07-12 12:00:00,23.6,42,0.0,,311,5.5,16.7,1011.5,54,3,2
2025-07-12 13:00:00,24.6,38,0.0,,312,7.4,18.5,1010.7,55,3,2
2025-07-12 14:00:00,25.3,36,0.0,,302,7.4,20.4,1010.0,55,2,2
2025-07-12 15:00:00,25.7,34,0.0,,306,7.4,20.4,1009.8,55,2,2
2025-07-12 16:00:00,25.3,36,0.0,,289,7.4,24.1,1009.6,58,2,2
2025-07-12 17:00:00,24.6,37,0.0,,311,7.4,20.4,1009.4,60,2,2
2025-07-12 18:00:00,23.6,39,0.0,,327,5.5,14.8,1009.6,49,1,1
2025-07-12 19:00:00,22.5,42,0.0,,353,5.5,13.0,1010.0,30,2,1
2025-07-12 20:00:00,21.0,48,0.0,,19,5.5,11.1,1010.4,14,2,2
2025-07-12 21:00:00,20.0,51,0.0,,26,5.5,11.1,1010.9,0,2,2
2025-07-12 22:00:00,18.4,49,0.0,,23,3.7,9.3,1012.0,0,2,1
2025-07-12 23:00:00,17.9,53,0.0,,24,5.5,11.1,1011.8,0,2,1
2025-07-13 00:00:00,17.4,57,0.0,,16,3.7,11.1,1011.8,0,1,1
2025-07-13 01:00:00,17.0,61,0.0,,12,3.7,9.3,1011.8,0,3,1
2025-07-13 02:00:00,16.4,65,0.0,,24,3.7,9.3,1011.8,0,3,2
2025-07-13 03:00:00,16.3,69,0.0,,223,3.7,11.1,1012.0,0,3,2
2025-07-13 04:00:00,16.4,70,0.0,,197,3.7,9.3,1012.2,5,3,2
2025-07-13 05:00:00,16.9,70,0.0,,200,3.7,9.3,1012.1,16,4,2
2025-07-13 06:00:00,17.8,69,0.0,,205,5.5,11.1,1012.0,28,3,2
2025-07-13 07:00:00,19.0,65,0.0,,207,5.5,13.0,1012.0,36,3,2
2025-07-13 08:00:00,20.3,62,0.0,,216,7.4,14.8,1011.7,42,3,2
2025-07-13 09:00:00,21.7,58,0.0,,219,9.3,18.5,1011.5,39,3,2
2025-07-13 10:00:00,24.6,51,0.0,,227,11.1,24.1,1011.2,56,3,2
2025-07-13 11:00:00,25.3,48,0.0,,224,11.1,24.1,1011.0,52,3,2
2025-07-13 12:00:00,25.4,49,0.9,,224,11.1,25.9,1010.8,44,3,2
2025-07-13 13:00:00,25.6,47,0.2,,225,13.0,29.6,1010.5,42,4,2
2025-07-13 14:00:00,25.8,47,0.3,,226,13.0,31.5,1010.4,40,4,2
2025-07-13 15:00:00,26.0,48,0.8,,228,13.0,31.5,1010.5,40,4,2
2025-07-13 16:00:00,27.4,40,0.0,,236,14.8,33.3,1009.9,46,3,2
2025-07-13 17:00:00,25.8,46,0.0,,236,13.0,31.5,1010.3,38,3,2
2025-07-13 18:00:00,24.4,52,0.0,,232,11.1,31.5,1011.2,29,4,2
2025-07-13 19:00:00,23.1,58,0.0,,226,9.3,29.6,1012.3,19,4,2
2025-07-13 20:00:00,21.7,63,0.2,,219,7.4,24.1,1013.3,8,4,2
2025-07-13 21:00:00,20.7,68,0.0,,212,7.4,20.4,1014.2,0,4,2
2025-07-13 22:00:00,22.2,59,0.0,,227,9.3,22.2,1013.8,0,4,2
2025-07-13 23:00:00,21.1,65,0.0,,225,7.4,20.4,1014.4,0,4,2
2025-07-14 00:00:00,20.5,68,0.0,,219,7.4,20.4,1015.1,0,4,2
2025-07-14 01:00:00,19.8,72,0.0,,221,7.4,20.4,1015.6,0,4,2
2025-07-14 02:00:00,19.5,73,0.0,,226,9.3,22.2,1015.8,0,5,2
2025-07-14 03:00:00,19.2,75,0.0,,227,9.3,24.1,1016.3,0,6,3
2025-07-14 04:00:00,20.0,67,0.0,,220,9.3,24.1,1017.0,0,6,3
2025-07-14 05:00:00,19.5,72,0.8,,223,11.1,25.9,1017.5,0,7,7
2025-07-14 06:00:00,19.3,74,0.1,,221,11.1,25.9,1018.3,0,7,7
2025-07-14 07:00:00,19.4,76,0.2,,225,11.1,27.8,1018.8,0,7,7
2025-07-14 08:00:00,19.6,78,1.3,,227,13.0,27.8,1019.2,0,7,7
2025-07-14 09:00:00,20.3,76,0.3,,229,13.0,27.8,1019.6,0,7,18
2025-07-14 10:00:00,18.2,85,0.4,,242,13.0,31.5,1021.2,7,5,18
2025-07-14 11:00:00,19.8,78,0.3,,238,14.8,31.5,1020.3,15,5,17
2025-07-14 12:00:00,21.1,74,0.2,,242,13.0,31.5,1019.4,23,5,18
2025-07-14 13:00:00,22.0,69,1.2,,240,13.0,31.5,1018.8,28,4,2
2025-07-14 14:00:00,22.7,66,0.4,,241,13.0,31.5,1018.2,32,4,25
2025-07-14 15:00:00,23.3,63,0.0,,234,13.0,29.6,1017.9,37,4,2
2025-07-14 16:00:00,22.3,76,0.0,,224,7.4,14.8,1018.4,24,3,25
2025-07-14 17:00:00,22.2,75,0.0,,229,7.4,16.7,1018.2,32,3,25
2025-07-14 18:00:00,21.8,79,0.0,,228,7.4,14.8,1018.2,29,3,2
2025-07-14 19:00:00,21.1,77,0.0,,246,5.5,13.0,1018.5,18,3,2
2025-07-14 20:00:00,20.2,78,0.0,,239,3.7,11.1,1019.0,7,3,2
2025-07-14 21:00:00,19.6,80,0.0,,122,3.7,9.3,1019.3,0,3,2
2025-07-14 22:00:00,18.3,90,0.0,,130,1.8,5.5,1020.0,0,3,2
2025-07-14 23:00:00,18.1,90,0.0,,159,1.8,5.5,1020.1,0,3,2
2025-07-15 00:00:00,18.0,89,0.0,,203,1.8,7.4,1020.1,0,3,2
2025-07-15 01:00:00,17.9,89,0.0,,198,3.7,7.4,1020.2,0,4,2
2025-07-15 02:00:00,17.8,88,0.0,,211,3.7,9.3,1020.3,0,4,2
2025-07-15 03:00:00,17.7,89,0.6,,213,3.7,9.3,1020.4,0,5,2
2025-07-15 04:00:00,17.3,95,0.0,,202,5.5,13.0,1020.6,0,6,3
2025-07-15 05:00:00,17.7,93,0.1,,219,5.5,13.0,1020.5,2,6,2
2025-07-15 06:00:00,18.1,89,4.1,,217,7.4,14.8,1020.6,5,7,2
2025-07-15 07:00:00,18.7,86,0.4,,219,7.4,16.7,1020.5,9,6,2
2025-07-15 08:00:00,19.4,82,0.2,,225,9.3,18.5,1020.2,13,6,2
2025-07-15 09:00:00,20.4,77,0.0,,228,9.3,20.4,1019.9,16,5,3
2025-07-15 10:00:00,19.0,84,0.0,,234,13.0,24.1,1020.3,9,7,18
2025-07-15 11:00:00,20.4,75,0.0,,237,13.0,27.8,1019.7,15,6,18
2025-07-15 12:00:00,21.1,70,0.3,,241,13.0,29.6,1019.2,23,6,18
2025-07-15 13:00:00,21.8,65,0.3,,244,13.0,31.5,1018.6,26,6,18
2025-07-15 14:00:00,22.2,62,0.1,,249,14.8,31.5,1018.2,27,7,2
2025-07-15 15:00:00,22.3,61,0.5,,251,13.0,29.6,1017.8,24,7,3
2025-07-15 16:00:00,22.4,59,0.0,,256,13.0,29.6,1017.4,22,7,3
2025-07-15 17:00:00,22.2,58,0.0,,262,13.0,29.6,1017.6,22,7,3
2025-07-15 18:00:00,21.3,59,0.0,,265,11.1,27.8,1018.0,18,7,2
2025-07-15 19:00:00,20.7,59,0.0,,269,11.1,25.9,1018.6,11,6,2
2025-07-15 20:00:00,19.8,63,0.0,,274,7.4,22.2,1019.2,5,7,2
2025-07-15 21:00:00,19.1,65,0.0,,271,7.4,20.4,1020.0,0,6,3
2025-07-15 22:00:00,19.3,64,0.0,,295,3.7,9.3,1019.8,0,5,2
2025-07-15 23:00:00,18.7,65,0.0,,298,3.7,9.3,1020.0,0,5,3
2025-07-16 00:00:00,18.1,67,0.0,,234,3.7,13.0,1020.4,0,6,4
2025-07-16 01:00:00,17.6,69,0.0,,210,3.7,11.1,1020.4,0,6,3
2025-07-16 02:00:00,17.0,72,0.0,,213,3.7,11.1,1020.0,0,6,3
2025-07-16 03:00:00,16.9,72,0.0,,212,3.7,11.1,1019.8,0,6,3
2025-07-16 04:00:00,17.0,66,0.0,,194,3.7,11.1,1019.5,0,5,2
2025-07-16 05:00:00,17.1,68,0.0,,212,3.7,11.1,1019.3,2,6,2
2025-07-16 06:00:00,17.4,67,0.0,,218,5.5,13.0,1019.1,2,6,2
2025-07-16 07:00:00,18.0,65,0.0,,227,7.4,16.7,1018.9,6,6,2
2025-07-16 08:00:00,18.5,63,0.1,,235,9.3,20.4,1018.8,8,7,3
2025-07-16 09:00:00,19.0,61,0.0,,239,11.1,24.1,1018.7,10,6,3
2025-07-16 10:00:00,19.8,52,0.0,,242,16.7,37.0,1018.1,6,7,3
2025-07-16 11:00:00,19.9,54,0.0,,247,14.8,35.2,1018.0,5,8,3
2025-07-16 12:00:00,19.9,58,0.0,,248,14.8,33.3,1017.7,8,8,2
2025-07-16 13:00:00,20.0,57,0.0,,245,14.8,33.3,1017.6,8,8,3
2025-07-16 14:00:00,19.8,60,0.0,,244,13.0,31.5,1017.5,6,7,3
2025-07-16 15:00:00,19.4,63,0.0,,244,13.0,29.6,1017.1,3,7,3
2025-07-16 16:00:00,20.0,58,0.0,,239,16.7,35.2,1016.1,0,7,3
2025-07-16 17:00:00,19.0,63,0.0,,242,13.0,31.5,1016.3,1,8,7
2025-07-16 18:00:00,18.0,69,0.0,,242,13.0,31.5,1016.8,0,8,7
2025-07-16 19:00:00,17.0,75,0.1,,242,11.1,27.8,1017.0,3,7,7
2025-07-16 20:00:00,16.5,77,0.0,,239,11.1,24.1,1017.2,1,7,7
2025-07-16 21:00:00,16.4,79,3.1,,241,11.1,24.1,1017.7,0,6,7
2025-07-16 22:00:00,17.4,75,0.6,,229,7.4,22.2,1017.5,0,7,7
2025-07-16 23:00:00,16.9,77,0.3,,226,7.4,18.5,1017.5,0,7,7
2025-07-17 00:00:00,16.5,79,0.6,,244,7.4,18.5,1017.4,0,7,7
2025-07-17 01:00:00,16.2,81,0.1,,247,7.4,16.7,1017.6,0,7,4
2025-07-17 02:00:00,16.1,82,0.0,,249,7.4,16.7,1017.4,0,6,4
2025-07-17 03:00:00,15.9,82,0.0,,261,5.5,13.0,1017.5,0,6,3
2025-07-17 04:00:00,13.4,96,0.0,,11,3.7,7.4,1018.6,0,6,7
2025-07-17 05:00:00,14.1,91,0.0,,8,3.7,9.3,1018.5,6,5,7
2025-07-17 06:00:00,15.3,84,0.1,,351,3.7,9.3,1018.7,18,5,2
2025-07-17 07:00:00,16.2,80,0.2,,313,3.7,11.1,1018.8,32,5,2
2025-07-17 08:00:00,17.5,71,0.0,,300,5.5,13.0,1018.4,37,4,2
2025-07-17 09:00:00,18.8,63,0.0,,277,5.5,13.0,1018.2,39,4,2
2025-07-17 10:00:00,19.2,61,0.0,,262,5.5,14.8,1018.3,48,4,2
2025-07-17 11:00:00,20.5,54,0.0,,260,7.4,16.7,1017.6,45,4,2
2025-07-17 12:00:00,21.7,48,0.0,,262,7.4,18.5,1017.1,45,4,2
2025-07-17 13:00:00,22.7,44,0.0,,262,7.4,20.4,1016.4,46,4,2
2025-07-17 14:00:00,23.3,42,0.0,,260,9.3,22.2,1015.9,47,4,2
2025-07-17 15:00:00,23.4,40,0.0,,262,9.3,22.2,1015.5,49,4,2
2025-07-17 16:00:00,23.1,42,0.0,,258,7.4,25.9,1015.5,51,3,2
2025-07-17 17:00:00,22.4,44,0.0,,270,7.4,20.4,1015.5,52,3,2
2025-07-17 18:00:00,21.6,47,0.0,,302,5.5,16.7,1015.7,46,2,1
2025-07-17 19:00:00,20.3,52,0.0,,334,5.5,13.0,1016.2,28,2,1
2025-07-17 20:00:00,19.0,57,0.0,,12,3.7,9.3,1016.6,10,2,1
2025-07-17 21:00:00,17.9,62,0.0,,13,3.7,9.3,1016.9,0,2,1
2025-07-17 22:00:00,17.5,63,0.0,,28,5.5,11.1,1017.1,0,2,2
2025-07-17 23:00:00,16.8,66,0.0,,34,5.5,11.1,1017.0,0,2,2
2025-07-18 00:00:00,16.1,69,0.0,,34,3.7,9.3,1017.0,0,1,1
2025-07-18 01:00:00,15.4,73,0.0,,42,3.7,9.3,1016.8,0,2,1
2025-07-18 02:00:00,14.8,77,0.0,,44,3.7,9.3,1016.5,0,2,2
2025-07-18 03:00:00,14.5,80,0.0,,45,3.7,7.4,1016.4,0,3,2
2025-07-18 04:00:00,14.4,81,0.0,,40,3.7,9.3,1016.3,5,3,2
2025-07-18 05:00:00,14.9,81,0.0,,45,3.7,7.4,1016.2,17,4,2
2025-07-18 06:00:00,15.9,77,0.0,,50,1.8,7.4,1016.0,30,4,2
2025-07-18 07:00:00,17.3,72,0.0,,66,3.7,7.4,1015.7,44,4,2
2025-07-18 08:00:00,18.6,67,0.0,,78,3.7,9.3,1015.1,51,4,2
2025-07-18 09:00:00,20.2,60,0.0,,76,3.7,11.1,1014.6,51,3,2
2025-07-18 10:00:00,21.9,55,0.0,,58,5.5,13.0,1013.9,53,3,2
2025-07-18 11:00:00,23.2,49,0.0,,50,5.5,14.8,1013.4,56,3,2
2025-07-18 12:00:00,24.3,45,0.0,,51,5.5,14.8,1012.7,57,3,2
2025-07-18 13:00:00,25.2,42,0.0,,44,5.5,16.7,1012.4,59,3,2
2025-07-18 14:00:00,25.8,40,0.0,,37,5.5,16.7,1011.8,59,2,2
2025-07-18 15:00:00,26.4,38,0.0,,49,5.5,16.7,1011.4,60,2,2
2025-07-18 16:00:00,26.1,40,0.0,,3,5.5,14.8,1011.1,54,2,1
2025-07-18 17:00:00,25.5,42,0.0,,49,5.5,13.0,1010.9,57,2,1
2025-07-18 18:00:00,24.1,47,0.0,,55,5.5,13.0,1010.8,46,2,1
2025-07-18 19:00:00,22.7,52,0.0,,56,5.5,11.1,1011.2,31,2,1
2025-07-18 20:00:00,21.4,56,0.0,,58,5.5,11.1,1011.4,9,2,1
2025-07-18 21:00:00,20.1,61,0.0,,54,5.5,11.1,1011.7,0,2,1
2025-07-18 22:00:00,19.7,64,0.0,,53,5.5,13.0,1011.8,0,4,2
2025-07-18 23:00:00,18.9,67,0.0,,51,5.5,11.1,1011.6,0,3,2
2025-07-19 00:00:00,18.1,71,0.0,,51,5.5,9.3,1011.5,0,2,1
2025-07-19 01:00:00,17.4,74,0.0,,50,5.5,9.3,1011.4,0,2,1
2025-07-19 02:00:00,16.8,77,0.0,,48,5.5,9.3,1011.1,0,3,2
2025-07-19 03:00:00,16.6,80,0.0,,52,5.5,11.1,1011.0,0,3,2
2025-07-19 04:00:00,16.2,84,0.0,,46,5.5,11.1,1011.0,0,4,2
2025-07-19 05:00:00,17.0,81,0.0,,50,5.5,11.1,1010.7,11,4,2
2025-07-19 06:00:00,18.4,76,0.0,,52,3.7,11.1,1010.4,28,4,2
2025-07-19 07:00:00,19.7,70,0.0,,53,3.7,11.1,1009.9,41,4,2
2025-07-19 08:00:00,21.1,65,0.0,,32,5.5,11.1,1009.2,45,4,2
2025-07-19 09:00:00,22.7,61,0.0,,276,5.5,13.0,1008.6,47,4,2
2025-07-19 10:00:00,24.1,57,0.0,,291,5.5,14.8,1007.5,57,6,2
2025-07-19 11:00:00,25.3,53,0.0,,255,7.4,18.5,1007.6,49,6,2
2025-07-19 12:00:00,25.6,51,0.0,,247,9.3,22.2,1007.9,36,6,2
2025-07-19 13:00:00,25.5,51,0.0,,241,9.3,24.1,1007.7,28,6,2
2025-07-19 14:00:00,25.4,52,0.0,,234,11.1,25.9,1007.9,16,6,3
2025-07-19 15:00:00,24.3,55,0.3,,219,9.3,24.1,1008.1,7,7,3
2025-07-19 16:00:00,19.2,82,0.0,,207,5.5,27.8,1012.0,4,7,17
2025-07-19 17:00:00,19.5,82,0.0,,195,5.5,20.4,1010.9,0,7,18
2025-07-19 18:00:00,19.1,87,0.0,,182,7.4,16.7,1010.6,3,7,2
2025-07-19 19:00:00,18.8,87,0.0,,163,5.5,13.0,1010.6,2,7,2
2025-07-19 20:00:00,18.6,87,0.7,,150,5.5,13.0,1010.6,0,7,3
2025-07-19 21:00:00,18.1,89,0.0,,150,5.5,11.1,1010.8,0,6,3
2025-07-19 22:00:00,17.5,94,0.0,,49,3.7,11.1,1010.8,0,6,3
2025-07-19 23:00:00,17.2,94,0.0,,57,3.7,9.3,1010.5,0,5,2
2025-07-20 00:00:00,17.2,93,0.0,,46,3.7,7.4,1010.2,0,5,2
2025-07-20 01:00:00,17.0,93,0.0,,34,1.8,7.4,1009.8,0,5,2
2025-07-20 02:00:00,16.9,94,0.0,,46,3.7,7.4,1009.4,0,5,2
2025-07-20 03:00:00,16.9,96,0.0,,48,3.7,7.4,1009.3,0,5,2
2025-07-20 04:00:00,16.7,99,0.0,,99,3.7,7.4,1008.8,0,5,2
2025-07-20 05:00:00,17.1,96,0.0,,123,1.8,7.4,1008.7,8,6,2
2025-07-20 06:00:00,17.9,93,0.0,,167,1.8,5.5,1008.7,17,6,2
2025-07-20 07:00:00,19.0,87,0.0,,199,1.8,5.5,1008.3,27,6,2
2025-07-20 08:00:00,20.1,82,0.0,,216,3.7,9.3,1007.9,35,6,2
2025-07-20 09:00:00,21.5,77,0.0,,237,3.7,9.3,1007.2,35,6,3
2025-07-20 10:00:00,23.1,69,0.0,,271,5.5,13.0,1005.9,56,6,3
2025-07-20 11:00:00,24.4,62,0.0,,265,5.5,13.0,1005.3,51,6,2
2025-07-20 12:00:00,25.4,57,0.0,,246,7.4,14.8,1004.7,43,6,2
2025-07-20 13:00:00,25.9,53,0.0,,248,7.4,14.8,1004.2,38,6,2
2025-07-20 14:00:00,25.9,53,0.0,,233,7.4,16.7,1003.9,34,6,18
2025-07-20 15:00:00,25.0,56,0.0,,221,7.4,18.5,1003.9,23,6,25
2025-07-20 16:00:00,24.2,59,0.6,,216,7.4,18.5,1004.6,18,7,25
2025-07-20 17:00:00,23.0,66,0.0,,207,7.4,20.4,1005.6,13,7,25
2025-07-20 18:00:00,21.0,76,0.0,,198,7.4,20.4,1006.6,7,7,25
2025-07-20 19:00:00,20.0,82,0.3,,185,7.4,18.5,1007.7,1,7,25
2025-07-20 20:00:00,19.2,86,0.3,,194,5.5,18.5,1008.1,0,7,25
2025-07-20 21:00:00,18.5,89,0.4,,198,5.5,16.7,1008.7,0,7,25
2025-07-20 22:00:00,18.0,93,0.4,,163,5.5,16.7,1008.8,0,8,25
2025-07-20 23:00:00,17.8,94,1.2,,159,5.5,14.8,1008.8,0,8,25
2025-07-21 00:00:00,17.5,93,2.2,,166,5.5,14.8,1008.7,0,8,25
2025-07-21 01:00:00,17.0,96,1.8,,187,5.5,13.0,1008.8,0,8,9
2025-07-21 02:00:00,16.9,94,1.6,,173,5.5,11.1,1008.9,0,8,9
2025-07-21 03:00:00,16.6,95,3.5,,177,5.5,13.0,1008.9,0,8,9
2025-07-21 04:00:00,15.7,99,3.1,,169,5.5,16.7,1009.5,0,8,8
2025-07-21 05:00:00,15.8,99,2.1,,180,5.5,14.8,1009.3,0,8,8
2025-07-21 06:00:00,15.9,99,2.4,,188,5.5,14.8,1009.0,0,8,8
2025-07-21 07:00:00,16.1,97,2.5,,199,5.5,14.8,1009.0,0,8,8
2025-07-21 08:00:00,16.3,95,1.1,,196,5.5,13.0,1009.2,0,8,7
2025-07-21 09:00:00,16.7,91,0.7,,192,5.5,14.8,1009.0,0,8,7
2025-07-21 10:00:00,16.6,90,0.5,,205,3.7,11.1,1009.1,9,7,7
2025-07-21 11:00:00,17.4,85,0.0,,200,5.5,13.0,1008.8,11,6,7
2025-07-21 12:00:00,18.6,79,0.0,,207,7.4,16.7,1008.4,14,6,7
2025-07-21 13:00:00,19.1,75,0.3,,209,7.4,18.5,1008.3,19,6,17
2025-07-21 14:00:00,19.4,73,0.0,,211,9.3,20.4,1008.0,22,6,2
2025-07-21 15:00:00,19.5,73,0.2,,209,9.3,22.2,1008.2,23,6,3
2025-07-21 16:00:00,19.3,71,0.2,,221,7.4,22.2,1008.9,27,6,17
2025-07-21 17:00:00,18.8,74,0.0,,209,7.4,22.2,1009.1,21,6,2
2025-07-21 18:00:00,18.2,78,0.0,,211,7.4,24.1,1009.6,18,6,25
2025-07-21 19:00:00,17.7,78,0.0,,213,7.4,24.1,1010.2,8,6,25
2025-07-21 20:00:00,17.1,82,0.0,,220,7.4,22.2,1011.0,3,6,2
2025-07-21 21:00:00,16.7,82,0.0,,224,9.3,24.1,1011.5,0,6,2
2025-07-21 22:00:00,18.6,63,0.5,,230,13.0,29.6,1011.3,0,4,2
2025-07-21 23:00:00,18.1,66,0.6,,231,16.7,35.2,1011.8,0,5,2
2025-07-22 00:00:00,17.7,68,1.1,,227,16.7,38.9,1012.4,0,5,3
2025-07-22 01:00:00,17.3,71,0.1,,231,14.8,37.0,1012.7,0,6,3
2025-07-22 02:00:00,17.1,72,0.0,,231,14.8,33.3,1012.9,0,6,3
2025-07-22 03:00:00,16.7,75,0.0,,232,13.0,31.5,1013.3,0,6,3
2025-07-22 04:00:00,14.8,93,0.0,,233,13.0,22.2,1014.2,0,6,7
2025-07-22 05:00:00,15.3,89,0.0,,237,13.0,25.9,1014.4,4,6,2
2025-07-22 06:00:00,16.0,84,0.0,,238,14.8,31.5,1014.6,10,6,2
2025-07-22 07:00:00,16.8,79,0.2,,239,14.8,35.2,1014.6,16,6,2
2025-07-22 08:00:00,17.7,73,0.0,,242,16.7,37.0,1014.7,19,5,2
2025-07-22 09:00:00,18.6,68,0.0,,246,16.7,37.0,1014.8,21,5,3
2025-07-22 10:00:00,19.0,69,0.2,,253,16.7,35.2,1014.8,33,6,2
2025-07-22 11:00:00,20.1,63,0.3,,251,18.5,38.9,1014.5,35,5,2
2025-07-22 12:00:00,21.0,57,0.0,,251,18.5,38.9,1014.1,35,5,2
2025-07-22 13:00:00,21.6,53,0.0,,253,16.7,40.8,1014.0,38,4,2
2025-07-22 14:00:00,22.0,51,0.0,,254,16.7,38.9,1013.8,40,4,2
2025-07-22 15:00:00,22.3,48,0.0,,256,14.8,37.0,1013.7,42,3,2
2025-07-22 16:00:00,21.5,50,0.0,,269,13.0,29.6,1014.0,30,3,2
2025-07-22 17:00:00,21.1,50,0.0,,272,13.0,31.5,1014.0,35,3,2
2025-07-22 18:00:00,20.7,51,0.0,,278,11.1,31.5,1014.5,37,3,2
2025-07-22 19:00:00,19.7,54,0.0,,285,9.3,25.9,1015.3,23,3,2
2025-07-22 20:00:00,18.8,59,0.0,,293,7.4,20.4,1016.0,0,3,2
2025-07-22 21:00:00,18.0,63,0.0,,301,5.5,16.7,1016.6,0,3,2
2025-07-22 22:00:00,17.3,66,0.0,,319,3.7,9.3,1016.9,0,4,2
2025-07-22 23:00:00,16.8,70,0.0,,349,1.8,9.3,1016.9,0,3,2
2025-07-23 00:00:00,16.4,72,0.0,,2,1.8,9.3,1016.7,0,3,2
2025-07-23 01:00:00,16.0,76,0.0,,15,1.8,7.4,1016.5,0,4,2
2025-07-23 02:00:00,15.2,80,0.0,,39,1.8,7.4,1016.2,0,4,2
2025-07-23 03:00:00,14.9,82,0.0,,64,1.8,5.5,1016.3,0,4,2
2025-07-23 04:00:00,14.1,84,0.0,,68,1.8,3.7,1016.0,0,3,2
2025-07-23 05:00:00,14.8,82,0.0,,86,1.8,5.5,1016.0,13,3,2
2025-07-23 06:00:00,15.8,77,0.0,,172,3.7,7.4,1015.7,30,3,2
2025-07-23 07:00:00,16.8,72,0.0,,220,3.7,9.3,1015.5,46,3,2
2025-07-23 08:00:00,18.0,66,0.0,,236,3.7,11.1,1015.1,52,4,2
2025-07-23 09:00:00,19.3,60,0.0,,240,5.5,11.1,1014.6,52,4,2
2025-07-23 10:00:00,20.6,55,0.0,,248,7.4,14.8,1014.1,51,4,2
2025-07-23 11:00:00,21.7,51,0.0,,248,7.4,18.5,1013.6,49,4,2
2025-07-23 12:00:00,22.4,48,0.0,,253,7.4,20.4,1013.1,48,4,2
2025-07-23 13:00:00,22.8,47,0.0,,252,7.4,20.4,1012.6,44,5,2
2025-07-23 14:00:00,22.9,47,0.0,,256,7.4,22.2,1012.3,37,5,2
2025-07-23 15:00:00,22.8,46,0.0,,250,7.4,20.4,1012.0,31,6,3
2025-07-23 16:00:00,22.4,47,0.0,,289,7.4,20.4,1011.6,23,6,2
2025-07-23 17:00:00,21.7,51,0.0,,293,7.4,18.5,1011.6,18,6,2
2025-07-23 18:00:00,20.7,55,0.0,,333,5.5,14.8,1011.8,13,7,2
2025-07-23 19:00:00,19.8,60,0.0,,23,5.5,11.1,1011.8,7,7,2
2025-07-23 20:00:00,18.8,65,0.0,,34,3.7,11.1,1012.2,1,7,18
2025-07-23 21:00:00,17.8,71,0.7,,41,3.7,11.1,1012.5,0,7,18
2025-07-23 22:00:00,18.9,67,0.9,,85,3.7,9.3,1011.8,0,7,18
2025-07-23 23:00:00,17.9,74,3.4,,59,3.7,11.1,1012.2,0,7,7
2025-07-24 00:00:00,17.2,77,1.0,,47,3.7,11.1,1012.6,0,7,7
2025-07-24 01:00:00,16.6,82,4.5,,9,3.7,11.1,1012.7,0,7,7
2025-07-24 02:00:00,16.2,85,0.6,,9,3.7,13.0,1012.6,0,7,7
2025-07-24 03:00:00,15.6,87,0.5,,358,3.7,13.0,1012.6,0,7,7
2025-07-24 04:00:00,15.6,97,0.5,,53,3.7,9.3,1012.8,0,8,7
2025-07-24 05:00:00,15.6,97,0.2,,32,3.7,11.1,1012.9,0,8,7
2025-07-24 06:00:00,15.7,96,0.1,,247,3.7,11.1,1013.3,2,8,7
2025-07-24 07:00:00,15.9,94,0.5,,259,3.7,11.1,1013.8,3,8,7
2025-07-24 08:00:00,16.2,91,0.1,,254,5.5,13.0,1013.8,2,8,7
2025-07-24 09:00:00,16.5,88,1.0,,257,5.5,13.0,1014.0,2,8,7
2025-07-24 10:00:00,15.8,93,1.6,,246,5.5,14.8,1014.7,1,7,7
2025-07-24 11:00:00,16.2,90,0.8,,250,5.5,14.8,1014.5,3,7,7
2025-07-24 12:00:00,16.8,86,0.2,,236,5.5,14.8,1014.5,5,7,7
2025-07-24 13:00:00,17.3,82,0.0,,224,5.5,16.7,1014.2,6,7,7
2025-07-24 14:00:00,17.6,79,0.0,,215,5.5,16.7,1013.9,10,7,7
2025-07-24 15:00:00,17.7,79,0.2,,195,5.5,16.7,1013.8,9,7,18
2025-07-24 16:00:00,18.2,73,0.4,,198,5.5,14.8,1013.5,6,7,25
2025-07-24 17:00:00,17.9,76,1.0,,197,5.5,14.8,1013.6,10,7,25
2025-07-24 18:00:00,17.1,79,0.0,,194,5.5,14.8,1014.2,5,8,25
2025-07-24 19:00:00,16.4,83,0.0,,179,5.5,13.0,1015.0,6,7,25
2025-07-24 20:00:00,15.8,86,0.8,,170,5.5,13.0,1015.5,3,7,17
2025-07-24 21:00:00,15.3,88,0.0,,166,5.5,14.8,1016.0,0,7,17
2025-07-24 22:00:00,14.8,94,0.4,,131,3.7,11.1,1016.6,0,7,17
2025-07-24 23:00:00,14.5,96,1.9,,140,3.7,11.1,1016.3,0,7,17
2025-07-25 00:00:00,14.2,96,0.8,,101,3.7,11.1,1016.2,0,6,7
2025-07-25 01:00:00,14.0,97,0.2,,353,3.7,11.1,1016.1,0,6,7
2025-07-25 02:00:00,14.0,96,1.3,,5,3.7,11.1,1015.9,0,6,7
2025-07-25 03:00:00,13.8,97,2.5,,353,3.7,11.1,1015.8,0,6,7
2025-07-25 04:00:00,13.9,96,2.0,,314,1.8,9.3,1016.0,0,8,7
2025-07-25 05:00:00,14.0,96,1.4,,287,3.7,11.1,1016.2,0,8,7
2025-07-25 06:00:00,14.2,95,0.7,,276,3.7,11.1,1016.5,0,8,7
2025-07-25 07:00:00,14.5,93,2.3,,280,3.7,11.1,1016.6,2,7,7
2025-07-25 08:00:00,14.9,91,2.7,,276,3.7,11.1,1016.6,1,7,7
2025-07-25 09:00:00,15.6,88,0.5,,305,5.5,13.0,1016.5,1,7,7
2025-07-25 10:00:00,15.9,91,0.4,,7,3.7,13.0,1016.3,2,7,7
2025-07-25 11:00:00,16.4,87,0.1,,358,5.5,13.0,1016.1,8,7,7
2025-07-25 12:00:00,17.0,85,1.1,,6,5.5,13.0,1015.9,11,6,18
2025-07-25 13:00:00,17.7,78,0.2,,30,5.5,14.8,1015.6,11,6,18
2025-07-25 14:00:00,18.1,75,0.2,,40,5.5,14.8,1015.2,15,6,25
2025-07-25 15:00:00,18.4,74,0.0,,32,5.5,14.8,1015.3,15,6,25
2025-07-25 16:00:00,19.9,65,0.3,,14,7.4,16.7,1014.6,31,6,17
2025-07-25 17:00:00,19.2,69,0.2,,26,5.5,16.7,1015.0,24,6,2
2025-07-25 18:00:00,18.0,75,0.9,,37,5.5,14.8,1015.5,16,6,2
2025-07-25 19:00:00,17.2,79,0.2,,42,5.5,13.0,1016.4,7,6,2
2025-07-25 20:00:00,16.4,84,0.2,,30,3.7,9.3,1016.8,0,6,2
2025-07-25 21:00:00,15.8,86,0.0,,15,3.7,9.3,1017.3,0,5,2
2025-07-25 22:00:00,15.2,90,0.0,,37,3.7,7.4,1017.4,0,5,2
2025-07-25 23:00:00,14.9,92,0.0,,38,3.7,7.4,1017.3,0,5,2
2025-07-26 00:00:00,14.6,94,0.0,,21,3.7,5.5,1017.2,0,5,3
2025-07-26 01:00:00,14.5,95,0.0,,15,3.7,7.4,1016.9,0,6,3
2025-07-26 02:00:00,14.5,96,0.0,,5,3.7,7.4,1016.7,0,6,3
2025-07-26 03:00:00,14.5,96,0.8,,1,3.7,9.3,1016.4,0,7,4
2025-07-26 04:00:00,15.2,90,1.5,,335,3.7,11.1,1016.0,0,7,3
2025-07-26 05:00:00,15.3,91,1.0,,309,3.7,9.3,1016.2,0,7,7
2025-07-26 06:00:00,15.6,91,0.0,,275,3.7,9.3,1016.2,1,8,7
2025-07-26 07:00:00,15.9,89,0.2,,266,3.7,11.1,1016.4,0,8,7
2025-07-26 08:00:00,16.2,88,0.0,,263,5.5,11.1,1016.4,0,7,7
2025-07-26 09:00:00,16.6,87,0.0,,258,5.5,11.1,1016.4,2,8,7
2025-07-26 10:00:00,17.6,82,0.0,,283,5.5,11.1,1016.1,0,8,7
2025-07-26 11:00:00,17.5,83,0.0,,253,5.5,13.0,1016.0,2,8,7
2025-07-26 12:00:00,17.8,83,0.4,,225,5.5,14.8,1015.8,3,8,7
2025-07-26 13:00:00,18.0,81,4.8,,216,7.4,14.8,1015.7,3,8,8
2025-07-26 14:00:00,17.9,82,0.7,,202,5.5,16.7,1015.5,3,8,8
2025-07-26 15:00:00,17.9,84,0.2,,198,7.4,16.7,1015.4,1,8,18
2025-07-26 16:00:00,14.9,100,0.2,,174,7.4,18.5,1016.8,0,8,9
2025-07-26 17:00:00,15.0,100,0.1,,185,5.5,16.7,1016.8,0,8,9
2025-07-26 18:00:00,15.2,100,3.9,,194,5.5,16.7,1016.9,1,7,18
2025-07-26 19:00:00,15.2,99,0.5,,197,5.5,14.8,1017.2,3,7,18
2025-07-26 20:00:00,15.0,99,0.2,,196,5.5,14.8,1017.3,0,7,8
2025-07-26 21:00:00,15.1,97,0.2,,195,5.5,13.0,1017.5,0,7,7
2025-07-26 22:00:00,14.8,95,0.0,,201,5.5,9.3,1018.0,0,8,7
2025-07-26 23:00:00,14.9,94,0.0,,199,5.5,9.3,1017.7,0,8,7
2025-07-27 00:00:00,15.1,92,0.0,,205,5.5,11.1,1017.5,0,7,7
2025-07-27 01:00:00,15.1,93,0.0,,210,5.5,11.1,1017.0,0,7,7
2025-07-27 02:00:00,15.2,92,1.4,,215,5.5,13.0,1016.7,0,7,7
2025-07-27 03:00:00,15.2,93,2.3,,217,5.5,13.0,1016.5,0,7,7
2025-07-27 04:00:00,15.3,94,2.3,,214,7.4,14.8,1016.3,0,8,7
2025-07-27 05:00:00,15.4,94,3.3,,223,7.4,16.7,1016.3,1,8,7
2025-07-27 06:00:00,15.8,93,0.2,,223,7.4,16.7,1016.3,3,8,7
2025-07-27 07:00:00,16.2,91,0.0,,223,7.4,16.7,1016.1,6,7,7
2025-07-27 08:00:00,16.7,89,0.0,,229,7.4,16.7,1015.6,8,7,7
2025-07-27 09:00:00,17.2,86,0.2,,232,9.3,18.5,1015.3,9,7,3
2025-07-27 10:00:00,18.2,83,0.1,,228,7.4,18.5,1014.8,8,7,3
2025-07-27 11:00:00,18.3,82,0.0,,231,9.3,20.4,1014.4,10,7,17
2025-07-27 12:00:00,18.5,81,0.0,,232,9.3,22.2,1014.2,7,8,18
2025-07-27 13:00:00,18.4,81,0.1,,234,9.3,24.1,1013.8,4,8,18
2025-07-27 14:00:00,18.0,81,0.0,,233,9.3,25.9,1013.6,1,8,25
2025-07-27 15:00:00,17.5,85,4.7,,228,9.3,24.1,1013.3,0,8,25
2025-07-27 16:00:00,18.6,80,2.6,,222,11.1,29.6,1012.4,24,8,25
2025-07-27 17:00:00,17.4,85,0.2,,221,11.1,27.8,1012.9,13,8,25
2025-07-27 18:00:00,16.3,91,0.0,,223,9.3,25.9,1013.1,7,8,25
2025-07-27 19:00:00,15.6,92,0.3,,223,9.3,25.9,1013.4,1,8,8
2025-07-27 20:00:00,15.0,93,2.4,,224,9.3,24.1,1013.8,0,8,8
2025-07-27 21:00:00,14.6,92,1.3,,227,11.1,25.9,1014.1,0,8,8
2025-07-27 22:00:00,14.5,90,0.4,,224,11.1,25.9,1013.7,0,8,8
2025-07-27 23:00:00,14.1,91,0.4,,224,11.1,25.9,1013.6,0,8,8
2025-07-28 00:00:00,14.0,90,0.2,,231,11.1,25.9,1013.6,0,8,8
2025-07-28 01:00:00,13.8,91,0.3,,231,11.1,25.9,1013.3,0,8,8
2025-07-28 02:00:00,13.7,91,0.5,,234,11.1,25.9,1013.2,0,8,7
2025-07-28 03:00:00,13.3,93,0.3,,235,11.1,25.9,1013.2,0,8,7
2025-07-28 04:00:00,13.1,96,2.2,,226,11.1,27.8,1013.4,0,8,8
2025-07-28 05:00:00,13.0,96,0.2,,235,11.1,25.9,1013.5,0,8,8
2025-07-28 06:00:00,13.2,94,0.7,,236,11.1,24.1,1013.7,0,8,8
2025-07-28 07:00:00,13.4,92,2.2,,237,11.1,24.1,1014.0,0,8,7
2025-07-28 08:00:00,13.4,93,0.3,,238,11.1,24.1,1014.3,0,8,7
2025-07-28 09:00:00,13.5,93,0.8,,245,9.3,24.1,1014.8,0,8,7
2025-07-28 10:00:00,13.4,94,1.3,,243,9.3,24.1,1015.5,0,8,8
2025-07-28 11:00:00,13.6,93,3.9,,245,9.3,24.1,1016.1,0,8,8
2025-07-28 12:00:00,13.9,90,1.2,,249,9.3,24.1,1016.6,0,8,8
2025-07-28 13:00:00,13.8,91,0.7,,243,9.3,24.1,1017.2,0,8,8
2025-07-28 14:00:00,13.6,93,0.7,,246,9.3,22.2,1017.6,0,7,8
2025-07-28 15:00:00,13.7,91,1.3,,246,7.4,18.5,1017.9,0,8,8
2025-07-28 16:00:00,13.9,93,0.3,,226,9.3,20.4,1018.5,0,8,8
2025-07-28 17:00:00,13.7,93,0.8,,222,7.4,18.5,1018.7,0,8,8
2025-07-28 18:00:00,13.4,94,0.2,,224,7.4,16.7,1018.9,1,8,8
2025-07-28 19:00:00,13.1,94,1.7,,219,5.5,16.7,1019.6,3,7,7
2025-07-28 20:00:00,12.9,94,1.3,,214,5.5,14.8,1020.1,0,7,7
2025-07-28 21:00:00,12.8,94,0.1,,204,5.5,13.0,1020.5,0,6,3
2025-07-28 22:00:00,12.7,96,0.0,,210,5.5,9.3,1021.0,0,7,7
2025-07-28 23:00:00,12.8,94,0.5,,198,3.7,7.4,1020.8,0,7,3
2025-07-29 00:00:00,12.8,92,0.0,,202,3.7,7.4,1020.7,0,6,3
2025-07-29 01:00:00,12.7,94,0.0,,198,3.7,7.4,1020.6,0,6,3
2025-07-29 02:00:00,12.8,92,0.1,,213,3.7,7.4,1020.4,0,6,3
2025-07-29 03:00:00,12.8,92,0.3,,210,3.7,7.4,1020.6,0,6,3
2025-07-29 04:00:00,12.6,97,0.0,,223,1.8,7.4,1020.6,0,6,3
2025-07-29 05:00:00,12.8,96,2.8,,219,1.8,7.4,1020.7,3,7,3
2025-07-29 06:00:00,13.2,95,0.8,,224,3.7,9.3,1020.6,8,7,2
2025-07-29 07:00:00,13.8,91,0.0,,224,3.7,9.3,1020.4,14,7,2
2025-07-29 08:00:00,14.5,88,0.0,,228,3.7,9.3,1020.2,18,7,3
2025-07-29 09:00:00,15.4,82,0.0,,224,5.5,11.1,1019.9,19,6,3
2025-07-29 10:00:00,16.2,77,0.0,,241,5.5,14.8,1019.7,20,6,2
2025-07-29 11:00:00,17.2,71,0.0,,239,7.4,14.8,1019.3,27,5,2
2025-07-29 12:00:00,18.0,66,0.1,,237,7.4,16.7,1018.9,28,5,2
2025-07-29 13:00:00,18.7,61,0.3,,237,7.4,18.5,1018.4,29,5,2
2025-07-29 14:00:00,19.3,58,0.2,,237,7.4,18.5,1018.0,32,4,2
2025-07-29 15:00:00,19.6,56,0.1,,238,7.4,18.5,1017.7,36,4,2
2025-07-29 16:00:00,19.0,57,0.0,,199,5.5,20.4,1017.8,18,4,2
2025-07-29 17:00:00,18.7,58,0.0,,223,5.5,16.7,1017.6,29,4,2
2025-07-29 18:00:00,17.8,62,0.0,,229,3.7,13.0,1017.6,29,4,2
2025-07-29 19:00:00,16.8,66,0.0,,243,3.7,9.3,1018.1,15,4,2
2025-07-29 20:00:00,16.1,70,0.0,,30,1.8,7.4,1018.5,0,4,2
2025-07-29 21:00:00,15.2,75,0.0,,60,1.8,5.5,1018.8,0,4,2
2025-07-29 22:00:00,14.1,86,0.0,,140,3.7,7.4,1019.5,0,6,2
2025-07-29 23:00:00,13.7,87,0.0,,131,1.8,5.5,1019.3,0,5,2
2025-07-30 00:00:00,13.4,88,0.0,,154,1.8,5.5,1019.2,0,5,2
2025-07-30 01:00:00,13.1,89,0.0,,153,1.8,3.7,1019.0,0,5,2
2025-07-30 02:00:00,12.9,90,0.0,,160,1.8,5.5,1018.7,0,5,2
2025-07-30 03:00:00,12.8,91,0.0,,169,1.8,5.5,1018.7,0,5,2
2025-07-30 04:00:00,12.1,92,0.0,,172,3.7,5.5,1018.8,0,5,2
2025-07-30 05:00:00,12.9,89,0.0,,176,3.7,7.4,1018.8,5,5,2
2025-07-30 06:00:00,13.8,84,0.0,,200,3.7,9.3,1018.7,13,4,2
2025-07-30 07:00:00,14.7,80,0.0,,211,5.5,11.1,1018.7,16,4,2
2025-07-30 08:00:00,15.8,75,0.0,,220,5.5,13.0,1018.6,23,5,2
2025-07-30 09:00:00,16.8,71,0.0,,229,7.4,16.7,1018.4,30,5,2
2025-07-30 10:00:00,18.2,64,0.0,,224,7.4,16.7,1018.1,30,5,2
2025-07-30 11:00:00,18.9,60,0.0,,233,9.3,20.4,1017.8,30,6,2
2025-07-30 12:00:00,19.1,60,0.0,,243,9.3,22.2,1017.6,26,6,2
2025-07-30 13:00:00,19.4,58,0.0,,245,9.3,24.1,1017.5,23,6,2
2025-07-30 14:00:00,19.5,58,0.0,,252,9.3,24.1,1017.5,23,6,2
2025-07-30 15:00:00,19.1,61,0.5,,246,9.3,22.2,1017.5,21,5,2
2025-07-30 16:00:00,18.5,63,3.0,,262,9.3,24.1,1018.0,0,6,3
2025-07-30 17:00:00,17.8,67,0.3,,253,9.3,22.2,1018.3,8,6,2
2025-07-30 18:00:00,17.0,74,0.0,,241,5.5,16.7,1018.7,8,6,2
2025-07-30 19:00:00,16.5,76,0.0,,225,5.5,13.0,1019.2,4,6,2
2025-07-30 20:00:00,15.8,80,0.0,,213,3.7,11.1,1019.6,0,6,2
2025-07-30 21:00:00,15.4,83,0.0,,191,3.7,9.3,1019.9,0,6,3
2025-07-30 22:00:00,14.9,86,0.0,,175,3.7,7.4,1019.9,0,6,3
2025-07-30 23:00:00,14.9,86,0.0,,169,3.7,7.4,1019.8,0,6,3
2025-07-31 00:00:00,14.6,88,0.0,,178,3.7,7.4,1019.5,0,5,3
2025-07-31 01:00:00,14.4,89,0.0,,171,3.7,7.4,1019.2,0,5,3
2025-07-31 02:00:00,14.3,91,0.0,,192,3.7,7.4,1019.1,0,5,3
2025-07-31 03:00:00,14.3,92,0.0,,195,3.7,7.4,1019.2,0,6,3
2025-07-31 04:00:00,14.3,94,0.0,,179,5.5,11.1,1019.4,0,6,3
2025-07-31 05:00:00,14.6,94,0.0,,179,3.7,9.3,1019.3,1,7,3
2025-07-31 06:00:00,15.1,92,0.0,,208,5.5,11.1,1019.2,3,8,2
2025-07-31 07:00:00,15.6,90,0.0,,220,5.5,13.0,1019.3,5,7,2
2025-07-31 08:00:00,16.3,86,0.0,,225,7.4,14.8,1019.2,8,6,3
2025-07-31 09:00:00,17.3,82,0.0,,224,9.3,18.5,1019.0,12,7,3
2025-07-31 10:00:00,19.0,75,0.0,,227,11.1,22.2,1018.8,32,7,3
2025-07-31 11:00:00,19.7,71,0.2,,231,11.1,24.1,1018.3,34,6,2
2025-07-31 12:00:00,20.5,66,0.2,,235,11.1,25.9,1017.8,30,6,2
2025-07-31 13:00:00,21.1,62,0.2,,237,11.1,25.9,1017.3,30,6,2
2025-07-31 14:00:00,21.4,60,0.3,,242,11.1,27.8,1016.8,31,5,2
2025-07-31 15:00:00,21.6,60,0.1,,249,11.1,25.9,1016.4,30,4,2
2025-07-31 16:00:00,20.7,61,0.0,,266,7.4,14.8,1017.0,15,5,2
2025-07-31 17:00:00,20.7,61,0.0,,269,7.4,14.8,1016.6,23,5,2
2025-07-31 18:00:00,20.0,66,0.0,,267,5.5,13.0,1016.5,19,4,2
2025-07-31 19:00:00,19.1,69,0.0,,268,3.7,11.1,1016.5,8,5,2
2025-07-31 20:00:00,18.3,73,0.0,,265,3.7,11.1,1016.8,0,5,2
2025-07-31 21:00:00,17.6,77,0.0,,222,3.7,9.3,1016.8,0,5,2
2025-07-31 22:00:00,16.8,83,0.0,,159,1.8,5.5,1017.1,0,5,2
2025-07-31 23:00:00,16.4,85,0.0,,158,3.7,7.4,1016.8,0,5,2
2025-08-01 00:00:00,16.3,85,0.0,,179,3.7,9.3,1016.5,0,5,3
2025-08-01 01:00:00,16.0,87,0.0,,180,3.7,9.3,1016.1,0,6,3
2025-08-01 02:00:00,15.9,87,0.0,,193,3.7,9.3,1015.6,0,7,3
2025-08-01 03:00:00,15.7,88,0.0,,197,3.7,11.1,1015.3,0,7,3
2025-08-01 04:00:00,15.9,89,1.4,,192,3.7,9.3,1015.1,0,6,3
2025-08-01 05:00:00,16.0,89,0.0,,207,5.5,11.1,1015.1,2,6,2
2025-08-01 06:00:00,16.2,89,0.2,,215,5.5,14.8,1015.1,5,7,2
2025-08-01 07:00:00,16.6,86,0.3,,221,7.4,18.5,1015.0,9,6,2
2025-08-01 08:00:00,17.1,84,0.0,,220,9.3,20.4,1014.8,11,6,3
2025-08-01 09:00:00,17.8,82,0.5,,223,11.1,22.2,1014.8,12,6,3
2025-08-01 10:00:00,20.1,70,0.1,,227,11.1,24.1,1013.7,27,6,17
2025-08-01 11:00:00,20.1,70,0.3,,228,13.0,25.9,1013.6,25,6,18
2025-08-01 12:00:00,20.0,72,1.7,,231,13.0,27.8,1013.6,21,6,18
2025-08-01 13:00:00,20.0,72,0.0,,233,11.1,29.6,1013.2,19,6,25
2025-08-01 14:00:00,19.6,72,0.0,,238,11.1,29.6,1013.0,19,6,25
2025-08-01 15:00:00,19.4,72,1.1,,240,11.1,29.6,1012.7,17,6,25
2025-08-01 16:00:00,21.9,59,1.8,,266,7.4,24.1,1010.4,25,7,25
2025-08-01 17:00:00,20.4,65,0.4,,248,7.4,24.1,1011.1,14,7,25
2025-08-01 18:00:00,18.3,76,2.0,,234,7.4,24.1,1011.8,9,7,25
2025-08-01 19:00:00,17.4,79,0.4,,225,5.5,22.2,1012.5,6,7,25
2025-08-01 20:00:00,16.3,85,0.1,,214,5.5,20.4,1013.2,0,7,25
2025-08-01 21:00:00,15.8,87,0.4,,199,5.5,18.5,1013.7,0,7,25
2025-08-01 22:00:00,15.2,96,0.2,,196,3.7,11.1,1013.8,0,7,25
2025-08-01 23:00:00,14.8,95,2.1,,224,3.7,13.0,1013.5,0,7,25
2025-08-02 00:00:00,14.6,94,0.2,,223,3.7,13.0,1013.3,0,6,25
2025-08-02 01:00:00,14.3,95,0.2,,218,3.7,13.0,1012.9,0,7,8
2025-08-02 02:00:00,14.1,96,1.5,,237,3.7,13.0,1012.7,0,8,8
2025-08-02 03:00:00,13.8,96,9.3,,238,5.5,14.8,1012.3,0,8,8
2025-08-02 04:00:00,14.1,96,1.4,,240,5.5,16.7,1011.2,0,8,8
2025-08-02 05:00:00,14.1,96,0.5,,241,9.3,20.4,1011.9,0,8,8
2025-08-02 06:00:00,14.1,94,0.2,,235,9.3,20.4,1012.3,0,8,7
2025-08-02 07:00:00,14.2,93,0.2,,239,9.3,22.2,1013.0,0,8,7
2025-08-02 08:00:00,14.2,91,1.0,,240,9.3,22.2,1013.6,0,8,7
2025-08-02 09:00:00,14.4,87,1.5,,243,11.1,24.1,1014.2,0,8,7
2025-08-02 10:00:00,14.5,86,0.7,,242,11.1,25.9,1014.5,0,8,7
2025-08-02 11:00:00,14.7,84,0.4,,243,11.1,27.8,1014.8,4,8,18
2025-08-02 12:00:00,15.0,81,0.3,,247,11.1,27.8,1014.7,7,7,18
2025-08-02 13:00:00,15.2,80,0.9,,241,11.1,27.8,1015.0,9,7,18
2025-08-02 14:00:00,15.2,80,0.1,,242,11.1,27.8,1015.5,8,7,25
2025-08-02 15:00:00,15.2,78,1.3,,243,9.3,27.8,1015.7,8,8,25
2025-08-02 16:00:00,15.3,77,2.5,,219,7.4,22.2,1016.6,11,7,25
2025-08-02 17:00:00,14.8,80,0.9,,228,7.4,22.2,1016.9,9,7,25
2025-08-02 18:00:00,14.1,83,0.1,,224,5.5,16.7,1017.3,6,8,25
2025-08-02 19:00:00,13.6,87,0.0,,223,5.5,14.8,1017.9,5,7,18
2025-08-02 20:00:00,13.3,88,0.3,,211,3.7,14.8,1018.4,0,7,3
2025-08-02 21:00:00,13.1,89,0.4,,200,5.5,13.0,1018.8,0,6,3
2025-08-02 22:00:00,13.3,88,0.0,,204,5.5,11.1,1019.1,0,7,3
2025-08-02 23:00:00,13.0,88,1.1,,204,3.7,9.3,1019.1,0,6,3
2025-08-03 00:00:00,12.8,88,0.0,,203,3.7,9.3,1019.2,0,6,3
2025-08-03 01:00:00,12.6,91,0.0,,205,3.7,9.3,1019.3,0,6,3
2025-08-03 02:00:00,12.4,92,0.0,,202,1.8,7.4,1019.3,0,6,3
2025-08-03 03:00:00,12.3,94,0.0,,198,3.7,9.3,1019.6,0,6,3
2025-08-03 04:00:00,12.7,94,0.0,,182,1.8,7.4,1019.7,0,7,3
2025-08-03 05:00:00,12.9,94,0.0,,186,1.8,7.4,1020.0,0,7,3
2025-08-03 06:00:00,13.3,92,0.0,,214,3.7,7.4,1020.1,0,8,2
2025-08-03 07:00:00,13.7,91,0.0,,228,3.7,9.3,1020.4,1,8,3
2025-08-03 08:00:00,14.1,88,0.0,,237,3.7,9.3,1020.7,5,8,3
2025-08-03 09:00:00,14.7,85,0.0,,233,5.5,13.0,1020.7,9,7,4
2025-08-03 10:00:00,16.1,73,0.0,,257,5.5,13.0,1020.2,4,7,3
2025-08-03 11:00:00,16.9,69,0.0,,245,5.5,14.8,1020.2,13,7,2
2025-08-03 12:00:00,17.3,68,0.0,,244,5.5,16.7,1020.1,13,7,2
2025-08-03 13:00:00,17.5,67,0.0,,236,5.5,16.7,1020.3,12,7,2
2025-08-03 14:00:00,17.6,66,0.0,,247,5.5,16.7,1020.4,11,8,3
2025-08-03 15:00:00,17.2,68,0.0,,254,5.5,16.7,1020.6,7,7,7
2025-08-03 16:00:00,18.3,61,0.0,,289,7.4,14.8,1020.3,2,7,7
2025-08-03 17:00:00,17.9,65,0.0,,310,5.5,13.0,1020.6,6,8,3
2025-08-03 18:00:00,16.9,71,0.0,,340,3.7,9.3,1021.1,0,8,2
2025-08-03 19:00:00,16.3,74,0.0,,2,3.7,7.4,1021.8,1,7,2
2025-08-03 20:00:00,15.6,79,0.0,,30,3.7,7.4,1022.3,0,6,3
2025-08-03 21:00:00,15.0,81,0.0,,83,1.8,5.5,1022.6,0,6,3
2025-08-03 22:00:00,15.3,81,0.0,,18,1.8,7.4,1023.1,0,6,3
2025-08-03 23:00:00,14.6,84,0.0,,57,1.8,5.5,1023.0,0,6,3
2025-08-04 00:00:00,14.2,85,0.0,,154,1.8,5.5,1022.9,0,6,3
2025-08-04 01:00:00,13.9,87,0.0,,172,1.8,5.5,1022.7,0,5,2
2025-08-04 02:00:00,13.6,88,0.0,,193,1.8,7.4,1022.6,0,5,2
2025-08-04 03:00:00,13.7,88,0.0,,194,3.7,7.4,1022.7,0,6,3
2025-08-04 04:00:00,14.1,90,0.0,,186,3.7,7.4,1022.8,0,7,3
2025-08-04 05:00:00,14.3,89,0.0,,196,1.8,7.4,1023.1,0,7,3
2025-08-04 06:00:00,14.7,88,0.0,,204,3.7,7.4,1023.1,0,7,2
2025-08-04 07:00:00,15.1,86,0.0,,203,3.7,9.3,1023.2,0,7,7
2025-08-04 08:00:00,15.6,83,0.1,,198,5.5,9.3,1023.2,0,7,7
2025-08-04 09:00:00,16.3,80,0.0,,200,5.5,13.0,1023.1,1,8,4
2025-08-04 10:00:00,17.4,77,0.0,,208,7.4,14.8,1022.9,7,7,3
2025-08-04 11:00:00,18.3,72,0.0,,212,7.4,14.8,1022.4,12,7,2
2025-08-04 12:00:00,19.6,67,0.0,,215,7.4,18.5,1021.8,16,7,2
2025-08-04 13:00:00,20.3,64,0.0,,216,9.3,18.5,1021.5,18,6,2
2025-08-04 14:00:00,20.8,61,0.0,,223,9.3,20.4,1021.0,21,6,2
2025-08-04 15:00:00,21.4,60,0.0,,223,9.3,20.4,1020.5,26,5,3
2025-08-04 16:00:00,22.6,56,0.0,,198,7.4,14.8,1019.9,35,5,2
2025-08-04 17:00:00,22.1,59,0.0,,200,5.5,13.0,1019.8,35,5,2
2025-08-04 18:00:00,21.1,63,0.0,,183,5.5,9.3,1020.0,27,4,2
2025-08-04 19:00:00,20.2,66,0.0,,156,3.7,7.4,1020.5,14,5,2
2025-08-04 20:00:00,19.0,72,0.0,,132,1.8,7.4,1020.7,0,4,2
2025-08-04 21:00:00,18.3,75,0.0,,129,1.8,5.5,1021.1,0,4,2
2025-08-04 22:00:00,17.7,77,0.0,,155,1.8,5.5,1020.9,0,4,2
2025-08-04 23:00:00,17.3,79,0.0,,162,1.8,5.5,1020.7,0,4,2
2025-08-05 00:00:00,16.8,82,0.0,,170,1.8,3.7,1020.5,0,4,2
2025-08-05 01:00:00,16.5,83,0.0,,175,1.8,3.7,1020.2,0,4,2
2025-08-05 02:00:00,16.1,86,0.0,,165,1.8,3.7,1020.0,0,4,2
2025-08-05 03:00:00,16.0,87,0.0,,166,1.8,5.5,1019.9,0,4,2
2025-08-05 04:00:00,16.0,86,0.0,,167,1.8,5.5,1019.9,0,4,2
2025-08-05 05:00:00,16.4,85,0.0,,182,1.8,5.5,1019.9,11,4,2
2025-08-05 06:00:00,17.1,82,0.0,,204,3.7,7.4,1019.8,16,4,2
2025-08-05 07:00:00,18.2,77,0.0,,212,3.7,9.3,1019.7,23,4,2
2025-08-05 08:00:00,19.6,72,0.0,,213,5.5,11.1,1019.5,29,4,2
2025-08-05 09:00:00,21.0,66,0.0,,225,7.4,14.8,1019.2,29,4,2
2025-08-05 10:00:00,22.9,59,0.0,,230,9.3,20.4,1019.4,30,4,2
2025-08-05 11:00:00,23.6,55,0.0,,238,11.1,24.1,1018.9,33,4,2
2025-08-05 12:00:00,24.2,54,0.4,,249,13.0,25.9,1018.8,33,5,2
2025-08-05 13:00:00,24.2,54,0.0,,257,13.0,29.6,1018.5,31,5,2
2025-08-05 14:00:00,24.0,54,0.0,,265,13.0,31.5,1018.9,24,5,2
2025-08-05 15:00:00,23.4,56,0.0,,272,13.0,31.5,1019.2,21,5,2
2025-08-05 16:00:00,24.8,49,0.0,,282,14.8,33.3,1018.1,18,5,2
2025-08-05 17:00:00,23.6,53,0.0,,282,13.0,31.5,1019.0,19,5,2
2025-08-05 18:00:00,21.9,57,0.1,,289,11.1,29.6,1020.1,13,5,2
2025-08-05 19:00:00,21.2,59,0.9,,299,9.3,25.9,1021.8,5,5,2
2025-08-05 20:00:00,19.9,64,0.4,,315,7.4,20.4,1023.0,0,5,2
2025-08-05 21:00:00,18.4,68,0.0,,336,7.4,18.5,1024.0,0,5,2
2025-08-05 22:00:00,17.8,65,0.0,,6,7.4,18.5,1024.9,0,4,2
2025-08-05 23:00:00,17.1,67,0.1,,17,7.4,14.8,1025.2,0,4,2
2025-08-06 00:00:00,16.3,69,0.1,,21,7.4,16.7,1025.4,0,3,2
2025-08-06 01:00:00,15.6,73,0.0,,23,7.4,16.7,1025.3,0,4,2
2025-08-06 02:00:00,15.0,74,0.0,,26,7.4,16.7,1025.2,0,4,2
2025-08-06 03:00:00,14.4,76,0.0,,30,7.4,16.7,1025.3,0,4,2
2025-08-06 04:00:00,14.5,70,0.0,,30,7.4,16.7,1025.1,0,4,2
2025-08-06 05:00:00,14.5,71,0.0,,32,7.4,18.5,1025.1,8,5,2
2025-08-06 06:00:00,15.0,70,0.0,,40,9.3,20.4,1024.9,20,5,2
2025-08-06 07:00:00,15.8,68,0.0,,41,9.3,22.2,1024.4,32,5,2
2025-08-06 08:00:00,16.7,67,0.0,,42,11.1,24.1,1023.9,37,5,2
2025-08-06 09:00:00,17.9,64,0.0,,44,11.1,27.8,1023.4,40,6,2
2025-08-06 10:00:00,18.2,65,0.0,,42,11.1,25.9,1023.1,42,4,2
2025-08-06 11:00:00,19.5,60,0.0,,44,11.1,27.8,1022.4,43,4,2
2025-08-06 12:00:00,20.5,57,0.0,,45,13.0,27.8,1021.8,44,5,2
2025-08-06 13:00:00,21.2,54,0.0,,48,13.0,29.6,1021.2,42,5,2
2025-08-06 14:00:00,21.6,52,0.0,,45,11.1,27.8,1020.5,42,5,2
2025-08-06 15:00:00,21.5,52,0.0,,50,9.3,25.9,1020.1,41,5,2
2025-08-06 16:00:00,22.1,50,0.0,,39,9.3,24.1,1019.7,48,4,2
2025-08-06 17:00:00,21.1,53,0.0,,44,9.3,24.1,1019.6,41,4,2
2025-08-06 18:00:00,20.1,58,0.0,,43,7.4,20.4,1019.8,32,3,2
2025-08-06 19:00:00,18.8,63,0.0,,47,7.4,16.7,1020.1,14,4,2
2025-08-06 20:00:00,17.6,67,0.0,,39,7.4,16.7,1020.3,0,4,2
2025-08-06 21:00:00,17.1,70,0.0,,37,7.4,16.7,1020.4,0,3,2
2025-08-06 22:00:00,16.8,66,0.0,,42,9.3,22.2,1020.2,0,2,2
2025-08-06 23:00:00,16.2,69,0.0,,44,9.3,20.4,1020.1,0,2,2
2025-08-07 00:00:00,15.6,72,0.0,,41,9.3,18.5,1020.0,0,2,2
2025-08-07 01:00:00,15.1,75,0.0,,40,7.4,14.8,1020.1,0,3,2
2025-08-07 02:00:00,14.5,79,0.0,,45,5.5,11.1,1020.0,0,4,2
2025-08-07 03:00:00,14.3,81,0.0,,44,3.7,9.3,1020.1,0,4,2
2025-08-07 04:00:00,13.1,83,0.0,,30,3.7,9.3,1020.1,0,3,2
2025-08-07 05:00:00,13.8,81,0.0,,29,3.7,9.3,1020.1,9,3,2
2025-08-07 06:00:00,15.0,79,0.0,,40,3.7,7.4,1020.1,22,3,2
2025-08-07 07:00:00,16.3,74,0.0,,214,3.7,9.3,1020.2,35,3,2
2025-08-07 08:00:00,17.8,70,0.0,,206,3.7,9.3,1019.9,42,3,2
2025-08-07 09:00:00,19.7,65,0.0,,222,5.5,11.1,1019.6,47,3,2
2025-08-07 10:00:00,21.3,59,0.0,,229,7.4,14.8,1019.3,45,3,2
2025-08-07 11:00:00,22.6,54,0.0,,235,7.4,18.5,1018.7,50,3,2
2025-08-07 12:00:00,23.9,50,0.0,,242,9.3,20.4,1018.3,52,2,1
2025-08-07 13:00:00,24.7,47,0.0,,243,9.3,22.2,1018.1,54,2,1
2025-08-07 14:00:00,25.5,44,0.0,,246,9.3,22.2,1017.7,54,2,1
2025-08-07 15:00:00,25.9,41,0.0,,246,7.4,20.4,1017.4,57,2,2
2025-08-07 16:00:00,25.9,42,0.0,,251,7.4,18.5,1017.1,58,2,2
2025-08-07 17:00:00,25.4,43,0.0,,264,5.5,16.7,1017.0,58,1,1
2025-08-07 18:00:00,24.1,48,0.0,,320,5.5,13.0,1017.2,47,1,1
2025-08-07 19:00:00,22.7,52,0.0,,11,3.7,9.3,1017.8,29,1,1
2025-08-07 20:00:00,21.5,57,0.0,,33,3.7,7.4,1018.3,0,1,1
2025-08-07 21:00:00,20.4,61,0.0,,25,3.7,5.5,1018.8,0,1,1
2025-08-07 22:00:00,19.3,71,0.0,,38,1.8,7.4,1019.0,0,0,1
2025-08-07 23:00:00,18.8,74,0.0,,56,1.8,5.5,1019.0,0,0,1
2025-08-08 00:00:00,18.5,76,0.0,,43,1.8,3.7,1019.0,0,1,1
2025-08-08 01:00:00,17.9,79,0.0,,62,1.8,3.7,1019.3,0,1,1
2025-08-08 02:00:00,17.4,80,0.0,,72,1.8,3.7,1019.2,0,1,1
2025-08-08 03:00:00,17.1,83,0.0,,65,1.8,3.7,1019.4,0,1,1
2025-08-08 04:00:00,16.7,90,0.0,,99,1.8,1.8,1019.7,0,1,1
2025-08-08 05:00:00,17.3,86,0.0,,199,1.8,3.7,1020.0,15,1,1
2025-08-08 06:00:00,18.5,82,0.0,,178,1.8,5.5,1020.0,39,0,1
2025-08-08 07:00:00,20.0,74,0.0,,191,1.8,5.5,1020.0,56,0,1
2025-08-08 08:00:00,21.8,67,0.0,,213,3.7,7.4,1019.8,59,0,1
2025-08-08 09:00:00,23.7,58,0.0,,229,5.5,11.1,1019.5,60,0,1
2025-08-08 10:00:00,25.5,56,0.0,,219,5.5,13.0,1019.5,59,1,1
2025-08-08 11:00:00,27.0,48,0.0,,228,7.4,16.7,1018.8,60,1,1
2025-08-08 12:00:00,28.1,43,0.0,,234,7.4,20.4,1018.3,60,0,1
2025-08-08 13:00:00,28.9,40,0.0,,241,9.3,22.2,1017.8,60,1,1
2025-08-08 14:00:00,29.4,38,0.0,,244,9.3,24.1,1017.4,60,1,1
2025-08-08 15:00:00,29.5,37,0.0,,248,9.3,22.2,1016.9,60,1,1
2025-08-08 16:00:00,29.7,35,0.0,,264,9.3,22.2,1016.7,59,1,1
2025-08-08 17:00:00,28.4,40,0.0,,280,7.4,18.5,1017.0,60,1,1
2025-08-08 18:00:00,27.1,44,0.0,,305,5.5,13.0,1017.7,47,0,1
2025-08-08 19:00:00,25.4,49,0.0,,331,5.5,9.3,1018.4,28,1,1
2025-08-08 20:00:00,24.2,53,0.0,,2,5.5,9.3,1018.9,0,1,1
2025-08-08 21:00:00,22.9,58,0.0,,17,3.7,7.4,1019.4,0,1,1
2025-08-08 22:00:00,21.3,60,0.0,,25,3.7,7.4,1020.1,0,0,1
2025-08-08 23:00:00,20.6,64,0.0,,32,1.8,7.4,1020.0,0,0,1
2025-08-09 00:00:00,20.1,67,0.0,,32,1.8,5.5,1019.9,0,0,1
2025-08-09 01:00:00,19.5,71,0.0,,38,1.8,5.5,1019.9,0,1,1
2025-08-09 02:00:00,18.8,74,0.0,,45,1.8,5.5,1020.0,0,1,1
2025-08-09 03:00:00,18.4,78,0.0,,47,1.8,3.7,1020.1,0,1,1
2025-08-09 04:00:00,17.9,85,0.0,,64,1.8,3.7,1020.3,0,1,1
2025-08-09 05:00:00,18.5,83,0.0,,34,1.8,3.7,1020.6,15,1,1
2025-08-09 06:00:00,19.9,78,0.0,,226,1.8,5.5,1020.7,38,0,1
2025-08-09 07:00:00,21.4,71,0.0,,222,1.8,5.5,1020.4,56,0,1
2025-08-09 08:00:00,23.3,64,0.0,,220,3.7,7.4,1020.1,60,0,1
2025-08-09 09:00:00,25.3,58,0.0,,224,3.7,9.3,1019.6,60,0,1
2025-08-09 10:00:00,27.2,52,0.0,,207,5.5,13.0,1019.4,59,1,1
2025-08-09 11:00:00,28.8,45,0.0,,216,7.4,14.8,1018.6,60,1,1
2025-08-09 12:00:00,30.2,41,0.0,,225,7.4,18.5,1017.9,60,0,1
2025-08-09 13:00:00,31.2,37,0.0,,232,7.4,18.5,1017.4,60,0,1
2025-08-09 14:00:00,31.8,35,0.0,,234,9.3,22.2,1017.0,60,1,1
2025-08-09 15:00:00,31.9,34,0.0,,237,9.3,22.2,1016.4,60,1,1
2025-08-09 16:00:00,32.0,36,0.0,,241,11.1,24.1,1016.8,60,0,1
2025-08-09 17:00:00,30.9,40,0.0,,245,9.3,22.2,1017.0,60,0,1
2025-08-09 18:00:00,29.3,45,0.0,,261,7.4,16.7,1017.5,47,0,1
2025-08-09 19:00:00,27.4,50,0.0,,280,5.5,14.8,1018.4,27,1,1
2025-08-09 20:00:00,26.2,54,0.0,,298,3.7,11.1,1019.2,0,1,1
2025-08-09 21:00:00,24.9,58,0.0,,320,3.7,9.3,1019.8,0,1,1
2025-08-09 22:00:00,23.3,62,0.0,,16,1.8,7.4,1020.8,0,1,1
2025-08-09 23:00:00,22.6,66,0.0,,33,1.8,7.4,1021.1,0,0,1
2025-08-10 00:00:00,21.8,68,0.0,,30,1.8,7.4,1021.6,0,0,1
2025-08-10 01:00:00,21.1,71,0.0,,21,1.8,5.5,1021.9,0,1,1
2025-08-10 02:00:00,20.5,74,0.0,,21,1.8,5.5,1022.2,0,1,1
2025-08-10 03:00:00,19.9,76,0.0,,22,3.7,7.4,1022.4,0,1,1
2025-08-10 04:00:00,19.7,77,0.0,,25,3.7,7.4,1023.1,0,1,1
2025-08-10 05:00:00,19.8,76,0.0,,25,3.7,7.4,1023.4,18,1,1
2025-08-10 06:00:00,20.3,74,0.0,,19,3.7,7.4,1023.6,35,1,1
2025-08-10 07:00:00,21.4,69,0.0,,16,5.5,11.1,1023.8,51,1,1
2025-08-10 08:00:00,22.7,64,0.0,,17,5.5,13.0,1024.0,59,1,1
2025-08-10 09:00:00,24.1,60,0.0,,27,7.4,14.8,1023.7,60,1,1
2025-08-10 10:00:00,26.1,54,0.0,,33,7.4,20.4,1023.2,58,2,1
2025-08-10 11:00:00,27.1,51,0.0,,35,7.4,22.2,1022.7,60,1,1
2025-08-10 12:00:00,27.9,49,0.0,,36,7.4,22.2,1022.3,60,1,1
2025-08-10 13:00:00,28.6,46,0.0,,38,7.4,22.2,1021.9,60,1,1
2025-08-10 14:00:00,28.8,45,0.0,,39,7.4,20.4,1021.3,60,1,1
2025-08-10 15:00:00,28.9,44,0.0,,42,7.4,20.4,1020.8,60,1,1
2025-08-10 16:00:00,28.5,44,0.0,,22,5.5,16.7,1020.9,52,1,1
2025-08-10 17:00:00,27.4,48,0.0,,37,5.5,16.7,1020.9,56,1,1
2025-08-10 18:00:00,26.2,53,0.0,,39,5.5,16.7,1021.0,46,0,1
2025-08-10 19:00:00,24.7,56,0.0,,43,7.4,14.8,1021.8,27,1,1
2025-08-10 20:00:00,23.3,60,0.0,,46,9.3,16.7,1022.2,0,1,1
2025-08-10 21:00:00,22.1,64,0.0,,47,9.3,18.5,1022.6,0,1,1
2025-08-10 22:00:00,21.6,63,0.0,,47,13.0,29.6,1022.7,0,1,1
2025-08-10 23:00:00,20.7,66,0.0,,47,13.0,27.8,1022.7,0,1,1
2025-08-11 00:00:00,19.8,69,0.0,,46,11.1,24.1,1022.6,0,1,1
2025-08-11 01:00:00,19.0,72,0.0,,43,11.1,22.2,1022.4,0,1,1
2025-08-11 02:00:00,18.4,73,0.0,,40,11.1,22.2,1022.3,0,1,1
2025-08-11 03:00:00,17.7,75,0.0,,38,9.3,20.4,1022.3,0,1,1
2025-08-11 04:00:00,17.4,70,0.0,,41,7.4,16.7,1022.2,0,1,1
2025-08-11 05:00:00,17.6,71,0.0,,37,7.4,18.5,1022.2,15,1,1
2025-08-11 06:00:00,18.3,69,0.0,,40,7.4,20.4,1022.0,38,1,1
2025-08-11 07:00:00,19.4,65,0.0,,40,7.4,20.4,1021.7,54,1,1
2025-08-11 08:00:00,20.8,63,0.0,,38,9.3,20.4,1021.2,58,1,1
2025-08-11 09:00:00,22.4,61,0.0,,39,9.3,20.4,1020.5,56,1,1
2025-08-11 10:00:00,23.6,59,0.0,,38,9.3,22.2,1019.8,60,0,1
2025-08-11 11:00:00,25.0,57,0.0,,41,9.3,24.1,1019.1,60,0,1
2025-08-11 12:00:00,26.6,54,0.0,,43,9.3,24.1,1018.4,60,0,1
2025-08-11 13:00:00,27.7,51,0.0,,45,9.3,24.1,1017.7,60,0,1
2025-08-11 14:00:00,28.2,49,0.0,,46,9.3,24.1,1017.0,60,0,1
2025-08-11 15:00:00,28.5,48,0.0,,49,9.3,24.1,1016.3,60,1,1
2025-08-11 16:00:00,28.2,49,0.0,,44,9.3,22.2,1016.5,59,0,1
2025-08-11 17:00:00,27.3,52,0.0,,49,7.4,20.4,1016.4,60,0,1
2025-08-11 18:00:00,25.9,58,0.0,,51,7.4,18.5,1016.5,46,0,1
2025-08-11 19:00:00,24.5,61,0.0,,51,7.4,14.8,1017.1,28,1,1
2025-08-11 20:00:00,23.3,65,0.0,,51,9.3,14.8,1017.4,0,1,1
2025-08-11 21:00:00,22.5,68,0.0,,48,7.4,14.8,1017.6,0,0,1
2025-08-11 22:00:00,22.3,67,0.0,,46,9.3,22.2,1017.9,0,0,1
2025-08-11 23:00:00,21.4,71,0.0,,43,9.3,20.4,1017.9,0,1,1
2025-08-12 00:00:00,20.7,74,0.0,,40,9.3,16.7,1017.9,0,1,1
2025-08-12 01:00:00,20.0,78,0.0,,40,7.4,14.8,1018.0,0,1,1
2025-08-12 02:00:00,19.6,79,0.0,,40,7.4,14.8,1017.9,0,1,1
2025-08-12 03:00:00,19.1,82,0.0,,39,5.5,13.0,1018.0,0,1,1
2025-08-12 04:00:00,17.7,85,0.0,,52,3.7,7.4,1018.5,0,1,1
2025-08-12 05:00:00,18.3,84,0.0,,48,3.7,7.4,1018.3,15,1,1
2025-08-12 06:00:00,19.6,80,0.0,,52,3.7,7.4,1018.1,37,1,1
2025-08-12 07:00:00,21.2,73,0.0,,167,3.7,9.3,1017.9,56,1,1
2025-08-12 08:00:00,23.0,68,0.0,,199,3.7,9.3,1017.3,60,1,1
2025-08-12 09:00:00,25.1,62,0.0,,214,3.7,11.1,1016.8,60,1,1
2025-08-12 10:00:00,26.9,61,0.0,,217,5.5,11.1,1016.4,60,1,1
2025-08-12 11:00:00,28.5,52,0.0,,226,5.5,14.8,1015.7,60,0,1
2025-08-12 12:00:00,30.1,45,0.0,,229,7.4,16.7,1015.0,60,0,1
2025-08-12 13:00:00,31.4,40,0.0,,230,7.4,20.4,1014.4,60,0,1
2025-08-12 14:00:00,32.0,37,0.0,,230,9.3,22.2,1013.8,60,1,1
2025-08-12 15:00:00,32.6,35,0.0,,229,9.3,20.4,1013.0,60,1,1
2025-08-12 16:00:00,32.4,34,0.0,,227,9.3,22.2,1012.9,58,1,1
2025-08-12 17:00:00,31.4,37,0.0,,214,7.4,20.4,1013.0,54,1,1
2025-08-12 18:00:00,29.9,41,0.0,,199,7.4,14.8,1013.3,37,1,1
2025-08-12 19:00:00,28.2,45,0.0,,184,5.5,13.0,1014.0,21,2,1
2025-08-12 20:00:00,27.1,49,0.0,,161,3.7,9.3,1014.5,0,2,1
2025-08-12 21:00:00,25.9,52,0.0,,175,3.7,9.3,1015.0,0,1,1
2025-08-12 22:00:00,23.9,72,0.0,,178,1.8,5.5,1016.0,0,0,1
2025-08-12 23:00:00,23.6,70,0.0,,183,1.8,7.4,1015.9,0,0,1
2025-08-13 00:00:00,23.1,69,0.0,,158,1.8,5.5,1016.1,0,0,1
2025-08-13 01:00:00,22.5,71,0.0,,175,1.8,7.4,1016.2,0,1,1
2025-08-13 02:00:00,22.0,72,0.0,,164,1.8,7.4,1016.3,0,1,1
2025-08-13 03:00:00,21.3,74,0.0,,136,1.8,7.4,1016.3,0,1,1
2025-08-13 04:00:00,20.2,73,0.0,,139,1.8,5.5,1016.4,0,1,1
2025-08-13 05:00:00,20.3,74,0.0,,201,1.8,5.5,1016.7,15,1,1
2025-08-13 06:00:00,21.5,69,0.0,,192,1.8,5.5,1016.8,38,0,1
2025-08-13 07:00:00,23.1,62,0.0,,208,1.8,5.5,1016.8,53,0,1
2025-08-13 08:00:00,25.2,55,0.0,,216,3.7,7.4,1016.5,60,0,1
2025-08-13 09:00:00,27.3,50,0.0,,220,3.7,9.3,1016.1,60,0,1
2025-08-13 10:00:00,28.3,48,0.0,,207,7.4,13.0,1016.4,59,1,1
2025-08-13 11:00:00,30.0,40,0.0,,208,7.4,14.8,1015.8,60,1,1
2025-08-13 12:00:00,31.4,35,0.0,,205,7.4,14.8,1015.2,60,0,1
2025-08-13 13:00:00,32.5,31,0.0,,199,7.4,16.7,1014.6,57,1,1
2025-08-13 14:00:00,33.2,29,0.0,,180,7.4,16.7,1014.1,60,1,1
2025-08-13 15:00:00,33.5,28,0.0,,109,5.5,16.7,1013.4,60,1,1
2025-08-13 16:00:00,31.9,30,0.0,,91,5.5,11.1,1013.8,56,1,1
2025-08-13 17:00:00,30.8,33,0.0,,77,5.5,11.1,1013.9,55,1,1
2025-08-13 18:00:00,29.0,38,0.0,,69,5.5,11.1,1014.1,40,0,1
2025-08-13 19:00:00,27.3,43,0.0,,64,5.5,9.3,1014.6,25,1,1
2025-08-13 20:00:00,25.9,47,0.0,,56,5.5,11.1,1015.0,0,1,1
2025-08-13 21:00:00,24.9,50,0.0,,53,3.7,7.4,1015.5,0,1,1
2025-08-13 22:00:00,22.9,58,0.0,,59,1.8,9.3,1015.9,0,0,1
2025-08-13 23:00:00,22.4,61,0.0,,64,1.8,7.4,1016.1,0,0,1
2025-08-14 00:00:00,21.8,63,0.0,,55,1.8,7.4,1016.5,0,0,1
2025-08-14 01:00:00,21.3,66,0.0,,44,1.8,5.5,1016.7,0,1,1
2025-08-14 02:00:00,20.8,69,0.0,,49,1.8,7.4,1017.0,0,1,1
2025-08-14 03:00:00,20.3,73,0.0,,55,1.8,5.5,1017.2,0,2,1
2025-08-14 04:00:00,21.9,61,0.0,,266,5.5,18.5,1019.2,0,1,1
2025-08-14 05:00:00,21.5,65,0.0,,252,3.7,11.1,1018.9,15,1,1
2025-08-14 06:00:00,22.1,63,0.0,,234,3.7,9.3,1018.4,35,1,1
2025-08-14 07:00:00,23.2,60,0.0,,209,1.8,7.4,1017.8,50,2,1
2025-08-14 08:00:00,24.8,56,0.0,,204,3.7,9.3,1017.3,60,2,1
2025-08-14 09:00:00,26.5,52,0.0,,242,3.7,11.1,1016.8,60,3,1
2025-08-14 10:00:00,27.5,49,0.0,,260,5.5,13.0,1016.8,59,2,1
2025-08-14 11:00:00,29.0,44,0.0,,305,5.5,14.8,1016.1,60,2,1
2025-08-14 12:00:00,30.3,39,0.0,,348,5.5,14.8,1015.6,60,1,1
2025-08-14 13:00:00,31.2,36,0.0,,360,7.4,16.7,1015.2,57,2,1
2025-08-14 14:00:00,31.7,34,0.0,,9,5.5,16.7,1014.9,57,3,1
2025-08-14 15:00:00,31.7,34,0.0,,11,7.4,18.5,1014.7,53,3,2
2025-08-14 16:00:00,30.6,38,0.0,,23,7.4,18.5,1014.9,51,3,2
2025-08-14 17:00:00,29.2,42,0.0,,30,5.5,14.8,1015.1,40,3,2
2025-08-14 18:00:00,27.4,49,0.0,,37,5.5,13.0,1015.8,26,3,2
2025-08-14 19:00:00,25.8,54,0.0,,36,5.5,11.1,1016.8,13,4,2
2025-08-14 20:00:00,24.7,58,0.0,,31,3.7,11.1,1017.6,0,4,2
2025-08-14 21:00:00,23.9,60,0.0,,49,3.7,7.4,1018.2,0,3,2
2025-08-14 22:00:00,22.8,64,0.0,,23,1.8,7.4,1019.1,0,2,1
2025-08-14 23:00:00,22.2,67,0.0,,47,1.8,7.4,1019.3,0,1,1
2025-08-15 00:00:00,21.7,70,0.0,,72,1.8,7.4,1019.5,0,1,1
2025-08-15 01:00:00,21.2,74,0.0,,67,1.8,7.4,1019.6,0,2,1
2025-08-15 02:00:00,20.9,75,0.0,,75,1.8,5.5,1019.7,0,3,2
2025-08-15 03:00:00,20.4,78,0.0,,72,1.8,5.5,1019.9,0,2,2
2025-08-15 04:00:00,20.3,78,0.0,,101,1.8,7.4,1020.1,0,3,2
2025-08-15 05:00:00,20.4,79,0.0,,118,1.8,5.5,1020.3,14,3,2
2025-08-15 06:00:00,21.2,77,0.0,,188,1.8,3.7,1020.4,29,1,1
2025-08-15 07:00:00,22.5,71,0.0,,207,1.8,5.5,1020.4,46,1,1
2025-08-15 08:00:00,24.2,65,0.0,,213,3.7,7.4,1020.1,54,1,1
2025-08-15 09:00:00,26.1,58,0.0,,228,3.7,9.3,1019.7,56,1,1
2025-08-15 10:00:00,26.8,56,0.0,,246,5.5,13.0,1019.8,54,3,2
2025-08-15 11:00:00,28.2,49,0.0,,274,5.5,14.8,1019.3,55,2,1
2025-08-15 12:00:00,29.1,46,0.0,,316,5.5,14.8,1018.8,55,2,1
2025-08-15 13:00:00,29.6,43,0.2,,333,5.5,16.7,1018.4,53,3,1
2025-08-15 14:00:00,29.8,41,0.2,,342,5.5,18.5,1018.1,51,4,2
2025-08-15 15:00:00,29.2,43,0.0,,4,7.4,18.5,1017.9,46,4,2
2025-08-15 16:00:00,26.1,49,0.3,,330,11.1,24.1,1019.2,12,4,2
2025-08-15 17:00:00,25.1,55,0.0,,346,7.4,20.4,1019.4,12,5,2
2025-08-15 18:00:00,24.6,58,0.5,,9,5.5,14.8,1019.9,6,5,2
2025-08-15 19:00:00,23.9,63,0.0,,35,5.5,11.1,1020.3,6,5,2
2025-08-15 20:00:00,23.2,66,0.0,,44,3.7,13.0,1020.5,0,5,2
2025-08-15 21:00:00,22.7,67,0.0,,34,3.7,11.1,1020.8,0,4,2
2025-08-15 22:00:00,21.6,74,0.0,,59,1.8,5.5,1020.4,0,5,2
2025-08-15 23:00:00,21.3,77,0.0,,64,1.8,7.4,1020.4,0,4,2
2025-08-16 00:00:00,20.8,78,0.0,,58,3.7,7.4,1020.4,0,4,2
2025-08-16 01:00:00,20.5,81,0.0,,61,1.8,9.3,1020.2,0,3,2
2025-08-16 02:00:00,20.1,83,0.0,,64,3.7,11.1,1020.1,0,3,2
2025-08-16 03:00:00,19.8,84,0.0,,56,3.7,11.1,1020.2,0,3,2
2025-08-16 04:00:00,19.7,84,0.0,,77,3.7,7.4,1019.9,0,3,2
2025-08-16 05:00:00,19.7,85,0.0,,67,1.8,7.4,1020.1,10,3,2
2025-08-16 06:00:00,20.4,83,0.0,,82,1.8,7.4,1020.0,27,3,2
2025-08-16 07:00:00,21.3,80,0.0,,93,3.7,7.4,1019.8,44,3,2
2025-08-16 08:00:00,22.4,75,0.0,,46,3.7,9.3,1019.6,45,3,2
2025-08-16 09:00:00,23.2,71,0.0,,48,3.7,11.1,1019.3,38,3,2
2025-08-16 10:00:00,25.0,65,0.0,,61,5.5,14.8,1019.2,53,3,2
2025-08-16 11:00:00,25.7,61,0.0,,61,7.4,14.8,1018.9,50,3,2
2025-08-16 12:00:00,25.8,60,0.0,,59,5.5,16.7,1018.6,48,3,2
2025-08-16 13:00:00,26.1,58,0.0,,59,5.5,16.7,1018.4,45,3,2
2025-08-16 14:00:00,26.0,57,0.0,,45,5.5,16.7,1017.9,44,4,2
2025-08-16 15:00:00,25.4,60,0.1,,43,7.4,18.5,1017.6,41,5,2
2025-08-16 16:00:00,25.5,63,0.0,,350,7.4,16.7,1016.1,24,4,25
2025-08-16 17:00:00,23.4,72,0.0,,10,5.5,18.5,1017.0,18,5,25
2025-08-16 18:00:00,21.5,82,1.2,,60,5.5,16.7,1018.2,11,6,25
2025-08-16 19:00:00,20.4,85,0.1,,70,3.7,14.8,1019.1,6,6,25
2025-08-16 20:00:00,19.6,87,0.5,,61,3.7,14.8,1019.5,0,5,25
2025-08-16 21:00:00,19.4,87,0.2,,47,3.7,13.0,1019.8,0,5,2
2025-08-16 22:00:00,21.2,78,0.1,,57,3.7,11.1,1018.5,0,5,2
2025-08-16 23:00:00,20.2,82,0.0,,47,3.7,11.1,1018.9,0,5,2
2025-08-17 00:00:00,19.3,86,0.0,,34,3.7,9.3,1019.0,0,4,2
2025-08-17 01:00:00,18.6,88,0.0,,24,3.7,9.3,1018.9,0,4,2
2025-08-17 02:00:00,18.2,88,0.0,,23,3.7,9.3,1018.6,0,4,2
2025-08-17 03:00:00,17.7,90,0.0,,28,3.7,11.1,1018.5,0,5,2
2025-08-17 04:00:00,17.3,83,0.0,,17,5.5,14.8,1018.4,0,5,2
2025-08-17 05:00:00,17.4,83,0.0,,24,5.5,13.0,1018.3,4,6,2
2025-08-17 06:00:00,17.9,82,0.0,,26,5.5,13.0,1018.4,13,6,2
2025-08-17 07:00:00,18.6,79,0.0,,27,5.5,14.8,1018.3,24,6,2
2025-08-17 08:00:00,19.5,75,0.0,,26,7.4,14.8,1018.2,30,5,2
2025-08-17 09:00:00,20.5,72,0.0,,31,7.4,16.7,1017.9,29,4,2
2025-08-17 10:00:00,21.5,68,0.0,,48,5.5,16.7,1017.5,39,5,2
2025-08-17 11:00:00,22.3,63,0.0,,39,5.5,18.5,1017.2,40,4,2
2025-08-17 12:00:00,23.1,59,0.0,,34,7.4,18.5,1016.8,40,4,2
2025-08-17 13:00:00,23.9,55,0.0,,32,7.4,18.5,1016.4,43,4,2
2025-08-17 14:00:00,24.2,53,0.0,,37,7.4,18.5,1015.9,44,3,2
2025-08-17 15:00:00,24.5,50,0.0,,36,7.4,18.5,1015.7,46,3,2
2025-08-17 16:00:00,24.3,51,0.0,,38,7.4,16.7,1015.6,46,3,2
2025-08-17 17:00:00,23.5,53,0.0,,50,5.5,14.8,1015.8,43,2,2
2025-08-17 18:00:00,22.3,57,0.0,,52,5.5,14.8,1016.1,31,2,2
2025-08-17 19:00:00,21.2,61,0.0,,51,5.5,13.0,1016.6,16,3,2
2025-08-17 20:00:00,20.0,65,0.0,,49,5.5,13.0,1017.0,0,3,2
2025-08-17 21:00:00,19.1,69,0.0,,51,7.4,13.0,1017.3,0,2,1
2025-08-17 22:00:00,18.4,72,0.0,,50,7.4,14.8,1017.2,0,2,1
2025-08-17 23:00:00,18.0,72,0.0,,45,9.3,16.7,1017.5,0,2,1
2025-08-18 00:00:00,17.3,73,0.0,,42,9.3,18.5,1017.5,0,2,1
2025-08-18 01:00:00,16.7,75,0.0,,40,9.3,18.5,1017.5,0,2,1
2025-08-18 02:00:00,16.0,78,0.0,,40,9.3,18.5,1017.4,0,2,1
2025-08-18 03:00:00,15.5,78,0.0,,40,7.4,16.7,1017.5,0,3,1
2025-08-18 04:00:00,15.3,85,0.0,,38,7.4,18.5,1017.1,0,2,2
2025-08-18 05:00:00,15.4,84,0.0,,38,7.4,18.5,1017.3,13,2,1
2025-08-18 06:00:00,16.1,80,0.0,,40,7.4,18.5,1017.2,34,2,1
2025-08-18 07:00:00,17.2,75,0.0,,42,7.4,18.5,1017.1,52,2,1
2025-08-18 08:00:00,18.7,70,0.0,,41,7.4,18.5,1016.8,58,2,1
2025-08-18 09:00:00,20.2,65,0.0,,41,7.4,20.4,1016.5,60,2,1
2025-08-18 10:00:00,21.2,64,0.0,,37,7.4,20.4,1016.0,60,2,1
2025-08-18 11:00:00,22.7,58,0.0,,36,9.3,22.2,1015.4,60,2,1
2025-08-18 12:00:00,24.0,52,0.0,,37,9.3,22.2,1014.8,60,1,1
2025-08-18 13:00:00,24.9,48,0.0,,38,9.3,22.2,1014.4,60,1,1
2025-08-18 14:00:00,25.4,46,0.0,,40,9.3,24.1,1013.8,60,1,1
2025-08-18 15:00:00,25.6,44,0.0,,45,9.3,22.2,1013.6,60,1,1
2025-08-18 16:00:00,25.6,44,0.0,,34,7.4,20.4,1013.5,59,1,1
2025-08-18 17:00:00,24.5,47,0.0,,42,7.4,18.5,1013.6,60,1,1
2025-08-18 18:00:00,23.2,51,0.0,,46,7.4,14.8,1014.0,46,0,1
2025-08-18 19:00:00,21.8,56,0.0,,48,7.4,14.8,1014.5,26,1,1
2025-08-18 20:00:00,20.6,60,0.0,,48,7.4,13.0,1014.9,0,1,1
2025-08-18 21:00:00,19.7,64,0.0,,47,7.4,13.0,1015.1,0,0,1
2025-08-18 22:00:00,19.4,63,0.0,,55,7.4,16.7,1014.9,0,0,1
2025-08-18 23:00:00,18.5,68,0.0,,51,7.4,14.8,1015.0,0,0,1
2025-08-19 00:00:00,17.8,71,0.0,,42,5.5,13.0,1014.9,0,1,1
2025-08-19 01:00:00,17.2,74,0.0,,43,5.5,11.1,1015.0,0,1,1
2025-08-19 02:00:00,16.9,76,0.0,,43,5.5,11.1,1014.8,0,2,1
2025-08-19 03:00:00,16.6,78,0.0,,43,3.7,9.3,1014.8,0,2,1
2025-08-19 04:00:00,15.9,80,0.0,,40,3.7,5.5,1015.1,0,3,2
2025-08-19 05:00:00,16.2,80,0.0,,37,3.7,7.4,1015.0,9,3,2
2025-08-19 06:00:00,17.2,78,0.0,,47,3.7,9.3,1014.8,27,4,1
2025-08-19 07:00:00,18.5,73,0.0,,56,3.7,9.3,1014.4,46,4,1
2025-08-19 08:00:00,20.1,68,0.0,,203,3.7,9.3,1013.9,54,3,2
2025-08-19 09:00:00,21.8,63,0.0,,222,3.7,9.3,1013.3,56,3,2
2025-08-19 10:00:00,23.5,58,0.0,,226,5.5,13.0,1012.5,60,3,2
2025-08-19 11:00:00,25.2,51,0.0,,230,5.5,14.8,1011.8,59,3,1
2025-08-19 12:00:00,26.5,45,0.0,,248,7.4,16.7,1010.9,58,2,1
2025-08-19 13:00:00,27.3,41,0.0,,253,7.4,18.5,1010.1,57,2,1
2025-08-19 14:00:00,27.8,39,0.0,,256,7.4,20.4,1009.5,55,3,1
2025-08-19 15:00:00,27.7,38,0.0,,261,7.4,20.4,1009.0,51,4,2
2025-08-19 16:00:00,27.3,38,0.0,,255,9.3,22.2,1009.1,54,4,2
2025-08-19 17:00:00,25.7,43,0.0,,253,9.3,20.4,1009.4,38,4,2
2025-08-19 18:00:00,24.3,47,0.0,,248,7.4,20.4,1010.1,21,5,2
2025-08-19 19:00:00,23.2,52,0.0,,241,7.4,20.4,1010.5,5,6,2
2025-08-19 20:00:00,22.0,58,0.0,,221,7.4,18.5,1011.1,0,6,2
2025-08-19 21:00:00,21.1,63,0.0,,223,7.4,20.4,1011.5,0,7,3
2025-08-19 22:00:00,22.2,58,0.0,,225,7.4,18.5,1011.5,0,4,1
2025-08-19 23:00:00,21.0,64,0.0,,231,7.4,18.5,1011.5,0,5,4
2025-08-20 00:00:00,20.1,68,0.0,,235,7.4,20.4,1011.7,0,7,7
2025-08-20 01:00:00,19.3,72,0.0,,237,7.4,20.4,1011.4,0,8,7
2025-08-20 02:00:00,18.8,75,0.0,,235,7.4,18.5,1011.1,0,8,7
2025-08-20 03:00:00,18.3,79,0.0,,227,5.5,16.7,1010.9,0,8,7
2025-08-20 04:00:00,17.9,81,0.4,,230,5.5,14.8,1010.6,0,8,7
2025-08-20 05:00:00,17.8,83,0.9,,229,5.5,13.0,1010.6,0,8,7
2025-08-20 06:00:00,17.8,84,0.7,,240,3.7,13.0,1010.5,0,8,7
2025-08-20 07:00:00,17.8,85,0.6,,248,3.7,11.1,1010.5,3,8,7
2025-08-20 08:00:00,18.0,85,0.5,,245,3.7,11.1,1010.4,2,8,7
2025-08-20 09:00:00,18.3,84,0.5,,277,3.7,11.1,1010.4,1,8,7
2025-08-20 10:00:00,18.9,82,0.5,,15,5.5,11.1,1009.9,4,8,7
2025-08-20 11:00:00,19.6,79,0.3,,42,5.5,13.0,1009.4,10,7,7
2025-08-20 12:00:00,20.2,76,0.1,,45,5.5,13.0,1008.9,13,7,8
2025-08-20 13:00:00,20.7,74,0.0,,39,5.5,14.8,1008.4,12,7,8
2025-08-20 14:00:00,20.4,74,0.0,,52,5.5,14.8,1007.9,9,8,8
2025-08-20 15:00:00,20.2,76,0.0,,45,5.5,16.7,1007.9,6,8,8
2025-08-20 16:00:00,19.9,77,0.0,,27,9.3,22.2,1007.3,3,8,8
2025-08-20 17:00:00,18.6,83,2.4,,35,9.3,22.2,1007.7,1,8,8
2025-08-20 18:00:00,17.5,88,0.4,,45,7.4,18.5,1008.6,0,8,8
2025-08-20 19:00:00,16.9,92,0.6,,234,7.4,16.7,1009.0,0,8,9
2025-08-20 20:00:00,16.5,94,0.4,,253,5.5,16.7,1009.2,0,8,9
2025-08-20 21:00:00,16.3,94,0.3,,242,5.5,13.0,1009.3,0,8,25
2025-08-20 22:00:00,16.0,98,0.4,,225,5.5,14.8,1009.4,0,8,9
2025-08-20 23:00:00,15.7,99,0.5,,226,5.5,13.0,1009.0,0,8,9
2025-08-21 00:00:00,15.5,98,0.7,,246,5.5,11.1,1008.8,0,8,9
2025-08-21 01:00:00,15.4,98,1.3,,246,5.5,13.0,1008.3,0,8,9
2025-08-21 02:00:00,15.4,96,3.6,,246,5.5,13.0,1008.0,0,8,8
2025-08-21 03:00:00,15.1,98,4.1,,238,5.5,13.0,1007.6,0,8,8
2025-08-21 04:00:00,15.2,98,1.5,,235,7.4,18.5,1007.7,0,8,9
2025-08-21 05:00:00,15.0,98,4.3,,241,7.4,16.7,1007.9,0,8,9
2025-08-21 06:00:00,15.2,96,2.7,,239,7.4,16.7,1007.9,1,8,8
2025-08-21 07:00:00,15.2,96,1.5,,235,7.4,16.7,1008.0,5,8,8
2025-08-21 08:00:00,15.5,94,0.5,,236,7.4,18.5,1008.1,0,8,8
2025-08-21 09:00:00,15.7,94,1.9,,238,9.3,20.4,1008.4,0,8,8
2025-08-21 10:00:00,16.8,91,1.7,,253,9.3,18.5,1008.5,0,8,8
2025-08-21 11:00:00,16.5,92,1.1,,243,9.3,22.2,1008.9,0,8,9
2025-08-21 12:00:00,16.5,93,0.8,,240,11.1,22.2,1009.0,0,8,9
2025-08-21 13:00:00,16.3,94,1.8,,239,9.3,22.2,1009.3,0,8,9
2025-08-21 14:00:00,15.9,98,1.4,,233,9.3,22.2,1009.4,0,8,9
2025-08-21 15:00:00,15.7,99,2.0,,239,9.3,20.4,1009.9,0,8,9
2025-08-21 16:00:00,14.9,100,1.7,,260,9.3,24.1,1010.9,0,8,9
2025-08-21 17:00:00,14.9,100,1.9,,250,9.3,24.1,1011.2,0,8,9
2025-08-21 18:00:00,14.4,100,2.1,,245,9.3,20.4,1011.9,0,8,9
2025-08-21 19:00:00,14.4,100,2.4,,242,9.3,20.4,1012.7,0,8,9
2025-08-21 20:00:00,14.4,100,1.2,,235,7.4,22.2,1012.9,0,8,9
2025-08-21 21:00:00,14.3,100,1.3,,230,7.4,20.4,1013.5,0,8,9
2025-08-21 22:00:00,15.1,96,0.7,,227,7.4,11.1,1013.7,0,7,9
2025-08-21 23:00:00,15.0,94,0.2,,226,5.5,11.1,1013.6,0,7,8
2025-08-22 00:00:00,14.9,94,0.0,,237,5.5,11.1,1013.8,0,6,8
2025-08-22 01:00:00,14.8,95,0.0,,246,5.5,11.1,1014.0,0,6,7
2025-08-22 02:00:00,14.9,94,0.0,,256,3.7,9.3,1014.1,0,6,7
2025-08-22 03:00:00,14.8,94,0.0,,267,3.7,9.3,1014.4,0,6,4
2025-08-22 04:00:00,15.5,93,0.0,,279,3.7,9.3,1014.9,0,6,3
2025-08-22 05:00:00,15.3,93,0.0,,305,3.7,9.3,1015.3,1,6,3
2025-08-22 06:00:00,15.6,91,0.0,,317,3.7,7.4,1015.5,8,7,2
2025-08-22 07:00:00,16.0,88,0.1,,303,3.7,9.3,1015.7,16,6,2
2025-08-22 08:00:00,16.7,83,0.0,,293,3.7,9.3,1016.1,21,6,2
2025-08-22 09:00:00,17.3,79,0.0,,301,3.7,11.1,1016.1,22,5,3
2025-08-22 10:00:00,17.5,82,0.0,,308,5.5,13.0,1016.5,13,5,2
2025-08-22 11:00:00,18.6,72,0.3,,291,5.5,14.8,1016.2,22,5,2
2025-08-22 12:00:00,19.4,67,0.3,,291,5.5,16.7,1016.0,27,5,2
2025-08-22 13:00:00,20.1,61,0.1,,301,7.4,16.7,1015.7,30,4,2
2025-08-22 14:00:00,20.4,59,0.1,,300,7.4,18.5,1015.5,32,4,2
2025-08-22 15:00:00,20.5,57,0.0,,302,7.4,18.5,1015.4,34,4,2
2025-08-22 16:00:00,21.5,53,0.0,,281,7.4,18.5,1014.7,42,4,2
2025-08-22 17:00:00,20.3,57,0.3,,298,7.4,18.5,1015.2,32,4,2
2025-08-22 18:00:00,19.2,61,0.0,,318,5.5,16.7,1015.7,15,4,2
2025-08-22 19:00:00,18.3,62,0.0,,333,5.5,14.8,1016.5,3,5,2
2025-08-22 20:00:00,17.5,66,0.0,,346,5.5,13.0,1017.1,0,5,2
2025-08-22 21:00:00,16.9,67,0.0,,357,5.5,13.0,1017.4,0,5,2
2025-08-22 22:00:00,16.4,70,0.0,,11,5.5,11.1,1017.5,0,5,2
2025-08-22 23:00:00,15.9,74,0.0,,14,3.7,9.3,1017.6,0,5,2
2025-08-23 00:00:00,15.4,76,0.0,,17,3.7,9.3,1017.6,0,5,3
2025-08-23 01:00:00,14.9,78,0.0,,22,3.7,9.3,1017.6,0,6,3
2025-08-23 02:00:00,14.4,79,0.0,,24,3.7,9.3,1017.7,0,5,3
2025-08-23 03:00:00,14.0,79,0.0,,18,3.7,9.3,1017.8,0,5,3
2025-08-23 04:00:00,13.6,77,0.0,,18,5.5,16.7,1017.6,0,5,2
2025-08-23 05:00:00,13.7,77,0.0,,14,5.5,13.0,1017.8,1,6,2
2025-08-23 06:00:00,14.0,76,0.0,,12,5.5,13.0,1018.0,3,6,2
2025-08-23 07:00:00,14.5,74,0.0,,360,5.5,13.0,1018.2,10,6,2
2025-08-23 08:00:00,15.1,72,0.0,,349,5.5,13.0,1018.4,14,6,2
2025-08-23 09:00:00,15.8,67,0.0,,342,5.5,14.8,1018.4,18,6,3
2025-08-23 10:00:00,16.8,59,0.0,,321,5.5,13.0,1018.4,20,6,3
2025-08-23 11:00:00,17.6,56,0.0,,322,5.5,14.8,1018.2,24,6,2
2025-08-23 12:00:00,18.3,53,0.0,,309,5.5,16.7,1018.1,26,6,2
2025-08-23 13:00:00,18.8,51,0.0,,308,5.5,18.5,1017.8,28,6,2
2025-08-23 14:00:00,19.1,50,0.0,,304,7.4,18.5,1017.5,29,6,2
2025-08-23 15:00:00,18.8,50,0.0,,305,7.4,18.5,1017.4,31,6,2
2025-08-23 16:00:00,19.1,49,0.0,,299,7.4,18.5,1017.2,37,5,2
2025-08-23 17:00:00,18.1,52,0.0,,318,5.5,14.8,1017.4,26,5,2
2025-08-23 18:00:00,17.2,57,0.0,,334,5.5,13.0,1017.8,18,5,2
2025-08-23 19:00:00,16.2,61,0.0,,355,3.7,11.1,1018.4,6,5,2
2025-08-23 20:00:00,15.4,66,0.0,,14,5.5,11.1,1018.9,0,5,2
2025-08-23 21:00:00,14.7,69,0.0,,23,5.5,11.1,1019.2,0,4,2
2025-08-23 22:00:00,14.8,65,0.0,,18,5.5,11.1,1019.6,0,5,2
2025-08-23 23:00:00,14.1,69,0.0,,28,5.5,11.1,1019.5,0,4,2
2025-08-24 00:00:00,13.5,71,0.0,,30,5.5,13.0,1019.4,0,3,2
2025-08-24 01:00:00,13.0,74,0.0,,35,5.5,13.0,1019.2,0,4,2
2025-08-24 02:00:00,12.3,78,0.0,,36,5.5,11.1,1019.2,0,4,2
2025-08-24 03:00:00,11.8,81,0.0,,34,5.5,13.0,1019.2,0,3,2
2025-08-24 04:00:00,11.2,87,0.0,,27,3.7,7.4,1019.4,0,3,2
2025-08-24 05:00:00,11.6,86,0.0,,31,3.7,9.3,1019.4,8,3,2
2025-08-24 06:00:00,12.4,83,0.0,,33,3.7,9.3,1019.3,27,3,2
2025-08-24 07:00:00,13.6,77,0.0,,32,5.5,11.1,1019.2,45,3,2
2025-08-24 08:00:00,14.9,72,0.0,,35,5.5,13.0,1019.0,50,3,2
2025-08-24 09:00:00,16.2,66,0.0,,35,5.5,14.8,1018.6,49,3,2
2025-08-24 10:00:00,18.1,62,0.0,,26,5.5,18.5,1018.0,56,4,2
2025-08-24 11:00:00,18.9,56,0.0,,21,5.5,18.5,1017.8,49,3,2
2025-08-24 12:00:00,19.6,52,0.0,,21,7.4,18.5,1017.4,44,3,2
2025-08-24 13:00:00,20.1,50,0.0,,22,7.4,18.5,1017.4,45,3,2
2025-08-24 14:00:00,20.4,48,0.0,,22,7.4,18.5,1017.1,46,3,2
2025-08-24 15:00:00,20.6,46,0.0,,22,5.5,18.5,1017.0,48,3,2
2025-08-24 16:00:00,20.6,48,0.0,,20,5.5,14.8,1016.7,40,2,2
2025-08-24 17:00:00,19.6,51,0.0,,28,5.5,13.0,1016.7,44,2,1
2025-08-24 18:00:00,18.2,55,0.0,,26,3.7,11.1,1017.2,36,1,1
2025-08-24 19:00:00,16.7,63,0.0,,35,5.5,11.1,1018.0,18,2,1
2025-08-24 20:00:00,15.9,67,0.0,,39,5.5,11.1,1018.4,0,1,1
2025-08-24 21:00:00,14.9,72,0.0,,36,5.5,9.3,1018.7,0,1,1
2025-08-24 22:00:00,13.9,76,0.0,,36,7.4,14.8,1019.1,0,1,1
2025-08-24 23:00:00,13.3,79,0.0,,37,5.5,13.0,1019.1,0,1,1
2025-08-25 00:00:00,12.9,80,0.0,,37,5.5,11.1,1019.1,0,1,1
2025-08-25 01:00:00,12.3,84,0.0,,41,5.5,9.3,1019.2,0,1,1
2025-08-25 02:00:00,12.0,86,0.0,,43,5.5,9.3,1019.3,0,1,1
2025-08-25 03:00:00,11.6,88,0.0,,46,5.5,9.3,1019.5,0,1,1
2025-08-25 04:00:00,11.0,88,0.0,,42,5.5,11.1,1020.0,0,1,1
2025-08-25 05:00:00,11.3,88,0.0,,49,5.5,11.1,1020.0,12,2,1
2025-08-25 06:00:00,12.4,84,0.0,,50,5.5,11.1,1019.9,33,2,1
2025-08-25 07:00:00,13.9,78,0.0,,49,3.7,11.1,1019.4,53,2,1
2025-08-25 08:00:00,15.4,74,0.0,,47,5.5,11.1,1019.0,59,3,1
2025-08-25 09:00:00,17.2,67,0.0,,46,5.5,13.0,1018.5,60,3,1
2025-08-25 10:00:00,19.0,61,0.0,,37,5.5,14.8,1018.0,60,3,1
2025-08-25 11:00:00,20.5,56,0.0,,27,5.5,14.8,1017.4,60,2,1
2025-08-25 12:00:00,21.6,51,0.0,,267,5.5,16.7,1016.7,59,2,1
2025-08-25 13:00:00,22.4,49,0.0,,264,5.5,16.7,1016.1,60,2,1
2025-08-25 14:00:00,23.1,45,0.0,,255,5.5,16.7,1015.4,59,2,1
2025-08-25 15:00:00,23.5,43,0.0,,249,5.5,16.7,1015.0,60,2,2
2025-08-25 16:00:00,24.0,43,0.0,,260,5.5,16.7,1014.2,56,2,2
2025-08-25 17:00:00,22.6,48,0.0,,275,3.7,13.0,1014.2,49,2,2
2025-08-25 18:00:00,21.0,56,0.0,,351,5.5,11.1,1014.6,34,2,1
2025-08-25 19:00:00,19.5,62,0.0,,28,3.7,11.1,1015.0,17,2,1
2025-08-25 20:00:00,18.4,67,0.0,,29,3.7,9.3,1015.3,0,2,2
2025-08-25 21:00:00,17.7,70,0.0,,24,3.7,7.4,1015.5,0,2,1
2025-08-25 22:00:00,16.4,75,0.0,,59,1.8,1.8,1015.9,0,1,1
2025-08-25 23:00:00,16.1,77,0.0,,73,1.8,3.7,1015.7,0,1,1
2025-08-26 00:00:00,15.8,80,0.0,,100,1.8,3.7,1015.6,0,1,1
2025-08-26 01:00:00,15.5,81,0.0,,146,1.8,3.7,1015.6,0,2,1
2025-08-26 02:00:00,15.2,83,0.0,,149,1.8,3.7,1015.4,0,2,1
2025-08-26 03:00:00,14.9,84,0.0,,140,1.8,5.5,1015.3,0,2,1
2025-08-26 04:00:00,14.5,93,0.0,,96,1.8,5.5,1015.8,0,2,2
2025-08-26 05:00:00,14.8,90,0.0,,178,1.8,5.5,1015.8,10,2,1
2025-08-26 06:00:00,15.8,86,0.0,,186,1.8,5.5,1015.7,31,2,1
2025-08-26 07:00:00,17.2,78,0.0,,190,3.7,7.4,1015.3,49,2,1
2025-08-26 08:00:00,18.8,70,0.0,,199,3.7,9.3,1014.9,56,2,1
2025-08-26 09:00:00,20.8,62,0.0,,211,5.5,13.0,1014.3,58,2,1
2025-08-26 10:00:00,22.6,57,0.0,,206,5.5,13.0,1013.9,59,2,1
2025-08-26 11:00:00,24.1,49,0.0,,218,7.4,16.7,1013.1,59,2,1
2025-08-26 12:00:00,25.3,44,0.0,,226,9.3,20.4,1012.4,59,2,1
2025-08-26 13:00:00,26.3,40,0.0,,231,9.3,22.2,1011.7,56,3,1
2025-08-26 14:00:00,26.9,38,0.0,,234,9.3,24.1,1011.1,52,4,2
2025-08-26 15:00:00,26.9,37,0.0,,237,11.1,25.9,1010.6,48,5,2
2025-08-26 16:00:00,26.7,39,0.0,,210,7.4,18.5,1010.4,47,5,2
2025-08-26 17:00:00,25.2,45,0.0,,208,7.4,16.7,1010.6,29,5,2
2025-08-26 18:00:00,23.5,53,0.0,,198,7.4,16.7,1011.0,12,5,2
2025-08-26 19:00:00,22.2,58,0.0,,196,5.5,14.8,1011.4,4,6,2
2025-08-26 20:00:00,21.2,63,0.0,,217,5.5,14.8,1012.2,0,6,2
2025-08-26 21:00:00,20.2,68,0.0,,209,5.5,14.8,1012.9,0,7,3
2025-08-26 22:00:00,19.9,69,0.0,,261,5.5,16.7,1014.1,0,4,7
2025-08-26 23:00:00,19.3,72,0.1,,238,5.5,14.8,1014.1,0,5,7
2025-08-27 00:00:00,18.8,75,0.4,,228,5.5,14.8,1014.2,0,7,7
2025-08-27 01:00:00,18.3,78,0.1,,219,5.5,13.0,1014.2,0,8,7
2025-08-27 02:00:00,17.9,81,1.1,,214,5.5,13.0,1013.9,0,8,7
2025-08-27 03:00:00,17.6,83,0.9,,204,5.5,13.0,1013.9,0,8,7
2025-08-27 04:00:00,17.1,94,0.3,,121,5.5,9.3,1013.7,0,6,7
2025-08-27 05:00:00,17.1,94,0.0,,131,3.7,11.1,1013.5,3,6,3
2025-08-27 06:00:00,17.6,92,0.0,,162,3.7,11.1,1013.3,10,6,2
2025-08-27 07:00:00,18.4,87,0.0,,204,3.7,11.1,1013.1,22,6,2
2025-08-27 08:00:00,19.4,82,0.0,,220,5.5,11.1,1013.0,27,7,3
2025-08-27 09:00:00,20.2,78,0.0,,231,5.5,13.0,1012.7,26,7,3
2025-08-27 10:00:00,22.2,73,0.0,,217,3.7,9.3,1011.9,42,6,3
2025-08-27 11:00:00,22.8,69,0.0,,251,5.5,11.1,1011.4,37,6,2
2025-08-27 12:00:00,23.6,65,0.0,,245,5.5,13.0,1010.7,32,5,2
2025-08-27 13:00:00,24.1,62,0.0,,244,5.5,14.8,1010.1,31,6,2
2025-08-27 14:00:00,24.2,61,0.0,,234,5.5,14.8,1009.5,27,6,2
2025-08-27 15:00:00,23.8,63,0.0,,194,5.5,14.8,1009.2,20,7,3
2025-08-27 16:00:00,22.4,70,0.0,,209,7.4,24.1,1010.4,11,6,3
2025-08-27 17:00:00,21.6,76,0.0,,204,5.5,20.4,1010.0,6,6,2
2025-08-27 18:00:00,20.8,80,0.0,,143,5.5,16.7,1010.1,1,7,25
2025-08-27 19:00:00,20.0,84,0.0,,113,5.5,14.8,1010.0,0,7,25
2025-08-27 20:00:00,19.3,87,0.0,,98,5.5,14.8,1009.7,0,6,25
2025-08-27 21:00:00,19.0,88,0.0,,107,5.5,14.8,1009.5,0,6,25
2025-08-27 22:00:00,18.6,90,0.0,,76,5.5,13.0,1009.0,0,6,25
2025-08-27 23:00:00,18.3,90,0.0,,41,5.5,13.0,1008.7,0,7,7
2025-08-28 00:00:00,17.9,93,0.0,,39,5.5,13.0,1008.3,0,8,8
2025-08-28 01:00:00,17.6,93,0.0,,310,5.5,13.0,1008.0,0,8,8
2025-08-28 02:00:00,17.4,94,0.0,,254,5.5,13.0,1007.9,0,8,8
2025-08-28 03:00:00,17.3,94,0.0,,237,5.5,14.8,1007.8,0,8,9
2025-08-28 04:00:00,17.4,88,0.0,,161,3.7,16.7,1008.6,0,8,8
2025-08-28 05:00:00,17.3,89,0.0,,228,3.7,14.8,1008.6,0,8,9
2025-08-28 06:00:00,17.0,92,0.0,,235,5.5,14.8,1008.4,0,8,9
2025-08-28 07:00:00,16.8,95,0.0,,224,5.5,14.8,1008.3,0,8,9
2025-08-28 08:00:00,16.7,98,3.6,,211,5.5,14.8,1008.6,0,8,9
2025-08-28 09:00:00,16.4,99,3.1,,203,5.5,14.8,1008.7,0,8,9
2025-08-28 10:00:00,15.8,99,2.8,,189,5.5,14.8,1009.7,0,8,9
2025-08-28 11:00:00,15.8,100,1.6,,186,7.4,14.8,1009.6,0,8,9
2025-08-28 12:00:00,16.2,98,1.1,,176,7.4,14.8,1009.2,0,8,9
2025-08-28 13:00:00,16.4,100,1.1,,177,7.4,16.7,1008.7,0,8,9
2025-08-28 14:00:00,16.3,100,0.2,,173,5.5,14.8,1008.2,0,8,9
2025-08-28 15:00:00,16.1,100,0.0,,167,7.4,14.8,1007.7,2,8,9
2025-08-28 16:00:00,16.5,93,0.0,,202,5.5,11.1,1007.9,1,8,9
2025-08-28 17:00:00,16.0,99,0.5,,180,3.7,11.1,1007.8,0,8,9
2025-08-28 18:00:00,15.4,100,0.7,,178,5.5,11.1,1007.8,0,8,9
2025-08-28 19:00:00,15.3,100,1.5,,177,5.5,11.1,1007.9,0,8,9
2025-08-28 20:00:00,15.3,100,1.4,,187,5.5,13.0,1007.9,0,8,9
2025-08-28 21:00:00,14.8,100,2.3,,210,5.5,14.8,1008.0,0,8,9
2025-08-28 22:00:00,15.4,95,4.9,,257,3.7,7.4,1007.3,0,8,9
2025-08-28 23:00:00,14.8,96,4.6,,241,5.5,13.0,1007.7,0,8,9
2025-08-29 00:00:00,14.6,95,2.0,,234,5.5,16.7,1008.2,0,8,9
2025-08-29 01:00:00,14.2,97,2.3,,231,5.5,16.7,1008.7,0,8,9
2025-08-29 02:00:00,14.0,96,2.0,,231,5.5,16.7,1008.8,0,8,8
2025-08-29 03:00:00,13.7,96,0.5,,219,5.5,13.0,1008.9,0,7,7
2025-08-29 04:00:00,13.0,92,0.5,,205,7.4,20.4,1009.4,0,7,7
2025-08-29 05:00:00,13.1,91,0.0,,212,5.5,14.8,1009.2,2,6,7
2025-08-29 06:00:00,13.7,88,0.0,,203,5.5,14.8,1008.7,13,5,2
2025-08-29 07:00:00,14.4,84,0.0,,210,5.5,13.0,1007.9,22,5,2
2025-08-29 08:00:00,15.4,79,0.0,,220,5.5,13.0,1007.3,31,5,2
2025-08-29 09:00:00,16.5,72,0.0,,220,5.5,14.8,1006.4,31,5,2
2025-08-29 10:00:00,18.0,65,0.0,,202,5.5,14.8,1006.1,54,5,2
2025-08-29 11:00:00,18.8,61,0.0,,217,5.5,14.8,1005.5,46,5,2
2025-08-29 12:00:00,19.5,59,0.0,,220,7.4,18.5,1004.7,34,5,2
2025-08-29 13:00:00,19.7,57,0.0,,217,7.4,18.5,1004.4,30,6,2
2025-08-29 14:00:00,19.7,58,0.1,,208,9.3,20.4,1004.2,25,6,2
2025-08-29 15:00:00,19.1,60,0.0,,201,9.3,22.2,1004.3,17,7,3
2025-08-29 16:00:00,19.1,57,0.0,,190,7.4,18.5,1004.5,5,6,3
2025-08-29 17:00:00,18.0,62,0.0,,189,7.4,20.4,1005.2,6,7,2
2025-08-29 18:00:00,16.6,70,0.0,,188,7.4,20.4,1005.7,1,7,17
2025-08-29 19:00:00,16.1,73,0.0,,187,7.4,20.4,1006.2,0,7,7
2025-08-29 20:00:00,15.3,78,0.0,,190,5.5,18.5,1007.0,0,7,7
2025-08-29 21:00:00,14.9,80,0.0,,204,7.4,18.5,1007.3,0,7,7
2025-08-29 22:00:00,15.2,83,0.0,,204,5.5,24.1,1007.7,0,8,3
2025-08-29 23:00:00,14.7,83,0.0,,210,7.4,22.2,1007.9,0,7,3
2025-08-30 00:00:00,14.3,83,0.0,,214,9.3,24.1,1008.4,0,7,3
2025-08-30 01:00:00,14.0,85,0.0,,221,9.3,22.2,1008.6,0,8,4
2025-08-30 02:00:00,13.9,85,0.0,,226,9.3,24.1,1009.0,0,8,4
2025-08-30 03:00:00,13.7,86,0.0,,228,9.3,22.2,1009.4,0,8,4
2025-08-30 04:00:00,14.3,75,0.0,,227,9.3,27.8,1009.8,0,7,4
2025-08-30 05:00:00,14.0,78,0.0,,227,9.3,24.1,1010.1,0,7,7
2025-08-30 06:00:00,14.2,78,0.0,,226,9.3,24.1,1010.5,0,7,2
2025-08-30 07:00:00,14.6,77,0.0,,228,9.3,24.1,1011.2,5,7,2
2025-08-30 08:00:00,15.1,77,0.0,,230,11.1,24.1,1011.5,10,6,2
2025-08-30 09:00:00,15.8,74,0.0,,233,11.1,25.9,1011.7,15,5,3
2025-08-30 10:00:00,16.9,70,0.0,,237,13.0,27.8,1012.0,18,6,3
2025-08-30 11:00:00,17.6,67,0.0,,236,13.0,29.6,1012.0,23,6,2
2025-08-30 12:00:00,18.0,66,0.0,,237,13.0,29.6,1011.7,25,6,2
2025-08-30 13:00:00,18.4,64,0.0,,237,13.0,31.5,1012.0,24,5,2
2025-08-30 14:00:00,18.8,62,0.7,,238,13.0,31.5,1012.0,26,5,2
2025-08-30 15:00:00,18.8,62,0.0,,233,11.1,29.6,1012.2,27,5,2
2025-08-30 16:00:00,18.3,68,0.0,,242,9.3,24.1,1013.0,27,4,2
2025-08-30 17:00:00,17.6,70,0.0,,240,9.3,20.4,1013.0,28,4,2
2025-08-30 18:00:00,16.5,75,0.0,,242,7.4,14.8,1013.4,18,3,2
2025-08-30 19:00:00,15.7,78,0.0,,244,5.5,13.0,1014.2,9,3,2
2025-08-30 20:00:00,15.1,82,0.0,,214,3.7,9.3,1014.6,0,3,2
2025-08-30 21:00:00,14.5,85,0.0,,157,1.8,5.5,1015.1,0,2,2
2025-08-30 22:00:00,13.6,90,0.0,,124,1.8,3.7,1015.4,0,2,2
2025-08-30 23:00:00,13.2,91,0.0,,128,1.8,3.7,1015.3,0,3,2
2025-08-31 00:00:00,12.9,92,0.0,,141,1.8,3.7,1015.1,0,3,2
2025-08-31 01:00:00,12.5,95,0.0,,147,1.8,5.5,1015.0,0,3,2
2025-08-31 02:00:00,12.3,95,0.0,,146,1.8,5.5,1014.9,0,3,2
2025-08-31 03:00:00,12.0,96,0.0,,144,1.8,5.5,1014.9,0,3,2
2025-08-31 04:00:00,12.1,91,0.0,,144,3.7,7.4,1015.0,0,3,2
2025-08-31 05:00:00,12.3,91,0.0,,150,1.8,7.4,1014.9,9,3,2
2025-08-31 06:00:00,13.2,87,0.0,,165,1.8,7.4,1014.8,27,3,1
2025-08-31 07:00:00,14.4,81,0.0,,182,1.8,7.4,1014.4,43,3,1
2025-08-31 08:00:00,15.8,75,0.0,,199,3.7,7.4,1014.1,49,3,1
2025-08-31 09:00:00,17.5,68,0.0,,196,3.7,9.3,1013.4,51,3,2
2025-08-31 10:00:00,19.5,60,0.0,,192,5.5,9.3,1013.0,55,3,2
2025-08-31 11:00:00,20.9,55,0.0,,191,5.5,11.1,1012.2,58,3,1
2025-08-31 12:00:00,21.9,52,0.0,,82,5.5,13.0,1011.4,54,3,1
2025-08-31 13:00:00,22.6,51,0.0,,73,5.5,13.0,1010.8,53,3,1
2025-08-31 14:00:00,22.8,50,0.0,,59,5.5,14.8,1010.1,52,2,1
2025-08-31 15:00:00,22.8,49,0.0,,60,5.5,14.8,1009.6,52,2,2
2025-08-31 16:00:00,23.3,47,0.0,,87,3.7,11.1,1009.4,55,1,1
2025-08-31 17:00:00,21.7,54,0.0,,69,5.5,13.0,1009.4,49,2,1
2025-08-31 18:00:00,20.2,61,0.0,,64,5.5,13.0,1009.4,29,2,1
2025-08-31 19:00:00,19.0,66,0.0,,61,5.5,14.8,1009.5,7,3,1
2025-08-31 20:00:00,18.0,71,0.0,,65,5.5,13.0,1009.4,0,2,2
2025-08-31 21:00:00,17.4,74,0.0,,65,5.5,13.0,1009.5,0,3,1
2025-08-31 22:00:00,16.2,81,0.0,,87,3.7,9.3,1009.4,0,3,1
2025-08-31 23:00:00,16.0,82,0.0,,83,3.7,9.3,1009.2,0,4,2
2025-09-01 00:00:00,15.6,84,0.0,,53,3.7,9.3,1009.0,0,4,2
2025-09-01 01:00:00,15.3,87,0.0,,15,3.7,9.3,1008.8,0,4,2
2025-09-01 02:00:00,15.2,87,0.0,,297,3.7,9.3,1008.5,0,5,2
2025-09-01 03:00:00,15.1,89,0.0,,259,5.5,11.1,1008.4,0,7,3
2025-09-01 04:00:00,16.2,81,0.0,,238,5.5,18.5,1009.3,0,6,3
2025-09-01 05:00:00,16.0,83,0.0,,234,5.5,14.8,1009.3,0,7,7
2025-09-01 06:00:00,15.8,85,0.0,,238,5.5,14.8,1009.6,0,7,7
2025-09-01 07:00:00,15.8,85,0.0,,239,5.5,14.8,1010.3,0,8,7
2025-09-01 08:00:00,15.8,87,0.0,,236,5.5,14.8,1010.7,0,8,7
2025-09-01 09:00:00,16.0,86,0.0,,237,5.5,13.0,1011.0,0,8,7
2025-09-01 10:00:00,15.5,90,0.1,,229,5.5,14.8,1012.3,0,7,7
2025-09-01 11:00:00,15.8,89,0.0,,249,5.5,13.0,1011.9,0,8,8
2025-09-01 12:00:00,16.4,86,0.2,,282,5.5,13.0,1011.6,0,8,8
2025-09-01 13:00:00,16.6,86,0.0,,337,5.5,14.8,1011.3,0,8,8
2025-09-01 14:00:00,16.6,86,0.0,,2,5.5,13.0,1011.0,0,8,8
2025-09-01 15:00:00,16.2,88,0.0,,52,5.5,14.8,1010.9,0,8,8
2025-09-01 16:00:00,17.1,82,0.6,,65,5.5,13.0,1010.0,0,8,8
2025-09-01 17:00:00,15.9,89,0.7,,65,5.5,14.8,1010.6,0,8,8
2025-09-01 18:00:00,14.9,92,0.6,,212,5.5,16.7,1011.4,0,8,8
2025-09-01 19:00:00,14.4,95,1.8,,216,5.5,18.5,1012.2,0,8,8
2025-09-01 20:00:00,14.0,97,2.5,,214,5.5,14.8,1012.6,0,8,9
2025-09-01 21:00:00,13.5,98,2.1,,213,5.5,14.8,1013.1,0,8,9
2025-09-01 22:00:00,13.2,100,1.9,,208,3.7,13.0,1013.2,0,7,8
2025-09-01 23:00:00,13.1,100,1.5,,205,5.5,13.0,1013.3,0,7,8
2025-09-02 00:00:00,13.0,100,0.6,,214,5.5,13.0,1013.2,0,7,8
2025-09-02 01:00:00,13.0,100,0.3,,222,5.5,13.0,1013.1,0,7,8
2025-09-02 02:00:00,12.9,100,0.0,,225,5.5,11.1,1013.1,0,8,7
2025-09-02 03:00:00,12.8,99,0.0,,233,5.5,13.0,1013.1,0,8,7
2025-09-02 04:00:00,12.9,93,0.0,,224,5.5,16.7,1013.6,0,7,7
2025-09-02 05:00:00,13.0,92,0.0,,232,5.5,14.8,1013.8,0,7,7
2025-09-02 06:00:00,13.2,91,0.0,,233,5.5,14.8,1013.9,0,7,3
2025-09-02 07:00:00,13.5,89,0.0,,244,5.5,14.8,1014.0,0,7,3
2025-09-02 08:00:00,14.0,86,0.0,,249,5.5,14.8,1014.0,5,7,3
2025-09-02 09:00:00,14.4,83,0.0,,245,5.5,14.8,1013.9,9,7,3
2025-09-02 10:00:00,16.4,72,0.0,,239,9.3,22.2,1013.9,9,6,2
2025-09-02 11:00:00,17.0,69,0.0,,233,9.3,22.2,1013.5,18,6,2
2025-09-02 12:00:00,17.4,67,0.0,,228,9.3,22.2,1013.1,18,6,2
2025-09-02 13:00:00,17.9,65,0.0,,228,9.3,20.4,1012.8,22,5,2
2025-09-02 14:00:00,18.2,63,0.0,,222,9.3,22.2,1012.4,27,4,2
2025-09-02 15:00:00,18.4,61,0.0,,218,7.4,22.2,1012.1,31,3,2
2025-09-02 16:00:00,18.5,60,0.0,,205,5.5,14.8,1011.7,48,5,2
2025-09-02 17:00:00,17.4,65,0.0,,203,5.5,14.8,1012.2,33,4,2
2025-09-02 18:00:00,16.2,70,0.0,,203,5.5,11.1,1012.9,18,4,2
2025-09-02 19:00:00,15.2,75,0.0,,188,3.7,11.1,1013.8,0,4,2
2025-09-02 20:00:00,14.8,77,0.0,,197,3.7,9.3,1014.5,0,4,2
2025-09-02 21:00:00,14.3,80,0.0,,183,1.8,9.3,1014.8,0,4,2
2025-09-02 22:00:00,13.9,83,0.0,,164,3.7,11.1,1014.8,0,3,1
2025-09-02 23:00:00,13.8,85,0.0,,171,3.7,9.3,1014.8,0,4,1
2025-09-03 00:00:00,13.8,85,0.0,,179,3.7,9.3,1014.8,0,4,2
2025-09-03 01:00:00,13.7,85,0.0,,180,3.7,9.3,1014.9,0,5,2
2025-09-03 02:00:00,13.7,87,0.0,,184,3.7,9.3,1015.0,0,5,2
2025-09-03 03:00:00,13.4,88,0.0,,181,3.7,9.3,1015.3,0,5,3
2025-09-03 04:00:00,13.3,85,0.0,,169,3.7,9.3,1015.5,0,4,2
2025-09-03 05:00:00,13.4,85,0.0,,187,3.7,9.3,1015.6,2,5,2
2025-09-03 06:00:00,14.1,82,0.0,,191,3.7,11.1,1015.5,10,6,2
2025-09-03 07:00:00,15.0,78,0.0,,198,5.5,11.1,1015.3,19,6,2
2025-09-03 08:00:00,16.0,75,0.0,,204,5.5,13.0,1015.3,24,6,2
2025-09-03 09:00:00,17.2,70,0.0,,208,7.4,16.7,1015.1,28,6,3
2025-09-03 10:00:00,19.0,65,0.0,,205,7.4,16.7,1015.0,23,5,3
2025-09-03 11:00:00,20.2,60,0.0,,214,7.4,16.7,1014.3,34,5,2
2025-09-03 12:00:00,21.3,56,0.0,,213,7.4,18.5,1013.5,39,4,2
2025-09-03 13:00:00,22.1,54,0.0,,213,9.3,18.5,1013.1,44,4,2
2025-09-03 14:00:00,22.5,52,0.0,,208,7.4,18.5,1012.6,44,3,2
2025-09-03 15:00:00,22.9,50,0.0,,209,7.4,20.4,1012.1,48,3,2
2025-09-03 16:00:00,22.2,49,0.0,,168,5.5,13.0,1011.7,56,3,2
2025-09-03 17:00:00,20.8,57,0.0,,156,5.5,13.0,1012.0,48,2,1
2025-09-03 18:00:00,19.6,63,0.0,,136,5.5,11.1,1012.4,26,2,1
2025-09-03 19:00:00,18.5,70,0.0,,121,3.7,9.3,1012.9,0,3,1
2025-09-03 20:00:00,17.9,74,0.0,,109,3.7,9.3,1013.3,0,2,2
2025-09-03 21:00:00,17.4,76,0.0,,175,3.7,9.3,1013.8,0,3,2
2025-09-03 22:00:00,17.5,78,0.0,,182,3.7,11.1,1013.9,0,3,1
2025-09-03 23:00:00,17.3,79,0.0,,196,3.7,11.1,1014.5,0,3,1
2025-09-04 00:00:00,17.1,80,0.0,,203,5.5,11.1,1015.1,0,5,2
2025-09-04 01:00:00,17.0,80,0.0,,201,5.5,13.0,1015.4,0,5,2
2025-09-04 02:00:00,16.9,81,0.0,,203,5.5,14.8,1015.4,0,6,2
2025-09-04 03:00:00,16.8,82,0.0,,192,5.5,13.0,1015.6,0,6,3
2025-09-04 04:00:00,16.4,91,0.0,,192,1.8,13.0,1016.1,0,6,3
2025-09-04 05:00:00,16.3,91,0.0,,177,3.7,11.1,1016.0,1,6,3
2025-09-04 06:00:00,16.6,91,0.0,,210,3.7,11.1,1015.9,5,7,2
2025-09-04 07:00:00,17.2,88,0.0,,239,3.7,11.1,1015.5,10,7,2
2025-09-04 08:00:00,17.8,85,0.0,,254,5.5,13.0,1015.5,14,7,3
2025-09-04 09:00:00,18.6,82,0.0,,283,5.5,14.8,1015.3,16,7,3
2025-09-04 10:00:00,19.3,79,0.0,,306,5.5,14.8,1015.0,15,7,3
2025-09-04 11:00:00,19.7,77,0.0,,339,5.5,14.8,1014.8,16,7,7
2025-09-04 12:00:00,19.9,75,0.0,,297,5.5,16.7,1014.7,12,7,7
2025-09-04 13:00:00,19.9,75,0.0,,302,7.4,18.5,1014.4,8,7,8
2025-09-04 14:00:00,19.5,77,0.0,,297,7.4,18.5,1014.2,7,7,18
2025-09-04 15:00:00,19.3,77,0.2,,296,7.4,18.5,1014.0,2,8,25
2025-09-04 16:00:00,18.2,83,1.3,,281,7.4,18.5,1014.3,0,8,25
2025-09-04 17:00:00,17.4,86,0.0,,259,7.4,18.5,1015.0,0,8,25
2025-09-04 18:00:00,16.1,91,2.4,,253,5.5,18.5,1015.5,0,8,25
2025-09-04 19:00:00,15.5,96,0.4,,236,5.5,20.4,1016.3,0,8,25
2025-09-04 20:00:00,15.1,97,1.8,,222,7.4,18.5,1016.7,0,8,25
2025-09-04 21:00:00,14.7,99,1.8,,221,7.4,18.5,1017.2,0,8,9
2025-09-04 22:00:00,13.8,98,2.9,,184,5.5,16.7,1018.1,0,8,9
2025-09-04 23:00:00,13.8,97,2.3,,196,5.5,16.7,1018.2,0,8,8
2025-09-05 00:00:00,13.8,96,0.6,,205,5.5,14.8,1018.6,0,7,8
2025-09-05 01:00:00,13.7,97,0.2,,211,5.5,14.8,1018.6,0,7,8
2025-09-05 02:00:00,13.5,97,0.7,,222,5.5,14.8,1018.6,0,7,7
2025-09-05 03:00:00,13.2,97,0.3,,237,5.5,14.8,1018.7,0,7,7
2025-09-05 04:00:00,13.5,97,0.0,,265,5.5,11.1,1019.2,0,8,7
2025-09-05 05:00:00,13.2,97,0.0,,255,5.5,14.8,1019.9,0,8,7
2025-09-05 06:00:00,13.0,96,0.6,,241,5.5,16.7,1020.6,0,8,7
2025-09-05 07:00:00,12.8,97,1.0,,242,7.4,16.7,1021.5,0,8,7
2025-09-05 08:00:00,13.0,95,0.7,,235,7.4,16.7,1022.3,0,8,7
2025-09-05 09:00:00,13.1,92,0.2,,242,7.4,18.5,1023.0,0,8,7
2025-09-05 10:00:00,13.7,93,0.4,,197,5.5,13.0,1023.6,2,7,8
2025-09-05 11:00:00,14.0,87,0.5,,211,5.5,14.8,1023.7,9,6,7
2025-09-05 12:00:00,14.7,83,2.0,,216,5.5,14.8,1023.6,14,6,17
2025-09-05 13:00:00,15.4,78,1.6,,225,7.4,16.7,1023.6,21,5,18
2025-09-05 14:00:00,15.9,72,0.1,,224,7.4,18.5,1023.4,29,5,2
2025-09-05 15:00:00,16.2,69,0.0,,223,7.4,18.5,1023.3,34,4,2
2025-09-05 16:00:00,16.9,65,0.0,,202,5.5,18.5,1023.1,46,4,2
2025-09-05 17:00:00,16.0,70,0.0,,199,3.7,13.0,1023.4,39,4,2
2025-09-05 18:00:00,14.7,76,0.0,,119,3.7,9.3,1024.0,22,3,2
2025-09-05 19:00:00,13.7,81,0.0,,64,3.7,7.4,1024.7,0,2,2
2025-09-05 20:00:00,13.0,84,0.0,,62,3.7,7.4,1025.0,0,2,2
2025-09-05 21:00:00,12.3,87,0.0,,56,3.7,5.5,1025.1,0,2,2
2025-09-05 22:00:00,11.6,92,0.0,,88,1.8,5.5,1025.6,0,1,1
2025-09-05 23:00:00,11.2,94,0.0,,74,1.8,5.5,1025.4,0,1,1
2025-09-06 00:00:00,10.7,97,0.0,,63,1.8,5.5,1025.3,0,2,1
2025-09-06 01:00:00,10.4,97,0.0,,62,3.7,7.4,1025.1,0,2,2
2025-09-06 02:00:00,10.0,99,0.0,,56,3.7,9.3,1025.0,0,2,2
2025-09-06 03:00:00,9.7,99,0.0,,54,5.5,11.1,1024.8,0,2,2
2025-09-06 04:00:00,9.2,96,0.0,,48,7.4,14.8,1025.0,0,2,1
2025-09-06 05:00:00,9.5,95,0.0,,48,7.4,16.7,1024.7,6,2,1
2025-09-06 06:00:00,10.4,92,0.0,,45,7.4,14.8,1024.6,26,3,1
2025-09-06 07:00:00,11.6,86,0.0,,44,7.4,16.7,1024.1,42,3,1
2025-09-06 08:00:00,13.2,80,0.0,,41,7.4,16.7,1023.5,51,3,1
2025-09-06 09:00:00,14.7,74,0.0,,41,7.4,18.5,1022.9,58,3,1
2025-09-06 10:00:00,15.8,71,0.0,,45,7.4,16.7,1022.4,59,3,2
2025-09-06 11:00:00,17.3,64,0.0,,45,7.4,18.5,1021.5,60,3,2
2025-09-06 12:00:00,18.6,59,0.0,,48,9.3,20.4,1020.7,58,3,1
2025-09-06 13:00:00,19.6,54,0.0,,50,9.3,20.4,1020.3,56,3,1
2025-09-06 14:00:00,20.2,51,0.0,,50,9.3,20.4,1019.9,55,3,2
2025-09-06 15:00:00,20.5,51,0.0,,52,7.4,20.4,1019.5,55,4,2
2025-09-06 16:00:00,20.0,51,0.0,,56,7.4,20.4,1019.3,56,4,2
2025-09-06 17:00:00,18.5,59,0.0,,57,7.4,18.5,1019.6,45,3,2
2025-09-06 18:00:00,17.0,63,0.0,,55,7.4,16.7,1020.0,26,3,2
2025-09-06 19:00:00,15.8,68,0.0,,53,7.4,16.7,1020.2,0,3,2
2025-09-06 20:00:00,15.2,70,0.0,,54,9.3,16.7,1020.3,0,3,2
2025-09-06 21:00:00,14.5,73,0.0,,51,9.3,16.7,1020.3,0,3,2
2025-09-06 22:00:00,14.0,76,0.0,,53,7.4,14.8,1020.2,0,3,2
2025-09-06 23:00:00,13.6,78,0.0,,53,7.4,13.0,1020.1,0,3,2
2025-09-07 00:00:00,13.2,81,0.0,,51,5.5,13.0,1019.9,0,3,2
2025-09-07 01:00:00,12.6,85,0.0,,52,5.5,11.1,1019.8,0,3,2
2025-09-07 02:00:00,12.3,86,0.0,,53,5.5,9.3,1019.7,0,3,2
2025-09-07 03:00:00,11.9,89,0.0,,49,5.5,9.3,1019.6,0,3,2
2025-09-07 04:00:00,11.5,92,0.0,,56,3.7,9.3,1019.6,0,3,2
2025-09-07 05:00:00,11.6,91,0.0,,55,3.7,9.3,1019.6,0,4,2
2025-09-07 06:00:00,12.4,89,0.0,,62,3.7,7.4,1019.3,24,3,1
2025-09-07 07:00:00,13.8,83,0.0,,74,3.7,7.4,1019.0,44,3,1
2025-09-07 08:00:00,15.4,78,0.0,,101,3.7,9.3,1018.7,52,3,1
2025-09-07 09:00:00,17.4,71,0.0,,88,3.7,9.3,1018.2,53,4,1
2025-09-07 10:00:00,17.8,75,0.0,,168,3.7,11.1,1018.2,57,3,2
2025-09-07 11:00:00,19.6,66,0.0,,135,3.7,11.1,1017.2,59,3,1
2025-09-07 12:00:00,21.4,59,0.0,,74,5.5,13.0,1016.3,57,3,1
2025-09-07 13:00:00,22.7,54,0.0,,59,5.5,13.0,1015.6,55,3,1
2025-09-07 14:00:00,23.5,51,0.0,,40,5.5,13.0,1014.8,52,3,2
2025-09-07 15:00:00,23.8,50,0.0,,42,5.5,13.0,1014.3,51,4,2
2025-09-07 16:00:00,23.0,58,0.0,,36,7.4,14.8,1014.0,52,2,2
2025-09-07 17:00:00,21.5,65,0.0,,38,5.5,13.0,1014.2,43,2,1
2025-09-07 18:00:00,19.9,73,0.0,,42,5.5,11.1,1014.9,25,2,1
2025-09-07 19:00:00,18.4,78,0.0,,43,5.5,9.3,1015.3,0,3,1
2025-09-07 20:00:00,17.8,79,0.0,,35,5.5,7.4,1015.6,0,2,1
2025-09-07 21:00:00,17.3,80,0.0,,35,3.7,7.4,1016.1,0,2,1
2025-09-07 22:00:00,16.1,91,0.0,,70,1.8,3.7,1016.8,0,2,1
2025-09-07 23:00:00,15.9,90,0.0,,35,1.8,3.7,1016.8,0,2,1
2025-09-08 00:00:00,15.9,89,0.0,,73,1.8,3.7,1016.9,0,2,1
2025-09-08 01:00:00,15.6,90,0.0,,69,1.8,3.7,1016.7,0,3,1
2025-09-08 02:00:00,15.7,90,0.0,,118,1.8,5.5,1016.5,0,3,2
2025-09-08 03:00:00,15.5,91,0.0,,135,1.8,5.5,1016.4,0,4,2
2025-09-08 04:00:00,14.9,90,0.0,,137,1.8,7.4,1016.7,0,4,2
2025-09-08 05:00:00,15.1,90,0.0,,165,1.8,7.4,1016.7,0,5,2
2025-09-08 06:00:00,15.8,87,0.0,,206,3.7,7.4,1016.7,13,5,2
2025-09-08 07:00:00,16.6,85,0.0,,222,3.7,9.3,1016.7,20,5,2
2025-09-08 08:00:00,17.6,82,0.0,,237,5.5,11.1,1016.5,24,6,2
2025-09-08 09:00:00,18.5,80,0.0,,244,5.5,13.0,1016.4,22,7,4
2025-09-08 10:00:00,20.2,71,0.0,,249,5.5,11.1,1015.8,32,6,3
2025-09-08 11:00:00,20.9,69,0.0,,255,5.5,14.8,1015.7,25,6,2
2025-09-08 12:00:00,21.1,69,0.0,,270,5.5,14.8,1015.5,17,7,2
2025-09-08 13:00:00,21.1,69,0.0,,283,5.5,14.8,1015.6,13,7,2
2025-09-08 14:00:00,21.1,70,0.0,,306,5.5,14.8,1015.5,11,7,3
2025-09-08 15:00:00,20.7,72,0.0,,355,5.5,13.0,1015.4,9,8,3
2025-09-08 16:00:00,19.2,75,0.0,,13,3.7,11.1,1016.0,4,7,3
2025-09-08 17:00:00,18.3,83,0.0,,25,3.7,11.1,1016.0,1,7,3
2025-09-08 18:00:00,17.5,88,0.0,,33,5.5,11.1,1016.1,2,7,2
2025-09-08 19:00:00,16.9,92,0.0,,33,5.5,11.1,1016.0,0,6,2
2025-09-08 20:00:00,16.6,93,0.0,,30,5.5,11.1,1015.8,0,6,2
2025-09-08 21:00:00,16.5,94,0.0,,20,3.7,11.1,1015.5,0,6,2
2025-09-08 22:00:00,16.0,91,0.0,,28,5.5,14.8,1015.3,0,7,3
2025-09-08 23:00:00,15.6,93,0.0,,32,5.5,13.0,1015.0,0,7,3
2025-09-09 00:00:00,15.6,93,0.0,,23,5.5,11.1,1014.7,0,8,3
2025-09-09 01:00:00,15.4,96,0.0,,13,3.7,11.1,1014.3,0,7,3
2025-09-09 02:00:00,15.4,96,0.0,,347,3.7,11.1,1014.0,0,8,4
2025-09-09 03:00:00,15.4,96,0.0,,253,5.5,11.1,1013.9,0,8,7
2025-09-09 04:00:00,15.4,96,0.8,,249,5.5,9.3,1012.4,0,8,7
2025-09-09 05:00:00,15.3,94,1.2,,243,7.4,16.7,1013.2,0,8,7
2025-09-09 06:00:00,15.3,93,2.9,,235,9.3,22.2,1013.9,0,8,7
2025-09-09 07:00:00,15.4,92,1.1,,237,9.3,24.1,1014.4,0,8,7
2025-09-09 08:00:00,15.6,91,0.1,,237,11.1,24.1,1014.8,0,7,7
2025-09-09 09:00:00,16.0,87,0.0,,237,11.1,24.1,1015.0,0,7,7
2025-09-09 10:00:00,16.3,84,0.0,,243,13.0,29.6,1015.3,2,7,7
2025-09-09 11:00:00,16.8,80,0.0,,243,13.0,29.6,1015.0,7,7,3
2025-09-09 12:00:00,17.5,76,0.0,,245,11.1,25.9,1014.4,12,6,2
2025-09-09 13:00:00,18.1,73,0.0,,247,9.3,24.1,1014.1,16,6,2
2025-09-09 14:00:00,18.5,70,0.0,,245,9.3,22.2,1013.7,20,6,2
2025-09-09 15:00:00,18.7,69,0.0,,246,7.4,20.4,1013.6,22,5,2
2025-09-09 16:00:00,18.2,71,0.0,,253,7.4,20.4,1013.5,24,6,2
2025-09-09 17:00:00,17.4,74,0.0,,256,5.5,14.8,1013.6,19,6,2
2025-09-09 18:00:00,16.5,80,0.0,,262,5.5,13.0,1014.1,10,6,2
2025-09-09 19:00:00,15.8,83,0.0,,281,3.7,11.1,1014.4,0,6,2
2025-09-09 20:00:00,15.4,86,0.0,,350,3.7,9.3,1014.5,0,5,2
2025-09-09 21:00:00,15.1,87,0.0,,18,3.7,9.3,1014.6,0,6,2
2025-09-09 22:00:00,13.7,93,0.0,,35,3.7,7.4,1014.4,0,6,3
2025-09-09 23:00:00,13.6,93,0.0,,25,3.7,9.3,1014.2,0,6,3
2025-09-10 00:00:00,13.5,93,0.0,,41,3.7,9.3,1013.8,0,7,3
2025-09-10 01:00:00,13.3,94,0.0,,35,3.7,9.3,1013.3,0,7,3
2025-09-10 02:00:00,13.1,94,0.0,,39,5.5,11.1,1012.8,0,7,3
2025-09-10 03:00:00,13.1,95,0.0,,38,5.5,11.1,1012.5,0,7,3
2025-09-10 04:00:00,13.3,96,0.0,,17,3.7,9.3,1012.1,0,7,3
2025-09-10 05:00:00,13.3,96,0.8,,20,3.7,11.1,1012.1,0,7,3
2025-09-10 06:00:00,13.4,96,3.0,,25,3.7,11.1,1012.0,2,7,3
2025-09-10 07:00:00,13.8,94,0.5,,21,3.7,11.1,1011.7,7,8,3
2025-09-10 08:00:00,14.3,91,0.0,,357,3.7,11.1,1011.5,7,8,3
2025-09-10 09:00:00,15.1,87,0.0,,359,3.7,11.1,1011.2,8,8,4
2025-09-10 10:00:00,15.3,88,0.0,,50,5.5,16.7,1010.7,17,7,4
2025-09-10 11:00:00,15.8,85,0.0,,50,5.5,14.8,1010.1,17,7,3
2025-09-10 12:00:00,16.6,81,0.0,,56,5.5,14.8,1009.6,14,7,7
2025-09-10 13:00:00,17.2,77,0.0,,63,5.5,13.0,1008.9,16,7,7
2025-09-10 14:00:00,17.5,75,0.0,,71,5.5,13.0,1008.5,17,6,7
2025-09-10 15:00:00,17.5,75,0.0,,69,5.5,13.0,1008.2,17,6,7
2025-09-10 16:00:00,18.2,68,0.0,,127,3.7,9.3,1007.8,25,6,2
2025-09-10 17:00:00,17.1,74,0.5,,149,3.7,11.1,1008.1,21,6,2
2025-09-10 18:00:00,15.9,80,0.0,,196,3.7,11.1,1008.6,12,6,2
2025-09-10 19:00:00,15.3,84,0.4,,197,3.7,13.0,1009.3,0,6,2
2025-09-10 20:00:00,14.9,86,0.0,,197,3.7,9.3,1009.8,0,6,2
2025-09-10 21:00:00,14.6,87,0.0,,209,3.7,9.3,1010.2,0,6,2
2025-09-10 22:00:00,13.9,95,0.0,,169,1.8,5.5,1010.1,0,4,2
2025-09-10 23:00:00,13.7,94,0.0,,189,3.7,7.4,1010.1,0,4,2
2025-09-11 00:00:00,13.7,93,0.0,,197,3.7,9.3,1010.1,0,4,2
2025-09-11 01:00:00,13.7,93,0.0,,200,5.5,11.1,1010.3,0,5,2
2025-09-11 02:00:00,13.9,91,0.0,,206,5.5,13.0,1010.3,0,5,2
2025-09-11 03:00:00,14.0,90,0.0,,216,7.4,16.7,1010.5,0,5,3
2025-09-11 04:00:00,14.0,94,0.1,,213,7.4,18.5,1010.8,0,6,3
2025-09-11 05:00:00,14.0,93,0.5,,221,9.3,20.4,1011.4,0,6,2
2025-09-11 06:00:00,14.5,89,0.4,,225,11.1,22.2,1012.0,2,6,2
2025-09-11 07:00:00,14.8,86,0.3,,232,13.0,25.9,1012.7,3,6,2
2025-09-11 08:00:00,15.4,81,0.4,,237,14.8,31.5,1013.1,9,6,2
2025-09-11 09:00:00,16.0,75,0.0,,239,16.7,35.2,1013.7,13,5,3
2025-09-11 10:00:00,15.7,78,0.0,,250,13.0,33.3,1014.3,10,6,3
2025-09-11 11:00:00,16.4,72,0.0,,245,14.8,37.0,1014.2,13,6,2
2025-09-11 12:00:00,17.0,66,0.0,,246,16.7,38.9,1014.0,17,6,2
2025-09-11 13:00:00,17.4,64,0.0,,246,16.7,40.8,1014.2,20,6,2
2025-09-11 14:00:00,17.7,62,0.0,,246,16.7,40.8,1014.3,24,5,2
2025-09-11 15:00:00,17.8,60,0.0,,244,14.8,38.9,1014.4,25,5,2
2025-09-11 16:00:00,17.7,54,0.0,,237,18.5,40.8,1014.4,12,5,2
2025-09-11 17:00:00,17.0,59,0.0,,240,13.0,33.3,1015.1,15,5,2
2025-09-11 18:00:00,16.2,62,0.0,,243,11.1,25.9,1015.8,10,5,2
2025-09-11 19:00:00,15.3,67,0.0,,242,7.4,22.2,1016.4,0,4,2
2025-09-11 20:00:00,14.6,72,0.0,,238,5.5,16.7,1017.0,0,4,2
2025-09-11 21:00:00,14.1,75,0.0,,231,5.5,14.8,1017.3,0,4,2
2025-09-11 22:00:00,14.9,66,0.0,,225,7.4,22.2,1016.4,0,5,2
2025-09-11 23:00:00,14.3,68,0.0,,218,7.4,18.5,1016.6,0,4,2
2025-09-12 00:00:00,13.9,72,0.0,,213,7.4,16.7,1016.6,0,3,2
2025-09-12 01:00:00,13.6,74,0.0,,210,5.5,16.7,1016.9,0,4,2
2025-09-12 02:00:00,13.4,76,0.0,,209,5.5,16.7,1017.0,0,4,2
2025-09-12 03:00:00,13.2,79,0.0,,208,5.5,16.7,1017.3,0,5,2
2025-09-12 04:00:00,13.0,81,0.0,,212,5.5,14.8,1018.0,0,5,3
2025-09-12 05:00:00,13.0,81,0.0,,219,7.4,16.7,1018.6,0,5,3
2025-09-12 06:00:00,13.0,82,0.6,,222,7.4,16.7,1019.3,0,7,3
2025-09-12 07:00:00,13.3,82,0.9,,228,7.4,18.5,1020.1,0,7,2
2025-09-12 08:00:00,13.6,80,0.2,,237,7.4,20.4,1020.6,5,7,3
2025-09-12 09:00:00,14.0,77,0.1,,240,7.4,20.4,1021.0,8,6,3
2025-09-12 10:00:00,14.3,78,0.4,,228,7.4,18.5,1021.5,2,7,4
2025-09-12 11:00:00,14.9,74,0.0,,237,9.3,20.4,1021.2,7,7,2
2025-09-12 12:00:00,15.6,68,0.0,,239,9.3,22.2,1020.7,13,7,2
2025-09-12 13:00:00,16.0,66,0.0,,242,9.3,22.2,1020.7,16,7,2
2025-09-12 14:00:00,16.3,65,0.0,,242,9.3,20.4,1020.5,19,7,2
2025-09-12 15:00:00,16.4,63,0.0,,236,7.4,18.5,1020.3,20,7,3
2025-09-12 16:00:00,15.7,68,0.0,,199,3.7,11.1,1020.9,8,7,3
2025-09-12 17:00:00,15.0,73,0.0,,178,3.7,11.1,1021.1,7,7,2
2025-09-12 18:00:00,14.1,78,0.0,,80,3.7,9.3,1021.3,5,7,2
2025-09-12 19:00:00,13.4,80,0.0,,61,3.7,9.3,1021.7,0,6,2
2025-09-12 20:00:00,12.9,83,0.0,,65,3.7,9.3,1021.8,0,6,2
2025-09-12 21:00:00,12.3,85,0.0,,66,3.7,9.3,1021.9,0,5,2
2025-09-12 22:00:00,12.0,87,0.0,,114,3.7,9.3,1022.1,0,6,2
2025-09-12 23:00:00,11.8,88,0.0,,107,3.7,9.3,1021.9,0,5,2
2025-09-13 00:00:00,11.6,88,0.0,,96,3.7,7.4,1021.6,0,5,2
2025-09-13 01:00:00,11.4,90,0.0,,96,3.7,7.4,1021.4,0,6,2
2025-09-13 02:00:00,11.3,91,0.0,,93,3.7,7.4,1021.2,0,6,3
2025-09-13 03:00:00,11.3,91,0.0,,95,3.7,7.4,1021.1,0,7,3
2025-09-13 04:00:00,10.9,94,0.0,,119,1.8,5.5,1021.5,0,6,3
2025-09-13 05:00:00,10.9,94,0.0,,140,3.7,7.4,1021.5,0,6,2
2025-09-13 06:00:00,11.6,92,0.0,,152,3.7,7.4,1021.3,9,6,2
2025-09-13 07:00:00,12.5,88,0.0,,187,3.7,7.4,1020.8,18,6,2
2025-09-13 08:00:00,13.6,83,0.0,,214,3.7,9.3,1020.4,29,6,2
2025-09-13 09:00:00,14.7,76,0.0,,218,5.5,13.0,1019.9,37,6,2
2025-09-13 10:00:00,16.9,66,0.0,,250,7.4,14.8,1019.3,49,5,2
2025-09-13 11:00:00,17.7,61,0.0,,243,7.4,16.7,1018.7,40,6,2
2025-09-13 12:00:00,18.1,58,0.0,,240,9.3,20.4,1018.2,33,6,2
2025-09-13 13:00:00,18.3,57,0.0,,240,9.3,20.4,1017.9,27,6,2
2025-09-13 14:00:00,18.2,58,0.0,,236,9.3,22.2,1017.5,18,7,3
2025-09-13 15:00:00,17.6,61,0.0,,228,7.4,20.4,1017.4,12,8,4
2025-09-13 16:00:00,18.0,60,0.0,,208,5.5,13.0,1017.5,7,7,3
2025-09-13 17:00:00,16.8,67,0.0,,205,5.5,14.8,1017.5,6,7,3
2025-09-13 18:00:00,15.5,74,0.0,,197,3.7,13.0,1017.6,1,7,2
2025-09-13 19:00:00,15.0,76,0.0,,202,3.7,13.0,1017.8,0,7,7
2025-09-13 20:00:00,14.4,80,0.0,,209,5.5,13.0,1018.0,0,7,7
2025-09-13 21:00:00,13.8,83,0.0,,216,5.5,14.8,1018.1,0,7,7
2025-09-13 22:00:00,14.0,83,0.0,,215,3.7,13.0,1017.7,0,7,7
2025-09-13 23:00:00,13.7,85,0.6,,217,5.5,16.7,1017.9,0,7,7
2025-09-14 00:00:00,13.4,86,2.3,,220,7.4,20.4,1018.2,0,8,7
2025-09-14 01:00:00,13.2,88,2.7,,222,9.3,24.1,1018.2,0,8,8
2025-09-14 02:00:00,13.1,89,3.1,,223,11.1,27.8,1018.2,0,8,8
2025-09-14 03:00:00,12.8,90,3.4,,225,11.1,29.6,1018.2,0,8,8
2025-09-14 04:00:00,12.9,93,2.5,,223,14.8,33.3,1017.9,0,7,7
2025-09-14 05:00:00,12.8,92,0.7,,228,14.8,33.3,1018.3,0,7,7
2025-09-14 06:00:00,13.0,91,0.0,,230,14.8,33.3,1018.9,1,7,7
2025-09-14 07:00:00,13.3,89,0.0,,234,14.8,33.3,1019.2,4,7,7
2025-09-14 08:00:00,13.9,85,0.0,,236,14.8,33.3,1019.3,6,7,3
2025-09-14 09:00:00,14.7,80,0.0,,239,14.8,33.3,1019.5,11,7,3
2025-09-14 10:00:00,15.5,80,0.0,,244,14.8,38.9,1019.5,11,6,3
2025-09-14 11:00:00,16.5,73,0.1,,246,14.8,37.0,1018.9,21,6,2
2025-09-14 12:00:00,17.5,67,0.1,,246,14.8,35.2,1018.0,28,6,2
2025-09-14 13:00:00,18.2,64,0.0,,249,13.0,33.3,1017.6,31,6,2
2025-09-14 14:00:00,18.7,62,0.0,,247,13.0,31.5,1017.3,32,6,2
2025-09-14 15:00:00,18.9,62,0.0,,244,11.1,27.8,1017.1,31,6,3
2025-09-14 16:00:00,18.7,63,0.0,,246,9.3,24.1,1017.2,22,7,3
2025-09-14 17:00:00,18.0,68,0.0,,245,7.4,20.4,1017.3,17,7,2
2025-09-14 18:00:00,17.3,72,0.0,,242,7.4,16.7,1017.7,4,7,2
2025-09-14 19:00:00,16.9,76,0.0,,240,5.5,14.8,1018.2,0,6,2
2025-09-14 20:00:00,16.9,77,0.5,,227,5.5,16.7,1018.4,0,7,2
2025-09-14 21:00:00,16.8,79,0.0,,219,7.4,18.5,1018.5,0,6,3
2025-09-14 22:00:00,18.0,72,0.2,,229,11.1,37.0,1018.5,0,5,2
2025-09-14 23:00:00,17.8,74,0.0,,227,11.1,31.5,1018.5,0,5,2
2025-09-15 00:00:00,17.8,75,0.0,,226,11.1,29.6,1018.3,0,5,2
2025-09-15 01:00:00,17.7,75,0.0,,226,11.1,27.8,1018.1,0,5,3
2025-09-15 02:00:00,17.4,77,0.0,,225,11.1,27.8,1017.9,0,5,3
2025-09-15 03:00:00,17.3,77,0.0,,225,11.1,27.8,1017.9,0,5,3
2025-09-15 04:00:00,15.6,87,0.0,,206,9.3,20.4,1017.8,0,4,2
2025-09-15 05:00:00,15.8,86,0.0,,213,9.3,22.2,1017.8,0,4,2
2025-09-15 06:00:00,16.4,84,0.0,,218,11.1,24.1,1017.9,12,4,2
2025-09-15 07:00:00,17.2,80,0.0,,223,13.0,27.8,1017.8,22,4,2
2025-09-15 08:00:00,18.4,76,0.0,,226,13.0,29.6,1017.6,31,4,2
2025-09-15 09:00:00,19.7,71,0.0,,230,16.7,35.2,1017.2,35,4,2
2025-09-15 10:00:00,21.9,64,0.0,,237,20.4,44.5,1016.1,52,3,2
2025-09-15 11:00:00,22.6,61,0.0,,241,20.4,46.3,1015.9,47,3,2
2025-09-15 12:00:00,23.0,59,0.0,,243,22.2,50.0,1015.7,43,3,2
2025-09-15 13:00:00,23.4,57,0.0,,245,22.2,50.0,1015.4,42,4,2
2025-09-15 14:00:00,23.4,57,0.0,,246,22.2,50.0,1015.3,40,4,2
2025-09-15 15:00:00,22.8,58,0.0,,249,20.4,50.0,1015.3,38,4,2
2025-09-15 16:00:00,23.9,46,0.2,,247,22.2,61.1,1014.5,47,4,2
2025-09-15 17:00:00,22.4,52,0.0,,254,18.5,51.8,1015.5,28,5,2
2025-09-15 18:00:00,20.1,60,0.2,,251,18.5,51.8,1016.7,12,5,2
2025-09-15 19:00:00,19.3,65,0.0,,251,16.7,48.2,1017.8,0,5,17
2025-09-15 20:00:00,18.2,70,0.6,,248,16.7,44.5,1018.9,0,6,17
2025-09-15 21:00:00,17.2,74,0.1,,248,14.8,40.8,1019.6,0,6,7
2025-09-15 22:00:00,16.0,77,0.0,,252,14.8,37.0,1020.3,0,4,7
2025-09-15 23:00:00,15.5,78,0.2,,249,13.0,35.2,1020.9,0,4,2
2025-09-16 00:00:00,15.1,78,0.1,,247,13.0,33.3,1021.2,0,4,2
2025-09-16 01:00:00,14.7,79,0.0,,247,13.0,33.3,1021.7,0,5,3
2025-09-16 02:00:00,14.2,80,0.0,,248,13.0,31.5,1022.0,0,5,3
2025-09-16 03:00:00,13.8,79,0.0,,248,11.1,27.8,1022.4,0,5,3
2025-09-16 04:00:00,14.3,71,0.0,,244,13.0,33.3,1022.7,0,4,2
2025-09-16 05:00:00,13.8,71,0.0,,244,11.1,29.6,1023.4,0,4,2
2025-09-16 06:00:00,13.7,71,0.0,,246,13.0,31.5,1023.9,9,4,2
2025-09-16 07:00:00,13.8,70,0.0,,245,13.0,33.3,1024.1,15,5,2
2025-09-16 08:00:00,14.2,68,0.0,,246,14.8,33.3,1024.0,24,5,2
2025-09-16 09:00:00,15.0,64,0.0,,246,14.8,35.2,1024.0,29,5,2
2025-09-16 10:00:00,15.0,64,0.0,,245,14.8,35.2,1024.2,12,6,2
2025-09-16 11:00:00,15.6,60,0.0,,244,16.7,37.0,1023.9,15,6,2
2025-09-16 12:00:00,16.1,58,0.0,,245,16.7,38.9,1023.4,22,7,2
2025-09-16 13:00:00,16.4,56,0.0,,249,16.7,37.0,1023.3,24,7,2
2025-09-16 14:00:00,16.5,56,0.0,,254,16.7,37.0,1023.0,23,7,3
2025-09-16 15:00:00,16.1,56,0.0,,258,14.8,35.2,1023.0,22,8,3
2025-09-16 16:00:00,16.2,56,0.0,,269,11.1,27.8,1023.1,23,6,2
2025-09-16 17:00:00,15.0,60,0.0,,270,11.1,27.8,1023.9,15,6,2
2025-09-16 18:00:00,14.1,63,0.0,,275,9.3,24.1,1024.6,6,6,2
2025-09-16 19:00:00,13.2,67,0.0,,281,7.4,18.5,1025.1,0,6,2
2025-09-16 20:00:00,12.7,71,0.0,,280,5.5,14.8,1025.6,0,6,2
2025-09-16 21:00:00,12.4,74,0.0,,265,3.7,11.1,1025.8,0,6,2
2025-09-16 22:00:00,13.0,70,0.0,,244,3.7,13.0,1025.7,0,6,3
2025-09-16 23:00:00,12.5,73,0.0,,215,3.7,9.3,1025.7,0,6,3
2025-09-17 00:00:00,12.1,75,0.0,,199,1.8,9.3,1025.6,0,6,3
2025-09-17 01:00:00,11.7,78,0.0,,199,3.7,7.4,1025.6,0,6,3
2025-09-17 02:00:00,11.5,80,0.0,,192,3.7,7.4,1025.5,0,7,3
2025-09-17 03:00:00,11.2,81,0.0,,169,1.8,7.4,1025.5,0,7,3
2025-09-17 04:00:00,11.0,82,0.0,,170,1.8,7.4,1025.4,0,6,3
2025-09-17 05:00:00,10.9,83,0.0,,176,1.8,7.4,1025.6,0,6,3
2025-09-17 06:00:00,11.3,82,0.0,,202,3.7,7.4,1025.7,6,6,2
2025-09-17 07:00:00,12.1,79,0.0,,208,3.7,7.4,1025.8,14,5,2
2025-09-17 08:00:00,13.3,74,0.0,,213,3.7,11.1,1025.8,22,5,2
2025-09-17 09:00:00,14.5,69,0.0,,220,5.5,13.0,1025.7,31,5,2
2025-09-17 10:00:00,15.8,63,0.0,,226,7.4,16.7,1025.6,33,4,2
2025-09-17 11:00:00,16.9,59,0.0,,232,7.4,18.5,1025.2,34,4,2
2025-09-17 12:00:00,17.9,55,0.0,,231,7.4,20.4,1024.5,39,4,2
2025-09-17 13:00:00,18.5,53,0.0,,233,7.4,20.4,1024.2,38,4,2
2025-09-17 14:00:00,18.8,52,0.0,,228,9.3,20.4,1023.7,38,3,2
2025-09-17 15:00:00,18.7,54,0.0,,227,7.4,18.5,1023.6,39,3,2
2025-09-17 16:00:00,19.1,48,0.0,,252,7.4,16.7,1023.2,44,5,2
2025-09-17 17:00:00,17.9,56,0.0,,258,3.7,11.1,1023.7,30,4,2
2025-09-17 18:00:00,16.3,63,0.0,,3,3.7,7.4,1024.4,13,4,2
2025-09-17 19:00:00,15.3,69,0.0,,44,3.7,5.5,1024.9,0,4,2
2025-09-17 20:00:00,14.8,73,0.0,,55,1.8,5.5,1025.1,0,3,2
2025-09-17 21:00:00,14.4,75,0.0,,74,1.8,5.5,1025.4,0,3,2
2025-09-17 22:00:00,14.3,79,0.0,,133,3.7,7.4,1026.1,0,3,2
2025-09-17 23:00:00,13.8,82,0.0,,133,1.8,5.5,1025.9,0,2,2
2025-09-18 00:00:00,13.6,83,0.0,,115,1.8,3.7,1025.7,0,2,1
2025-09-18 01:00:00,13.2,85,0.0,,106,1.8,3.7,1025.6,0,2,1
2025-09-18 02:00:00,12.9,87,0.0,,99,1.8,5.5,1025.5,0,2,2
2025-09-18 03:00:00,12.5,88,0.0,,108,1.8,5.5,1025.4,0,2,2
2025-09-18 04:00:00,11.8,92,0.0,,68,1.8,5.5,1025.8,0,2,2
2025-09-18 05:00:00,12.0,90,0.0,,112,1.8,5.5,1026.0,0,2,2
2025-09-18 06:00:00,12.8,88,0.0,,177,1.8,5.5,1026.0,23,2,1
2025-09-18 07:00:00,14.0,83,0.0,,198,1.8,5.5,1025.9,43,2,1
2025-09-18 08:00:00,15.6,77,0.0,,210,3.7,9.3,1025.8,57,2,1
2025-09-18 09:00:00,17.4,70,0.0,,220,3.7,11.1,1025.5,60,2,1
2025-09-18 10:00:00,19.6,59,0.0,,234,5.5,13.0,1024.9,58,1,1
2025-09-18 11:00:00,21.2,54,0.0,,241,5.5,14.8,1024.3,60,1,1
2025-09-18 12:00:00,22.3,49,0.0,,246,7.4,16.7,1023.7,60,1,1
2025-09-18 13:00:00,23.3,46,0.0,,249,7.4,16.7,1023.4,60,1,1
2025-09-18 14:00:00,23.9,44,0.0,,246,7.4,16.7,1023.3,60,1,1
2025-09-18 15:00:00,23.8,43,0.0,,247,5.5,16.7,1023.4,60,1,1
2025-09-18 16:00:00,23.5,41,0.0,,231,5.5,16.7,1023.5,60,0,1
2025-09-18 17:00:00,21.5,48,0.0,,246,3.7,11.1,1024.2,51,0,1
2025-09-18 18:00:00,19.4,55,0.0,,31,3.7,5.5,1025.1,29,0,1
2025-09-18 19:00:00,17.8,62,0.0,,43,3.7,5.5,1025.7,0,1,1
2025-09-18 20:00:00,17.0,66,0.0,,40,3.7,5.5,1026.1,0,1,1
2025-09-18 21:00:00,16.3,70,0.0,,47,1.8,3.7,1026.5,0,0,1
2025-09-18 22:00:00,15.9,79,0.0,,101,1.8,5.5,1026.9,0,0,1
2025-09-18 23:00:00,15.3,81,0.0,,82,1.8,5.5,1026.9,0,0,1
2025-09-19 00:00:00,14.7,83,0.0,,73,1.8,5.5,1026.9,0,0,1
2025-09-19 01:00:00,14.3,84,0.0,,72,1.8,3.7,1026.9,0,1,1
2025-09-19 02:00:00,13.9,86,0.0,,68,3.7,5.5,1026.9,0,1,1
2025-09-19 03:00:00,13.4,87,0.0,,69,3.7,7.4,1026.9,0,1,1
2025-09-19 04:00:00,12.7,94,0.0,,59,3.7,9.3,1027.0,0,2,1
2025-09-19 05:00:00,12.6,92,0.0,,68,3.7,7.4,1027.1,0,2,1
2025-09-19 06:00:00,13.2,90,0.0,,67,3.7,7.4,1026.9,25,2,1
2025-09-19 07:00:00,14.4,85,0.0,,81,3.7,7.4,1026.8,46,3,1
2025-09-19 08:00:00,16.0,79,0.0,,69,3.7,9.3,1026.4,57,3,1
2025-09-19 09:00:00,17.8,73,0.0,,246,3.7,11.1,1026.2,60,3,1
2025-09-19 10:00:00,20.0,68,0.0,,242,3.7,11.1,1024.9,57,1,1
2025-09-19 11:00:00,21.5,62,0.0,,258,5.5,13.0,1024.1,60,1,1
2025-09-19 12:00:00,22.8,56,0.0,,262,5.5,13.0,1023.5,60,1,1
2025-09-19 13:00:00,23.9,53,0.0,,260,5.5,13.0,1023.0,60,1,1
2025-09-19 14:00:00,24.6,50,0.0,,254,5.5,13.0,1022.7,60,1,1
2025-09-19 15:00:00,24.6,50,0.0,,232,5.5,13.0,1022.4,59,2,1
2025-09-19 16:00:00,23.7,54,0.0,,217,3.7,11.1,1022.8,55,1,1
2025-09-19 17:00:00,22.0,60,0.0,,155,3.7,9.3,1023.2,43,1,1
2025-09-19 18:00:00,20.3,67,0.0,,81,3.7,5.5,1023.9,23,0,1
2025-09-19 19:00:00,19.0,72,0.0,,77,3.7,5.5,1024.2,0,1,1
2025-09-19 20:00:00,18.7,74,0.0,,79,1.8,5.5,1024.3,0,1,1
2025-09-19 21:00:00,18.2,76,0.0,,96,1.8,5.5,1024.2,0,2,1
2025-09-19 22:00:00,17.7,77,0.0,,111,1.8,5.5,1024.1,0,2,1
2025-09-19 23:00:00,17.2,80,0.0,,125,1.8,5.5,1024.1,0,2,1
2025-09-20 00:00:00,16.9,82,0.0,,134,1.8,5.5,1024.0,0,2,1
2025-09-20 01:00:00,16.6,83,0.0,,138,1.8,5.5,1023.7,0,2,1
2025-09-20 02:00:00,16.3,85,0.0,,138,1.8,5.5,1023.2,0,3,1
2025-09-20 03:00:00,16.1,86,0.0,,131,1.8,5.5,1023.0,0,3,2
2025-09-20 04:00:00,16.0,86,0.0,,163,3.7,9.3,1022.5,0,3,2
2025-09-20 05:00:00,16.0,86,0.0,,166,1.8,7.4,1022.3,0,3,2
2025-09-20 06:00:00,16.4,82,0.0,,164,3.7,5.5,1022.2,17,3,2
2025-09-20 07:00:00,17.3,79,0.0,,172,1.8,5.5,1021.8,34,3,2
2025-09-20 08:00:00,18.8,73,0.0,,198,3.7,7.4,1021.2,46,3,2
2025-09-20 09:00:00,20.6,67,0.0,,220,3.7,11.1,1020.6,56,3,1
2025-09-20 10:00:00,22.3,59,0.0,,229,3.7,11.1,1019.3,57,2,1
2025-09-20 11:00:00,23.8,54,0.0,,232,5.5,13.0,1018.3,60,1,1
2025-09-20 12:00:00,25.0,51,0.0,,238,5.5,13.0,1017.4,57,1,1
2025-09-20 13:00:00,25.9,48,0.0,,239,7.4,14.8,1016.6,57,1,1
2025-09-20 14:00:00,26.4,47,0.0,,241,7.4,16.7,1016.1,56,2,1
2025-09-20 15:00:00,25.9,48,0.0,,240,7.4,16.7,1015.7,57,2,1
2025-09-20 16:00:00,26.0,47,0.0,,226,9.3,24.1,1015.4,54,2,1
2025-09-20 17:00:00,24.1,55,0.0,,225,7.4,18.5,1015.8,36,3,1
2025-09-20 18:00:00,22.4,63,0.0,,214,5.5,13.0,1016.3,16,4,1
2025-09-20 19:00:00,21.3,68,0.0,,207,3.7,11.1,1016.7,0,3,1
2025-09-20 20:00:00,20.6,72,0.0,,208,3.7,9.3,1017.0,0,3,1
2025-09-20 21:00:00,20.1,73,0.0,,216,3.7,11.1,1017.3,0,3,2
2025-09-20 22:00:00,19.3,80,0.0,,216,1.8,5.5,1017.1,0,5,2
2025-09-20 23:00:00,19.0,81,0.0,,209,3.7,7.4,1017.2,0,5,2
2025-09-21 00:00:00,18.7,82,0.3,,209,3.7,9.3,1017.3,0,4,2
2025-09-21 01:00:00,18.4,82,0.0,,198,3.7,11.1,1016.8,0,4,2
2025-09-21 02:00:00,18.1,83,0.0,,206,3.7,9.3,1016.2,0,4,2
2025-09-21 03:00:00,17.7,84,0.0,,195,3.7,9.3,1015.9,0,4,2
2025-09-21 04:00:00,16.5,86,0.0,,61,1.8,7.4,1014.8,0,5,2
2025-09-21 05:00:00,16.5,87,0.0,,119,1.8,7.4,1014.9,0,5,2
2025-09-21 06:00:00,16.9,86,0.0,,232,1.8,9.3,1014.9,11,5,2
2025-09-21 07:00:00,17.7,84,0.0,,241,3.7,9.3,1014.6,20,5,2
2025-09-21 08:00:00,18.9,78,0.0,,239,3.7,13.0,1014.2,25,5,2
2025-09-21 09:00:00,19.5,75,0.0,,256,5.5,14.8,1013.8,30,6,2
2025-09-21 10:00:00,21.0,67,0.0,,255,5.5,13.0,1013.3,40,5,2
2025-09-21 11:00:00,21.4,65,0.0,,275,5.5,14.8,1012.7,33,6,2
2025-09-21 12:00:00,21.4,63,0.0,,295,7.4,18.5,1012.3,30,6,2
2025-09-21 13:00:00,21.4,62,0.0,,304,7.4,20.4,1011.9,26,6,2
2025-09-21 14:00:00,21.0,62,0.0,,318,7.4,20.4,1011.8,22,7,3
2025-09-21 15:00:00,20.1,66,0.0,,323,7.4,22.2,1011.9,13,8,3
2025-09-21 16:00:00,20.3,66,0.0,,308,7.4,22.2,1011.4,18,7,7
2025-09-21 17:00:00,18.9,72,0.0,,310,7.4,22.2,1011.9,11,7,8
2025-09-21 18:00:00,17.3,79,0.2,,328,9.3,22.2,1012.7,3,8,8
2025-09-21 19:00:00,16.5,82,0.6,,334,7.4,22.2,1013.2,0,8,9
2025-09-21 20:00:00,15.9,86,0.8,,344,7.4,22.2,1013.7,0,8,9
2025-09-21 21:00:00,15.3,90,3.0,,4,7.4,20.4,1014.1,0,8,9
2025-09-21 22:00:00,14.8,96,2.3,,44,9.3,22.2,1014.1,0,8,9
2025-09-21 23:00:00,14.3,96,0.6,,36,9.3,24.1,1013.7,0,8,9
2025-09-22 00:00:00,14.0,96,2.8,,35,11.1,24.1,1013.3,0,8,9
2025-09-22 01:00:00,13.8,96,1.2,,33,11.1,25.9,1012.9,0,8,9
2025-09-22 02:00:00,13.3,97,3.8,,36,11.1,24.1,1012.8,0,8,9
2025-09-22 03:00:00,12.9,97,4.0,,33,11.1,24.1,1012.5,0,8,9
2025-09-22 04:00:00,14.3,96,0.5,,19,9.3,24.1,1010.2,0,8,9
2025-09-22 05:00:00,13.8,96,0.9,,24,9.3,24.1,1010.9,0,8,9
2025-09-22 06:00:00,12.5,99,1.4,,24,9.3,22.2,1011.8,0,8,9
2025-09-22 07:00:00,12.2,100,2.1,,28,9.3,20.4,1012.4,0,8,9
2025-09-22 08:00:00,11.9,100,3.3,,23,9.3,22.2,1013.0,0,8,9
2025-09-22 09:00:00,11.8,100,1.5,,22,9.3,22.2,1013.6,0,8,9
2025-09-22 10:00:00,11.6,100,0.7,,28,9.3,22.2,1013.8,0,8,9
2025-09-22 11:00:00,11.5,100,0.4,,32,9.3,24.1,1013.8,0,8,8
2025-09-22 12:00:00,11.5,100,0.2,,38,9.3,24.1,1013.7,0,8,8
2025-09-22 13:00:00,11.7,100,0.0,,43,11.1,25.9,1013.4,3,8,8
2025-09-22 14:00:00,11.7,99,0.0,,34,9.3,25.9,1013.5,0,7,7
2025-09-22 15:00:00,11.9,96,0.8,,30,9.3,25.9,1013.5,3,8,7
2025-09-22 16:00:00,11.8,97,5.5,,27,7.4,18.5,1014.3,5,8,7
2025-09-22 17:00:00,11.5,97,0.8,,26,7.4,22.2,1015.2,0,8,7
2025-09-22 18:00:00,11.4,96,0.2,,30,9.3,22.2,1015.8,0,8,7
2025-09-22 19:00:00,11.0,97,0.0,,32,9.3,24.1,1016.5,0,8,7
2025-09-22 20:00:00,10.9,97,0.0,,33,9.3,22.2,1017.1,0,7,7
2025-09-22 21:00:00,10.7,98,0.0,,38,11.1,24.1,1017.5,0,7,7
2025-09-22 22:00:00,10.8,99,0.0,,31,9.3,16.7,1018.1,0,8,4
2025-09-22 23:00:00,10.6,98,0.0,,34,9.3,20.4,1018.0,0,8,4
2025-09-23 00:00:00,10.5,97,0.0,,33,9.3,20.4,1017.8,0,8,4
2025-09-23 01:00:00,10.4,97,0.0,,32,9.3,22.2,1017.6,0,8,4
2025-09-23 02:00:00,10.2,98,0.0,,35,11.1,22.2,1017.5,0,8,4
2025-09-23 03:00:00,10.1,97,0.0,,35,11.1,22.2,1017.4,0,8,4
2025-09-23 04:00:00,10.1,96,0.0,,37,11.1,24.1,1017.4,0,8,7
2025-09-23 05:00:00,10.0,97,0.0,,35,9.3,24.1,1017.4,0,8,4
2025-09-23 06:00:00,9.9,97,0.0,,35,9.3,24.1,1017.4,0,8,3
2025-09-23 07:00:00,10.0,95,0.0,,37,9.3,24.1,1017.2,0,7,3
2025-09-23 08:00:00,10.0,94,0.0,,34,11.1,25.9,1017.2,0,7,4
2025-09-23 09:00:00,10.1,93,0.0,,33,11.1,24.1,1017.1,0,8,4
2025-09-23 10:00:00,9.9,97,0.0,,34,9.3,24.1,1017.3,0,8,4
2025-09-23 11:00:00,10.1,96,0.0,,34,9.3,25.9,1016.8,0,8,4
2025-09-23 12:00:00,10.4,95,0.0,,28,9.3,22.2,1016.2,0,8,3
2025-09-23 13:00:00,10.5,94,0.2,,24,7.4,20.4,1016.1,0,8,3
2025-09-23 14:00:00,10.6,94,0.2,,3,5.5,18.5,1016.3,0,7,4
2025-09-23 15:00:00,10.7,93,0.0,,336,5.5,16.7,1016.8,0,7,7
2025-09-23 16:00:00,10.5,97,6.3,,353,5.5,18.5,1017.3,2,8,7
2025-09-23 17:00:00,10.3,96,0.5,,333,7.4,18.5,1017.7,0,8,7
2025-09-23 18:00:00,10.1,96,0.2,,328,5.5,16.7,1018.3,0,8,7
2025-09-23 19:00:00,9.7,97,0.2,,340,5.5,14.8,1018.4,0,8,7
2025-09-23 20:00:00,9.8,97,0.0,,341,5.5,16.7,1018.6,0,8,7
2025-09-23 21:00:00,9.8,98,0.0,,352,5.5,14.8,1018.7,0,8,7
2025-09-23 22:00:00,9.7,97,0.0,,13,3.7,7.4,1018.2,0,8,7
2025-09-23 23:00:00,9.5,98,0.0,,23,5.5,11.1,1018.0,0,8,7
2025-09-24 00:00:00,9.6,97,0.0,,23,5.5,13.0,1017.6,0,7,4
2025-09-24 01:00:00,9.6,98,0.0,,17,5.5,11.1,1017.2,0,7,4
2025-09-24 02:00:00,9.5,99,0.0,,29,5.5,13.0,1016.6,0,7,4
2025-09-24 03:00:00,9.6,98,0.0,,27,5.5,13.0,1016.4,0,7,4
2025-09-24 04:00:00,9.8,97,0.0,,15,5.5,16.7,1016.2,0,8,4
2025-09-24 05:00:00,9.9,95,0.0,,20,5.5,14.8,1016.1,0,8,4
2025-09-24 06:00:00,9.7,98,0.0,,13,5.5,13.0,1016.3,0,8,3
2025-09-24 07:00:00,10.0,97,0.0,,14,5.5,13.0,1016.3,0,8,3
2025-09-24 08:00:00,10.0,96,0.1,,3,5.5,13.0,1016.5,0,7,4
2025-09-24 09:00:00,10.1,95,0.3,,347,5.5,13.0,1016.7,0,8,7
2025-09-24 10:00:00,10.2,98,0.2,,273,3.7,13.0,1016.6,0,8,4
2025-09-24 11:00:00,10.2,97,0.0,,301,3.7,13.0,1016.6,0,8,7
2025-09-24 12:00:00,10.3,95,0.0,,321,5.5,14.8,1016.6,0,8,7
2025-09-24 13:00:00,10.4,94,0.0,,326,5.5,14.8,1016.5,0,8,7
2025-09-24 14:00:00,10.3,94,0.0,,339,5.5,14.8,1016.5,0,8,7
2025-09-24 15:00:00,10.2,94,0.4,,338,5.5,13.0,1016.8,0,8,7
2025-09-24 16:00:00,10.3,96,0.6,,338,5.5,13.0,1016.2,3,8,7
2025-09-24 17:00:00,9.9,97,0.9,,321,5.5,16.7,1016.8,2,8,8
2025-09-24 18:00:00,9.6,97,0.5,,307,5.5,14.8,1017.3,0,8,8
2025-09-24 19:00:00,9.2,98,0.7,,297,5.5,14.8,1017.7,0,8,8
2025-09-24 20:00:00,9.2,97,0.3,,284,5.5,14.8,1018.0,0,8,8
2025-09-24 21:00:00,9.0,99,0.0,,266,5.5,16.7,1018.3,0,8,8
2025-09-24 22:00:00,8.9,100,0.4,,253,5.5,16.7,1018.3,0,8,8
2025-09-24 23:00:00,8.8,100,0.9,,252,7.4,18.5,1018.4,0,8,8
2025-09-25 00:00:00,8.8,99,0.9,,247,7.4,20.4,1018.5,0,8,8
2025-09-25 01:00:00,8.9,98,0.5,,248,7.4,20.4,1018.3,0,8,8
2025-09-25 02:00:00,9.0,97,0.2,,241,7.4,20.4,1018.1,0,8,8
2025-09-25 03:00:00,9.0,97,0.1,,239,9.3,22.2,1017.9,0,8,7
2025-09-25 04:00:00,9.2,94,0.1,,251,7.4,16.7,1017.9,0,8,7
2025-09-25 05:00:00,9.3,93,0.0,,239,7.4,16.7,1018.0,0,8,7
2025-09-25 06:00:00,9.3,94,0.0,,236,7.4,18.5,1018.3,0,8,7
2025-09-25 07:00:00,9.7,92,0.0,,231,7.4,16.7,1018.5,0,8,7
2025-09-25 08:00:00,10.1,89,0.0,,229,7.4,18.5,1018.6,0,8,7
2025-09-25 09:00:00,10.5,86,0.0,,234,7.4,16.7,1018.7,1,8,7
2025-09-25 10:00:00,11.0,84,0.1,,247,5.5,16.7,1018.5,1,7,3
2025-09-25 11:00:00,11.5,80,0.2,,248,5.5,16.7,1018.1,4,7,3
2025-09-25 12:00:00,12.0,76,0.0,,255,5.5,16.7,1017.7,4,7,2
2025-09-25 13:00:00,12.2,75,0.0,,260,5.5,14.8,1017.7,4,7,2
2025-09-25 14:00:00,12.2,74,0.0,,272,5.5,14.8,1017.7,5,7,3
2025-09-25 15:00:00,12.1,74,0.0,,296,3.7,13.0,1018.0,4,7,3
2025-09-25 16:00:00,11.9,78,0.0,,342,5.5,11.1,1018.3,10,7,3
2025-09-25 17:00:00,11.1,82,0.0,,351,3.7,13.0,1018.8,6,8,3
2025-09-25 18:00:00,10.5,86,0.0,,356,3.7,13.0,1019.5,2,8,2
2025-09-25 19:00:00,10.1,87,0.0,,5,3.7,13.0,1019.9,0,7,7
2025-09-25 20:00:00,9.9,88,0.0,,19,3.7,13.0,1020.2,0,7,7
2025-09-25 21:00:00,9.7,90,0.0,,29,3.7,13.0,1020.5,0,7,3
2025-09-25 22:00:00,9.0,95,0.0,,20,1.8,5.5,1020.4,0,7,4
2025-09-25 23:00:00,8.9,94,0.0,,29,3.7,9.3,1020.5,0,7,3
2025-09-26 00:00:00,8.7,95,0.0,,43,3.7,11.1,1020.4,0,7,3
2025-09-26 01:00:00,8.5,96,0.0,,42,3.7,11.1,1020.1,0,8,3
2025-09-26 02:00:00,8.4,96,0.0,,38,3.7,13.0,1019.9,0,8,3
2025-09-26 03:00:00,8.5,95,0.0,,39,5.5,13.0,1019.8,0,8,4
2025-09-26 04:00:00,8.9,98,0.0,,30,3.7,11.1,1019.1,0,8,3
2025-09-26 05:00:00,8.9,97,0.0,,34,5.5,11.1,1019.2,0,8,3
2025-09-26 06:00:00,9.1,97,0.0,,30,5.5,13.0,1019.3,0,8,3
2025-09-26 07:00:00,9.5,94,0.0,,34,5.5,13.0,1019.5,0,8,3
2025-09-26 08:00:00,9.8,92,0.0,,30,5.5,14.8,1019.6,0,7,3
2025-09-26 09:00:00,10.2,90,0.1,,19,5.5,14.8,1019.9,1,8,4
2025-09-26 10:00:00,10.5,90,0.0,,41,5.5,11.1,1019.3,0,8,4
2025-09-26 11:00:00,10.8,88,0.1,,37,5.5,13.0,1019.1,0,8,3
2025-09-26 12:00:00,11.1,86,0.0,,26,5.5,13.0,1018.8,0,8,7
2025-09-26 13:00:00,11.1,86,0.1,,13,5.5,14.8,1018.9,0,8,7
2025-09-26 14:00:00,11.1,86,0.3,,359,5.5,13.0,1019.0,0,8,7
2025-09-26 15:00:00,10.7,89,0.9,,328,5.5,13.0,1019.2,0,8,7
2025-09-26 16:00:00,11.4,86,1.5,,359,3.7,11.1,1018.8,3,8,7
2025-09-26 17:00:00,10.8,89,0.8,,298,5.5,14.8,1019.5,1,8,7
2025-09-26 18:00:00,10.0,90,0.3,,284,5.5,14.8,1020.3,0,8,7
2025-09-26 19:00:00,9.6,92,0.6,,273,5.5,16.7,1020.8,0,8,7
2025-09-26 20:00:00,9.3,94,0.3,,265,5.5,16.7,1021.4,0,7,7
2025-09-26 21:00:00,9.1,95,0.2,,254,5.5,14.8,1021.6,0,6,8
2025-09-26 22:00:00,9.4,96,0.0,,235,5.5,14.8,1021.2,0,8,8
2025-09-26 23:00:00,9.2,96,0.2,,236,5.5,14.8,1021.5,0,8,8
2025-09-27 00:00:00,9.0,97,0.3,,237,5.5,14.8,1021.6,0,7,8
2025-09-27 01:00:00,8.9,96,0.8,,235,5.5,13.0,1021.8,0,8,8
2025-09-27 02:00:00,8.8,97,0.5,,224,5.5,14.8,1022.0,0,8,8
2025-09-27 03:00:00,8.8,96,0.7,,212,5.5,14.8,1022.2,0,8,8
2025-09-27 04:00:00,9.0,93,0.8,,202,3.7,9.3,1021.7,0,8,8
2025-09-27 05:00:00,8.9,94,0.5,,205,3.7,11.1,1021.9,0,8,7
2025-09-27 06:00:00,9.0,94,1.1,,205,3.7,11.1,1022.3,2,8,7
2025-09-27 07:00:00,9.0,95,1.2,,197,3.7,11.1,1022.4,3,7,7
2025-09-27 08:00:00,9.4,92,0.0,,199,5.5,11.1,1022.7,3,7,7
2025-09-27 09:00:00,10.0,88,0.0,,199,3.7,11.1,1022.8,7,7,7
2025-09-27 10:00:00,10.7,84,0.2,,197,3.7,11.1,1022.6,8,7,7
2025-09-27 11:00:00,11.4,80,0.2,,188,3.7,11.1,1022.4,11,7,2
2025-09-27 12:00:00,12.0,76,0.0,,127,3.7,11.1,1022.1,13,7,2
2025-09-27 13:00:00,12.3,74,0.0,,77,3.7,11.1,1021.9,15,6,2
2025-09-27 14:00:00,12.5,73,0.0,,63,3.7,11.1,1021.6,14,6,2
2025-09-27 15:00:00,12.5,73,0.0,,60,5.5,13.0,1021.5,15,5,2
2025-09-27 16:00:00,11.5,84,0.0,,38,3.7,11.1,1021.6,8,5,2
2025-09-27 17:00:00,10.8,87,0.0,,37,3.7,11.1,1022.0,7,5,2
2025-09-27 18:00:00,10.0,90,0.0,,42,5.5,11.1,1022.5,4,5,2
2025-09-27 19:00:00,9.3,94,0.0,,41,5.5,11.1,1022.7,0,4,2
2025-09-27 20:00:00,8.9,94,0.0,,43,5.5,11.1,1022.8,0,4,2
2025-09-27 21:00:00,8.5,95,0.0,,48,5.5,11.1,1022.6,0,4,2
2025-09-27 22:00:00,8.4,95,0.0,,40,5.5,16.7,1022.7,0,4,2
2025-09-27 23:00:00,7.9,97,0.0,,44,7.4,16.7,1022.5,0,4,2
2025-09-28 00:00:00,7.7,98,0.0,,44,5.5,13.0,1022.4,0,3,2
2025-09-28 01:00:00,7.4,99,0.0,,49,5.5,13.0,1022.3,0,4,2
2025-09-28 02:00:00,7.3,100,0.0,,46,5.5,11.1,1022.2,0,4,2
2025-09-28 03:00:00,7.2,100,0.0,,49,3.7,11.1,1022.1,0,4,2
2025-09-28 04:00:00,8.7,97,0.0,,36,3.7,9.3,1021.8,0,5,2
2025-09-28 05:00:00,8.5,98,0.0,,51,3.7,9.3,1021.9,0,5,5
2025-09-28 06:00:00,8.8,97,0.0,,57,3.7,9.3,1021.9,6,6,5
2025-09-28 07:00:00,9.4,94,0.0,,61,3.7,9.3,1021.8,13,6,2
2025-09-28 08:00:00,10.2,90,0.0,,60,3.7,11.1,1021.5,17,6,2
2025-09-28 09:00:00,11.1,87,0.0,,52,5.5,14.8,1021.2,24,6,2
2025-09-28 10:00:00,12.2,85,0.0,,43,5.5,13.0,1020.8,8,6,2
2025-09-28 11:00:00,13.2,78,0.0,,42,7.4,16.7,1020.1,21,5,2
2025-09-28 12:00:00,14.2,72,0.0,,44,7.4,18.5,1019.4,34,5,2
2025-09-28 13:00:00,14.9,68,0.0,,44,7.4,20.4,1018.8,36,5,2
2025-09-28 14:00:00,15.3,66,0.0,,46,9.3,20.4,1018.5,39,5,2
2025-09-28 15:00:00,15.3,66,0.0,,48,7.4,20.4,1018.4,34,5,2
2025-09-28 16:00:00,14.7,71,0.0,,49,5.5,18.5,1019.0,18,6,2
2025-09-28 17:00:00,13.5,78,0.0,,40,5.5,14.8,1019.5,16,5,2
2025-09-28 18:00:00,12.4,84,0.0,,40,5.5,14.8,1020.1,8,5,2
2025-09-28 19:00:00,11.7,88,0.0,,41,5.5,13.0,1020.5,0,5,2
2025-09-28 20:00:00,11.3,89,0.0,,38,5.5,13.0,1020.9,0,5,2
2025-09-28 21:00:00,10.8,91,0.0,,40,5.5,11.1,1021.1,0,5,2
2025-09-28 22:00:00,11.0,90,0.0,,39,7.4,16.7,1021.1,0,5,2
2025-09-28 23:00:00,10.5,92,0.0,,35,5.5,14.8,1021.1,0,4,2
2025-09-29 00:00:00,10.1,95,0.0,,34,5.5,11.1,1021.1,0,4,2
2025-09-29 01:00:00,9.8,95,0.0,,37,3.7,11.1,1021.1,0,5,2
2025-09-29 02:00:00,9.7,95,0.0,,32,3.7,9.3,1021.1,0,5,2
2025-09-29 03:00:00,9.7,97,0.0,,21,3.7,7.4,1021.2,0,5,2
2025-09-29 04:00:00,9.9,95,0.0,,31,1.8,9.3,1021.5,0,6,3
2025-09-29 05:00:00,9.8,94,0.0,,41,1.8,7.4,1021.4,0,6,2
2025-09-29 06:00:00,10.0,95,0.0,,43,1.8,7.4,1021.6,3,7,2
2025-09-29 07:00:00,10.4,94,0.0,,54,1.8,7.4,1021.6,8,7,2
2025-09-29 08:00:00,11.1,90,0.0,,57,3.7,9.3,1021.6,6,7,3
2025-09-29 09:00:00,12.0,85,0.0,,23,3.7,11.1,1021.5,14,6,3
2025-09-29 10:00:00,13.2,78,0.1,,24,3.7,14.8,1021.3,8,5,2
2025-09-29 11:00:00,14.0,73,0.1,,30,5.5,14.8,1020.8,21,6,2
2025-09-29 12:00:00,14.7,68,0.0,,26,5.5,14.8,1020.3,27,6,2
2025-09-29 13:00:00,15.2,65,0.0,,31,5.5,14.8,1020.0,27,5,2
2025-09-29 14:00:00,15.4,64,0.0,,23,5.5,14.8,1019.9,33,5,2
2025-09-29 15:00:00,15.3,64,0.0,,23,5.5,13.0,1020.0,31,4,2
2025-09-29 16:00:00,15.6,63,0.0,,11,3.7,11.1,1020.0,39,5,2
2025-09-29 17:00:00,14.0,70,0.0,,1,3.7,9.3,1020.7,21,5,2
2025-09-29 18:00:00,12.7,78,0.0,,8,3.7,9.3,1021.4,9,4,2
2025-09-29 19:00:00,11.8,83,0.0,,19,3.7,7.4,1021.7,0,4,2
2025-09-29 20:00:00,11.3,86,0.0,,22,3.7,7.4,1022.0,0,4,2
2025-09-29 21:00:00,10.9,89,0.0,,33,1.8,5.5,1022.1,0,4,2
2025-09-29 22:00:00,10.5,90,0.0,,37,1.8,5.5,1022.2,0,4,2
2025-09-29 23:00:00,10.4,91,0.0,,51,1.8,5.5,1022.3,0,4,2
2025-09-30 00:00:00,10.2,94,0.0,,57,1.8,5.5,1022.4,0,6,2
2025-09-30 01:00:00,10.1,92,0.0,,69,1.8,5.5,1022.2,0,5,3
2025-09-30 02:00:00,9.8,94,0.0,,81,1.8,5.5,1022.2,0,6,3
2025-09-30 03:00:00,9.8,94,0.0,,124,1.8,5.5,1021.9,0,6,3
2025-09-30 04:00:00,9.7,97,0.0,,87,1.8,3.7,1022.2,0,6,3
2025-09-30 05:00:00,9.9,95,0.0,,87,1.8,3.7,1022.4,0,7,3
2025-09-30 06:00:00,10.3,94,0.0,,180,1.8,5.5,1022.7,3,7,3
2025-09-30 07:00:00,10.9,91,0.2,,227,1.8,5.5,1022.9,5,7,3
2025-09-30 08:00:00,11.5,89,0.6,,219,3.7,7.4,1022.9,8,7,3
2025-09-30 09:00:00,12.0,87,0.1,,241,3.7,9.3,1023.0,10,6,3
2025-09-30 10:00:00,12.0,86,0.2,,267,3.7,7.4,1023.2,1,7,3
2025-09-30 11:00:00,12.8,83,0.1,,358,3.7,11.1,1022.9,3,7,3
2025-09-30 12:00:00,13.2,79,0.0,,13,3.7,11.1,1022.5,5,7,2
2025-09-30 13:00:00,13.5,78,0.0,,20,5.5,13.0,1022.4,4,7,2
2025-09-30 14:00:00,13.5,77,0.0,,20,5.5,13.0,1022.3,5,7,2
2025-09-30 15:00:00,13.2,79,0.1,,24,5.5,13.0,1022.5,6,7,3
2025-09-30 16:00:00,13.6,77,0.1,,13,3.7,7.4,1022.8,1,7,3
2025-09-30 17:00:00,12.6,83,0.0,,9,3.7,9.3,1023.3,2,7,2
2025-09-30 18:00:00,11.7,88,0.1,,23,5.5,9.3,1023.9,1,7,2
2025-09-30 19:00:00,11.2,90,0.0,,34,5.5,11.1,1024.3,0,7,2
2025-09-30 20:00:00,10.7,92,0.4,,33,5.5,11.1,1024.6,0,6,2
2025-09-30 21:00:00,10.2,93,0.1,,38,5.5,13.0,1024.8,0,6,3
2025-09-30 22:00:00,9.2,95,0.0,,41,5.5,13.0,1025.4,0,6,3
2025-09-30 23:00:00,9.0,95,0.0,,40,5.5,13.0,1025.4,0,6,3
2025-10-01 00:00:00,8.8,96,0.0,,42,5.5,13.0,1025.4,0,6,3
2025-10-01 01:00:00,8.6,95,0.0,,42,5.5,13.0,1025.2,0,6,3
2025-10-01 02:00:00,8.4,96,0.0,,40,5.5,13.0,1025.1,0,6,3
2025-10-01 03:00:00,8.3,96,0.0,,39,7.4,14.8,1025.0,0,6,3
2025-10-01 04:00:00,7.9,97,0.0,,43,5.5,14.8,1025.5,0,7,3
2025-10-01 05:00:00,7.9,96,0.0,,41,5.5,14.8,1025.7,0,8,3
2025-10-01 06:00:00,8.1,95,0.0,,41,7.4,14.8,1025.9,1,8,3
2025-10-01 07:00:00,8.6,92,0.0,,43,7.4,16.7,1026.4,5,8,2
2025-10-01 08:00:00,9.1,90,0.0,,42,7.4,18.5,1026.6,5,7,3
2025-10-01 09:00:00,9.7,86,0.0,,40,9.3,22.2,1026.7,7,6,3
2025-10-01 10:00:00,11.5,78,0.2,,38,9.3,24.1,1026.2,18,6,3
2025-10-01 11:00:00,12.2,72,0.1,,41,11.1,25.9,1025.9,24,6,2
2025-10-01 12:00:00,12.6,66,0.1,,44,11.1,27.8,1025.6,28,5,2
2025-10-01 13:00:00,13.0,63,0.0,,50,11.1,27.8,1025.4,32,5,2
2025-10-01 14:00:00,13.1,60,0.0,,52,11.1,27.8,1025.5,35,4,2
2025-10-01 15:00:00,12.7,59,0.0,,54,9.3,25.9,1025.8,34,4,2
2025-10-01 16:00:00,12.5,55,0.0,,51,9.3,24.1,1026.1,40,3,2
2025-10-01 17:00:00,10.8,62,0.0,,51,7.4,22.2,1027.0,24,3,2
2025-10-01 18:00:00,9.6,67,0.0,,54,7.4,20.4,1027.6,10,3,1
2025-10-01 19:00:00,8.7,70,0.0,,53,9.3,20.4,1028.0,0,3,1
2025-10-01 20:00:00,8.0,73,0.0,,55,9.3,20.4,1028.3,0,3,2
2025-10-01 21:00:00,7.3,75,0.0,,54,9.3,18.5,1028.4,0,2,1
2025-10-01 22:00:00,7.0,77,0.0,,48,9.3,22.2,1028.3,0,2,1
2025-10-01 23:00:00,6.2,81,0.0,,45,9.3,20.4,1028.2,0,2,1
2025-10-02 00:00:00,5.6,83,0.0,,42,7.4,18.5,1028.2,0,2,1
2025-10-02 01:00:00,5.0,85,0.0,,45,7.4,16.7,1028.2,0,2,1
2025-10-02 02:00:00,4.6,86,0.0,,47,7.4,16.7,1028.1,0,2,1
2025-10-02 03:00:00,4.3,88,0.0,,49,7.4,16.7,1028.1,0,3,2
2025-10-02 04:00:00,3.5,95,0.0,,50,3.7,9.3,1028.3,0,3,2
2025-10-02 05:00:00,3.5,94,0.0,,48,5.5,13.0,1028.5,0,3,2
2025-10-02 06:00:00,4.0,92,0.0,,47,5.5,14.8,1028.4,10,4,2
2025-10-02 07:00:00,4.8,88,0.0,,49,7.4,14.8,1028.5,23,4,2
2025-10-02 08:00:00,5.8,85,0.0,,49,7.4,16.7,1028.3,38,4,2
2025-10-02 09:00:00,7.0,80,0.0,,47,9.3,20.4,1028.0,43,4,2
2025-10-02 10:00:00,8.4,74,0.0,,41,9.3,22.2,1027.5,48,4,2
2025-10-02 11:00:00,9.6,68,0.0,,41,9.3,24.1,1026.8,51,3,2
2025-10-02 12:00:00,10.7,63,0.0,,46,9.3,25.9,1026.2,56,2,1
2025-10-02 13:00:00,11.5,59,0.0,,46,9.3,25.9,1025.5,58,2,1
2025-10-02 14:00:00,11.8,57,0.0,,52,9.3,25.9,1025.1,56,2,1
2025-10-02 15:00:00,11.5,58,0.0,,52,9.3,24.1,1025.0,52,2,2
2025-10-02 16:00:00,11.6,60,0.0,,62,7.4,18.5,1025.5,50,2,1
2025-10-02 17:00:00,10.0,67,0.0,,53,7.4,18.5,1025.9,25,2,1
2025-10-02 18:00:00,8.6,73,0.0,,56,7.4,16.7,1026.1,10,2,1
2025-10-02 19:00:00,7.6,77,0.0,,56,7.4,18.5,1026.2,0,2,1
2025-10-02 20:00:00,7.0,79,0.0,,55,7.4,18.5,1026.3,0,2,1
2025-10-02 21:00:00,6.3,81,0.0,,57,7.4,16.7,1026.3,0,2,1
2025-10-02 22:00:00,6.6,80,0.0,,46,9.3,20.4,1025.8,0,1,1
2025-10-02 23:00:00,5.8,83,0.0,,43,7.4,16.7,1025.6,0,1,1
2025-10-03 00:00:00,5.1,88,0.0,,47,7.4,14.8,1025.5,0,1,1
2025-10-03 01:00:00,4.6,88,0.0,,53,7.4,14.8,1025.4,0,2,1
2025-10-03 02:00:00,4.3,89,0.0,,52,5.5,14.8,1025.2,0,2,1
2025-10-03 03:00:00,4.2,89,0.0,,54,5.5,13.0,1025.1,0,3,2
2025-10-03 04:00:00,4.3,91,0.0,,54,3.7,11.1,1025.0,0,4,2
2025-10-03 05:00:00,4.3,91,0.0,,55,3.7,11.1,1024.9,0,4,2
2025-10-03 06:00:00,4.7,90,0.0,,61,3.7,11.1,1025.0,5,5,2
2025-10-03 07:00:00,5.4,86,0.0,,88,3.7,9.3,1025.1,12,6,2
2025-10-03 08:00:00,6.4,84,0.0,,136,3.7,9.3,1024.8,18,6,3
2025-10-03 09:00:00,7.4,81,0.0,,175,3.7,11.1,1024.5,22,7,3
2025-10-03 10:00:00,9.3,77,0.0,,174,3.7,11.1,1023.6,14,6,2
2025-10-03 11:00:00,10.1,73,0.0,,141,3.7,11.1,1022.8,14,6,2
2025-10-03 12:00:00,10.8,69,0.0,,162,3.7,11.1,1022.0,19,7,2
2025-10-03 13:00:00,11.1,68,0.0,,179,5.5,11.1,1021.4,15,7,2
2025-10-03 14:00:00,11.4,67,0.0,,189,5.5,11.1,1020.8,9,7,3
2025-10-03 15:00:00,11.1,70,0.0,,184,3.7,11.1,1020.5,7,7,4
2025-10-03 16:00:00,10.7,80,0.0,,224,1.8,7.4,1020.5,0,7,3
2025-10-03 17:00:00,10.1,82,0.0,,190,1.8,5.5,1020.6,0,7,3
2025-10-03 18:00:00,9.4,85,0.0,,146,1.8,5.5,1020.7,0,7,3
2025-10-03 19:00:00,9.1,86,0.0,,152,1.8,5.5,1020.6,0,7,2
2025-10-03 20:00:00,9.2,85,0.0,,152,1.8,5.5,1020.4,0,7,3
2025-10-03 21:00:00,9.1,85,0.0,,181,1.8,5.5,1020.3,0,7,4
2025-10-03 22:00:00,9.2,86,0.0,,184,1.8,5.5,1019.8,0,7,4
2025-10-03 23:00:00,9.1,86,0.0,,204,3.7,7.4,1019.2,0,7,4
2025-10-04 00:00:00,9.3,86,0.0,,208,3.7,9.3,1018.6,0,7,4
2025-10-04 01:00:00,9.6,85,0.0,,208,5.5,11.1,1017.8,0,8,4
2025-10-04 02:00:00,10.0,86,0.0,,210,7.4,14.8,1016.9,0,8,4
2025-10-04 03:00:00,10.2,85,0.0,,213,9.3,16.7,1016.3,0,8,4
2025-10-04 04:00:00,10.4,83,0.0,,214,9.3,18.5,1016.0,0,7,7
2025-10-04 05:00:00,11.0,81,0.0,,214,9.3,18.5,1015.0,0,7,7
2025-10-04 06:00:00,11.9,77,0.0,,214,11.1,24.1,1014.1,6,7,7
2025-10-04 07:00:00,12.7,73,0.0,,218,13.0,29.6,1012.6,10,7,2
2025-10-04 08:00:00,13.8,70,0.0,,219,14.8,33.3,1011.4,14,6,2
2025-10-04 09:00:00,15.3,66,0.0,,221,18.5,38.9,1010.1,13,6,2
2025-10-04 10:00:00,15.8,65,0.0,,222,18.5,40.8,1009.2,15,7,3
2025-10-04 11:00:00,16.7,63,0.0,,224,20.4,46.3,1007.9,15,7,2
2025-10-04 12:00:00,16.9,64,0.0,,228,22.2,50.0,1006.7,22,6,2
2025-10-04 13:00:00,17.2,63,0.7,,236,24.1,53.7,1006.4,21,6,7
2025-10-04 14:00:00,17.0,64,0.8,,245,25.9,57.4,1006.8,12,7,7
2025-10-04 15:00:00,15.2,67,1.1,,248,25.9,59.3,1007.7,2,6,7
2025-10-04 16:00:00,14.9,71,1.1,,248,27.8,61.1,1007.8,6,6,7
2025-10-04 17:00:00,14.2,71,0.8,,247,25.9,63.0,1009.7,2,6,7
2025-10-04 18:00:00,12.4,74,0.5,,243,24.1,61.1,1012.0,0,7,7
2025-10-04 19:00:00,11.8,76,1.6,,243,24.1,61.1,1013.6,0,6,7
2025-10-04 20:00:00,10.8,77,0.5,,243,22.2,53.7,1014.7,0,6,7
2025-10-04 21:00:00,10.1,81,0.0,,244,20.4,51.8,1015.7,0,6,7
2025-10-04 22:00:00,9.8,81,0.0,,240,20.4,50.0,1016.4,0,6,7
2025-10-04 23:00:00,9.5,80,0.5,,240,18.5,48.2,1016.6,0,6,3
2025-10-05 00:00:00,9.0,81,0.0,,237,18.5,42.6,1016.8,0,6,7
2025-10-05 01:00:00,9.0,82,0.0,,236,18.5,44.5,1016.9,0,6,7
2025-10-05 02:00:00,8.6,83,0.2,,235,18.5,44.5,1017.1,0,6,7
2025-10-05 03:00:00,8.5,83,0.4,,236,18.5,44.5,1017.0,0,6,7
2025-10-05 04:00:00,8.0,82,0.0,,233,16.7,42.6,1018.0,0,6,3
2025-10-05 05:00:00,7.9,82,0.1,,234,16.7,40.8,1018.1,0,6,2
2025-10-05 06:00:00,8.2,81,0.0,,235,18.5,42.6,1018.6,2,6,2
2025-10-05 07:00:00,8.4,79,0.0,,234,20.4,44.5,1019.1,4,6,2
2025-10-05 08:00:00,8.8,77,0.0,,232,18.5,46.3,1019.1,6,6,2
2025-10-05 09:00:00,9.1,78,0.0,,234,20.4,46.3,1019.4,6,6,3
2025-10-05 10:00:00,8.9,77,0.0,,235,20.4,44.5,1019.4,0,8,7
2025-10-05 11:00:00,9.0,77,0.8,,236,20.4,44.5,1019.5,0,8,7
2025-10-05 12:00:00,9.2,76,2.4,,241,20.4,46.3,1019.5,0,8,17
2025-10-05 13:00:00,9.4,74,2.0,,241,20.4,48.2,1019.9,0,7,17
2025-10-05 14:00:00,9.5,73,0.2,,242,20.4,46.3,1020.3,0,7,17
2025-10-05 15:00:00,9.4,74,0.0,,241,20.4,46.3,1020.8,4,6,17
2025-10-05 16:00:00,8.8,75,0.2,,244,20.4,46.3,1020.7,10,7,17
2025-10-05 17:00:00,8.6,77,0.0,,238,18.5,42.6,1021.8,2,7,17
2025-10-05 18:00:00,8.4,77,1.1,,235,18.5,42.6,1022.4,0,8,17
2025-10-05 19:00:00,8.3,78,0.5,,231,16.7,38.9,1023.1,0,7,17
2025-10-05 20:00:00,8.3,80,0.6,,236,14.8,38.9,1023.9,0,7,17
2025-10-05 21:00:00,8.2,81,0.1,,233,14.8,35.2,1024.3,0,7,7
2025-10-05 22:00:00,8.4,81,0.0,,237,13.0,33.3,1024.7,0,7,7
2025-10-05 23:00:00,8.2,81,0.2,,239,13.0,31.5,1025.0,0,7,7
2025-10-06 00:00:00,8.0,82,0.0,,236,13.0,29.6,1025.1,0,6,7
2025-10-06 01:00:00,7.8,81,0.0,,235,11.1,27.8,1025.5,0,7,3
2025-10-06 02:00:00,7.7,82,0.0,,234,11.1,27.8,1025.9,0,7,3
2025-10-06 03:00:00,7.7,82,0.0,,237,11.1,24.1,1026.1,0,8,3
2025-10-06 04:00:00,7.3,86,0.3,,239,7.4,20.4,1026.5,0,7,3
2025-10-06 05:00:00,7.4,86,0.2,,238,9.3,20.4,1026.9,0,7,3
2025-10-06 06:00:00,7.9,84,0.0,,239,9.3,22.2,1027.3,2,7,2
2025-10-06 07:00:00,8.6,80,0.0,,236,9.3,24.1,1027.8,5,7,2
2025-10-06 08:00:00,9.3,78,0.0,,234,11.1,24.1,1027.9,8,7,3
2025-10-06 09:00:00,10.1,74,0.0,,234,11.1,24.1,1028.1,12,7,3
2025-10-06 10:00:00,10.3,74,0.0,,231,11.1,24.1,1027.5,13,7,3
2025-10-06 11:00:00,11.0,70,0.0,,231,11.1,24.1,1027.3,13,7,2
2025-10-06 12:00:00,11.7,65,0.0,,239,9.3,24.1,1027.0,16,6,2
2025-10-06 13:00:00,12.2,63,0.0,,238,9.3,22.2,1026.9,17,6,2
2025-10-06 14:00:00,12.3,62,0.0,,238,9.3,20.4,1026.7,18,6,2
2025-10-06 15:00:00,12.2,63,0.0,,244,7.4,16.7,1026.8,16,6,3
2025-10-06 16:00:00,11.6,67,0.0,,250,5.5,18.5,1027.2,13,7,3
2025-10-06 17:00:00,11.1,70,0.0,,258,5.5,14.8,1027.8,4,7,2
2025-10-06 18:00:00,10.4,75,0.0,,282,3.7,11.1,1028.1,1,7,2
2025-10-06 19:00:00,10.0,78,0.0,,272,3.7,7.4,1028.5,0,7,2
2025-10-06 20:00:00,9.7,82,0.0,,255,1.8,7.4,1028.7,0,7,3
2025-10-06 21:00:00,9.5,83,0.0,,218,1.8,3.7,1028.8,0,7,3
2025-10-06 22:00:00,9.8,84,0.0,,88,1.8,3.7,1028.8,0,7,4
2025-10-06 23:00:00,9.4,87,0.0,,141,1.8,3.7,1028.4,0,7,4
2025-10-07 00:00:00,9.2,88,0.0,,86,1.8,5.5,1028.3,0,6,3
2025-10-07 01:00:00,9.0,89,0.0,,104,1.8,5.5,1028.1,0,7,4
2025-10-07 02:00:00,8.8,91,0.0,,111,1.8,5.5,1027.9,0,7,4
2025-10-07 03:00:00,8.4,93,0.0,,106,1.8,5.5,1027.7,0,7,4
2025-10-07 04:00:00,8.6,90,0.0,,69,1.8,5.5,1027.6,0,6,3
2025-10-07 05:00:00,8.5,92,0.0,,75,1.8,5.5,1027.7,0,7,3
2025-10-07 06:00:00,8.6,92,0.0,,71,1.8,5.5,1027.8,6,7,2
2025-10-07 07:00:00,9.1,91,0.0,,87,3.7,7.4,1027.8,14,6,2
2025-10-07 08:00:00,10.1,86,0.0,,89,3.7,9.3,1027.5,25,6,2
2025-10-07 09:00:00,11.2,83,0.0,,74,5.5,13.0,1027.1,30,6,2
2025-10-07 10:00:00,12.6,76,0.0,,54,5.5,14.8,1026.6,35,5,2
2025-10-07 11:00:00,13.5,72,0.0,,53,7.4,16.7,1026.1,41,5,2
2025-10-07 12:00:00,14.4,68,0.0,,51,7.4,18.5,1025.4,42,4,2
2025-10-07 13:00:00,14.9,66,0.0,,46,9.3,20.4,1024.9,44,4,2
2025-10-07 14:00:00,15.1,65,0.0,,46,7.4,20.4,1024.5,44,4,2
2025-10-07 15:00:00,14.6,67,0.0,,49,7.4,20.4,1024.5,38,4,2
2025-10-07 16:00:00,13.7,71,0.0,,54,7.4,18.5,1024.8,27,4,2
2025-10-07 17:00:00,12.7,77,0.0,,48,5.5,16.7,1025.2,14,4,2
2025-10-07 18:00:00,11.8,82,0.0,,48,7.4,16.7,1025.6,0,4,2
2025-10-07 19:00:00,11.3,84,0.0,,50,7.4,16.7,1025.4,0,4,2
2025-10-07 20:00:00,10.8,86,0.0,,50,7.4,14.8,1025.2,0,4,2
2025-10-07 21:00:00,10.5,87,0.0,,56,7.4,16.7,1025.0,0,4,2
2025-10-07 22:00:00,9.8,90,0.0,,51,7.4,14.8,1025.2,0,4,2
2025-10-07 23:00:00,9.4,92,0.0,,45,7.4,14.8,1024.7,0,3,2
2025-10-08 00:00:00,9.1,93,0.0,,47,7.4,14.8,1024.5,0,3,2
2025-10-08 01:00:00,8.7,94,0.0,,49,7.4,14.8,1024.0,0,4,2
2025-10-08 02:00:00,8.5,96,0.0,,47,5.5,14.8,1023.7,0,5,2
2025-10-08 03:00:00,8.3,96,0.0,,45,5.5,13.0,1023.4,0,5,2
2025-10-08 04:00:00,8.2,96,0.0,,46,3.7,11.1,1023.3,0,6,3
2025-10-08 05:00:00,8.1,97,0.0,,40,3.7,9.3,1023.4,0,6,3
2025-10-08 06:00:00,8.5,96,0.0,,42,3.7,9.3,1023.5,5,7,3
2025-10-08 07:00:00,9.0,95,0.0,,49,3.7,7.4,1023.5,11,7,3
2025-10-08 08:00:00,9.7,94,0.0,,68,3.7,7.4,1023.3,17,7,3
2025-10-08 09:00:00,10.8,88,0.0,,120,3.7,7.4,1023.1,20,6,3
2025-10-08 10:00:00,11.8,84,0.0,,199,3.7,7.4,1022.5,22,7,3
2025-10-08 11:00:00,12.8,80,0.0,,218,3.7,9.3,1022.0,24,6,2
2025-10-08 12:00:00,13.9,75,0.0,,208,3.7,9.3,1021.2,30,6,2
2025-10-08 13:00:00,14.6,72,0.0,,231,3.7,11.1,1020.5,34,6,2
2025-10-08 14:00:00,14.7,72,0.0,,245,3.7,11.1,1020.2,33,6,2
2025-10-08 15:00:00,14.5,73,0.0,,212,3.7,9.3,1020.2,28,6,2
2025-10-08 16:00:00,14.0,76,0.0,,37,3.7,7.4,1020.7,17,6,2
2025-10-08 17:00:00,13.2,82,0.0,,44,1.8,5.5,1021.2,9,6,2
2025-10-08 18:00:00,12.4,87,0.0,,41,1.8,3.7,1021.8,0,6,2
2025-10-08 19:00:00,12.0,89,0.0,,29,1.8,3.7,1022.1,0,6,2
2025-10-08 20:00:00,11.7,91,0.0,,45,1.8,3.7,1022.3,0,6,2
2025-10-08 21:00:00,11.5,93,0.0,,33,1.8,3.7,1022.5,0,6,2
2025-10-08 22:00:00,11.1,96,0.0,,103,1.8,3.7,1022.7,0,6,2
2025-10-08 23:00:00,10.8,97,0.0,,44,0.0,3.7,1022.7,0,6,2
2025-10-09 00:00:00,10.6,98,0.0,,46,0.0,3.7,1022.9,0,7,3
2025-10-09 01:00:00,10.5,99,0.0,,81,1.8,3.7,1022.9,0,7,3
2025-10-09 02:00:00,10.4,99,0.0,,73,1.8,5.5,1022.9,0,7,3
2025-10-09 03:00:00,10.5,99,0.0,,75,1.8,5.5,1023.0,0,8,4
2025-10-09 04:00:00,10.6,97,0.0,,77,1.8,5.5,1023.1,0,7,4
2025-10-09 05:00:00,10.6,97,0.0,,61,1.8,7.4,1023.4,0,7,4
2025-10-09 06:00:00,10.8,96,0.0,,63,3.7,7.4,1023.7,0,8,4
2025-10-09 07:00:00,10.9,97,0.0,,45,3.7,7.4,1024.1,0,8,3
2025-10-09 08:00:00,11.3,95,0.0,,45,3.7,7.4,1024.5,0,7,3
2025-10-09 09:00:00,11.9,91,0.0,,43,3.7,9.3,1024.4,0,7,3
2025-10-09 10:00:00,12.6,87,0.0,,41,3.7,11.1,1024.3,3,7,3
2025-10-09 11:00:00,13.1,84,0.0,,36,5.5,13.0,1024.2,4,7,3
2025-10-09 12:00:00,13.8,81,0.0,,35,5.5,14.8,1023.9,5,7,3
2025-10-09 13:00:00,14.3,77,0.0,,35,7.4,14.8,1024.0,7,7,2
2025-10-09 14:00:00,14.5,76,0.0,,36,5.5,14.8,1024.0,15,7,3
2025-10-09 15:00:00,14.1,77,0.0,,37,5.5,14.8,1024.5,13,6,3
2025-10-09 16:00:00,13.7,79,0.0,,38,5.5,13.0,1025.0,11,6,3
2025-10-09 17:00:00,12.8,83,0.0,,33,5.5,13.0,1025.7,8,6,3
2025-10-09 18:00:00,12.3,85,0.0,,37,5.5,13.0,1026.4,0,6,2
2025-10-09 19:00:00,11.8,87,0.0,,38,5.5,13.0,1027.0,0,6,2
2025-10-09 20:00:00,11.3,88,0.0,,36,5.5,14.8,1027.4,0,6,2
2025-10-09 21:00:00,10.8,91,0.0,,38,5.5,13.0,1027.9,0,6,2
2025-10-09 22:00:00,10.2,92,0.0,,41,5.5,14.8,1028.1,0,6,2
2025-10-09 23:00:00,9.8,94,0.0,,41,5.5,14.8,1028.3,0,5,2
2025-10-10 00:00:00,9.4,94,0.0,,38,7.4,14.8,1029.1,0,4,2
2025-10-10 01:00:00,9.2,94,0.0,,40,7.4,14.8,1029.1,0,5,2
2025-10-10 02:00:00,8.9,94,0.0,,41,7.4,14.8,1029.2,0,5,2
2025-10-10 03:00:00,8.7,95,0.0,,39,5.5,13.0,1029.3,0,5,3
2025-10-10 04:00:00,8.5,95,0.0,,42,5.5,13.0,1029.8,0,5,3
2025-10-10 05:00:00,8.3,95,0.0,,44,5.5,13.0,1030.4,0,6,3
2025-10-10 06:00:00,8.6,94,0.0,,41,5.5,13.0,1030.8,2,6,3
2025-10-10 07:00:00,9.0,93,0.0,,40,5.5,14.8,1031.4,7,7,3
2025-10-10 08:00:00,9.8,91,0.0,,42,7.4,16.7,1031.7,11,6,3
2025-10-10 09:00:00,10.7,86,0.0,,44,7.4,18.5,1031.6,14,7,3
2025-10-10 10:00:00,11.9,81,0.0,,44,9.3,20.4,1031.6,20,6,3
2025-10-10 11:00:00,12.7,78,0.0,,42,9.3,22.2,1031.0,25,6,3
2025-10-10 12:00:00,13.6,73,0.0,,45,11.1,25.9,1030.8,27,5,2
2025-10-10 13:00:00,14.2,71,0.0,,46,9.3,24.1,1030.2,30,5,2
2025-10-10 14:00:00,14.4,71,0.0,,48,9.3,24.1,1030.0,31,5,2
2025-10-10 15:00:00,14.2,70,0.0,,49,7.4,20.4,1030.0,32,5,2
2025-10-10 16:00:00,13.4,75,0.0,,49,7.4,18.5,1030.3,23,5,2
2025-10-10 17:00:00,12.3,80,0.0,,47,5.5,16.7,1030.9,14,4,2
2025-10-10 18:00:00,11.4,85,0.0,,42,5.5,14.8,1031.3,0,3,2
2025-10-10 19:00:00,10.8,88,0.0,,44,7.4,14.8,1031.8,0,4,2
2025-10-10 20:00:00,10.4,90,0.0,,44,7.4,14.8,1032.0,0,4,2
2025-10-10 21:00:00,9.9,92,0.0,,44,7.4,16.7,1032.3,0,4,2
2025-10-10 22:00:00,9.5,93,0.0,,44,7.4,18.5,1032.6,0,4,2
2025-10-10 23:00:00,9.4,94,0.0,,44,7.4,16.7,1032.7,0,4,2
2025-10-11 00:00:00,9.2,94,0.0,,43,7.4,14.8,1032.3,0,3,2
2025-10-11 01:00:00,8.9,95,0.0,,43,7.4,14.8,1032.6,0,4,2
2025-10-11 02:00:00,8.9,94,0.0,,46,5.5,14.8,1032.5,0,4,2
2025-10-11 03:00:00,8.9,93,0.0,,46,5.5,14.8,1032.6,0,4,2
2025-10-11 04:00:00,8.6,95,0.0,,45,5.5,13.0,1032.2,0,5,3
2025-10-11 05:00:00,8.7,93,0.0,,41,5.5,11.1,1032.2,0,5,3
2025-10-11 06:00:00,8.9,93,0.0,,44,5.5,13.0,1032.7,3,7,3
2025-10-11 07:00:00,9.2,92,0.0,,44,5.5,13.0,1032.7,6,7,3
2025-10-11 08:00:00,9.8,90,0.0,,42,5.5,13.0,1033.0,14,6,3
2025-10-11 09:00:00,10.4,88,0.0,,46,5.5,13.0,1032.7,10,6,4
2025-10-11 10:00:00,11.0,85,0.0,,44,7.4,14.8,1032.4,17,6,4
2025-10-11 11:00:00,11.8,82,0.0,,43,7.4,16.7,1031.7,23,5,3
2025-10-11 12:00:00,12.7,77,0.0,,44,7.4,20.4,1031.0,25,5,2
2025-10-11 13:00:00,13.4,74,0.0,,41,7.4,18.5,1030.2,29,5,2
2025-10-11 14:00:00,13.7,72,0.0,,41,7.4,18.5,1029.7,30,5,2
2025-10-11 15:00:00,13.4,74,0.0,,42,5.5,18.5,1029.5,29,5,2
2025-10-11 16:00:00,13.2,71,0.0,,59,7.4,20.4,1030.4,29,4,2
2025-10-11 17:00:00,12.0,79,0.0,,50,7.4,18.5,1030.7,18,4,2
2025-10-11 18:00:00,11.2,80,0.0,,48,7.4,14.8,1031.0,0,4,2
2025-10-11 19:00:00,10.5,83,0.0,,48,7.4,14.8,1031.2,0,4,2
2025-10-11 20:00:00,10.1,85,0.0,,45,7.4,16.7,1031.4,0,4,2
2025-10-11 21:00:00,9.7,86,0.0,,45,7.4,16.7,1031.5,0,4,2
2025-10-11 22:00:00,9.6,86,0.0,,45,5.5,13.0,1031.2,0,4,2
2025-10-11 23:00:00,9.1,88,0.0,,46,5.5,13.0,1031.3,0,4,2
2025-10-12 00:00:00,8.9,89,0.0,,44,5.5,13.0,1031.2,0,3,2
2025-10-12 01:00:00,8.6,89,0.0,,43,5.5,13.0,1030.9,0,4,2
2025-10-12 02:00:00,8.4,90,0.0,,39,5.5,13.0,1030.6,0,4,2
2025-10-12 03:00:00,8.0,92,0.0,,34,5.5,13.0,1030.5,0,4,2
2025-10-12 04:00:00,7.4,95,0.0,,41,5.5,11.1,1030.8,0,5,2
2025-10-12 05:00:00,7.4,93,0.0,,38,5.5,11.1,1030.3,0,6,2
2025-10-12 06:00:00,7.6,93,0.0,,39,5.5,11.1,1029.9,4,7,2
2025-10-12 07:00:00,8.0,92,0.0,,48,5.5,11.1,1029.8,9,7,3
2025-10-12 08:00:00,8.9,89,0.0,,47,5.5,13.0,1029.7,9,6,4
2025-10-12 09:00:00,9.6,86,0.0,,46,5.5,14.8,1029.6,14,6,4
2025-10-12 10:00:00,10.9,80,0.0,,46,5.5,14.8,1028.5,22,6,2
2025-10-12 11:00:00,11.9,76,0.0,,45,7.4,16.7,1027.9,26,6,2
2025-10-12 12:00:00,12.5,72,0.0,,42,7.4,18.5,1027.2,29,6,2
2025-10-12 13:00:00,13.0,69,0.0,,43,7.4,20.4,1026.8,31,5,2
2025-10-12 14:00:00,13.3,67,0.0,,44,7.4,18.5,1026.4,35,5,2
2025-10-12 15:00:00,13.1,68,0.0,,44,7.4,16.7,1026.3,32,4,2
2025-10-12 16:00:00,12.7,70,0.0,,55,5.5,16.7,1026.4,28,5,2
2025-10-12 17:00:00,11.6,77,0.0,,45,5.5,14.8,1026.8,16,5,2
2025-10-12 18:00:00,10.7,80,0.0,,46,5.5,13.0,1027.3,0,5,2
2025-10-12 19:00:00,10.1,82,0.0,,47,7.4,14.8,1027.3,0,4,2
2025-10-12 20:00:00,9.6,84,0.0,,46,7.4,14.8,1027.3,0,4,2
2025-10-12 21:00:00,9.3,84,0.0,,49,7.4,14.8,1027.0,0,4,2
2025-10-12 22:00:00,9.2,84,0.0,,45,7.4,14.8,1027.0,0,4,2
2025-10-12 23:00:00,8.7,86,0.0,,44,7.4,14.8,1027.0,0,4,2
2025-10-13 00:00:00,8.4,88,0.0,,42,7.4,16.7,1026.9,0,3,2
2025-10-13 01:00:00,8.1,88,0.0,,41,7.4,16.7,1026.6,0,4,2
2025-10-13 02:00:00,7.8,90,0.0,,39,7.4,14.8,1026.4,0,4,2
2025-10-13 03:00:00,7.7,91,0.0,,38,7.4,14.8,1026.2,0,4,2
2025-10-13 04:00:00,7.0,95,0.0,,42,7.4,16.7,1026.4,0,5,2
2025-10-13 05:00:00,7.1,93,0.0,,43,7.4,16.7,1025.9,0,6,3
2025-10-13 06:00:00,7.5,93,0.0,,45,7.4,16.7,1025.8,2,7,3
2025-10-13 07:00:00,7.9,91,0.0,,48,7.4,14.8,1025.9,4,8,3
2025-10-13 08:00:00,8.5,89,0.0,,46,7.4,16.7,1025.9,7,7,3
2025-10-13 09:00:00,9.0,87,0.0,,45,7.4,18.5,1025.9,7,6,4
2025-10-13 10:00:00,10.0,84,0.0,,43,9.3,22.2,1024.7,10,6,3
2025-10-13 11:00:00,10.9,80,0.0,,43,11.1,25.9,1024.3,17,6,2
2025-10-13 12:00:00,11.7,75,0.0,,46,11.1,25.9,1023.9,19,6,2
2025-10-13 13:00:00,12.1,75,0.0,,43,11.1,25.9,1023.5,21,6,2
2025-10-13 14:00:00,12.5,72,0.0,,50,9.3,25.9,1023.2,24,6,2
2025-10-13 15:00:00,12.5,73,0.0,,48,7.4,22.2,1023.2,22,6,3
2025-10-13 16:00:00,12.2,76,0.0,,58,7.4,24.1,1023.6,21,6,2
2025-10-13 17:00:00,11.6,80,0.0,,51,7.4,20.4,1023.7,11,6,2
2025-10-13 18:00:00,11.2,82,0.0,,50,7.4,18.5,1024.0,0,6,2
2025-10-13 19:00:00,10.7,84,0.0,,51,7.4,18.5,1024.1,0,6,2
2025-10-13 20:00:00,10.3,86,0.0,,51,7.4,18.5,1024.4,0,6,2
2025-10-13 21:00:00,10.1,86,0.0,,49,9.3,20.4,1024.4,0,6,2
2025-10-13 22:00:00,9.8,87,0.0,,49,7.4,18.5,1024.3,0,6,2
2025-10-13 23:00:00,9.6,88,0.0,,44,7.4,18.5,1024.3,0,6,2
2025-10-14 00:00:00,9.5,89,0.0,,44,7.4,18.5,1024.3,0,5,2
2025-10-14 01:00:00,9.5,88,0.0,,42,7.4,18.5,1024.1,0,6,3
2025-10-14 02:00:00,9.2,90,0.0,,40,7.4,16.7,1023.9,0,6,3
2025-10-14 03:00:00,9.0,92,0.0,,43,5.5,14.8,1023.8,0,6,3
2025-10-14 04:00:00,8.3,94,0.0,,42,5.5,14.8,1024.6,0,7,3
2025-10-14 05:00:00,8.4,92,0.0,,40,5.5,14.8,1024.3,0,7,3
2025-10-14 06:00:00,8.4,93,0.0,,40,5.5,13.0,1024.3,0,8,3
2025-10-14 07:00:00,8.7,92,0.0,,47,5.5,13.0,1024.3,1,8,3
2025-10-14 08:00:00,9.3,89,0.0,,49,5.5,14.8,1024.5,0,7,3
2025-10-14 09:00:00,9.8,88,0.0,,46,7.4,16.7,1024.5,4,6,4
2025-10-14 10:00:00,10.7,82,0.0,,43,5.5,13.0,1024.4,0,7,3
2025-10-14 11:00:00,11.5,78,0.0,,41,7.4,16.7,1024.1,8,7,3
2025-10-14 12:00:00,12.0,75,0.0,,38,7.4,18.5,1023.8,15,7,2
2025-10-14 13:00:00,12.2,74,0.0,,42,7.4,20.4,1023.5,15,7,2
2025-10-14 14:00:00,12.3,72,0.0,,41,7.4,18.5,1023.2,22,6,2
2025-10-14 15:00:00,12.1,73,0.0,,42,7.4,18.5,1023.2,18,6,3
2025-10-14 16:00:00,11.6,73,0.0,,89,3.7,13.0,1023.6,15,6,2
2025-10-14 17:00:00,10.8,78,0.0,,68,3.7,11.1,1023.8,9,5,2
2025-10-14 18:00:00,10.1,82,0.0,,62,5.5,11.1,1024.2,0,5,2
2025-10-14 19:00:00,9.5,84,0.0,,53,5.5,13.0,1024.5,0,5,2
2025-10-14 20:00:00,9.1,86,0.0,,51,5.5,13.0,1024.6,0,5,2
2025-10-14 21:00:00,8.7,86,0.0,,52,7.4,14.8,1024.5,0,4,2
2025-10-14 22:00:00,7.0,92,0.0,,41,5.5,11.1,1024.9,0,3,2
2025-10-14 23:00:00,7.0,91,0.0,,42,7.4,13.0,1024.8,0,2,2
2025-10-15 00:00:00,7.0,91,0.0,,40,7.4,14.8,1024.8,0,2,2
2025-10-15 01:00:00,6.9,91,0.0,,42,7.4,16.7,1024.6,0,3,2
2025-10-15 02:00:00,6.7,92,0.0,,38,7.4,14.8,1024.7,0,3,2
2025-10-15 03:00:00,6.4,93,0.0,,38,5.5,14.8,1024.8,0,4,2
2025-10-15 04:00:00,5.6,97,0.0,,43,5.5,11.1,1025.3,0,4,2
2025-10-15 05:00:00,5.6,97,0.0,,40,5.5,13.0,1025.3,0,5,2
2025-10-15 06:00:00,5.9,97,0.0,,43,5.5,13.0,1025.2,0,6,2
2025-10-15 07:00:00,6.5,94,0.0,,42,5.5,14.8,1025.3,12,6,2
2025-10-15 08:00:00,7.3,91,0.0,,43,7.4,18.5,1025.2,18,6,3
2025-10-15 09:00:00,8.3,86,0.0,,43,9.3,20.4,1025.0,21,6,3
2025-10-15 10:00:00,9.1,86,0.0,,45,9.3,20.4,1024.7,12,6,3
2025-10-15 11:00:00,10.4,78,0.0,,44,11.1,24.1,1024.0,25,6,2
2025-10-15 12:00:00,11.3,72,0.0,,44,11.1,27.8,1023.3,35,5,2
2025-10-15 13:00:00,11.9,70,0.0,,46,11.1,27.8,1022.7,37,5,2
2025-10-15 14:00:00,12.3,67,0.0,,48,9.3,27.8,1022.4,38,5,2
2025-10-15 15:00:00,12.0,68,0.0,,47,7.4,24.1,1022.5,32,5,2
2025-10-15 16:00:00,12.0,72,0.0,,74,5.5,16.7,1022.8,27,5,2
2025-10-15 17:00:00,10.9,78,0.0,,60,5.5,16.7,1023.2,13,5,2
2025-10-15 18:00:00,10.0,82,0.0,,57,5.5,14.8,1023.6,0,5,2
2025-10-15 19:00:00,9.4,84,0.0,,53,5.5,16.7,1023.9,0,5,2
2025-10-15 20:00:00,8.9,86,0.0,,51,7.4,16.7,1024.1,0,4,2
2025-10-15 21:00:00,8.4,87,0.0,,49,7.4,16.7,1024.1,0,4,2
2025-10-15 22:00:00,9.1,86,0.0,,44,5.5,11.1,1023.9,0,4,2
2025-10-15 23:00:00,8.5,87,0.0,,42,5.5,13.0,1023.8,0,3,2
2025-10-16 00:00:00,8.1,89,0.0,,43,5.5,14.8,1023.8,0,3,2
2025-10-16 01:00:00,7.7,91,0.0,,42,5.5,14.8,1023.6,0,4,2
2025-10-16 02:00:00,7.4,92,0.0,,40,5.5,13.0,1023.6,0,4,2
2025-10-16 03:00:00,7.4,92,0.0,,39,5.5,13.0,1023.5,0,5,2
2025-10-16 04:00:00,7.2,95,0.0,,53,3.7,7.4,1023.4,0,6,2
2025-10-16 05:00:00,7.1,95,0.0,,46,3.7,9.3,1023.4,0,6,2
2025-10-16 06:00:00,7.4,95,0.0,,45,3.7,11.1,1023.5,0,7,2
2025-10-16 07:00:00,7.7,93,0.0,,49,5.5,11.1,1023.6,3,7,3
2025-10-16 08:00:00,8.4,89,0.0,,48,5.5,14.8,1023.8,3,7,3
2025-10-16 09:00:00,8.7,89,0.0,,47,5.5,14.8,1023.7,5,6,3
2025-10-16 10:00:00,9.4,84,0.0,,43,7.4,16.7,1023.4,8,7,3
2025-10-16 11:00:00,10.0,81,0.0,,43,7.4,18.5,1023.1,11,7,3
2025-10-16 12:00:00,10.7,77,0.0,,44,7.4,18.5,1022.7,16,7,2
2025-10-16 13:00:00,11.1,75,0.0,,42,7.4,20.4,1022.4,16,6,2
2025-10-16 14:00:00,11.2,72,0.0,,46,7.4,18.5,1022.1,20,6,2
2025-10-16 15:00:00,10.9,73,0.0,,45,7.4,16.7,1022.2,19,6,3
2025-10-16 16:00:00,11.3,72,0.0,,71,3.7,14.8,1021.6,36,6,2
2025-10-16 17:00:00,10.1,78,0.0,,56,5.5,13.0,1022.0,14,6,2
2025-10-16 18:00:00,9.3,82,0.0,,53,5.5,13.0,1022.4,0,5,2
2025-10-16 19:00:00,8.6,85,0.0,,48,5.5,13.0,1022.8,0,5,2
2025-10-16 20:00:00,8.1,87,0.0,,49,7.4,16.7,1023.2,0,5,2
2025-10-16 21:00:00,7.8,88,0.0,,49,7.4,16.7,1023.3,0,5,2
2025-10-16 22:00:00,8.3,87,0.0,,35,7.4,16.7,1023.0,0,2,1
2025-10-16 23:00:00,7.8,89,0.0,,37,7.4,16.7,1023.0,0,3,1
2025-10-17 00:00:00,7.5,91,0.0,,38,7.4,16.7,1023.0,0,3,2
2025-10-17 01:00:00,7.3,90,0.0,,38,7.4,16.7,1022.9,0,5,2
2025-10-17 02:00:00,6.9,92,0.0,,34,5.5,14.8,1022.7,0,5,2
2025-10-17 03:00:00,6.8,92,0.0,,33,5.5,13.0,1022.7,0,5,2
2025-10-17 04:00:00,7.0,90,0.0,,34,5.5,18.5,1022.5,0,5,2
2025-10-17 05:00:00,7.0,89,0.0,,39,5.5,14.8,1022.6,0,6,2
2025-10-17 06:00:00,6.9,91,0.0,,41,5.5,13.0,1022.8,0,7,3
2025-10-17 07:00:00,7.1,91,0.0,,46,5.5,13.0,1023.1,3,7,3
2025-10-17 08:00:00,7.7,88,0.0,,45,5.5,14.8,1023.4,3,7,3
2025-10-17 09:00:00,8.2,87,0.0,,43,7.4,16.7,1023.3,5,7,3
2025-10-17 10:00:00,10.0,76,0.0,,34,7.4,16.7,1022.8,11,7,3
2025-10-17 11:00:00,10.9,71,0.0,,37,7.4,16.7,1022.6,18,7,2
2025-10-17 12:00:00,11.4,68,0.0,,37,7.4,18.5,1022.2,22,7,2
2025-10-17 13:00:00,11.6,67,0.1,,44,7.4,18.5,1021.9,21,6,2
2025-10-17 14:00:00,11.5,66,0.0,,46,7.4,18.5,1021.7,26,6,2
2025-10-17 15:00:00,11.2,67,0.0,,48,7.4,18.5,1021.8,23,5,2
2025-10-17 16:00:00,10.6,69,0.0,,44,5.5,14.8,1022.3,9,6,2
2025-10-17 17:00:00,9.4,77,0.0,,43,5.5,13.0,1022.8,7,5,2
2025-10-17 18:00:00,8.6,80,0.0,,49,5.5,13.0,1023.1,0,5,2
2025-10-17 19:00:00,8.0,83,0.0,,49,5.5,13.0,1023.5,0,4,2
2025-10-17 20:00:00,7.5,84,0.0,,52,5.5,13.0,1023.7,0,4,2
2025-10-17 21:00:00,7.1,85,0.0,,52,7.4,13.0,1023.9,0,4,2
2025-10-17 22:00:00,7.7,86,0.0,,51,5.5,11.1,1023.9,0,5,2
2025-10-17 23:00:00,7.0,88,0.0,,48,5.5,13.0,1024.0,0,4,2
2025-10-18 00:00:00,6.5,91,0.0,,49,5.5,11.1,1024.2,0,4,2
2025-10-18 01:00:00,6.1,91,0.0,,49,5.5,13.0,1024.5,0,4,2
2025-10-18 02:00:00,5.6,93,0.0,,43,5.5,13.0,1024.8,0,4,2
2025-10-18 03:00:00,5.3,94,0.0,,42,5.5,13.0,1025.0,0,4,2
2025-10-18 04:00:00,4.8,91,0.0,,45,5.5,13.0,1025.0,0,4,2
2025-10-18 05:00:00,4.7,93,0.0,,43,5.5,14.8,1025.2,0,5,2
2025-10-18 06:00:00,5.1,93,0.0,,46,5.5,13.0,1025.4,0,6,2
2025-10-18 07:00:00,5.8,90,0.0,,50,5.5,13.0,1025.5,17,6,2
2025-10-18 08:00:00,7.0,85,0.0,,52,5.5,14.8,1025.6,26,6,2
2025-10-18 09:00:00,7.9,82,0.0,,49,7.4,16.7,1025.3,34,5,2
2025-10-18 10:00:00,9.9,73,0.0,,53,7.4,18.5,1024.8,54,4,2
2025-10-18 11:00:00,11.1,68,0.0,,51,9.3,22.2,1024.2,55,4,2
2025-10-18 12:00:00,11.8,63,0.0,,49,9.3,25.9,1023.4,56,3,2
2025-10-18 13:00:00,12.3,61,0.0,,51,11.1,25.9,1022.9,55,3,1
2025-10-18 14:00:00,12.4,59,0.0,,52,9.3,25.9,1022.6,53,3,2
2025-10-18 15:00:00,12.0,59,0.0,,52,7.4,24.1,1022.6,44,3,2
2025-10-18 16:00:00,12.1,57,0.0,,57,7.4,22.2,1022.1,46,2,2
2025-10-18 17:00:00,10.2,66,0.0,,51,7.4,20.4,1022.8,24,2,2
2025-10-18 18:00:00,8.9,72,0.0,,52,7.4,18.5,1023.4,0,2,1
2025-10-18 19:00:00,8.3,74,0.0,,54,7.4,18.5,1023.7,0,3,1
2025-10-18 20:00:00,7.6,78,0.0,,54,7.4,16.7,1023.8,0,3,2
2025-10-18 21:00:00,7.2,80,0.0,,56,7.4,14.8,1023.8,0,4,2
2025-10-18 22:00:00,6.8,82,0.0,,53,5.5,13.0,1023.6,0,4,2
2025-10-18 23:00:00,6.4,85,0.0,,53,5.5,13.0,1023.3,0,4,2
2025-10-19 00:00:00,6.1,87,0.0,,60,5.5,11.1,1023.0,0,4,2
2025-10-19 01:00:00,5.9,88,0.0,,62,3.7,11.1,1022.6,0,5,2
2025-10-19 02:00:00,5.7,89,0.0,,80,3.7,9.3,1022.4,0,5,2
2025-10-19 03:00:00,5.7,89,0.0,,75,3.7,9.3,1022.1,0,6,3
2025-10-19 04:00:00,5.1,92,0.0,,74,3.7,7.4,1021.7,0,6,3
2025-10-19 05:00:00,5.1,94,0.0,,69,1.8,7.4,1021.4,0,7,3
2025-10-19 06:00:00,5.5,93,0.0,,71,3.7,7.4,1021.2,0,7,3
2025-10-19 07:00:00,6.2,90,0.0,,115,1.8,7.4,1021.1,5,7,3
2025-10-19 08:00:00,7.1,88,0.0,,123,3.7,7.4,1020.6,9,7,3
2025-10-19 09:00:00,8.0,86,0.0,,126,3.7,9.3,1020.2,15,8,3
2025-10-19 10:00:00,8.9,84,0.0,,107,3.7,9.3,1019.5,10,7,3
2025-10-19 11:00:00,10.0,79,0.0,,92,3.7,11.1,1018.4,20,6,2
2025-10-19 12:00:00,10.9,74,0.0,,188,3.7,11.1,1017.4,18,6,2
2025-10-19 13:00:00,11.3,73,0.0,,225,3.7,11.1,1016.5,16,6,2
2025-10-19 14:00:00,11.5,73,0.0,,232,3.7,11.1,1015.8,14,6,2
2025-10-19 15:00:00,11.3,74,0.0,,182,3.7,9.3,1015.3,12,6,3
2025-10-19 16:00:00,12.1,76,0.0,,139,3.7,9.3,1014.6,1,6,3
2025-10-19 17:00:00,10.7,84,0.0,,124,3.7,9.3,1014.8,0,6,2
2025-10-19 18:00:00,10.2,86,0.0,,113,3.7,9.3,1014.7,0,6,2
2025-10-19 19:00:00,9.7,87,0.0,,107,3.7,9.3,1014.4,0,6,2
2025-10-19 20:00:00,9.5,87,0.0,,107,3.7,9.3,1014.0,0,6,2
2025-10-19 21:00:00,9.1,89,0.0,,117,3.7,7.4,1013.8,0,6,2
2025-10-19 22:00:00,9.8,86,0.0,,126,3.7,9.3,1013.2,0,7,3
2025-10-19 23:00:00,9.4,87,0.0,,142,1.8,9.3,1012.7,0,7,3
2025-10-20 00:00:00,9.1,88,0.0,,132,3.7,7.4,1012.2,0,7,3
2025-10-20 01:00:00,8.9,89,0.0,,107,3.7,9.3,1011.2,0,7,3
2025-10-20 02:00:00,8.7,90,0.0,,93,3.7,9.3,1010.6,0,7,3
2025-10-20 03:00:00,9.0,87,0.0,,73,3.7,11.1,1010.0,0,8,4
2025-10-20 04:00:00,9.3,80,0.0,,76,5.5,13.0,1009.1,0,8,3
2025-10-20 05:00:00,9.2,82,0.0,,64,3.7,13.0,1008.5,0,8,3
2025-10-20 06:00:00,9.3,82,0.0,,50,3.7,11.1,1008.4,0,8,3
2025-10-20 07:00:00,9.6,82,0.0,,59,3.7,11.1,1008.4,0,8,3
2025-10-20 08:00:00,9.7,84,0.0,,81,3.7,11.1,1008.2,0,8,7
2025-10-20 09:00:00,9.9,85,0.1,,177,3.7,11.1,1008.3,0,8,7
2025-10-20 10:00:00,11.2,84,0.0,,315,3.7,9.3,1007.6,0,8,7
2025-10-20 11:00:00,11.1,85,0.1,,246,5.5,13.0,1006.9,0,8,7
2025-10-20 12:00:00,11.1,86,0.9,,219,3.7,11.1,1006.6,0,8,7
2025-10-20 13:00:00,10.9,88,0.5,,224,3.7,11.1,1006.0,0,8,7
2025-10-20 14:00:00,10.8,90,0.0,,215,5.5,11.1,1005.7,0,8,7
2025-10-20 15:00:00,10.6,91,0.0,,180,5.5,11.1,1005.3,0,7,3
2025-10-20 16:00:00,10.8,93,0.3,,295,3.7,7.4,1005.5,0,7,3
2025-10-20 17:00:00,10.3,94,0.0,,286,3.7,9.3,1005.5,0,7,3
2025-10-20 18:00:00,10.0,94,0.0,,285,3.7,11.1,1005.5,0,6,2
2025-10-20 19:00:00,9.8,94,0.0,,228,3.7,11.1,1005.6,0,6,2
2025-10-20 20:00:00,10.0,91,0.0,,218,5.5,11.1,1005.3,0,6,2
2025-10-20 21:00:00,9.8,93,0.0,,217,5.5,16.7,1005.3,0,7,3
2025-10-20 22:00:00,10.7,87,0.0,,189,7.4,16.7,1004.5,0,8,4
2025-10-20 23:00:00,10.5,87,0.0,,203,7.4,18.5,1004.5,0,8,3
2025-10-21 00:00:00,10.3,87,0.0,,208,9.3,20.4,1004.3,0,7,3
2025-10-21 01:00:00,10.3,89,0.0,,209,9.3,22.2,1004.2,0,7,3
2025-10-21 02:00:00,10.2,89,0.0,,208,9.3,24.1,1004.3,0,7,4
2025-10-21 03:00:00,10.2,89,0.0,,205,9.3,24.1,1004.2,0,7,4
2025-10-21 04:00:00,10.2,90,1.8,,199,9.3,18.5,1004.0,0,7,3
2025-10-21 05:00:00,10.0,92,0.2,,209,9.3,22.2,1004.1,0,7,3
2025-10-21 06:00:00,10.3,91,0.0,,210,9.3,22.2,1004.4,0,8,2
2025-10-21 07:00:00,10.6,89,0.0,,211,9.3,22.2,1004.8,3,8,2
2025-10-21 08:00:00,11.3,86,0.0,,209,9.3,22.2,1004.9,6,8,7
2025-10-21 09:00:00,11.9,84,0.0,,205,9.3,24.1,1005.0,8,7,3
2025-10-21 10:00:00,12.3,83,5.2,,208,11.1,24.1,1004.9,9,8,3
2025-10-21 11:00:00,12.7,81,0.1,,212,9.3,25.9,1004.7,15,8,3
2025-10-21 12:00:00,13.3,78,0.0,,213,11.1,24.1,1004.4,7,8,2
2025-10-21 13:00:00,13.4,78,0.0,,214,11.1,25.9,1004.0,11,8,2
2025-10-21 14:00:00,13.3,79,0.0,,219,9.3,24.1,1003.6,7,8,3
2025-10-21 15:00:00,13.1,79,0.0,,219,9.3,22.2,1003.6,11,7,3
2025-10-21 16:00:00,12.5,83,0.2,,210,7.4,22.2,1003.8,3,7,3
2025-10-21 17:00:00,12.1,86,0.8,,207,7.4,18.5,1003.9,0,7,3
2025-10-21 18:00:00,11.7,88,0.7,,199,7.4,18.5,1004.2,0,7,7
2025-10-21 19:00:00,11.4,90,0.2,,201,5.5,16.7,1004.1,0,7,7
2025-10-21 20:00:00,11.3,91,0.1,,199,5.5,16.7,1004.3,0,8,7
2025-10-21 21:00:00,11.3,92,0.5,,203,5.5,16.7,1004.4,0,8,7
2025-10-21 22:00:00,11.5,95,0.6,,190,3.7,9.3,1003.8,0,8,7
2025-10-21 23:00:00,11.3,95,0.3,,205,5.5,13.0,1003.5,0,8,7
2025-10-22 00:00:00,11.4,94,0.0,,214,7.4,16.7,1003.2,0,8,7
2025-10-22 01:00:00,11.5,92,0.3,,209,7.4,14.8,1002.8,0,8,8
2025-10-22 02:00:00,11.5,92,0.4,,204,7.4,16.7,1002.6,0,8,8
2025-10-22 03:00:00,11.5,93,0.3,,205,7.4,16.7,1002.3,0,8,8
2025-10-22 04:00:00,11.1,95,0.2,,175,3.7,9.3,1001.7,0,8,8
2025-10-22 05:00:00,11.0,97,0.1,,187,5.5,13.0,1001.7,0,8,8
2025-10-22 06:00:00,11.1,97,1.9,,200,5.5,13.0,1002.0,0,8,8
2025-10-22 07:00:00,11.1,97,0.7,,206,5.5,14.8,1002.5,0,8,8
2025-10-22 08:00:00,11.5,96,0.2,,210,7.4,16.7,1002.9,0,8,8
2025-10-22 09:00:00,12.1,94,0.0,,202,7.4,16.7,1003.5,0,8,8
2025-10-22 10:00:00,12.7,96,0.0,,212,9.3,29.6,1005.0,0,8,8
2025-10-22 11:00:00,13.0,94,0.0,,211,11.1,27.8,1004.8,0,8,8
2025-10-22 12:00:00,13.4,93,0.1,,209,11.1,25.9,1004.4,0,8,8
2025-10-22 13:00:00,13.3,95,0.4,,209,11.1,27.8,1004.1,0,8,7
2025-10-22 14:00:00,13.1,96,0.0,,207,11.1,25.9,1003.8,0,8,7
2025-10-22 15:00:00,13.1,94,0.0,,206,9.3,24.1,1003.6,0,8,7
2025-10-22 16:00:00,13.5,94,0.0,,220,5.5,9.3,1003.0,0,8,7
2025-10-22 17:00:00,13.3,94,0.0,,210,5.5,16.7,1003.0,0,8,7
2025-10-22 18:00:00,13.2,94,0.0,,211,7.4,20.4,1003.0,0,8,7
2025-10-22 19:00:00,13.1,94,0.6,,208,7.4,20.4,1002.9,0,8,7
2025-10-22 20:00:00,13.0,93,0.5,,208,7.4,20.4,1002.8,0,8,7
2025-10-22 21:00:00,12.9,91,2.6,,205,7.4,22.2,1002.6,0,7,7
2025-10-22 22:00:00,13.1,89,1.4,,220,11.1,25.9,1002.0,0,8,7
2025-10-22 23:00:00,13.1,88,0.0,,219,11.1,25.9,1001.3,0,8,7
2025-10-23 00:00:00,13.1,88,0.6,,216,13.0,27.8,1000.5,0,8,7
2025-10-23 01:00:00,13.0,88,0.5,,213,13.0,31.5,999.5,0,8,7
2025-10-23 02:00:00,13.1,87,0.0,,210,14.8,33.3,998.4,0,8,7
2025-10-23 03:00:00,12.9,87,0.0,,211,14.8,33.3,997.3,0,8,7
2025-10-23 04:00:00,11.9,93,0.0,,206,9.3,25.9,996.4,0,8,7
2025-10-23 05:00:00,11.8,94,1.0,,212,11.1,27.8,995.2,0,8,7
2025-10-23 06:00:00,11.8,94,1.9,,217,11.1,27.8,994.0,0,8,8
2025-10-23 07:00:00,11.8,93,0.0,,231,13.0,33.3,994.0,0,8,8
2025-10-23 08:00:00,11.5,93,1.8,,241,16.7,40.8,994.6,0,8,8
2025-10-23 09:00:00,10.7,94,3.7,,237,22.2,55.5,995.8,0,8,8
2025-10-23 10:00:00,11.7,85,5.2,,238,29.6,59.3,995.2,0,8,8
2025-10-23 11:00:00,11.4,82,1.7,,237,33.3,70.4,995.4,0,8,8
2025-10-23 12:00:00,11.2,77,0.1,,238,37.0,79.6,995.9,0,8,8
2025-10-23 13:00:00,11.2,71,0.2,,240,38.9,87.0,996.7,0,8,7
2025-10-23 14:00:00,11.5,67,0.0,,241,40.8,92.6,997.0,0,7,7
2025-10-23 15:00:00,11.0,66,0.0,,240,42.6,94.5,997.6,5,6,3
2025-10-23 16:00:00,11.1,60,0.2,,225,48.2,109.3,998.0,10,7,3
2025-10-23 17:00:00,11.1,61,0.2,,232,40.8,103.7,999.3,2,7,3
2025-10-23 18:00:00,10.6,66,0.3,,233,38.9,94.5,1000.3,0,8,17
2025-10-23 19:00:00,10.3,69,0.4,,237,38.9,88.9,1001.4,0,7,7
2025-10-23 20:00:00,9.7,72,0.5,,237,33.3,77.8,1002.3,0,7,7
2025-10-23 21:00:00,9.7,73,0.8,,238,29.6,72.2,1003.1,0,7,7
2025-10-23 22:00:00,9.4,74,0.3,,236,27.8,70.4,1004.2,0,6,7
2025-10-23 23:00:00,9.2,74,0.2,,235,27.8,66.7,1004.9,0,6,7
2025-10-24 00:00:00,8.5,75,0.0,,236,27.8,68.5,1005.5,0,7,7
2025-10-24 01:00:00,8.0,75,0.2,,237,29.6,72.2,1006.5,0,7,7
2025-10-24 02:00:00,7.5,77,0.2,,237,29.6,72.2,1007.4,0,7,7
2025-10-24 03:00:00,7.0,80,0.0,,239,29.6,66.7,1008.2,0,7,7
2025-10-24 04:00:00,6.9,80,0.2,,240,27.8,64.8,1008.7,0,6,7
2025-10-24 05:00:00,6.7,78,0.7,,239,27.8,64.8,1009.3,0,6,3
2025-10-24 06:00:00,6.5,78,1.2,,240,25.9,63.0,1009.7,0,6,2
2025-10-24 07:00:00,6.5,77,3.5,,239,24.1,57.4,1010.7,4,6,2
2025-10-24 08:00:00,6.6,76,0.1,,239,24.1,55.5,1011.3,9,6,2
2025-10-24 09:00:00,6.7,75,0.1,,241,24.1,55.5,1011.7,13,6,2
2025-10-24 10:00:00,6.9,74,0.4,,238,25.9,55.5,1012.3,12,6,3
2025-10-24 11:00:00,7.7,68,0.0,,237,24.1,57.4,1012.4,18,5,2
2025-10-24 12:00:00,8.4,62,0.0,,239,24.1,57.4,1012.2,29,4,2
2025-10-24 13:00:00,9.1,58,0.0,,242,24.1,55.5,1012.0,32,5,2
2025-10-24 14:00:00,9.4,55,0.0,,242,24.1,55.5,1012.0,36,5,2
2025-10-24 15:00:00,9.0,56,0.0,,243,20.4,51.8,1012.1,31,5,2
2025-10-24 16:00:00,9.7,52,0.0,,238,20.4,50.0,1011.3,34,4,2
2025-10-24 17:00:00,8.8,58,0.0,,239,20.4,48.2,1011.9,11,5,2
2025-10-24 18:00:00,8.5,61,0.0,,239,18.5,46.3,1012.0,0,5,2
2025-10-24 19:00:00,8.4,65,0.2,,238,16.7,40.8,1012.0,0,5,2
2025-10-24 20:00:00,8.1,67,0.0,,240,16.7,37.0,1012.1,0,5,2
2025-10-24 21:00:00,7.9,70,0.0,,237,16.7,40.8,1012.0,0,6,2
2025-10-24 22:00:00,7.4,76,0.0,,230,11.1,27.8,1011.3,0,4,7
2025-10-24 23:00:00,7.2,77,0.0,,227,14.8,33.3,1011.1,0,4,7
2025-10-25 00:00:00,7.3,77,1.2,,228,16.7,40.8,1010.8,0,5,7
2025-10-25 01:00:00,7.4,76,1.3,,227,18.5,42.6,1010.5,0,7,7
2025-10-25 02:00:00,7.5,76,0.3,,224,18.5,44.5,1010.3,0,7,7
2025-10-25 03:00:00,7.4,77,0.0,,228,18.5,44.5,1010.1,0,7,7
2025-10-25 04:00:00,8.4,80,0.0,,231,16.7,44.5,1009.6,0,6,7
2025-10-25 05:00:00,8.3,80,0.0,,229,16.7,42.6,1009.2,0,6,7
2025-10-25 06:00:00,8.6,79,0.0,,228,16.7,42.6,1008.9,0,6,7
2025-10-25 07:00:00,8.6,78,0.0,,229,18.5,42.6,1008.5,0,6,7
2025-10-25 08:00:00,8.8,78,1.3,,227,16.7,40.8,1008.3,6,6,7
2025-10-25 09:00:00,8.6,80,0.4,,226,16.7,40.8,1008.2,5,7,7
2025-10-25 10:00:00,9.5,77,0.5,,227,20.4,44.5,1008.1,0,8,7
2025-10-25 11:00:00,9.6,78,0.2,,228,20.4,44.5,1008.1,0,8,7
2025-10-25 12:00:00,9.6,78,0.5,,225,20.4,46.3,1007.9,0,8,7
2025-10-25 13:00:00,9.4,79,0.8,,232,18.5,44.5,1008.0,0,8,7
2025-10-25 14:00:00,9.1,80,0.4,,235,18.5,44.5,1008.1,0,8,7
2025-10-25 15:00:00,8.7,82,0.9,,233,16.7,42.6,1008.2,0,8,7
2025-10-25 16:00:00,8.0,91,1.6,,227,13.0,27.8,1008.1,0,8,7
2025-10-25 17:00:00,8.2,88,0.8,,225,14.8,33.3,1008.1,0,8,7
2025-10-25 18:00:00,8.3,87,0.5,,229,16.7,37.0,1008.1,0,8,7
2025-10-25 19:00:00,8.2,87,0.2,,228,16.7,40.8,1008.5,0,8,7
2025-10-25 20:00:00,8.0,87,0.6,,227,16.7,38.9,1008.8,0,7,7
2025-10-25 21:00:00,7.8,87,0.5,,229,16.7,38.9,1008.9,0,7,7
2025-10-25 22:00:00,7.0,91,0.2,,233,11.1,27.8,1009.6,0,8,7
2025-10-25 23:00:00,7.0,90,0.0,,233,13.0,29.6,1009.4,0,7,7
2025-10-26 00:00:00,7.2,89,0.0,,233,14.8,33.3,1009.4,0,7,7
2025-10-26 01:00:00,7.4,88,0.0,,231,16.7,35.2,1009.3,0,6,7
2025-10-26 02:00:00,7.2,88,0.0,,233,16.7,37.0,1009.2,0,6,7
2025-10-26 03:00:00,7.1,88,0.5,,235,18.5,40.8,1009.3,0,7,7
2025-10-26 04:00:00,7.8,79,0.9,,238,20.4,46.3,1008.5,0,7,7
2025-10-26 05:00:00,7.4,79,0.7,,241,22.2,50.0,1009.1,0,7,7
2025-10-26 06:00:00,7.1,80,0.5,,243,22.2,51.8,1010.0,0,7,7
2025-10-26 07:00:00,6.7,81,0.3,,243,20.4,50.0,1011.1,1,7,7
2025-10-26 08:00:00,6.6,80,0.5,,242,20.4,48.2,1011.9,2,7,7
2025-10-26 09:00:00,6.5,78,0.5,,244,20.4,48.2,1012.5,5,6,7
2025-10-26 10:00:00,6.4,78,0.6,,248,16.7,35.2,1013.2,0,8,3
2025-10-26 11:00:00,6.8,74,0.0,,241,18.5,40.8,1013.2,0,8,3
2025-10-26 12:00:00,7.1,71,0.0,,241,18.5,42.6,1013.0,0,7,2
2025-10-26 13:00:00,7.4,67,0.0,,243,18.5,42.6,1013.1,1,7,2
2025-10-26 14:00:00,7.4,67,0.0,,245,18.5,42.6,1013.2,2,7,3
2025-10-26 15:00:00,6.9,70,0.0,,246,16.7,40.8,1013.5,1,6,3
2025-10-26 16:00:00,6.5,72,0.0,,244,18.5,44.5,1014.2,0,6,3
2025-10-26 17:00:00,6.0,76,0.0,,242,18.5,40.8,1014.9,0,7,2
2025-10-26 18:00:00,5.7,78,0.2,,239,18.5,42.6,1015.4,0,7,2
2025-10-26 19:00:00,5.9,77,0.0,,234,18.5,42.6,1015.7,0,6,2
2025-10-26 20:00:00,5.8,78,0.2,,237,18.5,44.5,1015.9,0,7,2
2025-10-26 21:00:00,5.9,78,0.1,,235,18.5,42.6,1015.8,0,7,2
2025-10-26 22:00:00,5.6,81,0.0,,234,20.4,48.2,1015.6,0,7,7
2025-10-26 23:00:00,5.6,80,0.0,,231,22.2,51.8,1015.1,0,7,3
2025-10-27 00:00:00,5.8,78,0.1,,232,25.9,57.4,1014.3,0,7,7
2025-10-27 01:00:00,6.0,75,0.0,,234,27.8,61.1,1013.6,0,8,7
2025-10-27 02:00:00,5.8,76,0.0,,237,27.8,61.1,1013.1,0,8,7
2025-10-27 03:00:00,5.4,78,0.4,,237,27.8,61.1,1012.9,0,8,7
2025-10-27 04:00:00,5.4,83,0.4,,242,27.8,66.7,1012.5,0,7,7
2025-10-27 05:00:00,5.3,83,0.4,,237,31.5,72.2,1011.8,0,8,7
2025-10-27 06:00:00,5.5,80,0.3,,236,31.5,70.4,1011.3,0,8,8
2025-10-27 07:00:00,5.5,77,0.7,,237,29.6,68.5,1010.7,1,8,8
2025-10-27 08:00:00,5.3,79,1.3,,238,29.6,64.8,1010.5,2,8,8
2025-10-27 09:00:00,5.3,84,1.2,,238,29.6,66.7,1010.5,0,8,8
2025-10-27 10:00:00,5.6,90,0.9,,232,33.3,70.4,1010.3,0,8,8
2025-10-27 11:00:00,6.0,88,1.1,,236,33.3,74.1,1010.0,0,8,8
2025-10-27 12:00:00,6.5,86,0.1,,238,35.2,75.9,1009.6,0,8,8
2025-10-27 13:00:00,6.6,85,0.2,,240,33.3,77.8,1009.5,0,8,8
2025-10-27 14:00:00,7.0,84,1.5,,242,35.2,79.6,1009.4,0,7,8
2025-10-27 15:00:00,7.0,87,3.7,,241,33.3,75.9,1009.6,0,8,8
2025-10-27 16:00:00,7.3,89,2.5,,236,27.8,68.5,1009.7,0,8,8
2025-10-27 17:00:00,7.4,86,5.8,,242,27.8,70.4,1010.8,0,7,8
2025-10-27 18:00:00,7.4,88,0.1,,243,25.9,64.8,1011.7,0,7,7
2025-10-27 19:00:00,7.1,90,0.2,,244,24.1,59.3,1013.2,0,7,7
2025-10-27 20:00:00,6.7,93,0.5,,242,20.4,48.2,1014.4,0,7,7
2025-10-27 21:00:00,6.7,90,0.3,,243,16.7,42.6,1015.2,0,7,7
2025-10-27 22:00:00,7.4,85,0.0,,238,13.0,31.5,1016.7,0,7,7
2025-10-27 23:00:00,7.3,84,0.2,,236,14.8,35.2,1017.1,0,7,7
2025-10-28 00:00:00,7.4,84,0.3,,233,16.7,37.0,1017.2,0,7,7
2025-10-28 01:00:00,7.5,82,0.0,,232,16.7,38.9,1017.4,0,6,3
2025-10-28 02:00:00,7.5,82,0.0,,235,18.5,40.8,1017.6,0,6,3
2025-10-28 03:00:00,8.0,81,0.0,,236,16.7,37.0,1017.8,0,7,4
2025-10-28 04:00:00,7.2,91,0.2,,240,16.7,40.8,1018.4,0,7,4
2025-10-28 05:00:00,7.2,90,0.1,,236,16.7,38.9,1018.1,0,7,3
2025-10-28 06:00:00,7.7,88,0.0,,235,16.7,38.9,1018.1,0,7,2
2025-10-28 07:00:00,8.1,85,0.0,,234,16.7,37.0,1018.0,4,7,2
2025-10-28 08:00:00,8.8,80,0.0,,233,16.7,37.0,1018.0,10,7,2
2025-10-28 09:00:00,10.2,75,0.0,,233,16.7,38.9,1017.9,14,7,2
2025-10-28 10:00:00,11.3,69,0.0,,240,22.2,44.5,1017.2,31,8,3
2025-10-28 11:00:00,12.0,66,0.0,,240,24.1,50.0,1016.8,27,7,3
2025-10-28 12:00:00,12.6,63,0.0,,240,24.1,51.8,1016.2,30,7,2
2025-10-28 13:00:00,13.0,62,0.0,,242,22.2,50.0,1015.9,30,6,2
2025-10-28 14:00:00,13.0,62,0.0,,242,20.4,44.5,1015.5,30,6,2
2025-10-28 15:00:00,12.6,62,0.0,,241,18.5,40.8,1015.4,24,5,2
2025-10-28 16:00:00,13.2,63,0.0,,237,16.7,42.6,1014.6,38,5,2
2025-10-28 17:00:00,11.9,67,0.0,,238,14.8,37.0,1015.5,13,5,2
2025-10-28 18:00:00,11.1,70,0.0,,239,13.0,31.5,1016.2,0,5,2
2025-10-28 19:00:00,10.7,73,0.0,,235,9.3,24.1,1016.7,0,4,2
2025-10-28 20:00:00,10.2,74,0.0,,230,7.4,20.4,1017.2,0,4,2
2025-10-28 21:00:00,9.8,76,0.0,,218,7.4,18.5,1017.4,0,4,2
2025-10-28 22:00:00,8.2,88,0.0,,190,1.8,11.1,1017.6,0,2,1
2025-10-28 23:00:00,8.0,88,0.0,,197,3.7,9.3,1017.3,0,2,1
2025-10-29 00:00:00,7.6,90,0.0,,193,3.7,9.3,1016.9,0,2,1
2025-10-29 01:00:00,7.3,90,0.0,,194,3.7,9.3,1016.4,0,4,2
2025-10-29 02:00:00,6.8,91,0.0,,179,3.7,9.3,1015.9,0,4,2
2025-10-29 03:00:00,6.4,93,0.0,,168,3.7,9.3,1015.4,0,4,2
2025-10-29 04:00:00,6.2,93,0.0,,142,3.7,9.3,1014.8,0,5,2
2025-10-29 05:00:00,5.8,95,0.0,,143,3.7,9.3,1014.4,0,5,2
2025-10-29 06:00:00,6.0,95,0.0,,140,3.7,9.3,1014.2,0,6,2
2025-10-29 07:00:00,6.5,93,0.0,,159,1.8,7.4,1013.7,13,6,2
2025-10-29 08:00:00,7.1,90,0.0,,155,1.8,7.4,1012.9,23,6,2
2025-10-29 09:00:00,8.4,84,0.0,,211,1.8,7.4,1012.2,33,6,2
2025-10-29 10:00:00,9.8,75,0.0,,248,3.7,9.3,1011.3,53,6,2
2025-10-29 11:00:00,11.0,70,0.0,,243,5.5,11.1,1010.1,50,6,2
2025-10-29 12:00:00,12.0,66,0.0,,243,5.5,13.0,1009.4,47,5,2
2025-10-29 13:00:00,12.3,65,0.0,,239,5.5,13.0,1008.6,41,6,2
2025-10-29 14:00:00,12.5,65,0.0,,240,5.5,13.0,1007.9,38,6,2
2025-10-29 15:00:00,11.9,69,0.0,,220,3.7,11.1,1007.5,26,6,3
2025-10-29 16:00:00,11.1,73,0.0,,17,3.7,11.1,1007.5,0,6,3
2025-10-29 17:00:00,10.2,77,0.0,,47,3.7,11.1,1007.4,0,6,3
2025-10-29 18:00:00,9.8,79,0.0,,63,3.7,11.1,1007.3,0,6,3
2025-10-29 19:00:00,9.7,81,0.0,,77,3.7,11.1,1007.0,0,6,2
2025-10-29 20:00:00,9.6,83,0.0,,122,5.5,13.0,1006.5,0,7,3
2025-10-29 21:00:00,9.3,84,0.0,,196,5.5,16.7,1006.3,0,7,3
2025-10-29 22:00:00,8.5,93,0.5,,65,5.5,18.5,1006.0,0,8,7
2025-10-29 23:00:00,8.4,94,3.5,,177,5.5,16.7,1006.1,0,8,7
2025-10-30 00:00:00,8.5,94,2.1,,211,7.4,16.7,1006.3,0,8,7
2025-10-30 01:00:00,8.6,93,0.8,,212,9.3,20.4,1007.0,0,8,7
2025-10-30 02:00:00,8.8,92,0.2,,215,9.3,24.1,1007.7,0,8,7
2025-10-30 03:00:00,9.0,92,0.0,,222,11.1,27.8,1008.2,0,8,7
2025-10-30 04:00:00,9.4,92,1.3,,251,9.3,24.1,1007.9,0,8,7
2025-10-30 05:00:00,9.2,92,0.1,,238,13.0,29.6,1008.9,0,8,7
2025-10-30 06:00:00,9.4,93,0.7,,233,13.0,27.8,1010.4,0,8,7
2025-10-30 07:00:00,9.5,92,0.2,,233,13.0,27.8,1011.9,1,8,7
2025-10-30 08:00:00,9.8,90,0.0,,233,11.1,25.9,1013.0,0,8,7
2025-10-30 09:00:00,10.4,86,0.0,,236,9.3,22.2,1014.1,2,6,3
2025-10-30 10:00:00,10.8,85,0.0,,253,5.5,18.5,1015.0,0,7,3
2025-10-30 11:00:00,11.6,80,0.0,,249,7.4,18.5,1014.9,2,7,3
2025-10-30 12:00:00,12.2,76,0.0,,245,5.5,16.7,1014.8,11,7,2
2025-10-30 13:00:00,12.6,73,0.0,,243,5.5,14.8,1014.4,15,6,2
2025-10-30 14:00:00,12.6,72,0.0,,263,5.5,14.8,1014.2,24,5,2
2025-10-30 15:00:00,12.3,73,0.0,,287,3.7,11.1,1014.2,25,4,2
2025-10-30 16:00:00,10.7,80,0.0,,49,3.7,9.3,1014.8,8,4,2
2025-10-30 17:00:00,9.5,86,0.0,,54,5.5,9.3,1015.3,9,4,2
2025-10-30 18:00:00,8.7,90,0.0,,59,5.5,11.1,1015.5,0,4,2
2025-10-30 19:00:00,8.3,92,0.0,,50,5.5,13.0,1015.7,0,4,2
2025-10-30 20:00:00,8.0,93,0.0,,52,5.5,13.0,1015.8,0,4,2
2025-10-30 21:00:00,7.7,93,0.0,,56,5.5,13.0,1015.7,0,5,2
2025-10-30 22:00:00,7.0,97,0.0,,51,3.7,7.4,1016.0,0,7,3
2025-10-30 23:00:00,6.9,97,0.0,,52,3.7,9.3,1016.1,0,7,3
2025-10-31 00:00:00,6.8,98,0.0,,52,3.7,9.3,1016.3,0,7,3
2025-10-31 01:00:00,6.6,97,0.0,,50,3.7,9.3,1016.5,0,6,3
2025-10-31 02:00:00,6.6,97,0.0,,61,3.7,7.4,1016.7,0,6,3
2025-10-31 03:00:00,6.6,97,0.0,,73,3.7,7.4,1016.9,0,6,3
2025-10-31 04:00:00,7.9,93,0.0,,144,3.7,7.4,1016.8,0,7,5
2025-10-31 05:00:00,7.6,95,0.0,,118,1.8,7.4,1017.0,0,7,5
2025-10-31 06:00:00,7.5,95,0.0,,104,1.8,7.4,1017.2,0,7,5
2025-10-31 07:00:00,7.6,94,0.0,,103,1.8,7.4,1017.3,3,8,5
2025-10-31 08:00:00,8.0,93,0.0,,130,1.8,7.4,1017.4,3,7,5
2025-10-31 09:00:00,8.8,90,0.0,,163,1.8,5.5,1017.3,9,7,5
2025-10-31 10:00:00,11.9,78,0.0,,228,3.7,9.3,1016.8,44,7,3
2025-10-31 11:00:00,12.5,76,0.0,,238,3.7,9.3,1016.3,40,7,3
2025-10-31 12:00:00,12.8,75,0.0,,230,3.7,9.3,1015.8,33,6,2
2025-10-31 13:00:00,12.8,76,0.0,,225,3.7,9.3,1015.5,31,7,2
2025-10-31 14:00:00,12.8,76,0.0,,204,3.7,9.3,1015.5,30,7,3
2025-10-31 15:00:00,12.5,78,0.0,,153,3.7,7.4,1015.5,21,7,3
2025-10-31 16:00:00,11.9,81,0.0,,102,3.7,7.4,1016.1,10,6,3
2025-10-31 17:00:00,11.0,86,0.0,,75,3.7,7.4,1016.7,5,6,2
2025-10-31 18:00:00,10.3,89,0.0,,67,3.7,7.4,1017.1,0,5,2
2025-10-31 19:00:00,10.1,90,0.0,,56,3.7,7.4,1017.4,0,6,2
2025-10-31 20:00:00,9.9,90,0.0,,55,3.7,5.5,1017.5,0,6,2
2025-10-31 21:00:00,9.7,90,0.0,,63,1.8,7.4,1017.7,0,6,2
2025-10-31 22:00:00,9.7,91,0.0,,42,3.7,5.5,1017.5,0,6,3
2025-10-31 23:00:00,9.4,92,0.0,,41,1.8,5.5,1017.4,0,6,3
2025-11-01 00:00:00,9.3,92,0.0,,61,1.8,5.5,1017.3,0,6,3
2025-11-01 01:00:00,9.1,94,0.0,,64,1.8,7.4,1017.2,0,6,3
2025-11-01 02:00:00,8.9,93,0.0,,80,3.7,7.4,1017.4,0,7,3
2025-11-01 03:00:00,8.6,94,0.0,,63,3.7,7.4,1017.3,0,7,3
2025-11-01 04:00:00,8.0,95,0.0,,116,1.8,5.5,1016.6,0,7,3
2025-11-01 05:00:00,8.1,95,0.0,,89,1.8,7.4,1016.4,0,7,3
2025-11-01 06:00:00,8.2,95,0.0,,120,1.8,7.4,1016.4,0,7,3
2025-11-01 07:00:00,8.4,94,0.0,,141,3.7,7.4,1016.4,4,7,5
2025-11-01 08:00:00,9.2,90,0.0,,189,3.7,9.3,1016.6,9,7,3
2025-11-01 09:00:00,10.1,87,0.0,,204,3.7,9.3,1016.5,15,8,3
2025-11-01 10:00:00,9.5,95,0.0,,212,3.7,7.4,1016.6,20,7,4
2025-11-01 11:00:00,10.8,88,0.0,,219,5.5,11.1,1015.8,19,7,4
2025-11-01 12:00:00,11.7,85,0.0,,227,5.5,13.0,1015.2,15,7,3
2025-11-01 13:00:00,12.4,82,0.0,,228,5.5,13.0,1014.8,13,7,3
2025-11-01 14:00:00,12.7,81,0.0,,229,5.5,13.0,1014.7,7,8,4
2025-11-01 15:00:00,12.3,85,0.0,,226,5.5,13.0,1014.8,0,8,4
2025-11-01 16:00:00,12.2,86,0.0,,237,1.8,3.7,1015.6,0,8,7
2025-11-01 17:00:00,12.0,88,0.0,,226,3.7,9.3,1016.0,0,8,7
2025-11-01 18:00:00,11.8,91,0.5,,229,3.7,11.1,1016.4,0,8,7
2025-11-01 19:00:00,11.5,93,0.5,,228,3.7,13.0,1016.5,0,8,7
2025-11-01 20:00:00,11.3,94,0.0,,218,3.7,11.1,1016.6,0,7,7
2025-11-01 21:00:00,11.2,95,0.1,,216,5.5,13.0,1016.6,0,7,8
2025-11-01 22:00:00,11.5,96,0.1,,233,3.7,14.8,1016.4,0,8,8
2025-11-01 23:00:00,11.2,96,0.7,,236,3.7,13.0,1016.4,0,8,8
2025-11-02 00:00:00,11.2,97,1.3,,238,5.5,14.8,1016.4,0,8,8
2025-11-02 01:00:00,11.2,97,2.2,,239,5.5,14.8,1016.3,0,8,8
2025-11-02 02:00:00,11.2,96,1.5,,224,5.5,16.7,1016.4,0,8,8
2025-11-02 03:00:00,10.9,97,1.8,,225,5.5,16.7,1016.3,0,8,9
2025-11-02 04:00:00,10.2,95,1.9,,250,3.7,13.0,1016.4,0,8,8
2025-11-02 05:00:00,9.9,97,1.4,,242,5.5,14.8,1016.5,0,8,8
2025-11-02 06:00:00,9.6,99,1.9,,223,5.5,14.8,1016.9,0,8,8
2025-11-02 07:00:00,9.4,100,2.6,,213,5.5,14.8,1017.0,0,8,8
2025-11-02 08:00:00,9.4,100,3.1,,215,5.5,14.8,1016.9,0,8,9
2025-11-02 09:00:00,9.4,100,3.4,,213,5.5,16.7,1016.8,0,8,9
2025-11-02 10:00:00,10.0,96,2.5,,185,5.5,11.1,1015.8,0,8,8
2025-11-02 11:00:00,10.2,95,0.7,,208,5.5,14.8,1015.4,0,8,8
2025-11-02 12:00:00,10.2,92,0.7,,216,9.3,20.4,1015.3,0,8,8
2025-11-02 13:00:00,10.2,90,0.3,,226,9.3,24.1,1015.4,0,8,8
2025-11-02 14:00:00,10.0,90,0.2,,230,11.1,25.9,1015.4,0,8,7
2025-11-02 15:00:00,9.5,90,1.4,,234,11.1,25.9,1015.8,0,8,7
2025-11-02 16:00:00,8.4,92,0.5,,232,14.8,31.5,1017.0,0,8,7
2025-11-02 17:00:00,8.6,89,0.0,,235,14.8,31.5,1017.2,0,8,7
2025-11-02 18:00:00,8.5,88,0.0,,235,16.7,35.2,1017.7,0,8,7
2025-11-02 19:00:00,8.4,87,0.4,,237,16.7,37.0,1018.6,0,8,7
2025-11-02 20:00:00,7.9,88,0.0,,236,16.7,40.8,1019.4,0,7,7
2025-11-02 21:00:00,7.6,88,0.1,,238,16.7,38.9,1020.0,0,6,7
2025-11-02 22:00:00,7.5,84,0.1,,235,13.0,35.2,1021.2,0,7,7
2025-11-02 23:00:00,7.2,85,0.0,,236,14.8,33.3,1021.6,0,7,7
2025-11-03 00:00:00,7.0,85,0.0,,236,13.0,29.6,1021.8,0,6,3
2025-11-03 01:00:00,6.9,84,0.1,,235,13.0,27.8,1022.4,0,6,3
2025-11-03 02:00:00,6.8,82,0.0,,234,11.1,24.1,1023.1,0,6,3
2025-11-03 03:00:00,6.6,82,0.0,,236,9.3,20.4,1023.4,0,6,3
2025-11-03 04:00:00,6.4,84,0.0,,235,7.4,16.7,1023.9,0,5,3
2025-11-03 05:00:00,6.4,84,0.0,,231,7.4,14.8,1024.4,0,5,3
2025-11-03 06:00:00,6.4,85,0.0,,226,5.5,14.8,1024.9,0,6,2
2025-11-03 07:00:00,6.9,82,0.0,,225,5.5,14.8,1025.5,11,5,2
2025-11-03 08:00:00,7.4,81,0.0,,227,5.5,14.8,1025.6,22,5,2
2025-11-03 09:00:00,8.6,76,0.0,,225,7.4,16.7,1025.6,31,5,2
2025-11-03 10:00:00,9.4,72,0.0,,209,9.3,18.5,1026.0,29,5,2
2025-11-03 11:00:00,10.5,66,0.0,,215,9.3,22.2,1025.6,36,5,2
2025-11-03 12:00:00,11.1,62,0.0,,218,9.3,22.2,1025.3,41,5,2
2025-11-03 13:00:00,11.6,60,0.0,,224,9.3,20.4,1025.0,41,5,2
2025-11-03 14:00:00,11.6,60,0.0,,225,9.3,20.4,1024.9,43,4,2
2025-11-03 15:00:00,11.1,61,0.0,,225,7.4,16.7,1025.0,38,4,2
2025-11-03 16:00:00,10.2,67,0.0,,210,5.5,20.4,1025.4,35,3,2
2025-11-03 17:00:00,8.9,74,0.0,,203,5.5,14.8,1026.1,15,3,2
2025-11-03 18:00:00,7.9,80,0.0,,182,3.7,9.3,1026.5,0,2,2
2025-11-03 19:00:00,7.2,84,0.0,,168,1.8,7.4,1026.9,0,2,2
2025-11-03 20:00:00,6.5,86,0.0,,139,1.8,5.5,1027.1,0,2,2
2025-11-03 21:00:00,6.0,88,0.0,,128,1.8,5.5,1027.3,0,3,1
2025-11-03 22:00:00,6.4,85,0.0,,144,3.7,11.1,1026.9,0,1,1
2025-11-03 23:00:00,5.9,88,0.0,,147,1.8,7.4,1027.0,0,1,1
2025-11-04 00:00:00,5.5,89,0.0,,128,1.8,5.5,1027.1,0,1,1
2025-11-04 01:00:00,5.2,90,0.0,,117,3.7,7.4,1027.1,0,2,1
2025-11-04 02:00:00,4.8,93,0.0,,111,3.7,9.3,1026.8,0,3,2
2025-11-04 03:00:00,4.4,93,0.0,,124,3.7,7.4,1026.6,0,3,2
2025-11-04 04:00:00,3.8,94,0.0,,113,1.8,5.5,1026.9,0,3,2
2025-11-04 05:00:00,3.7,94,0.0,,94,1.8,5.5,1026.8,0,4,2
2025-11-04 06:00:00,3.6,95,0.0,,97,1.8,5.5,1026.7,0,5,2
2025-11-04 07:00:00,4.0,94,0.0,,147,1.8,5.5,1026.8,13,5,2
2025-11-04 08:00:00,4.7,91,0.0,,175,1.8,5.5,1026.7,25,5,2
2025-11-04 09:00:00,5.8,86,0.0,,207,1.8,7.4,1026.7,34,5,2
2025-11-04 10:00:00,7.7,76,0.0,,218,3.7,9.3,1026.6,53,5,2
2025-11-04 11:00:00,8.9,70,0.0,,212,3.7,11.1,1025.8,54,5,2
2025-11-04 12:00:00,9.8,66,0.0,,212,5.5,11.1,1025.0,51,4,2
2025-11-04 13:00:00,10.5,63,0.0,,210,3.7,11.1,1024.4,52,4,2
2025-11-04 14:00:00,10.8,62,0.0,,171,3.7,9.3,1024.1,47,4,2
2025-11-04 15:00:00,10.4,65,0.0,,102,3.7,7.4,1023.9,39,5,2
2025-11-04 16:00:00,10.3,67,0.0,,103,1.8,7.4,1023.7,38,4,2
2025-11-04 17:00:00,8.7,74,0.0,,61,1.8,7.4,1024.1,18,4,2
2025-11-04 18:00:00,7.5,80,0.0,,64,3.7,5.5,1024.3,0,3,2
2025-11-04 19:00:00,6.9,84,0.0,,62,1.8,5.5,1024.4,0,3,2
2025-11-04 20:00:00,6.4,85,0.0,,68,1.8,5.5,1024.5,0,3,2
2025-11-04 21:00:00,6.2,86,0.0,,69,1.8,5.5,1024.4,0,3,2
2025-11-04 22:00:00,5.6,90,0.0,,7,1.8,3.7,1024.5,0,2,1
2025-11-04 23:00:00,5.2,91,0.0,,14,1.8,3.7,1024.7,0,1,1
2025-11-05 00:00:00,4.9,93,0.0,,227,1.8,5.5,1024.9,0,1,1
2025-11-05 01:00:00,4.7,91,0.0,,201,1.8,5.5,1024.7,0,2,1
2025-11-05 02:00:00,4.6,92,0.0,,218,1.8,5.5,1024.7,0,3,2
2025-11-05 03:00:00,4.4,93,0.0,,155,1.8,5.5,1024.6,0,3,2
2025-11-05 04:00:00,4.2,97,0.0,,145,1.8,5.5,1024.7,0,4,2
2025-11-05 05:00:00,4.0,96,0.0,,106,1.8,5.5,1024.6,0,4,2
2025-11-05 06:00:00,3.9,96,0.0,,97,1.8,5.5,1024.5,0,5,2
2025-11-05 07:00:00,4.0,95,0.0,,105,1.8,5.5,1024.3,12,5,2
2025-11-05 08:00:00,4.7,92,0.0,,125,1.8,5.5,1023.8,24,5,2
2025-11-05 09:00:00,5.6,88,0.0,,192,1.8,7.4,1023.5,32,5,2
2025-11-05 10:00:00,8.2,72,0.0,,92,3.7,11.1,1022.3,53,6,3
2025-11-05 11:00:00,9.3,68,0.0,,151,3.7,11.1,1021.6,52,6,2
2025-11-05 12:00:00,9.9,66,0.0,,166,3.7,9.3,1020.8,47,5,2
2025-11-05 13:00:00,10.2,65,0.0,,124,3.7,9.3,1020.1,45,5,2
2025-11-05 14:00:00,10.3,67,0.0,,80,3.7,9.3,1019.6,39,5,2
2025-11-05 15:00:00,9.8,69,0.0,,73,3.7,9.3,1019.0,31,4,2
2025-11-05 16:00:00,8.8,74,0.0,,55,3.7,7.4,1019.1,20,4,2
2025-11-05 17:00:00,7.3,81,0.0,,58,3.7,7.4,1019.3,11,4,2
2025-11-05 18:00:00,6.3,85,0.0,,57,3.7,7.4,1019.3,0,4,2
2025-11-05 19:00:00,5.7,88,0.0,,54,3.7,7.4,1019.2,0,4,2
2025-11-05 20:00:00,5.3,89,0.0,,57,3.7,5.5,1018.8,0,4,2
2025-11-05 21:00:00,5.1,88,0.0,,64,3.7,7.4,1018.6,0,4,2
2025-11-05 22:00:00,4.8,89,0.0,,63,3.7,7.4,1018.2,0,4,2
2025-11-05 23:00:00,4.4,90,0.0,,60,3.7,7.4,1017.8,0,4,2
2025-11-06 00:00:00,4.1,91,0.0,,58,3.7,7.4,1017.4,0,2,1
2025-11-06 01:00:00,3.9,92,0.0,,56,3.7,7.4,1016.8,0,4,2
2025-11-06 02:00:00,3.8,91,0.0,,55,3.7,7.4,1016.4,0,5,2
2025-11-06 03:00:00,3.6,91,0.0,,68,3.7,7.4,1015.9,0,5,2
2025-11-06 04:00:00,3.2,95,0.0,,57,1.8,3.7,1015.3,0,4,5
2025-11-06 05:00:00,3.1,95,0.0,,75,1.8,5.5,1015.1,0,4,5
2025-11-06 06:00:00,3.2,96,0.0,,60,1.8,5.5,1015.2,0,5,5
2025-11-06 07:00:00,3.5,95,0.0,,94,1.8,5.5,1015.4,7,5,5
2025-11-06 08:00:00,3.8,94,0.0,,123,1.8,7.4,1015.3,13,6,5
2025-11-06 09:00:00,4.5,90,0.0,,208,1.8,7.4,1015.1,18,6,3
2025-11-06 10:00:00,5.0,91,0.0,,211,3.7,7.4,1014.6,18,7,4
2025-11-06 11:00:00,6.1,84,0.0,,224,3.7,9.3,1013.9,28,7,3
2025-11-06 12:00:00,6.8,80,0.0,,228,3.7,9.3,1013.3,28,6,2
2025-11-06 13:00:00,7.4,77,0.0,,224,3.7,9.3,1013.0,29,6,2
2025-11-06 14:00:00,7.7,77,0.0,,205,3.7,9.3,1012.8,25,6,2
2025-11-06 15:00:00,7.2,79,0.0,,74,3.7,9.3,1012.7,21,6,2
2025-11-06 16:00:00,6.2,90,0.0,,52,3.7,5.5,1013.0,8,6,2
2025-11-06 17:00:00,5.5,91,0.0,,52,5.5,9.3,1013.2,3,6,2
2025-11-06 18:00:00,5.0,89,0.0,,53,5.5,11.1,1013.3,0,6,2
2025-11-06 19:00:00,4.8,91,0.0,,49,5.5,11.1,1013.3,0,5,2
2025-11-06 20:00:00,4.7,90,0.0,,51,5.5,11.1,1013.4,0,6,2
2025-11-06 21:00:00,4.5,91,0.0,,50,5.5,13.0,1013.4,0,6,2
2025-11-06 22:00:00,2.8,99,0.0,,38,5.5,14.8,1013.4,0,4,5
2025-11-06 23:00:00,2.9,98,0.0,,41,5.5,13.0,1013.1,0,4,5
2025-11-07 00:00:00,3.1,97,0.0,,43,5.5,13.0,1012.8,0,4,5
2025-11-07 01:00:00,3.1,96,0.0,,41,5.5,13.0,1012.7,0,6,5
2025-11-07 02:00:00,3.1,97,0.0,,34,3.7,13.0,1012.7,0,6,5
2025-11-07 03:00:00,3.0,97,0.0,,35,3.7,11.1,1012.7,0,6,5
2025-11-07 04:00:00,3.0,99,0.0,,313,1.8,7.4,1012.8,0,5,5
2025-11-07 05:00:00,3.0,99,0.0,,46,1.8,5.5,1012.9,0,6,5
2025-11-07 06:00:00,2.9,99,0.0,,34,1.8,7.4,1013.2,0,6,5
2025-11-07 07:00:00,3.1,98,0.0,,119,1.8,7.4,1013.6,5,6,5
2025-11-07 08:00:00,3.5,96,0.0,,192,1.8,7.4,1013.9,8,6,5
2025-11-07 09:00:00,4.2,92,0.0,,203,3.7,7.4,1013.9,14,6,5
2025-11-07 10:00:00,4.0,95,0.0,,217,3.7,7.4,1014.1,11,7,4
2025-11-07 11:00:00,5.0,89,0.0,,223,3.7,9.3,1013.6,23,6,4
2025-11-07 12:00:00,6.0,84,0.0,,228,3.7,9.3,1013.0,27,5,2
2025-11-07 13:00:00,6.7,81,0.0,,216,3.7,9.3,1012.6,30,5,2
2025-11-07 14:00:00,7.1,78,0.0,,203,3.7,9.3,1012.5,32,4,2
2025-11-07 15:00:00,6.8,78,0.0,,197,3.7,9.3,1012.4,30,4,2
2025-11-07 16:00:00,5.1,97,0.0,,163,1.8,7.4,1013.1,23,4,2
2025-11-07 17:00:00,4.5,97,0.0,,93,3.7,7.4,1013.6,6,4,2
2025-11-07 18:00:00,4.0,97,0.0,,75,1.8,5.5,1014.0,0,4,2
2025-11-07 19:00:00,3.8,97,0.0,,72,1.8,7.4,1014.4,0,4,2
2025-11-07 20:00:00,3.7,95,0.0,,65,1.8,5.5,1014.7,0,4,5
2025-11-07 21:00:00,3.5,97,0.0,,87,1.8,5.5,1014.9,0,4,5
2025-11-07 22:00:00,4.3,99,0.0,,76,1.8,5.5,1014.8,0,6,5
2025-11-07 23:00:00,3.9,100,0.0,,87,1.8,5.5,1014.7,0,6,5
2025-11-08 00:00:00,3.6,100,0.0,,81,1.8,5.5,1014.6,0,6,5
2025-11-08 01:00:00,3.3,100,0.0,,87,1.8,5.5,1014.6,0,5,5
2025-11-08 02:00:00,3.2,100,0.0,,117,1.8,5.5,1014.7,0,5,5
2025-11-08 03:00:00,3.0,100,0.0,,77,1.8,5.5,1014.7,0,6,5
2025-11-08 04:00:00,4.0,98,0.0,,196,1.8,7.4,1014.9,0,6,5
2025-11-08 05:00:00,3.7,99,0.0,,104,1.8,5.5,1015.0,0,6,5
2025-11-08 06:00:00,3.6,100,0.0,,78,1.8,5.5,1015.1,0,6,5
2025-11-08 07:00:00,3.7,97,0.0,,89,1.8,5.5,1015.4,4,6,5
2025-11-08 08:00:00,4.0,97,0.0,,117,1.8,5.5,1015.6,9,6,5
2025-11-08 09:00:00,4.6,93,0.0,,199,1.8,5.5,1015.7,15,6,5
2025-11-08 10:00:00,5.2,90,0.0,,217,3.7,7.4,1015.7,19,6,5
2025-11-08 11:00:00,6.2,86,0.0,,239,3.7,7.4,1015.4,24,5,2
2025-11-08 12:00:00,6.8,83,0.0,,248,3.7,7.4,1015.1,27,5,2
2025-11-08 13:00:00,7.5,80,0.0,,248,3.7,9.3,1015.0,30,4,2
2025-11-08 14:00:00,7.5,81,0.0,,235,3.7,7.4,1015.0,32,4,2
2025-11-08 15:00:00,7.1,81,0.0,,248,3.7,7.4,1015.3,28,3,2
2025-11-08 16:00:00,6.5,87,0.0,,185,1.8,5.5,1016.5,26,4,2
2025-11-08 17:00:00,5.8,91,0.0,,153,1.8,5.5,1017.1,8,5,2
2025-11-08 18:00:00,5.4,93,0.0,,160,1.8,3.7,1017.5,0,6,2
2025-11-08 19:00:00,5.1,96,0.0,,153,1.8,5.5,1018.0,0,5,2
2025-11-08 20:00:00,5.1,95,0.0,,160,1.8,5.5,1018.4,0,5,2
2025-11-08 21:00:00,4.9,97,0.0,,185,1.8,5.5,1018.7,0,5,5
2025-11-08 22:00:00,5.0,95,0.0,,158,1.8,5.5,1019.1,0,7,5
2025-11-08 23:00:00,4.8,97,0.0,,178,1.8,5.5,1019.0,0,7,5
2025-11-09 00:00:00,4.8,97,0.0,,177,1.8,5.5,1019.1,0,6,5
2025-11-09 01:00:00,4.6,98,0.0,,173,1.8,5.5,1019.0,0,6,5
2025-11-09 02:00:00,4.8,97,0.0,,180,1.8,5.5,1019.0,0,6,5
2025-11-09 03:00:00,4.8,97,0.0,,187,1.8,5.5,1019.1,0,7,5
2025-11-09 04:00:00,5.1,95,0.0,,149,3.7,9.3,1019.0,0,7,5
2025-11-09 05:00:00,5.0,97,0.0,,160,1.8,7.4,1019.2,0,7,5
2025-11-09 06:00:00,5.4,95,0.0,,172,1.8,7.4,1019.4,0,8,5
2025-11-09 07:00:00,5.8,93,0.0,,182,3.7,5.5,1019.8,0,7,5
2025-11-09 08:00:00,6.2,92,0.0,,203,3.7,7.4,1020.1,2,7,4
2025-11-09 09:00:00,6.8,91,0.0,,214,3.7,9.3,1020.2,3,7,4
2025-11-09 10:00:00,7.3,90,0.0,,222,3.7,7.4,1020.4,0,8,4
2025-11-09 11:00:00,7.9,88,0.0,,232,3.7,9.3,1020.1,2,8,4
2025-11-09 12:00:00,8.2,87,0.0,,236,3.7,9.3,1019.8,2,8,4
2025-11-09 13:00:00,8.3,87,0.0,,239,3.7,11.1,1019.5,0,8,4
2025-11-09 14:00:00,8.1,88,0.1,,240,5.5,11.1,1019.5,0,7,4
2025-11-09 15:00:00,7.8,92,0.0,,247,3.7,9.3,1019.6,0,7,4
2025-11-09 16:00:00,8.2,93,0.2,,235,3.7,7.4,1019.2,0,8,4
2025-11-09 17:00:00,7.9,94,0.0,,243,3.7,5.5,1019.7,0,8,4
2025-11-09 18:00:00,7.6,95,0.1,,265,1.8,5.5,1020.0,0,8,3
2025-11-09 19:00:00,7.5,95,0.0,,251,1.8,5.5,1020.2,0,8,2
2025-11-09 20:00:00,7.3,95,0.0,,337,1.8,5.5,1020.3,0,7,3
2025-11-09 21:00:00,7.1,95,0.0,,46,1.8,5.5,1020.4,0,7,4
2025-11-09 22:00:00,7.0,97,0.0,,45,3.7,5.5,1020.3,0,7,4
2025-11-09 23:00:00,6.6,98,0.0,,48,3.7,5.5,1020.0,0,7,4
2025-11-10 00:00:00,6.2,100,0.0,,55,3.7,7.4,1019.7,0,6,3
2025-11-10 01:00:00,5.8,100,0.0,,60,3.7,9.3,1019.2,0,6,4
2025-11-10 02:00:00,5.6,99,0.0,,57,3.7,7.4,1018.9,0,6,4
2025-11-10 03:00:00,5.4,99,0.0,,49,3.7,9.3,1018.6,0,6,4
2025-11-10 04:00:00,4.6,100,0.0,,40,5.5,14.8,1018.2,0,7,5
2025-11-10 05:00:00,4.6,100,0.0,,38,3.7,11.1,1018.1,0,7,5
2025-11-10 06:00:00,4.7,100,0.0,,38,3.7,9.3,1018.2,0,7,5
2025-11-10 07:00:00,5.0,99,0.0,,49,3.7,9.3,1018.2,2,7,5
2025-11-10 08:00:00,5.5,96,0.0,,60,3.7,9.3,1018.2,2,6,5
2025-11-10 09:00:00,6.0,95,0.0,,64,3.7,9.3,1018.0,6,6,4
2025-11-10 10:00:00,6.5,91,0.0,,219,3.7,9.3,1018.0,0,7,4
2025-11-10 11:00:00,7.1,87,0.0,,231,3.7,9.3,1017.2,10,7,3
2025-11-10 12:00:00,7.6,82,0.0,,229,3.7,9.3,1016.6,16,7,3
2025-11-10 13:00:00,7.9,81,0.0,,223,3.7,11.1,1016.1,16,7,3
2025-11-10 14:00:00,7.9,81,0.0,,218,3.7,9.3,1015.9,17,7,3
2025-11-10 15:00:00,7.6,81,0.0,,202,3.7,9.3,1015.7,12,7,3
2025-11-10 16:00:00,6.3,90,0.0,,146,1.8,5.5,1016.3,0,7,3
2025-11-10 17:00:00,5.9,92,0.0,,137,3.7,7.4,1016.6,0,7,3
2025-11-10 18:00:00,5.6,93,0.0,,163,1.8,5.5,1016.8,0,7,2
2025-11-10 19:00:00,5.5,93,0.0,,176,1.8,7.4,1017.1,0,7,2
2025-11-10 20:00:00,5.4,93,0.0,,193,1.8,7.4,1017.2,0,7,3
2025-11-10 21:00:00,5.3,93,0.0,,201,3.7,9.3,1017.4,0,7,3
2025-11-10 22:00:00,5.3,92,0.0,,206,3.7,11.1,1017.8,0,7,3
2025-11-10 23:00:00,5.3,91,0.0,,205,3.7,11.1,1018.0,0,6,3
2025-11-11 00:00:00,5.5,89,0.0,,208,3.7,11.1,1018.2,0,5,3
2025-11-11 01:00:00,5.5,89,0.0,,207,3.7,11.1,1018.3,0,6,3
2025-11-11 02:00:00,5.6,90,0.0,,207,3.7,11.1,1018.4,0,6,3
2025-11-11 03:00:00,5.6,89,0.0,,203,3.7,11.1,1018.6,0,6,3
2025-11-11 04:00:00,6.0,91,0.0,,179,3.7,7.4,1018.6,0,7,3
2025-11-11 05:00:00,5.9,91,0.0,,191,3.7,9.3,1018.6,0,7,3
2025-11-11 06:00:00,6.0,91,0.0,,188,3.7,9.3,1018.6,0,6,2
2025-11-11 07:00:00,6.3,88,0.0,,188,3.7,7.4,1018.9,6,6,2
2025-11-11 08:00:00,7.1,84,0.0,,195,3.7,7.4,1019.0,14,6,2
2025-11-11 09:00:00,8.2,80,0.0,,208,3.7,9.3,1018.8,24,6,2
2025-11-11 10:00:00,9.7,70,0.0,,195,5.5,9.3,1018.7,53,6,2
2025-11-11 11:00:00,11.0,64,0.0,,206,5.5,11.1,1018.2,54,6,2
2025-11-11 12:00:00,11.8,61,0.0,,211,5.5,13.0,1017.7,48,5,2
2025-11-11 13:00:00,12.2,60,0.0,,212,5.5,13.0,1017.5,46,5,2
2025-11-11 14:00:00,12.2,60,0.0,,214,5.5,11.1,1017.2,42,5,2
2025-11-11 15:00:00,11.6,62,0.0,,194,3.7,9.3,1017.3,34,5,2
2025-11-11 16:00:00,11.2,62,0.0,,168,3.7,7.4,1017.4,22,3,1
2025-11-11 17:00:00,9.8,69,0.0,,121,3.7,7.4,1017.6,9,3,2
2025-11-11 18:00:00,8.7,74,0.0,,99,3.7,7.4,1017.9,0,3,2
2025-11-11 19:00:00,8.0,78,0.0,,93,1.8,7.4,1018.2,0,4,2
2025-11-11 20:00:00,7.4,81,0.0,,83,1.8,7.4,1018.5,0,4,2
2025-11-11 21:00:00,6.8,84,0.0,,95,1.8,5.5,1018.6,0,4,2
2025-11-11 22:00:00,6.2,82,0.0,,57,1.8,3.7,1018.7,0,1,1
2025-11-11 23:00:00,5.9,85,0.0,,74,1.8,5.5,1018.8,0,1,1
2025-11-12 00:00:00,5.6,87,0.0,,81,1.8,5.5,1018.9,0,1,1
2025-11-12 01:00:00,5.2,89,0.0,,90,3.7,7.4,1019.0,0,2,1
2025-11-12 02:00:00,4.9,91,0.0,,88,1.8,7.4,1019.0,0,3,2
2025-11-12 03:00:00,4.5,93,0.0,,80,1.8,7.4,1019.0,0,3,2
2025-11-12 04:00:00,4.1,93,0.0,,81,1.8,3.7,1019.1,0,4,2
2025-11-12 05:00:00,3.9,95,0.0,,76,1.8,5.5,1019.3,0,4,2
2025-11-12 06:00:00,3.9,95,0.0,,76,1.8,5.5,1019.5,0,5,2
2025-11-12 07:00:00,4.2,93,0.0,,88,1.8,5.5,1019.8,9,5,2
2025-11-12 08:00:00,4.9,91,0.0,,126,1.8,5.5,1019.8,18,6,2
2025-11-12 09:00:00,5.9,87,0.0,,194,1.8,5.5,1019.7,28,6,2
2025-11-12 10:00:00,7.7,77,0.0,,217,3.7,9.3,1019.7,51,6,3
2025-11-12 11:00:00,8.8,72,0.0,,216,3.7,9.3,1019.0,51,6,2
2025-11-12 12:00:00,9.6,68,0.0,,222,3.7,9.3,1018.2,46,5,2
2025-11-12 13:00:00,10.1,67,0.0,,217,3.7,11.1,1017.9,43,6,2
2025-11-12 14:00:00,10.3,67,0.0,,203,3.7,9.3,1017.8,37,6,2
2025-11-12 15:00:00,9.8,69,0.0,,184,3.7,9.3,1017.9,29,6,2
2025-11-12 16:00:00,10.0,69,0.0,,172,3.7,7.4,1017.8,3,4,1
2025-11-12 17:00:00,8.7,74,0.0,,133,3.7,7.4,1018.4,2,4,2
2025-11-12 18:00:00,8.0,78,0.0,,116,1.8,5.5,1019.0,0,4,2
2025-11-12 19:00:00,7.6,80,0.0,,134,1.8,5.5,1019.2,0,4,2
2025-11-12 20:00:00,7.4,80,0.0,,151,1.8,7.4,1019.4,0,5,2
2025-11-12 21:00:00,7.2,81,0.0,,149,1.8,5.5,1019.5,0,5,2
2025-11-12 22:00:00,7.6,75,0.0,,170,1.8,7.4,1019.6,0,2,1
2025-11-12 23:00:00,7.2,78,0.0,,161,1.8,7.4,1019.4,0,2,1
2025-11-13 00:00:00,6.9,80,0.0,,148,1.8,7.4,1019.2,0,2,1
2025-11-13 01:00:00,6.6,80,0.0,,140,3.7,7.4,1019.0,0,4,2
2025-11-13 02:00:00,6.3,82,0.0,,127,1.8,7.4,1019.0,0,4,2
2025-11-13 03:00:00,6.1,83,0.0,,138,1.8,7.4,1019.0,0,4,2
2025-11-13 04:00:00,8.2,67,0.0,,161,3.7,14.8,1018.5,0,4,2
2025-11-13 05:00:00,7.7,70,0.0,,153,3.7,11.1,1018.7,0,4,2
2025-11-13 06:00:00,7.5,73,0.0,,142,1.8,9.3,1019.0,0,4,2
2025-11-13 07:00:00,7.7,73,0.0,,148,1.8,9.3,1019.3,14,4,2
2025-11-13 08:00:00,8.5,70,0.0,,169,1.8,7.4,1019.5,26,4,2
2025-11-13 09:00:00,9.9,67,0.0,,196,3.7,7.4,1019.4,37,4,2
2025-11-13 10:00:00,11.2,63,0.0,,207,3.7,9.3,1019.1,44,4,2
2025-11-13 11:00:00,12.5,58,0.0,,207,5.5,11.1,1018.8,47,4,2
2025-11-13 12:00:00,13.5,56,0.0,,213,5.5,13.0,1018.3,50,3,2
2025-11-13 13:00:00,14.0,54,0.0,,209,5.5,14.8,1017.6,50,4,2
2025-11-13 14:00:00,14.1,54,0.0,,199,5.5,13.0,1017.2,44,4,2
2025-11-13 15:00:00,13.4,57,0.0,,190,5.5,11.1,1016.9,36,4,2
2025-11-13 16:00:00,15.2,46,0.0,,182,7.4,16.7,1016.3,34,4,2
2025-11-13 17:00:00,13.1,55,0.0,,169,3.7,13.0,1016.9,7,3,2
2025-11-13 18:00:00,11.5,61,0.0,,137,3.7,9.3,1017.5,0,2,1
2025-11-13 19:00:00,10.7,66,0.0,,134,3.7,7.4,1017.6,0,3,1
2025-11-13 20:00:00,10.1,69,0.0,,146,3.7,9.3,1017.7,0,3,2
2025-11-13 21:00:00,9.5,72,0.0,,141,3.7,9.3,1017.6,0,3,1
2025-11-13 22:00:00,11.0,60,0.0,,89,1.8,7.4,1016.9,0,1,1
2025-11-13 23:00:00,10.1,64,0.0,,94,1.8,7.4,1016.6,0,1,1
2025-11-14 00:00:00,9.3,68,0.0,,104,3.7,7.4,1016.4,0,1,1
2025-11-14 01:00:00,8.7,70,0.0,,107,3.7,9.3,1015.9,0,2,1
2025-11-14 02:00:00,8.1,74,0.0,,93,3.7,9.3,1015.7,0,3,2
2025-11-14 03:00:00,7.6,76,0.0,,79,3.7,9.3,1015.4,0,3,2
2025-11-14 04:00:00,7.9,67,0.0,,80,3.7,9.3,1014.8,0,3,1
2025-11-14 05:00:00,7.4,70,0.0,,80,3.7,9.3,1014.7,0,3,2
2025-11-14 06:00:00,7.2,71,0.0,,69,3.7,9.3,1014.7,0,3,2
2025-11-14 07:00:00,7.3,72,0.0,,88,3.7,9.3,1014.9,12,3,2
2025-11-14 08:00:00,8.2,70,0.0,,124,1.8,9.3,1014.8,24,3,2
2025-11-14 09:00:00,9.7,69,0.0,,167,3.7,9.3,1014.3,36,3,2
2025-11-14 10:00:00,10.9,71,0.0,,207,3.7,9.3,1012.8,19,6,2
2025-11-14 11:00:00,12.1,66,0.0,,218,3.7,9.3,1012.0,31,5,2
2025-11-14 12:00:00,13.1,62,0.0,,230,3.7,11.1,1011.4,38,5,2
2025-11-14 13:00:00,13.7,60,0.0,,229,5.5,11.1,1010.8,36,5,2
2025-11-14 14:00:00,14.1,58,0.0,,234,5.5,11.1,1010.5,34,5,2
2025-11-14 15:00:00,13.3,60,0.0,,218,3.7,11.1,1010.3,28,5,2
2025-11-14 16:00:00,12.8,66,0.0,,331,3.7,9.3,1010.4,7,6,3
2025-11-14 17:00:00,11.3,71,0.0,,52,3.7,7.4,1011.1,2,6,2
2025-11-14 18:00:00,10.5,74,0.0,,68,3.7,9.3,1011.6,0,6,2
2025-11-14 19:00:00,10.0,77,0.0,,66,1.8,9.3,1011.7,0,6,2
2025-11-14 20:00:00,10.0,77,0.0,,75,1.8,9.3,1011.7,0,6,2
2025-11-14 21:00:00,9.9,77,0.0,,68,3.7,9.3,1011.7,0,6,3
2025-11-14 22:00:00,12.0,59,0.0,,357,3.7,11.1,1010.0,0,7,3
2025-11-14 23:00:00,11.3,63,0.0,,16,3.7,11.1,1010.4,0,7,3
2025-11-15 00:00:00,10.7,67,0.0,,26,3.7,9.3,1011.0,0,7,3
2025-11-15 01:00:00,10.1,70,0.0,,45,3.7,11.1,1010.8,0,7,3
2025-11-15 02:00:00,9.7,73,0.0,,45,3.7,11.1,1010.8,0,8,3
2025-11-15 03:00:00,9.3,75,0.0,,43,3.7,13.0,1010.8,0,7,4
2025-11-15 04:00:00,10.6,67,0.0,,54,5.5,16.7,1010.1,0,7,3
2025-11-15 05:00:00,10.2,70,0.0,,44,5.5,14.8,1010.2,0,7,3
2025-11-15 06:00:00,10.2,71,0.0,,45,3.7,14.8,1010.5,0,7,2
2025-11-15 07:00:00,10.2,72,0.0,,43,3.7,13.0,1010.9,4,7,2
2025-11-15 08:00:00,10.7,71,0.0,,30,3.7,13.0,1011.3,8,7,3
2025-11-15 09:00:00,11.3,70,0.0,,30,3.7,11.1,1011.3,14,7,3
2025-11-15 10:00:00,12.8,62,0.0,,279,3.7,11.1,1010.3,43,6,3
2025-11-15 11:00:00,13.6,59,0.0,,274,5.5,13.0,1009.8,37,6,2
2025-11-15 12:00:00,14.0,59,0.0,,255,5.5,14.8,1009.5,31,6,2
2025-11-15 13:00:00,14.1,59,0.0,,250,7.4,16.7,1009.4,28,6,2
2025-11-15 14:00:00,14.2,58,0.0,,251,7.4,16.7,1009.7,21,6,2
2025-11-15 15:00:00,13.4,62,0.0,,253,7.4,18.5,1010.3,14,7,3
2025-11-15 16:00:00,13.8,63,0.0,,261,9.3,18.5,1010.0,2,6,3
2025-11-15 17:00:00,12.9,67,0.0,,253,7.4,20.4,1011.2,1,6,2
2025-11-15 18:00:00,11.8,73,0.3,,253,5.5,18.5,1012.2,0,6,2
2025-11-15 19:00:00,11.6,75,0.0,,245,5.5,16.7,1012.4,0,6,2
2025-11-15 20:00:00,11.1,79,0.0,,238,3.7,14.8,1012.4,0,6,2
2025-11-15 21:00:00,10.6,82,0.0,,223,3.7,13.0,1012.2,0,6,2
2025-11-15 22:00:00,10.2,83,0.0,,209,3.7,11.1,1012.1,0,6,3
2025-11-15 23:00:00,9.9,85,0.0,,217,3.7,11.1,1012.0,0,6,3
2025-11-16 00:00:00,9.4,86,0.0,,215,3.7,9.3,1011.9,0,6,3
2025-11-16 01:00:00,8.9,89,0.0,,179,3.7,7.4,1011.7,0,6,3
2025-11-16 02:00:00,8.6,90,0.0,,126,1.8,9.3,1011.5,0,7,3
2025-11-16 03:00:00,8.2,91,0.0,,94,1.8,7.4,1011.3,0,8,3
2025-11-16 04:00:00,8.0,91,0.0,,76,1.8,7.4,1010.9,0,8,3
2025-11-16 05:00:00,7.9,92,0.0,,72,3.7,9.3,1010.6,0,8,3
2025-11-16 06:00:00,7.9,92,0.0,,61,3.7,11.1,1010.3,0,7,3
2025-11-16 07:00:00,7.9,92,0.0,,57,3.7,11.1,1010.1,0,7,3
2025-11-16 08:00:00,8.2,90,0.0,,47,3.7,11.1,1010.0,0,7,3
2025-11-16 09:00:00,8.6,90,0.0,,7,3.7,11.1,1009.9,1,8,3
2025-11-16 10:00:00,8.8,89,0.0,,28,3.7,11.1,1008.0,0,8,7
2025-11-16 11:00:00,8.8,90,0.1,,343,3.7,11.1,1007.7,0,8,7
2025-11-16 12:00:00,8.9,92,0.8,,309,3.7,11.1,1007.5,0,8,7
2025-11-16 13:00:00,8.9,92,0.5,,305,3.7,11.1,1007.3,0,8,7
2025-11-16 14:00:00,8.9,92,0.0,,283,3.7,11.1,1007.3,0,8,7
2025-11-16 15:00:00,8.7,94,0.0,,276,3.7,11.1,1007.1,0,8,7
2025-11-16 16:00:00,9.1,90,0.0,,280,3.7,14.8,1008.2,0,8,7
2025-11-16 17:00:00,8.6,92,0.0,,300,3.7,13.0,1008.2,0,8,4
2025-11-16 18:00:00,8.5,92,0.0,,283,3.7,11.1,1008.4,0,8,4
2025-11-16 19:00:00,8.5,92,0.0,,251,3.7,13.0,1008.5,0,8,3
2025-11-16 20:00:00,8.5,92,0.0,,232,3.7,13.0,1008.4,0,7,4
2025-11-16 21:00:00,8.4,93,0.0,,228,5.5,14.8,1008.6,0,7,4
2025-11-16 22:00:00,9.7,81,0.0,,194,1.8,11.1,1008.4,0,8,4
2025-11-16 23:00:00,9.3,83,0.0,,214,3.7,11.1,1008.2,0,8,7
2025-11-17 00:00:00,9.1,86,0.0,,230,3.7,13.0,1008.0,0,8,7
2025-11-17 01:00:00,8.8,87,0.0,,232,3.7,13.0,1007.7,0,8,7
2025-11-17 02:00:00,8.5,88,0.0,,234,3.7,13.0,1007.6,0,8,7
2025-11-17 03:00:00,8.5,90,0.0,,238,5.5,14.8,1007.5,0,8,7
2025-11-17 04:00:00,8.4,87,0.9,,254,9.3,20.4,1006.6,0,8,7
2025-11-17 05:00:00,8.3,87,2.2,,247,9.3,22.2,1006.6,0,8,7
2025-11-17 06:00:00,8.2,88,0.1,,242,9.3,24.1,1006.7,0,8,7
2025-11-17 07:00:00,8.2,87,0.0,,243,11.1,25.9,1007.0,0,8,7
2025-11-17 08:00:00,8.1,89,0.8,,245,11.1,25.9,1007.3,0,8,7
2025-11-17 09:00:00,7.3,92,1.1,,258,9.3,24.1,1007.6,0,8,7
2025-11-17 10:00:00,7.5,97,1.1,,264,9.3,22.2,1008.3,0,8,8
2025-11-17 11:00:00,6.6,98,1.3,,272,9.3,22.2,1009.6,0,8,8
2025-11-17 12:00:00,5.8,95,1.7,,275,9.3,22.2,1011.4,0,8,7
2025-11-17 13:00:00,5.3,92,0.6,,273,9.3,22.2,1012.9,0,8,7
2025-11-17 14:00:00,5.0,88,0.5,,266,9.3,22.2,1014.2,0,8,7
2025-11-17 15:00:00,4.7,86,0.9,,262,7.4,20.4,1015.3,0,7,7
2025-11-17 16:00:00,4.2,76,0.9,,256,9.3,18.5,1017.0,18,8,7
2025-11-17 17:00:00,4.1,79,0.8,,253,7.4,14.8,1018.0,0,8,7
2025-11-17 18:00:00,3.9,83,0.2,,268,5.5,13.0,1018.9,0,7,7
2025-11-17 19:00:00,3.7,84,0.2,,284,5.5,11.1,1019.9,0,7,7
2025-11-17 20:00:00,3.4,86,0.6,,322,3.7,11.1,1020.5,0,6,7
2025-11-17 21:00:00,2.9,87,0.1,,1,3.7,9.3,1021.0,0,6,7
2025-11-17 22:00:00,2.0,90,0.0,,5,5.5,13.0,1021.9,0,7,7
2025-11-17 23:00:00,1.7,89,0.0,,14,3.7,11.1,1022.2,0,7,3
2025-11-18 00:00:00,1.3,90,0.0,,22,5.5,13.0,1022.5,0,6,3
2025-11-18 01:00:00,1.0,88,0.0,,25,5.5,13.0,1022.8,0,6,3
2025-11-18 02:00:00,0.7,88,0.0,,29,5.5,14.8,1023.1,0,6,3
2025-11-18 03:00:00,0.3,88,0.0,,30,7.4,14.8,1023.3,0,5,3
2025-11-18 04:00:00,-0.6,91,0.0,,41,7.4,16.7,1023.2,0,6,3
2025-11-18 05:00:00,-0.7,90,0.0,,38,7.4,16.7,1023.4,0,6,3
2025-11-18 06:00:00,-0.8,90,0.0,,37,7.4,14.8,1023.4,0,5,3
2025-11-18 07:00:00,-0.6,88,0.0,,40,7.4,16.7,1023.4,7,5,3
2025-11-18 08:00:00,-0.2,86,0.0,,40,7.4,16.7,1023.4,14,5,3
2025-11-18 09:00:00,0.4,83,0.0,,41,7.4,16.7,1023.0,22,5,3
2025-11-18 10:00:00,1.0,79,0.0,,40,5.5,14.8,1022.5,27,5,3
2025-11-18 11:00:00,1.5,76,0.0,,37,5.5,14.8,1021.8,30,5,3
2025-11-18 12:00:00,1.9,73,0.0,,39,5.5,13.0,1021.2,26,5,3
2025-11-18 13:00:00,2.1,72,0.0,,22,3.7,11.1,1020.6,26,4,3
2025-11-18 14:00:00,2.0,71,0.0,,356,3.7,9.3,1020.3,24,4,2
2025-11-18 15:00:00,1.6,72,0.0,,313,3.7,9.3,1020.2,21,4,2
2025-11-18 16:00:00,1.2,74,0.0,,303,3.7,9.3,1020.2,12,4,2
2025-11-18 17:00:00,0.7,77,0.0,,287,3.7,7.4,1020.2,0,4,2
2025-11-18 18:00:00,0.3,80,0.0,,255,3.7,7.4,1020.1,0,4,2
2025-11-18 19:00:00,0.1,81,0.0,,248,3.7,7.4,1020.0,0,4,2
2025-11-18 20:00:00,-0.1,83,0.0,,242,3.7,9.3,1019.8,0,4,2
2025-11-18 21:00:00,-0.3,83,0.0,,237,3.7,9.3,1019.6,0,4,2
2025-11-18 22:00:00,0.7,82,0.0,,221,3.7,9.3,1019.4,0,4,2
2025-11-18 23:00:00,0.4,83,0.0,,211,3.7,9.3,1019.2,0,5,2
2025-11-19 00:00:00,0.1,86,0.0,,209,3.7,11.1,1018.7,0,5,2
2025-11-19 01:00:00,-0.1,86,0.0,,213,3.7,11.1,1018.4,0,5,3
2025-11-19 02:00:00,-0.2,86,0.0,,205,5.5,11.1,1017.9,0,5,2
2025-11-19 03:00:00,-0.3,86,0.0,,198,3.7,11.1,1017.3,0,5,3
2025-11-19 04:00:00,-1.0,92,0.0,,203,3.7,7.4,1016.5,0,6,3
2025-11-19 05:00:00,-1.0,90,0.0,,198,3.7,9.3,1016.2,0,6,3
2025-11-19 06:00:00,-0.8,90,0.0,,194,3.7,9.3,1015.6,0,6,2
2025-11-19 07:00:00,-0.5,87,0.0,,199,3.7,9.3,1015.2,7,6,2
2025-11-19 08:00:00,0.1,84,0.0,,202,3.7,11.1,1014.6,15,6,3
2025-11-19 09:00:00,1.0,80,0.0,,207,5.5,13.0,1013.9,27,5,3
2025-11-19 10:00:00,2.5,69,0.0,,204,7.4,20.4,1013.0,53,5,2
2025-11-19 11:00:00,3.2,65,0.0,,210,9.3,22.2,1011.9,52,6,2
2025-11-19 12:00:00,3.6,63,0.0,,211,9.3,22.2,1010.9,42,6,2
2025-11-19 13:00:00,3.8,61,0.0,,211,9.3,22.2,1010.2,36,6,2
2025-11-19 14:00:00,3.7,62,0.0,,208,9.3,20.4,1009.5,25,6,3
2025-11-19 15:00:00,3.2,64,0.0,,207,7.4,18.5,1009.0,19,7,3
2025-11-19 16:00:00,3.1,66,0.0,,197,7.4,20.4,1008.4,0,7,3
2025-11-19 17:00:00,2.8,68,0.0,,198,7.4,20.4,1008.2,0,6,3
2025-11-19 18:00:00,2.6,70,0.0,,204,9.3,20.4,1007.9,0,6,2
2025-11-19 19:00:00,2.5,71,0.0,,214,9.3,22.2,1007.7,0,7,2
2025-11-19 20:00:00,2.4,72,0.0,,219,9.3,22.2,1007.5,0,7,3
2025-11-19 21:00:00,2.3,73,0.0,,225,11.1,25.9,1007.5,0,6,3
2025-11-19 22:00:00,3.3,60,0.0,,232,13.0,33.3,1007.3,0,7,12
2025-11-19 23:00:00,3.0,65,0.2,,236,14.8,33.3,1007.4,0,7,12
2025-11-20 00:00:00,2.7,69,0.5,,236,16.7,38.9,1007.5,0,7,12
2025-11-20 01:00:00,2.6,72,1.1,,235,18.5,40.8,1007.7,0,7,12
2025-11-20 02:00:00,2.2,75,0.6,,235,20.4,44.5,1008.0,0,7,12
2025-11-20 03:00:00,2.0,77,0.1,,235,20.4,48.2,1008.4,0,7,14
2025-11-20 04:00:00,2.1,85,0.0,,232,20.4,46.3,1009.0,0,7,14
2025-11-20 05:00:00,2.0,84,0.5,,237,20.4,48.2,1009.5,0,7,14
2025-11-20 06:00:00,1.8,84,0.5,,240,18.5,44.5,1010.2,0,7,14
2025-11-20 07:00:00,1.9,81,0.0,,241,16.7,40.8,1011.0,0,7,14
2025-11-20 08:00:00,1.8,82,0.0,,239,16.7,37.0,1011.8,0,6,14
2025-11-20 09:00:00,1.8,81,0.0,,243,14.8,35.2,1012.4,2,7,14
2025-11-20 10:00:00,2.2,81,0.0,,249,14.8,33.3,1012.7,14,8,14
2025-11-20 11:00:00,2.4,78,0.1,,251,13.0,31.5,1012.5,10,8,14
2025-11-20 12:00:00,2.3,77,0.0,,254,11.1,27.8,1012.3,5,8,3
2025-11-20 13:00:00,2.4,75,0.0,,253,9.3,24.1,1012.6,2,8,3
2025-11-20 14:00:00,2.1,76,0.0,,255,7.4,18.5,1012.8,0,7,3
2025-11-20 15:00:00,1.5,79,0.0,,259,5.5,14.8,1013.3,0,6,3
2025-11-20 16:00:00,0.0,94,0.0,,211,3.7,11.1,1014.0,0,8,21
2025-11-20 17:00:00,0.0,93,0.0,,132,1.8,9.3,1014.5,0,8,14
2025-11-20 18:00:00,-0.1,92,0.0,,244,1.8,9.3,1015.0,0,8,14
2025-11-20 19:00:00,0.0,90,0.0,,264,1.8,7.4,1015.2,0,8,14
2025-11-20 20:00:00,-0.2,90,0.0,,320,1.8,7.4,1015.4,0,8,14
2025-11-20 21:00:00,-0.2,90,0.0,,321,1.8,7.4,1015.7,0,8,14
2025-11-20 22:00:00,-0.3,94,0.0,,320,1.8,7.4,1015.2,0,8,14
2025-11-20 23:00:00,-0.6,95,0.0,,348,3.7,9.3,1015.4,0,8,14
2025-11-21 00:00:00,-0.7,96,0.0,,344,3.7,9.3,1015.5,0,8,14
2025-11-21 01:00:00,-0.8,94,0.0,,342,3.7,9.3,1015.5,0,8,14
2025-11-21 02:00:00,-1.0,96,0.1,,340,3.7,9.3,1015.5,0,8,14
2025-11-21 03:00:00,-1.0,96,0.1,,4,3.7,9.3,1015.7,0,8,14
2025-11-21 04:00:00,-1.2,97,0.2,,1,3.7,11.1,1015.9,0,8,14
2025-11-21 05:00:00,-1.4,97,0.4,,6,5.5,13.0,1016.3,0,8,14
2025-11-21 06:00:00,-1.4,98,0.2,,15,7.4,16.7,1016.8,0,8,14
2025-11-21 07:00:00,-1.2,94,0.2,,22,7.4,20.4,1017.1,0,8,14
2025-11-21 08:00:00,-1.2,94,0.2,,26,7.4,20.4,1017.7,0,8,14
2025-11-21 09:00:00,-1.1,94,0.1,,24,9.3,20.4,1018.0,0,8,14
2025-11-21 10:00:00,-0.7,87,0.2,,36,9.3,20.4,1018.8,0,8,14
2025-11-21 11:00:00,-0.6,86,0.0,,32,9.3,24.1,1019.0,0,8,14
2025-11-21 12:00:00,-0.8,84,0.0,,33,9.3,24.1,1019.2,0,8,14
2025-11-21 13:00:00,-0.6,82,0.0,,35,9.3,24.1,1019.7,0,8,14
2025-11-21 14:00:00,-0.6,81,0.0,,36,9.3,24.1,1020.2,0,8,14
2025-11-21 15:00:00,-1.1,83,0.0,,36,9.3,22.2,1021.1,0,8,14
2025-11-21 16:00:00,-0.7,72,0.1,,41,7.4,22.2,1021.5,0,8,14
2025-11-21 17:00:00,-0.9,75,0.0,,36,7.4,20.4,1022.4,0,8,14
2025-11-21 18:00:00,-1.4,81,0.0,,33,7.4,20.4,1023.1,0,8,14
2025-11-21 19:00:00,-1.5,82,0.0,,34,7.4,22.2,1024.0,0,8,14
2025-11-21 20:00:00,-1.6,83,0.0,,33,7.4,20.4,1024.8,0,8,14
2025-11-21 21:00:00,-1.8,84,0.0,,31,7.4,20.4,1025.4,0,8,14
2025-11-21 22:00:00,-2.3,86,0.0,,33,11.1,27.8,1025.7,0,7,14
2025-11-21 23:00:00,-2.7,87,0.0,,34,11.1,24.1,1026.3,0,7,14
2025-11-22 00:00:00,-2.9,88,0.0,,32,9.3,22.2,1026.5,0,6,14
2025-11-22 01:00:00,-3.0,86,0.0,,31,9.3,20.4,1027.1,0,6,3
2025-11-22 02:00:00,-3.2,87,0.0,,29,7.4,18.5,1027.5,0,6,3
2025-11-22 03:00:00,-3.5,87,0.0,,28,5.5,16.7,1028.0,0,6,3
2025-11-22 04:00:00,-3.3,79,0.0,,22,5.5,18.5,1028.1,0,6,3
2025-11-22 05:00:00,-3.5,80,0.0,,25,5.5,16.7,1028.7,0,6,3
2025-11-22 06:00:00,-3.6,82,0.0,,23,5.5,16.7,1029.1,0,6,2
2025-11-22 07:00:00,-3.6,81,0.0,,26,7.4,16.7,1029.4,4,6,2
2025-11-22 08:00:00,-3.3,80,0.0,,30,7.4,16.7,1029.7,8,6,2
2025-11-22 09:00:00,-2.9,79,0.0,,34,5.5,16.7,1029.6,16,5,3
2025-11-22 10:00:00,-1.7,71,0.0,,48,7.4,16.7,1029.2,50,5,2
2025-11-22 11:00:00,-1.4,69,0.0,,48,5.5,14.8,1028.7,44,5,2
2025-11-22 12:00:00,-1.3,68,0.0,,46,5.5,14.8,1028.1,38,5,2
2025-11-22 13:00:00,-1.1,66,0.0,,42,5.5,13.0,1027.8,37,4,2
2025-11-22 14:00:00,-1.1,66,0.0,,59,5.5,13.0,1027.7,32,4,2
2025-11-22 15:00:00,-1.7,70,0.0,,58,3.7,11.1,1027.8,28,4,2
2025-11-22 16:00:00,-2.5,73,0.0,,42,3.7,11.1,1027.6,8,4,2
2025-11-22 17:00:00,-2.9,77,0.0,,50,3.7,11.1,1027.6,0,3,2
2025-11-22 18:00:00,-3.4,80,0.0,,53,3.7,9.3,1027.4,0,3,2
2025-11-22 19:00:00,-3.7,81,0.0,,60,3.7,9.3,1027.2,0,4,2
2025-11-22 20:00:00,-4.0,83,0.0,,62,3.7,7.4,1026.7,0,3,2
2025-11-22 21:00:00,-4.3,85,0.0,,74,3.7,7.4,1026.2,0,3,2
2025-11-22 22:00:00,-5.5,90,0.0,,61,3.7,9.3,1026.1,0,4,2
2025-11-22 23:00:00,-5.6,91,0.0,,60,3.7,7.4,1025.6,0,4,2
2025-11-23 00:00:00,-5.6,91,0.0,,62,3.7,7.4,1025.0,0,4,2
2025-11-23 01:00:00,-5.7,91,0.0,,79,3.7,7.4,1024.5,0,4,2
2025-11-23 02:00:00,-5.8,93,0.0,,80,3.7,7.4,1024.0,0,4,2
2025-11-23 03:00:00,-5.8,93,0.0,,80,3.7,7.4,1023.5,0,4,2
2025-11-23 04:00:00,-6.5,91,0.0,,58,3.7,5.5,1023.4,0,5,2
2025-11-23 05:00:00,-6.4,92,0.0,,67,3.7,7.4,1022.8,0,6,2
2025-11-23 06:00:00,-6.2,93,0.0,,75,3.7,7.4,1022.2,0,6,2
2025-11-23 07:00:00,-5.9,91,0.0,,100,3.7,7.4,1021.7,4,6,3
2025-11-23 08:00:00,-5.3,89,0.0,,138,3.7,7.4,1021.4,11,7,3
2025-11-23 09:00:00,-4.4,85,0.0,,164,3.7,9.3,1020.8,18,8,3
2025-11-23 10:00:00,-2.7,80,0.0,,188,5.5,13.0,1020.1,18,7,3
2025-11-23 11:00:00,-1.7,74,0.0,,192,5.5,13.0,1018.8,17,7,3
2025-11-23 12:00:00,-1.0,70,0.0,,197,5.5,13.0,1017.4,13,8,3
2025-11-23 13:00:00,-0.4,67,0.0,,196,5.5,13.0,1016.0,6,8,3
2025-11-23 14:00:00,-0.3,67,0.0,,196,5.5,13.0,1015.0,2,8,3
2025-11-23 15:00:00,-0.4,70,0.0,,193,5.5,13.0,1014.0,0,8,4
2025-11-23 16:00:00,-0.4,72,0.0,,193,5.5,14.8,1012.9,0,8,4
2025-11-23 17:00:00,-0.2,74,0.0,,197,5.5,14.8,1012.1,0,8,3
2025-11-23 18:00:00,-0.2,78,0.0,,199,5.5,14.8,1011.4,0,8,14
2025-11-23 19:00:00,-0.4,80,0.1,,194,7.4,14.8,1010.5,0,8,14
2025-11-23 20:00:00,-0.2,82,0.3,,201,7.4,16.7,1009.4,0,8,14
2025-11-23 21:00:00,-0.1,88,0.2,,212,7.4,18.5,1008.8,0,8,15
2025-11-23 22:00:00,0.8,87,0.7,,190,7.4,16.7,1008.1,0,8,15
2025-11-23 23:00:00,1.1,88,1.7,,207,7.4,16.7,1007.2,0,8,13
2025-11-24 00:00:00,1.2,90,1.8,,199,7.4,16.7,1006.7,0,8,13
2025-11-24 01:00:00,1.4,92,2.0,,203,7.4,18.5,1005.5,0,8,8
2025-11-24 02:00:00,1.7,92,2.0,,200,7.4,18.5,1005.4,0,8,9
2025-11-24 03:00:00,1.7,94,1.8,,202,7.4,18.5,1005.2,0,8,9
2025-11-24 04:00:00,3.2,97,1.5,,187,9.3,24.1,1004.3,0,8,9
2025-11-24 05:00:00,3.0,100,1.8,,195,9.3,20.4,1003.5,0,8,9
2025-11-24 06:00:00,3.0,100,1.7,,192,7.4,16.7,1003.2,0,8,9
2025-11-24 07:00:00,3.0,100,1.0,,186,7.4,16.7,1002.8,0,8,9
2025-11-24 08:00:00,3.0,100,1.2,,191,7.4,16.7,1002.9,0,8,9
2025-11-24 09:00:00,3.0,100,1.2,,191,5.5,14.8,1002.6,0,8,9
2025-11-24 10:00:00,3.4,100,1.2,,189,3.7,11.1,1001.6,0,8,9
2025-11-24 11:00:00,3.4,100,0.9,,202,5.5,13.0,1001.0,0,8,9
2025-11-24 12:00:00,3.4,100,0.7,,209,5.5,13.0,1000.5,0,8,9
2025-11-24 13:00:00,3.4,100,1.3,,213,5.5,13.0,1000.7,0,8,9
2025-11-24 14:00:00,3.4,100,2.1,,234,3.7,11.1,1001.0,0,8,9
2025-11-24 15:00:00,3.0,100,2.5,,234,3.7,9.3,1001.4,0,8,9
2025-11-24 16:00:00,3.5,100,2.9,,156,3.7,7.4,1001.2,0,8,9
2025-11-24 17:00:00,3.1,100,2.5,,199,3.7,9.3,1001.3,0,8,9
2025-11-24 18:00:00,2.9,100,1.9,,210,3.7,11.1,1001.5,0,8,9
2025-11-24 19:00:00,2.9,100,1.3,,202,3.7,11.1,1001.2,0,8,8
2025-11-24 20:00:00,2.7,100,0.8,,193,3.7,11.1,1001.1,0,8,8
2025-11-24 21:00:00,2.6,100,0.2,,198,3.7,13.0,1001.1,0,8,8
2025-11-24 22:00:00,3.4,95,0.5,,199,7.4,16.7,1001.4,0,8,7
2025-11-24 23:00:00,3.2,95,0.9,,203,5.5,14.8,1001.5,0,8,7
2025-11-25 00:00:00,3.0,97,0.7,,209,5.5,14.8,1001.6,0,8,7
2025-11-25 01:00:00,3.0,97,0.3,,214,5.5,14.8,1001.4,0,8,7
2025-11-25 02:00:00,2.8,97,0.1,,213,5.5,14.8,1001.3,0,8,7
2025-11-25 03:00:00,2.9,96,0.0,,212,7.4,16.7,1001.3,0,8,7
2025-11-25 04:00:00,3.2,93,0.0,,226,7.4,18.5,1000.9,0,8,7
2025-11-25 05:00:00,3.1,94,0.2,,222,7.4,18.5,1001.2,0,8,7
2025-11-25 06:00:00,3.3,93,0.0,,221,7.4,20.4,1001.4,0,8,7
2025-11-25 07:00:00,3.3,93,1.0,,225,9.3,24.1,1002.2,0,7,7
2025-11-25 08:00:00,3.3,93,0.3,,223,9.3,25.9,1002.8,0,8,7
2025-11-25 09:00:00,3.4,93,0.0,,224,11.1,27.8,1003.5,0,8,7
2025-11-25 10:00:00,4.1,83,0.3,,234,14.8,35.2,1004.2,0,8,7
2025-11-25 11:00:00,4.0,84,0.2,,234,14.8,35.2,1004.4,0,8,7
2025-11-25 12:00:00,3.8,85,0.3,,238,14.8,33.3,1004.7,0,8,7
2025-11-25 13:00:00,3.7,87,0.8,,236,14.8,33.3,1005.3,0,7,7
2025-11-25 14:00:00,3.6,87,0.3,,234,13.0,31.5,1005.9,0,7,7
2025-11-25 15:00:00,3.1,91,0.5,,237,11.1,27.8,1006.6,0,8,7
2025-11-25 16:00:00,2.9,90,0.3,,247,14.8,31.5,1006.7,0,8,7
2025-11-25 17:00:00,2.8,92,0.4,,245,11.1,25.9,1007.5,0,8,7
2025-11-25 18:00:00,2.6,95,0.6,,244,9.3,20.4,1008.3,0,8,7
2025-11-25 19:00:00,2.5,95,0.5,,245,7.4,18.5,1009.0,0,8,7
2025-11-25 20:00:00,2.3,97,0.3,,249,7.4,16.7,1009.6,0,7,7
2025-11-25 21:00:00,2.1,98,0.8,,251,5.5,14.8,1010.3,0,7,7
2025-11-25 22:00:00,1.8,97,0.9,,249,7.4,14.8,1010.6,0,8,7
2025-11-25 23:00:00,1.7,97,1.2,,255,5.5,13.0,1011.1,0,8,7
2025-11-26 00:00:00,1.5,99,0.9,,261,5.5,13.0,1011.6,0,8,7
2025-11-26 01:00:00,1.4,99,0.9,,269,3.7,11.1,1012.1,0,8,7
2025-11-26 02:00:00,1.2,100,0.3,,272,3.7,9.3,1012.7,0,8,7
2025-11-26 03:00:00,1.2,100,0.4,,289,3.7,9.3,1013.3,0,8,12
2025-11-26 04:00:00,1.1,100,0.4,,293,3.7,9.3,1013.9,0,8,12
2025-11-26 05:00:00,1.0,100,0.1,,304,3.7,9.3,1014.7,0,8,7
2025-11-26 06:00:00,1.0,100,1.1,,303,3.7,9.3,1015.4,0,8,7
2025-11-26 07:00:00,1.1,99,1.7,,311,3.7,9.3,1016.2,0,7,12
2025-11-26 08:00:00,0.9,100,1.0,,305,3.7,9.3,1016.9,0,8,12
2025-11-26 09:00:00,1.2,100,0.4,,297,3.7,9.3,1017.6,0,8,14
2025-11-26 10:00:00,1.4,97,0.2,,302,3.7,9.3,1018.3,0,8,12
2025-11-26 11:00:00,1.5,97,0.0,,320,3.7,9.3,1018.6,0,8,12
2025-11-26 12:00:00,1.4,97,0.0,,311,3.7,9.3,1018.8,0,8,14
2025-11-26 13:00:00,1.5,97,0.0,,302,3.7,9.3,1019.2,0,7,14
2025-11-26 14:00:00,1.6,96,0.2,,290,3.7,9.3,1019.7,0,7,12
2025-11-26 15:00:00,1.2,98,1.0,,307,3.7,9.3,1020.5,0,7,12
2025-11-26 16:00:00,1.9,97,0.7,,309,3.7,7.4,1020.9,0,8,12
2025-11-26 17:00:00,1.6,99,0.2,,328,3.7,5.5,1021.8,0,8,14
2025-11-26 18:00:00,1.2,100,0.0,,332,3.7,7.4,1022.6,0,8,14
2025-11-26 19:00:00,1.1,99,0.0,,336,1.8,5.5,1023.4,0,8,14
2025-11-26 20:00:00,0.9,99,0.0,,341,1.8,7.4,1024.1,0,8,14
2025-11-26 21:00:00,0.8,98,0.0,,347,1.8,5.5,1024.6,0,7,14
2025-11-26 22:00:00,0.9,95,0.1,,326,3.7,9.3,1024.6,0,8,14
2025-11-26 23:00:00,0.8,95,0.2,,352,3.7,7.4,1024.9,0,7,14
2025-11-27 00:00:00,0.5,96,0.0,,1,3.7,7.4,1025.1,0,7,14
2025-11-27 01:00:00,0.3,95,0.0,,12,3.7,7.4,1025.2,0,7,3
2025-11-27 02:00:00,0.0,96,0.0,,17,3.7,7.4,1025.4,0,6,4
2025-11-27 03:00:00,-0.3,96,0.0,,27,3.7,9.3,1025.4,0,6,4
2025-11-27 04:00:00,-0.5,96,0.0,,30,1.8,14.8,1025.1,0,7,3
2025-11-27 05:00:00,-0.7,97,0.0,,38,1.8,9.3,1025.5,0,6,3
2025-11-27 06:00:00,-0.7,96,0.0,,38,1.8,7.4,1025.5,0,6,2
2025-11-27 07:00:00,-0.6,94,0.0,,46,3.7,7.4,1025.9,0,6,2
2025-11-27 08:00:00,-0.2,92,0.0,,52,3.7,7.4,1026.4,10,5,2
2025-11-27 09:00:00,0.4,89,0.0,,66,3.7,7.4,1026.5,18,5,3
2025-11-27 10:00:00,2.1,79,0.0,,68,5.5,11.1,1026.4,49,6,3
2025-11-27 11:00:00,2.2,79,0.0,,70,3.7,11.1,1025.9,40,6,3
2025-11-27 12:00:00,2.2,77,0.0,,59,3.7,11.1,1025.3,28,6,2
2025-11-27 13:00:00,2.2,77,0.0,,57,3.7,11.1,1025.3,23,6,2
2025-11-27 14:00:00,2.2,76,0.0,,63,3.7,9.3,1025.4,19,6,3
2025-11-27 15:00:00,1.8,77,0.0,,77,3.7,9.3,1025.8,15,6,3
2025-11-27 16:00:00,1.7,79,0.0,,56,3.7,7.4,1025.5,3,5,3
2025-11-27 17:00:00,0.9,84,0.0,,49,3.7,7.4,1026.3,0,5,2
2025-11-27 18:00:00,0.4,86,0.0,,61,3.7,7.4,1026.7,0,5,2
2025-11-27 19:00:00,0.0,87,0.0,,74,1.8,5.5,1027.0,0,5,2
2025-11-27 20:00:00,-0.3,88,0.0,,104,1.8,5.5,1027.2,0,5,2
2025-11-27 21:00:00,-0.6,89,0.0,,132,1.8,3.7,1027.3,0,5,2
2025-11-27 22:00:00,-0.9,92,0.0,,145,1.8,5.5,1027.2,0,2,1
2025-11-27 23:00:00,-1.1,91,0.0,,156,1.8,5.5,1027.1,0,2,1
2025-11-28 00:00:00,-1.2,91,0.0,,156,1.8,5.5,1026.9,0,2,1
2025-11-28 01:00:00,-1.4,90,0.0,,146,1.8,3.7,1026.8,0,3,2
2025-11-28 02:00:00,-1.6,92,0.0,,183,1.8,5.5,1026.5,0,3,2
2025-11-28 03:00:00,-1.5,90,0.0,,175,1.8,5.5,1026.2,0,4,2
2025-11-28 04:00:00,-1.8,92,0.0,,180,0.0,3.7,1025.8,0,4,2
2025-11-28 05:00:00,-1.8,94,0.0,,164,1.8,5.5,1025.7,0,4,2
2025-11-28 06:00:00,-1.6,92,0.0,,155,1.8,5.5,1025.4,0,5,2
2025-11-28 07:00:00,-1.4,92,0.0,,142,1.8,7.4,1025.3,0,5,2
2025-11-28 08:00:00,-0.8,89,0.0,,147,1.8,7.4,1025.2,15,5,2
2025-11-28 09:00:00,0.0,86,0.0,,160,3.7,7.4,1025.0,26,5,3
2025-11-28 10:00:00,1.1,78,0.0,,180,5.5,11.1,1024.8,51,7,3
2025-11-28 11:00:00,2.0,73,0.0,,182,5.5,11.1,1023.9,43,6,3
2025-11-28 12:00:00,2.7,70,0.0,,197,5.5,11.1,1023.1,36,6,3
2025-11-28 13:00:00,3.3,69,0.0,,202,5.5,11.1,1022.2,28,6,3
2025-11-28 14:00:00,3.4,70,0.0,,204,5.5,11.1,1021.8,19,7,3
2025-11-28 15:00:00,3.6,69,0.0,,196,3.7,9.3,1021.6,16,7,3
2025-11-28 16:00:00,3.3,70,0.0,,201,3.7,9.3,1021.7,6,7,3
2025-11-28 17:00:00,2.8,76,0.0,,187,3.7,7.4,1021.7,0,8,3
2025-11-28 18:00:00,2.8,77,0.0,,184,3.7,5.5,1021.9,0,8,3
2025-11-28 19:00:00,2.7,80,0.0,,188,3.7,7.4,1021.8,0,7,3
2025-11-28 20:00:00,2.8,79,0.0,,195,3.7,7.4,1021.4,0,7,3
2025-11-28 21:00:00,2.9,80,0.0,,197,3.7,9.3,1021.3,0,7,3
2025-11-28 22:00:00,2.9,73,0.0,,159,5.5,13.0,1020.7,0,7,7
2025-11-28 23:00:00,2.7,76,0.0,,172,3.7,11.1,1020.4,0,7,7
2025-11-29 00:00:00,2.8,78,0.0,,177,3.7,9.3,1019.9,0,7,7
2025-11-29 01:00:00,2.8,80,0.0,,185,3.7,9.3,1019.5,0,8,7
2025-11-29 02:00:00,3.0,81,0.3,,185,3.7,9.3,1019.2,0,8,7
2025-11-29 03:00:00,3.1,82,0.4,,190,3.7,11.1,1019.0,0,8,7
2025-11-29 04:00:00,2.9,86,0.4,,200,5.5,13.0,1018.7,0,8,7
2025-11-29 05:00:00,2.9,88,0.5,,201,5.5,13.0,1018.5,0,8,7
2025-11-29 06:00:00,3.2,89,0.3,,198,5.5,11.1,1018.1,0,8,7
2025-11-29 07:00:00,3.4,88,0.0,,194,3.7,9.3,1018.1,0,8,7
2025-11-29 08:00:00,3.7,87,0.0,,194,3.7,9.3,1018.2,4,7,7
2025-11-29 09:00:00,4.2,86,0.0,,196,3.7,7.4,1018.0,4,7,3
2025-11-29 10:00:00,4.4,81,0.0,,211,3.7,9.3,1017.8,3,8,4
2025-11-29 11:00:00,4.8,80,0.0,,210,3.7,9.3,1016.9,6,8,3
2025-11-29 12:00:00,5.2,79,0.0,,206,3.7,9.3,1016.2,7,8,3
2025-11-29 13:00:00,5.4,79,0.0,,203,3.7,9.3,1015.4,7,7,3
2025-11-29 14:00:00,5.1,83,0.0,,201,3.7,9.3,1015.1,5,7,3
2025-11-29 15:00:00,4.8,84,0.0,,191,3.7,9.3,1014.7,5,7,3
2025-11-29 16:00:00,6.1,79,0.0,,86,3.7,7.4,1013.7,14,7,3
2025-11-29 17:00:00,4.8,85,0.0,,74,3.7,7.4,1013.8,0,6,3
2025-11-29 18:00:00,3.8,89,0.0,,85,3.7,7.4,1013.8,0,6,2
2025-11-29 19:00:00,3.4,90,0.0,,79,3.7,7.4,1013.6,0,6,2
2025-11-29 20:00:00,3.0,91,0.0,,94,1.8,7.4,1013.6,0,6,2
2025-11-29 21:00:00,2.8,93,0.0,,85,1.8,7.4,1013.5,0,6,2
2025-11-29 22:00:00,2.7,94,0.0,,196,1.8,5.5,1013.9,0,6,3
2025-11-29 23:00:00,2.6,96,0.0,,155,1.8,5.5,1013.7,0,6,3
2025-11-30 00:00:00,2.4,97,0.0,,153,1.8,5.5,1013.5,0,6,3
2025-11-30 01:00:00,2.2,97,0.0,,153,1.8,5.5,1013.4,0,7,5
2025-11-30 02:00:00,2.1,97,0.0,,173,1.8,5.5,1013.4,0,8,5
2025-11-30 03:00:00,2.0,97,0.0,,186,1.8,7.4,1013.4,0,8,5
2025-11-30 04:00:00,1.8,98,0.0,,180,1.8,5.5,1013.6,0,7,5
2025-11-30 05:00:00,1.7,100,0.0,,197,1.8,7.4,1013.7,0,8,5
2025-11-30 06:00:00,2.0,98,0.0,,207,3.7,9.3,1013.9,0,8,5
2025-11-30 07:00:00,2.2,97,0.0,,207,3.7,11.1,1014.4,0,8,5
2025-11-30 08:00:00,2.7,96,0.0,,209,3.7,11.1,1014.7,0,8,5
2025-11-30 09:00:00,3.1,97,0.0,,210,3.7,11.1,1015.1,0,8,4
2025-11-30 10:00:00,4.5,93,0.0,,195,3.7,7.4,1015.0,0,8,4
2025-11-30 11:00:00,4.8,92,0.2,,211,3.7,9.3,1014.9,0,8,4
2025-11-30 12:00:00,5.1,90,0.0,,223,3.7,9.3,1014.8,1,8,3
2025-11-30 13:00:00,5.2,89,0.0,,223,3.7,9.3,1014.9,1,8,4
2025-11-30 14:00:00,5.1,90,0.0,,236,5.5,11.1,1015.1,0,8,4
2025-11-30 15:00:00,4.9,92,0.0,,253,3.7,11.1,1015.6,0,8,4
2025-11-30 16:00:00,6.7,78,0.0,,248,5.5,14.8,1015.5,0,8,4
2025-11-30 17:00:00,6.2,81,0.0,,255,5.5,14.8,1016.3,0,8,7
2025-11-30 18:00:00,5.1,88,0.3,,253,7.4,16.7,1017.2,0,8,7
2025-11-30 19:00:00,5.0,88,0.4,,256,7.4,16.7,1018.3,0,8,7
2025-11-30 20:00:00,4.7,90,0.7,,249,5.5,16.7,1019.3,0,8,7
2025-11-30 21:00:00,4.4,93,0.7,,242,5.5,16.7,1020.2,0,8,7
2025-11-30 22:00:00,3.4,96,0.5,,243,7.4,16.7,1021.2,0,8,7
2025-11-30 23:00:00,3.3,95,0.4,,240,5.5,14.8,1021.5,0,8,7
2025-12-01 00:00:00,3.1,95,0.2,,235,5.5,13.0,1021.7,0,8,7
2025-12-01 01:00:00,3.0,96,0.2,,240,3.7,11.1,1021.8,0,8,7
2025-12-01 02:00:00,3.0,95,0.4,,231,3.7,9.3,1021.8,0,8,7
2025-12-01 03:00:00,2.8,95,0.5,,204,3.7,9.3,1021.9,0,8,7
2025-12-01 04:00:00,2.7,95,0.2,,212,1.8,7.4,1021.6,0,7,7
2025-12-01 05:00:00,2.5,96,0.0,,185,1.8,7.4,1021.6,0,7,7
2025-12-01 06:00:00,2.4,97,0.0,,95,1.8,7.4,1021.6,0,6,4
2025-12-01 07:00:00,2.5,95,0.0,,54,3.7,7.4,1021.7,0,6,4
2025-12-01 08:00:00,2.5,95,0.0,,131,3.7,7.4,1021.9,3,6,4
2025-12-01 09:00:00,2.9,93,0.0,,76,3.7,7.4,1022.0,8,7,4
2025-12-01 10:00:00,3.2,91,0.0,,46,3.7,7.4,1021.7,9,6,4
2025-12-01 11:00:00,3.7,87,0.0,,70,3.7,9.3,1021.2,9,6,4
2025-12-01 12:00:00,3.9,86,0.0,,77,3.7,9.3,1020.8,8,7,4
2025-12-01 13:00:00,3.8,86,0.0,,56,3.7,9.3,1020.3,7,6,4
2025-12-01 14:00:00,3.8,85,0.0,,51,3.7,9.3,1020.2,5,6,4
2025-12-01 15:00:00,3.4,87,0.0,,59,3.7,9.3,1019.8,3,7,4
2025-12-01 16:00:00,3.3,87,0.0,,101,3.7,7.4,1019.3,0,7,4
2025-12-01 17:00:00,2.8,91,0.0,,100,3.7,7.4,1019.2,0,7,3
2025-12-01 18:00:00,2.6,91,0.0,,95,3.7,9.3,1019.1,0,6,3
2025-12-01 19:00:00,2.3,91,0.0,,85,3.7,9.3,1018.6,0,6,3
2025-12-01 20:00:00,1.9,92,0.0,,86,3.7,7.4,1018.4,0,6,3
2025-12-01 21:00:00,1.5,93,0.0,,74,1.8,5.5,1018.3,0,6,3
2025-12-01 22:00:00,0.7,94,0.0,,354,1.8,3.7,1018.3,0,7,3
2025-12-01 23:00:00,0.7,94,0.0,,10,1.8,5.5,1018.0,0,7,3
2025-12-02 00:00:00,0.6,95,0.0,,34,1.8,5.5,1017.6,0,7,3
2025-12-02 01:00:00,0.5,95,0.0,,116,1.8,5.5,1017.4,0,7,3
2025-12-02 02:00:00,0.3,96,0.0,,114,1.8,5.5,1017.4,0,7,5
2025-12-02 03:00:00,0.2,98,0.0,,120,3.7,7.4,1017.4,0,7,5
2025-12-02 04:00:00,0.5,95,0.0,,161,1.8,5.5,1017.4,0,7,5
2025-12-02 05:00:00,0.4,96,0.0,,144,1.8,7.4,1017.5,0,7,5
2025-12-02 06:00:00,0.4,95,0.0,,128,1.8,7.4,1017.5,0,7,5
2025-12-02 07:00:00,0.4,94,0.0,,120,1.8,7.4,1017.5,0,7,5
2025-12-02 08:00:00,0.7,92,0.0,,131,3.7,7.4,1017.8,9,6,5
2025-12-02 09:00:00,1.3,91,0.0,,137,3.7,7.4,1017.7,15,6,5
2025-12-02 10:00:00,1.7,92,0.0,,241,1.8,5.5,1018.1,11,6,5
2025-12-02 11:00:00,2.3,89,0.0,,223,3.7,7.4,1017.2,19,6,3
2025-12-02 12:00:00,2.8,85,0.0,,264,3.7,7.4,1016.4,21,6,3
2025-12-02 13:00:00,3.0,84,0.0,,251,3.7,7.4,1015.9,23,6,3
2025-12-02 14:00:00,3.1,84,0.0,,3,3.7,7.4,1015.8,20,6,3
2025-12-02 15:00:00,2.8,85,0.0,,78,3.7,9.3,1016.0,13,6,3
2025-12-02 16:00:00,1.0,99,0.0,,57,5.5,13.0,1016.2,13,6,3
2025-12-02 17:00:00,1.0,97,0.0,,65,3.7,11.1,1016.3,0,6,3
2025-12-02 18:00:00,0.9,97,0.0,,71,3.7,9.3,1016.3,0,7,3
2025-12-02 19:00:00,1.0,94,0.0,,69,3.7,7.4,1016.4,0,6,5
2025-12-02 20:00:00,0.8,94,0.0,,71,3.7,7.4,1016.5,0,6,5
2025-12-02 21:00:00,0.7,94,0.0,,58,3.7,9.3,1016.5,0,7,5
2025-12-02 22:00:00,0.2,99,0.0,,55,5.5,13.0,1016.7,0,8,5
2025-12-02 23:00:00,0.2,98,0.0,,49,5.5,11.1,1016.4,0,8,5
2025-12-03 00:00:00,0.1,99,0.0,,48,5.5,11.1,1016.2,0,8,5
2025-12-03 01:00:00,0.1,98,0.0,,51,5.5,11.1,1015.7,0,8,5
2025-12-03 02:00:00,0.2,96,0.0,,56,5.5,11.1,1015.4,0,8,5
2025-12-03 03:00:00,0.1,98,0.0,,62,5.5,11.1,1015.0,0,8,5
2025-12-03 04:00:00,0.0,99,0.0,,51,5.5,11.1,1015.2,0,8,5
2025-12-03 05:00:00,0.0,100,0.0,,52,5.5,11.1,1014.9,0,8,5
2025-12-03 06:00:00,0.2,99,0.0,,49,5.5,11.1,1014.7,0,8,5
2025-12-03 07:00:00,0.2,99,0.0,,49,5.5,11.1,1014.6,0,8,5
2025-12-03 08:00:00,0.4,97,0.0,,54,5.5,11.1,1014.7,3,8,5
2025-12-03 09:00:00,0.9,94,0.0,,57,3.7,11.1,1014.6,3,8,5
2025-12-03 10:00:00,1.1,96,0.0,,64,3.7,13.0,1014.9,0,8,5
2025-12-03 11:00:00,1.3,95,0.0,,49,3.7,11.1,1014.3,2,8,4
2025-12-03 12:00:00,1.6,94,0.0,,43,3.7,9.3,1013.9,2,6,4
2025-12-03 13:00:00,1.7,93,0.0,,36,3.7,9.3,1013.7,3,6,3
2025-12-03 14:00:00,1.6,94,0.0,,36,3.7,9.3,1013.8,3,7,4
2025-12-03 15:00:00,1.6,94,0.0,,35,3.7,9.3,1014.2,3,7,4
2025-12-03 16:00:00,1.1,95,0.0,,46,1.8,5.5,1014.8,0,8,4
2025-12-03 17:00:00,0.8,97,0.0,,53,1.8,7.4,1015.2,0,8,4
2025-12-03 18:00:00,0.7,99,0.0,,61,1.8,5.5,1015.4,0,7,4
2025-12-03 19:00:00,0.9,95,0.0,,74,1.8,5.5,1015.4,0,6,5
2025-12-03 20:00:00,1.1,94,0.0,,56,3.7,7.4,1015.4,0,7,5
2025-12-03 21:00:00,1.1,94,0.0,,63,1.8,7.4,1015.5,0,7,5
2025-12-03 22:00:00,1.1,95,0.0,,92,1.8,7.4,1015.3,0,7,5
2025-12-03 23:00:00,1.2,93,0.0,,129,1.8,5.5,1015.2,0,8,5
2025-12-04 00:00:00,1.1,94,0.0,,122,1.8,5.5,1014.9,0,8,5
2025-12-04 01:00:00,1.2,93,0.0,,139,1.8,7.4,1014.4,0,8,5
2025-12-04 02:00:00,1.2,94,0.0,,121,1.8,7.4,1014.0,0,8,5
2025-12-04 03:00:00,1.0,95,0.0,,120,1.8,7.4,1013.6,0,8,5
2025-12-04 04:00:00,1.3,94,0.0,,147,3.7,9.3,1013.2,0,8,5
2025-12-04 05:00:00,1.2,94,0.0,,157,1.8,7.4,1012.7,0,7,5
2025-12-04 06:00:00,1.2,94,0.0,,130,1.8,7.4,1012.4,0,7,5
2025-12-04 07:00:00,1.4,92,0.0,,131,3.7,7.4,1012.2,0,7,5
2025-12-04 08:00:00,1.6,91,0.0,,121,3.7,7.4,1012.2,0,7,5
2025-12-04 09:00:00,1.9,91,0.0,,153,3.7,7.4,1012.0,1,7,4
2025-12-04 10:00:00,1.7,95,0.0,,181,3.7,7.4,1012.2,0,8,4
2025-12-04 11:00:00,1.9,94,0.0,,172,3.7,7.4,1011.3,1,8,4
2025-12-04 12:00:00,2.1,92,0.0,,154,3.7,9.3,1010.5,4,8,3
2025-12-04 13:00:00,2.2,92,0.0,,145,3.7,9.3,1010.0,4,8,3
2025-12-04 14:00:00,2.2,92,0.0,,118,3.7,7.4,1009.8,1,8,4
2025-12-04 15:00:00,2.1,92,0.0,,99,3.7,9.3,1009.8,0,8,4
2025-12-04 16:00:00,2.1,93,0.0,,112,3.7,11.1,1009.0,0,8,4
2025-12-04 17:00:00,2.0,93,0.0,,97,5.5,11.1,1009.2,0,8,4
2025-12-04 18:00:00,1.9,92,0.0,,96,3.7,9.3,1009.2,0,8,3
2025-12-04 19:00:00,2.1,89,0.0,,93,3.7,7.4,1009.0,0,8,3
2025-12-04 20:00:00,1.9,90,0.0,,108,1.8,7.4,1009.0,0,8,3
2025-12-04 21:00:00,2.1,89,0.0,,74,1.8,7.4,1009.0,0,8,4
2025-12-04 22:00:00,2.0,92,0.0,,80,1.8,3.7,1008.8,0,8,4
2025-12-04 23:00:00,1.9,93,0.0,,119,3.7,5.5,1008.9,0,8,4
2025-12-05 00:00:00,1.9,94,0.0,,141,1.8,7.4,1008.9,0,8,7
2025-12-05 01:00:00,1.8,96,0.2,,147,1.8,5.5,1009.2,0,8,7
2025-12-05 02:00:00,1.8,97,0.3,,204,1.8,5.5,1009.4,0,8,7
2025-12-05 03:00:00,1.9,97,0.3,,208,1.8,7.4,1009.9,0,8,7
2025-12-05 04:00:00,2.6,96,0.5,,239,1.8,3.7,1010.1,0,8,7
2025-12-05 05:00:00,2.4,97,0.6,,255,1.8,5.5,1010.7,0,8,7
2025-12-05 06:00:00,2.5,97,0.5,,241,1.8,5.5,1011.4,0,7,7
2025-12-05 07:00:00,2.4,98,0.4,,229,3.7,7.4,1012.1,0,7,7
2025-12-05 08:00:00,2.5,98,0.1,,228,3.7,7.4,1012.6,0,8,7
2025-12-05 09:00:00,2.7,98,0.0,,224,3.7,9.3,1013.1,0,8,7
2025-12-05 10:00:00,3.3,97,0.0,,199,3.7,7.4,1013.9,1,8,7
2025-12-05 11:00:00,3.6,95,0.0,,210,3.7,7.4,1013.9,2,8,7
2025-12-05 12:00:00,3.9,93,0.0,,222,3.7,7.4,1013.9,0,7,3
2025-12-05 13:00:00,3.9,93,0.0,,217,3.7,9.3,1014.2,0,7,3
2025-12-05 14:00:00,3.8,93,0.0,,207,3.7,9.3,1014.6,0,7,4
2025-12-05 15:00:00,3.6,95,0.0,,206,3.7,7.4,1015.2,0,7,4
2025-12-05 16:00:00,3.7,94,0.0,,286,1.8,7.4,1015.7,0,7,3
2025-12-05 17:00:00,3.3,96,0.0,,313,1.8,5.5,1016.0,0,7,3
2025-12-05 18:00:00,3.1,97,0.0,,188,1.8,3.7,1016.2,0,7,3
2025-12-05 19:00:00,2.9,96,0.0,,117,1.8,3.7,1016.2,0,7,3
2025-12-05 20:00:00,2.5,97,0.0,,111,1.8,5.5,1016.1,0,7,3
2025-12-05 21:00:00,1.9,99,0.0,,118,1.8,5.5,1016.1,0,6,3
2025-12-05 22:00:00,1.9,95,0.0,,134,3.7,7.4,1015.8,0,7,3
2025-12-05 23:00:00,1.9,94,0.0,,129,1.8,7.4,1015.4,0,7,3
2025-12-06 00:00:00,1.6,96,0.0,,127,3.7,7.4,1015.1,0,7,5
2025-12-06 01:00:00,1.5,95,0.0,,140,3.7,9.3,1014.8,0,7,5
2025-12-06 02:00:00,1.4,97,0.0,,155,3.7,9.3,1014.5,0,7,5
2025-12-06 03:00:00,1.8,94,0.0,,161,3.7,11.1,1014.3,0,8,5
2025-12-06 04:00:00,1.3,95,0.0,,150,1.8,7.4,1014.3,0,8,5
2025-12-06 05:00:00,1.4,96,0.0,,158,3.7,9.3,1014.2,0,8,5
2025-12-06 06:00:00,1.9,94,0.1,,168,3.7,9.3,1014.1,0,8,5
2025-12-06 07:00:00,2.2,92,0.0,,175,3.7,9.3,1014.1,0,8,3
2025-12-06 08:00:00,2.5,91,0.0,,187,3.7,9.3,1014.2,6,7,3
2025-12-06 09:00:00,3.1,90,0.0,,209,3.7,11.1,1014.1,12,7,3
2025-12-06 10:00:00,4.1,85,0.0,,213,5.5,14.8,1013.9,15,7,3
2025-12-06 11:00:00,4.9,82,0.0,,214,7.4,18.5,1013.3,12,7,3
2025-12-06 12:00:00,5.8,78,0.0,,217,9.3,20.4,1012.8,13,8,3
2025-12-06 13:00:00,6.3,77,0.0,,218,11.1,25.9,1012.8,10,7,3
2025-12-06 14:00:00,6.4,77,0.0,,225,13.0,27.8,1013.1,6,7,3
2025-12-06 15:00:00,6.4,78,0.0,,228,13.0,31.5,1013.3,1,7,3
2025-12-06 16:00:00,8.9,68,0.0,,219,18.5,44.5,1013.1,0,7,3
2025-12-06 17:00:00,8.6,68,0.0,,226,16.7,40.8,1013.7,0,7,3
2025-12-06 18:00:00,8.0,72,0.0,,230,16.7,40.8,1014.1,0,7,3
2025-12-06 19:00:00,7.9,72,0.0,,227,16.7,37.0,1014.4,0,7,2
2025-12-06 20:00:00,7.9,72,0.0,,224,14.8,35.2,1014.7,0,7,3
2025-12-06 21:00:00,7.9,73,0.0,,225,14.8,33.3,1015.0,0,7,3
2025-12-06 22:00:00,8.1,75,0.6,,238,13.0,38.9,1015.1,0,7,4
2025-12-06 23:00:00,8.0,76,0.2,,237,13.0,35.2,1015.3,0,7,3
2025-12-07 00:00:00,7.8,78,0.0,,234,13.0,35.2,1015.5,0,7,7
2025-12-07 01:00:00,7.6,79,0.0,,229,13.0,33.3,1015.8,0,8,7
2025-12-07 02:00:00,7.4,81,0.1,,228,13.0,33.3,1016.0,0,8,7
2025-12-07 03:00:00,7.4,82,0.4,,224,13.0,31.5,1016.3,0,8,7
2025-12-07 04:00:00,7.6,89,0.2,,230,14.8,37.0,1015.9,0,7,7
2025-12-07 05:00:00,7.5,88,0.2,,225,11.1,27.8,1016.1,0,8,7
2025-12-07 06:00:00,7.4,88,0.2,,221,9.3,22.2,1016.1,0,8,7
2025-12-07 07:00:00,7.3,88,0.2,,218,9.3,20.4,1016.3,0,8,7
2025-12-07 08:00:00,7.3,89,0.0,,209,7.4,18.5,1016.4,3,8,7
2025-12-07 09:00:00,7.4,88,0.0,,198,7.4,16.7,1016.4,3,8,7
2025-12-07 10:00:00,7.0,90,0.2,,197,3.7,9.3,1016.4,0,8,7
2025-12-07 11:00:00,7.2,91,0.3,,193,5.5,11.1,1016.1,0,8,7
2025-12-07 12:00:00,7.3,93,0.6,,198,5.5,14.8,1015.8,0,8,7
2025-12-07 13:00:00,7.3,94,1.4,,199,7.4,16.7,1015.7,0,8,8
2025-12-07 14:00:00,7.1,95,0.9,,203,7.4,18.5,1015.8,0,8,8
2025-12-07 15:00:00,7.1,96,1.1,,211,9.3,22.2,1015.7,0,8,8
2025-12-07 16:00:00,6.6,97,1.5,,228,7.4,18.5,1016.3,0,8,8
2025-12-07 17:00:00,7.1,96,1.6,,225,13.0,25.9,1016.1,0,8,8
2025-12-07 18:00:00,7.4,97,1.1,,222,14.8,31.5,1016.2,0,8,8
2025-12-07 19:00:00,7.6,97,1.1,,218,16.7,35.2,1016.5,0,8,8
2025-12-07 20:00:00,7.8,97,1.0,,219,16.7,35.2,1016.8,0,7,8
2025-12-07 21:00:00,8.2,97,1.2,,221,16.7,35.2,1017.2,0,7,8
2025-12-07 22:00:00,8.7,92,0.6,,213,11.1,29.6,1017.2,0,8,8
2025-12-07 23:00:00,8.8,93,0.4,,222,13.0,31.5,1017.5,0,8,8
2025-12-08 00:00:00,9.1,92,0.3,,221,14.8,31.5,1017.9,0,8,7
2025-12-08 01:00:00,9.3,90,0.4,,225,14.8,35.2,1018.4,0,8,7
2025-12-08 02:00:00,9.5,89,0.4,,227,14.8,35.2,1018.9,0,8,7
2025-12-08 03:00:00,9.4,89,0.5,,228,14.8,35.2,1019.5,0,8,7
2025-12-08 04:00:00,7.8,95,2.1,,233,7.4,13.0,1020.1,0,8,7
2025-12-08 05:00:00,8.4,93,0.9,,227,9.3,20.4,1020.4,0,8,7
2025-12-08 06:00:00,8.6,95,0.4,,225,9.3,20.4,1020.9,0,8,7
2025-12-08 07:00:00,8.8,93,0.3,,222,9.3,20.4,1021.3,0,8,7
2025-12-08 08:00:00,9.0,94,0.2,,221,9.3,20.4,1021.7,1,8,7
2025-12-08 09:00:00,9.5,93,0.0,,218,9.3,20.4,1022.0,2,8,7
2025-12-08 10:00:00,8.6,94,0.0,,215,5.5,7.4,1022.5,2,8,4
2025-12-08 11:00:00,9.7,90,0.0,,219,5.5,11.1,1021.9,5,8,3
2025-12-08 12:00:00,10.7,86,0.0,,220,5.5,13.0,1021.4,6,8,3
2025-12-08 13:00:00,11.2,84,0.1,,220,5.5,14.8,1021.0,6,8,3
2025-12-08 14:00:00,11.2,85,0.0,,215,5.5,14.8,1021.0,4,8,3
2025-12-08 15:00:00,10.9,85,0.0,,212,5.5,11.1,1021.2,2,8,3
2025-12-08 16:00:00,10.2,93,0.0,,207,5.5,14.8,1021.5,0,7,4
2025-12-08 17:00:00,10.3,92,0.0,,203,3.7,11.1,1021.9,0,7,3
2025-12-08 18:00:00,9.7,92,0.0,,195,3.7,7.4,1022.2,0,7,2
2025-12-08 19:00:00,9.5,92,0.0,,181,1.8,5.5,1022.2,0,6,2
2025-12-08 20:00:00,9.1,92,0.0,,183,1.8,7.4,1022.3,0,6,2
2025-12-08 21:00:00,8.4,94,0.0,,171,3.7,7.4,1022.5,0,6,3
2025-12-08 22:00:00,8.1,95,0.0,,175,1.8,7.4,1022.5,0,6,2
2025-12-08 23:00:00,7.8,95,0.0,,168,1.8,5.5,1022.3,0,5,3
2025-12-09 00:00:00,7.6,95,0.0,,146,3.7,7.4,1022.3,0,4,2
2025-12-09 01:00:00,7.1,95,0.0,,135,1.8,7.4,1022.3,0,5,5
2025-12-09 02:00:00,6.6,97,0.0,,117,1.8,5.5,1022.2,0,5,5
2025-12-09 03:00:00,6.4,96,0.0,,132,1.8,3.7,1022.2,0,6,5
2025-12-09 04:00:00,5.4,95,0.0,,113,1.8,3.7,1021.8,0,7,5
2025-12-09 05:00:00,5.4,95,0.0,,151,1.8,5.5,1021.8,0,7,5
2025-12-09 06:00:00,5.4,95,0.0,,166,1.8,5.5,1021.7,0,7,5
2025-12-09 07:00:00,5.3,95,0.0,,155,1.8,5.5,1021.7,0,7,5
2025-12-09 08:00:00,5.7,93,0.0,,175,1.8,5.5,1021.9,6,6,5
2025-12-09 09:00:00,6.5,90,0.0,,187,1.8,5.5,1021.7,8,6,5
2025-12-09 10:00:00,6.2,95,0.0,,205,3.7,7.4,1021.2,9,7,5
2025-12-09 11:00:00,7.0,89,0.0,,209,3.7,9.3,1020.6,17,7,5
2025-12-09 12:00:00,7.8,84,0.0,,218,3.7,7.4,1020.1,18,6,2
2025-12-09 13:00:00,8.2,81,0.0,,224,3.7,9.3,1019.6,22,7,2
2025-12-09 14:00:00,8.2,80,0.0,,213,3.7,9.3,1019.5,20,7,3
2025-12-09 15:00:00,7.7,80,0.0,,207,3.7,9.3,1019.3,13,7,3
2025-12-09 16:00:00,6.1,99,0.0,,163,3.7,7.4,1019.5,16,6,3
2025-12-09 17:00:00,5.5,100,0.0,,140,3.7,7.4,1019.8,0,6,2
2025-12-09 18:00:00,5.0,99,0.0,,150,3.7,5.5,1020.0,0,6,5
2025-12-09 19:00:00,4.9,98,0.0,,184,1.8,7.4,1020.4,0,6,5
2025-12-09 20:00:00,4.9,95,0.0,,198,3.7,7.4,1020.9,0,6,5
2025-12-09 21:00:00,4.6,96,0.0,,210,3.7,9.3,1021.4,0,5,5
2025-12-09 22:00:00,3.8,95,0.0,,203,1.8,5.5,1022.0,0,2,5
2025-12-09 23:00:00,3.9,94,0.0,,200,1.8,7.4,1022.1,0,1,5
2025-12-10 00:00:00,3.7,95,0.0,,194,3.7,7.4,1022.4,0,1,5
2025-12-10 01:00:00,3.7,95,0.0,,204,3.7,7.4,1022.5,0,3,5
2025-12-10 02:00:00,3.7,93,0.0,,221,3.7,7.4,1022.8,0,3,5
2025-12-10 03:00:00,3.5,94,0.0,,215,1.8,7.4,1022.9,0,3,5
2025-12-10 04:00:00,3.4,95,0.0,,158,1.8,3.7,1022.8,0,3,5
2025-12-10 05:00:00,3.4,93,0.0,,188,1.8,5.5,1023.2,0,3,5
2025-12-10 06:00:00,3.4,93,0.0,,199,1.8,5.5,1023.3,0,4,5
2025-12-10 07:00:00,3.5,93,0.0,,201,1.8,7.4,1024.0,0,5,5
2025-12-10 08:00:00,4.0,92,0.0,,206,1.8,7.4,1024.3,11,5,5
2025-12-10 09:00:00,5.0,88,0.0,,204,3.7,7.4,1024.3,17,5,2
2025-12-10 10:00:00,6.5,89,0.0,,211,3.7,5.5,1024.4,29,5,2
2025-12-10 11:00:00,7.5,83,0.0,,217,3.7,9.3,1023.9,34,5,2
2025-12-10 12:00:00,8.3,78,0.0,,221,5.5,11.1,1023.5,33,5,2
2025-12-10 13:00:00,8.8,75,0.0,,215,5.5,11.1,1023.6,34,5,2
2025-12-10 14:00:00,9.1,73,0.0,,212,5.5,11.1,1024.0,27,5,2
2025-12-10 15:00:00,8.7,74,0.0,,207,5.5,11.1,1024.3,26,5,2
2025-12-10 16:00:00,8.3,83,0.0,,197,3.7,11.1,1025.1,0,5,2
2025-12-10 17:00:00,7.7,85,0.0,,190,3.7,9.3,1025.5,0,5,2
2025-12-10 18:00:00,7.4,86,0.0,,193,3.7,7.4,1026.0,0,5,2
2025-12-10 19:00:00,7.3,84,0.0,,188,1.8,7.4,1026.6,0,5,2
2025-12-10 20:00:00,7.2,84,0.0,,193,3.7,9.3,1026.7,0,6,2
2025-12-10 21:00:00,7.1,84,0.0,,187,3.7,9.3,1027.1,0,6,2
2025-12-10 22:00:00,6.9,85,0.0,,209,1.8,9.3,1027.6,0,7,3
2025-12-10 23:00:00,6.9,85,0.0,,196,3.7,9.3,1027.7,0,6,3
2025-12-11 00:00:00,6.9,85,0.0,,184,3.7,9.3,1027.9,0,6,3
2025-12-11 01:00:00,6.8,85,0.0,,178,3.7,7.4,1027.6,0,7,3
2025-12-11 02:00:00,6.7,87,0.0,,183,1.8,7.4,1027.5,0,7,3
2025-12-11 03:00:00,6.6,87,0.0,,159,1.8,7.4,1027.0,0,7,3
2025-12-11 04:00:00,6.9,95,0.0,,90,1.8,5.5,1026.5,0,7,4
2025-12-11 05:00:00,6.7,93,0.0,,75,1.8,5.5,1026.3,0,7,3
2025-12-11 06:00:00,6.3,93,0.0,,68,1.8,5.5,1026.2,0,8,3
2025-12-11 07:00:00,6.2,93,0.0,,70,1.8,5.5,1026.2,0,7,3
2025-12-11 08:00:00,6.3,93,0.0,,66,1.8,7.4,1026.2,7,7,3
2025-12-11 09:00:00,6.7,90,0.0,,62,3.7,7.4,1026.1,11,7,3
2025-12-11 10:00:00,7.1,89,0.0,,87,3.7,7.4,1026.0,16,7,3
2025-12-11 11:00:00,7.7,86,0.0,,68,3.7,9.3,1025.6,13,7,3
2025-12-11 12:00:00,8.0,84,0.0,,55,3.7,9.3,1025.2,15,7,2
2025-12-11 13:00:00,8.1,83,0.0,,36,3.7,9.3,1024.7,15,7,2
2025-12-11 14:00:00,8.3,82,0.0,,39,3.7,9.3,1024.4,10,7,3
2025-12-11 15:00:00,8.0,84,0.0,,46,3.7,9.3,1024.3,6,7,4
2025-12-11 16:00:00,7.4,87,0.0,,53,3.7,9.3,1024.5,1,7,4
2025-12-11 17:00:00,6.8,89,0.0,,54,3.7,9.3,1024.5,0,7,3
2025-12-11 18:00:00,6.4,92,0.0,,56,3.7,9.3,1024.6,0,7,3
2025-12-11 19:00:00,6.0,93,0.0,,63,3.7,7.4,1024.4,0,7,2
2025-12-11 20:00:00,5.7,95,0.0,,80,1.8,7.4,1024.4,0,7,2
2025-12-11 21:00:00,5.4,95,0.0,,95,1.8,7.4,1024.3,0,7,3
2025-12-11 22:00:00,6.6,91,0.0,,132,1.8,5.5,1024.0,0,8,4
2025-12-11 23:00:00,6.3,92,0.0,,137,1.8,5.5,1023.9,0,7,5
2025-12-12 00:00:00,6.0,94,0.0,,152,1.8,7.4,1023.9,0,7,5
2025-12-12 01:00:00,5.7,95,0.0,,149,1.8,7.4,1024.2,0,8,5
2025-12-12 02:00:00,5.4,96,0.0,,165,3.7,7.4,1024.3,0,8,5
2025-12-12 03:00:00,5.1,97,0.0,,156,1.8,7.4,1024.5,0,8,5
2025-12-12 04:00:00,4.9,94,0.0,,181,1.8,5.5,1024.3,0,8,5
2025-12-12 05:00:00,4.7,95,0.0,,175,1.8,5.5,1024.6,0,8,5
2025-12-12 06:00:00,4.6,96,0.0,,147,1.8,5.5,1024.6,0,8,5
2025-12-12 07:00:00,4.5,95,0.0,,119,1.8,5.5,1024.9,0,7,5
2025-12-12 08:00:00,4.6,95,0.0,,116,1.8,5.5,1025.1,6,7,5
2025-12-12 09:00:00,5.1,93,0.0,,116,1.8,5.5,1025.2,10,6,5
2025-12-12 10:00:00,5.3,89,0.0,,175,1.8,5.5,1025.8,7,7,5
2025-12-12 11:00:00,5.6,89,0.0,,64,3.7,7.4,1025.2,15,7,5
2025-12-12 12:00:00,6.0,87,0.0,,43,3.7,7.4,1024.8,16,7,2
2025-12-12 13:00:00,6.2,86,0.0,,38,3.7,9.3,1024.5,21,6,2
2025-12-12 14:00:00,6.3,86,0.0,,37,3.7,9.3,1024.4,20,5,2
2025-12-12 15:00:00,6.0,86,0.0,,38,3.7,7.4,1024.6,16,5,2
2025-12-12 16:00:00,4.8,92,0.0,,43,5.5,13.0,1025.2,11,5,2
2025-12-12 17:00:00,4.5,95,0.0,,39,3.7,9.3,1025.5,0,5,3
2025-12-12 18:00:00,4.2,97,0.0,,41,1.8,5.5,1025.9,0,5,5
2025-12-12 19:00:00,4.0,97,0.0,,56,1.8,5.5,1026.3,0,6,5
2025-12-12 20:00:00,3.7,100,0.0,,66,1.8,5.5,1026.8,0,6,5
2025-12-12 21:00:00,3.6,99,0.0,,97,1.8,3.7,1027.3,0,6,5
2025-12-12 22:00:00,4.4,93,0.0,,145,1.8,5.5,1027.7,0,7,5
2025-12-12 23:00:00,4.3,93,0.0,,138,1.8,5.5,1028.0,0,6,5
2025-12-13 00:00:00,4.0,94,0.0,,161,1.8,5.5,1028.2,0,5,5
2025-12-13 01:00:00,3.7,95,0.0,,145,1.8,5.5,1028.7,0,6,5
2025-12-13 02:00:00,3.4,96,0.0,,162,1.8,3.7,1028.8,0,6,5
2025-12-13 03:00:00,3.2,97,0.0,,157,1.8,3.7,1029.2,0,6,5
2025-12-13 04:00:00,3.3,93,0.0,,193,3.7,9.3,1029.4,0,6,5
2025-12-13 05:00:00,3.0,96,0.0,,195,3.7,7.4,1029.9,0,7,5
2025-12-13 06:00:00,2.8,97,0.0,,185,3.7,7.4,1030.1,0,8,5
2025-12-13 07:00:00,2.7,97,0.0,,174,1.8,7.4,1030.7,0,7,5
2025-12-13 08:00:00,2.8,97,0.0,,173,1.8,5.5,1030.9,2,6,5
2025-12-13 09:00:00,3.2,97,0.0,,189,3.7,5.5,1031.0,5,6,5
2025-12-13 10:00:00,3.8,94,0.0,,208,3.7,9.3,1031.0,5,7,5
2025-12-13 11:00:00,4.3,92,0.0,,216,3.7,9.3,1030.4,13,6,5
2025-12-13 12:00:00,4.8,89,0.0,,227,3.7,7.4,1029.9,16,6,3
2025-12-13 13:00:00,5.1,88,0.0,,227,3.7,7.4,1029.6,22,6,3
2025-12-13 14:00:00,5.1,88,0.0,,229,3.7,7.4,1029.6,20,5,2
2025-12-13 15:00:00,4.9,88,0.0,,230,3.7,7.4,1029.7,18,5,2
2025-12-13 16:00:00,3.6,96,0.0,,25,1.8,5.5,1030.3,0,5,2
2025-12-13 17:00:00,3.3,97,0.0,,47,1.8,5.5,1030.3,0,5,3
2025-12-13 18:00:00,3.0,98,0.0,,49,1.8,3.7,1030.4,0,6,5
2025-12-13 19:00:00,2.9,97,0.0,,69,1.8,5.5,1030.6,0,6,5
2025-12-13 20:00:00,2.7,99,0.0,,108,1.8,5.5,1030.7,0,6,5
2025-12-13 21:00:00,2.6,99,0.0,,123,1.8,5.5,1031.0,0,7,5
2025-12-13 22:00:00,2.4,100,0.0,,109,1.8,5.5,1031.0,0,6,5
2025-12-13 23:00:00,2.3,99,0.0,,121,1.8,3.7,1030.7,0,6,5
2025-12-14 00:00:00,2.3,100,0.0,,132,1.8,3.7,1030.6,0,4,5
2025-12-14 01:00:00,2.1,100,0.0,,113,1.8,5.5,1030.2,0,6,5
2025-12-14 02:00:00,2.1,99,0.0,,76,1.8,3.7,1030.0,0,6,5
2025-12-14 03:00:00,2.1,100,0.0,,72,1.8,5.5,1030.1,0,7,5
2025-12-14 04:00:00,2.1,99,0.0,,66,1.8,5.5,1029.6,0,7,5
2025-12-14 05:00:00,2.2,98,0.0,,67,1.8,5.5,1029.7,0,6,5
2025-12-14 06:00:00,2.1,99,0.0,,75,1.8,5.5,1029.6,0,7,5
2025-12-14 07:00:00,2.1,99,0.0,,70,1.8,7.4,1029.7,0,6,5
2025-12-14 08:00:00,2.1,99,0.0,,92,1.8,7.4,1029.9,1,6,5
2025-12-14 09:00:00,2.2,99,0.0,,114,1.8,5.5,1030.1,0,6,5
2025-12-14 10:00:00,2.0,94,0.0,,102,3.7,7.4,1030.4,0,7,5
2025-12-14 11:00:00,2.2,94,0.0,,93,3.7,9.3,1029.6,3,7,5
2025-12-14 12:00:00,2.5,93,0.0,,81,3.7,9.3,1028.8,1,7,5
2025-12-14 13:00:00,2.8,92,0.0,,72,3.7,9.3,1028.2,4,7,3
2025-12-14 14:00:00,2.8,92,0.0,,79,3.7,7.4,1027.9,4,6,3
2025-12-14 15:00:00,2.8,92,0.0,,84,3.7,9.3,1027.8,2,6,3
2025-12-14 16:00:00,1.1,98,0.0,,145,1.8,7.4,1027.8,0,6,5
2025-12-14 17:00:00,1.0,100,0.0,,96,1.8,7.4,1027.7,0,7,5
2025-12-14 18:00:00,1.0,100,0.0,,89,1.8,5.5,1027.5,0,6,5
2025-12-14 19:00:00,0.9,99,0.0,,94,3.7,7.4,1027.1,0,7,5
2025-12-14 20:00:00,0.8,99,0.0,,93,3.7,7.4,1027.1,0,6,5
2025-12-14 21:00:00,0.7,100,0.0,,84,1.8,5.5,1027.1,0,6,5
2025-12-14 22:00:00,0.6,100,0.0,,114,1.8,3.7,1026.8,0,6,5
2025-12-14 23:00:00,0.5,99,0.0,,104,1.8,5.5,1026.4,0,5,5
2025-12-15 00:00:00,0.4,99,0.0,,97,1.8,5.5,1026.1,0,4,5
2025-12-15 01:00:00,0.3,99,0.0,,70,1.8,5.5,1025.7,0,5,5
2025-12-15 02:00:00,0.0,99,0.0,,57,1.8,5.5,1025.3,0,5,5
2025-12-15 03:00:00,0.0,99,0.0,,90,1.8,5.5,1025.2,0,5,5
2025-12-15 04:00:00,0.1,97,0.0,,238,1.8,9.3,1025.4,0,6,5
2025-12-15 05:00:00,0.0,98,0.0,,219,1.8,7.4,1025.1,0,6,5
2025-12-15 06:00:00,-0.1,98,0.0,,187,1.8,7.4,1024.9,0,6,5
2025-12-15 07:00:00,-0.1,96,0.0,,151,1.8,9.3,1024.5,0,6,5
2025-12-15 08:00:00,0.2,95,0.0,,142,1.8,7.4,1024.4,7,5,5
2025-12-15 09:00:00,0.7,93,0.0,,130,1.8,7.4,1023.9,12,5,5
2025-12-15 10:00:00,1.3,90,0.0,,242,3.7,9.3,1024.3,4,7,5
2025-12-15 11:00:00,1.9,86,0.0,,252,3.7,7.4,1023.0,12,7,5
2025-12-15 12:00:00,2.3,84,0.0,,12,3.7,7.4,1022.1,16,6,4
2025-12-15 13:00:00,2.6,82,0.0,,44,3.7,9.3,1021.3,19,6,3
2025-12-15 14:00:00,2.5,84,0.0,,45,3.7,9.3,1020.7,15,7,3
2025-12-15 15:00:00,2.2,86,0.0,,44,3.7,11.1,1020.6,9,7,3
2025-12-15 16:00:00,0.7,94,0.0,,37,5.5,11.1,1020.9,0,7,4
2025-12-15 17:00:00,0.7,94,0.0,,46,5.5,11.1,1020.8,0,6,3
2025-12-15 18:00:00,0.5,95,0.0,,45,3.7,11.1,1020.6,0,6,3
2025-12-15 19:00:00,0.6,93,0.0,,53,5.5,11.1,1020.3,0,6,3
2025-12-15 20:00:00,0.5,94,0.0,,52,5.5,11.1,1020.2,0,6,3
2025-12-15 21:00:00,0.4,94,0.0,,46,5.5,11.1,1020.1,0,6,5
2025-12-15 22:00:00,0.1,96,0.0,,56,5.5,13.0,1019.9,0,7,5
2025-12-15 23:00:00,0.1,96,0.0,,50,7.4,14.8,1019.4,0,6,5
2025-12-16 00:00:00,0.1,96,0.0,,51,7.4,14.8,1019.1,0,6,5
2025-12-16 01:00:00,0.1,95,0.0,,47,7.4,16.7,1018.0,0,7,5
2025-12-16 02:00:00,0.0,95,0.0,,48,7.4,18.5,1017.6,0,7,5
2025-12-16 03:00:00,0.2,95,0.0,,48,7.4,16.7,1016.9,0,7,5
2025-12-16 04:00:00,-0.9,98,0.0,,45,5.5,13.0,1017.1,0,7,5
2025-12-16 05:00:00,-0.6,98,0.0,,47,5.5,14.8,1016.7,0,8,5
2025-12-16 06:00:00,-0.2,96,0.0,,49,5.5,14.8,1016.6,0,8,5
2025-12-16 07:00:00,0.0,95,0.0,,46,5.5,14.8,1016.3,0,8,5
2025-12-16 08:00:00,0.4,93,0.0,,48,5.5,13.0,1016.7,0,8,5
2025-12-16 09:00:00,0.8,92,0.0,,61,3.7,11.1,1016.4,0,8,5
2025-12-16 10:00:00,1.0,92,0.0,,22,3.7,14.8,1016.9,0,8,5
2025-12-16 11:00:00,1.5,90,0.0,,1,5.5,11.1,1016.4,0,8,4
2025-12-16 12:00:00,2.0,89,0.0,,1,3.7,9.3,1016.2,0,8,4
2025-12-16 13:00:00,2.2,89,0.0,,1,3.7,9.3,1016.1,0,8,4
2025-12-16 14:00:00,2.1,91,0.0,,354,5.5,11.1,1016.2,0,8,4
2025-12-16 15:00:00,2.1,92,0.0,,340,5.5,11.1,1016.7,0,8,4
2025-12-16 16:00:00,2.2,92,0.0,,322,3.7,11.1,1017.0,0,8,4
2025-12-16 17:00:00,1.8,94,0.0,,302,3.7,9.3,1017.5,0,8,4
2025-12-16 18:00:00,1.8,95,0.0,,317,3.7,9.3,1017.9,0,8,3
2025-12-16 19:00:00,1.8,94,0.0,,276,3.7,9.3,1018.6,0,7,3
2025-12-16 20:00:00,1.7,94,0.0,,231,3.7,9.3,1019.0,0,7,3
2025-12-16 21:00:00,1.8,95,0.0,,260,3.7,9.3,1019.5,0,7,4
2025-12-16 22:00:00,1.8,94,0.0,,329,1.8,3.7,1020.1,0,8,4
2025-12-16 23:00:00,1.9,95,0.0,,232,1.8,5.5,1020.2,0,8,3
2025-12-17 00:00:00,2.0,95,0.0,,185,1.8,5.5,1020.1,0,7,3
2025-12-17 01:00:00,2.0,96,0.0,,194,1.8,7.4,1020.0,0,7,3
2025-12-17 02:00:00,2.0,96,0.0,,191,1.8,5.5,1020.1,0,7,4
2025-12-17 03:00:00,2.2,96,0.0,,223,1.8,5.5,1020.2,0,7,4
2025-12-17 04:00:00,1.4,94,0.0,,287,1.8,5.5,1021.0,0,8,4
2025-12-17 05:00:00,1.6,95,0.0,,248,1.8,5.5,1021.5,0,8,4
2025-12-17 06:00:00,1.9,95,0.0,,234,1.8,7.4,1022.0,0,8,4
2025-12-17 07:00:00,2.3,92,0.0,,222,1.8,9.3,1022.5,0,8,4
2025-12-17 08:00:00,2.8,91,0.0,,215,3.7,9.3,1022.9,0,8,4
2025-12-17 09:00:00,3.5,89,0.0,,209,3.7,9.3,1023.2,0,8,4
2025-12-17 10:00:00,4.8,87,0.0,,201,1.8,5.5,1023.6,7,8,4
2025-12-17 11:00:00,5.7,82,0.0,,215,3.7,7.4,1023.1,10,8,4
2025-12-17 12:00:00,6.2,81,0.0,,220,3.7,7.4,1022.6,10,7,3
2025-12-17 13:00:00,6.5,78,0.0,,216,3.7,9.3,1022.4,11,7,3
2025-12-17 14:00:00,6.4,79,0.0,,216,3.7,9.3,1022.6,10,7,3
2025-12-17 15:00:00,5.9,83,0.0,,219,3.7,9.3,1022.9,7,6,3
2025-12-17 16:00:00,6.1,85,0.0,,147,3.7,7.4,1023.3,0,6,3
2025-12-17 17:00:00,5.4,90,0.0,,148,3.7,7.4,1023.8,0,6,2
2025-12-17 18:00:00,4.8,92,0.0,,171,1.8,5.5,1024.2,0,6,2
2025-12-17 19:00:00,4.6,91,0.0,,163,1.8,5.5,1024.7,0,6,2
2025-12-17 20:00:00,4.5,90,0.0,,196,1.8,5.5,1024.9,0,6,2
2025-12-17 21:00:00,4.3,92,0.0,,195,1.8,5.5,1025.4,0,6,2
2025-12-17 22:00:00,3.5,93,0.0,,102,1.8,5.5,1025.6,0,3,2
2025-12-17 23:00:00,3.3,95,0.0,,113,1.8,5.5,1025.8,0,3,2
2025-12-18 00:00:00,3.1,96,0.0,,139,1.8,7.4,1025.9,0,2,2
2025-12-18 01:00:00,2.9,95,0.0,,156,1.8,7.4,1025.9,0,4,2
2025-12-18 02:00:00,2.5,97,0.0,,156,1.8,5.5,1026.3,0,4,2
2025-12-18 03:00:00,2.4,98,0.0,,171,1.8,5.5,1026.3,0,4,2
2025-12-18 04:00:00,2.1,96,0.0,,157,0.0,3.7,1026.5,0,4,5
2025-12-18 05:00:00,1.9,97,0.0,,145,1.8,5.5,1027.0,0,4,5
2025-12-18 06:00:00,1.9,97,0.0,,134,1.8,5.5,1027.2,0,5,5
2025-12-18 07:00:00,2.0,94,0.0,,125,1.8,7.4,1027.2,0,5,5
2025-12-18 08:00:00,2.4,92,0.0,,141,1.8,7.4,1027.2,10,5,5
2025-12-18 09:00:00,2.9,92,0.0,,174,1.8,7.4,1026.8,18,5,5
2025-12-18 10:00:00,3.0,93,0.0,,237,3.7,7.4,1026.3,39,6,3
2025-12-18 11:00:00,3.9,88,0.0,,227,3.7,9.3,1025.4,39,6,2
2025-12-18 12:00:00,4.4,85,0.0,,232,3.7,9.3,1024.8,31,6,2
2025-12-18 13:00:00,4.8,82,0.0,,232,3.7,9.3,1024.3,32,6,2
2025-12-18 14:00:00,4.8,83,0.0,,249,3.7,9.3,1024.2,29,6,2
2025-12-18 15:00:00,4.3,84,0.0,,207,3.7,9.3,1023.8,18,6,2
2025-12-18 16:00:00,4.2,91,0.0,,155,1.8,7.4,1023.7,17,4,2
2025-12-18 17:00:00,3.4,95,0.0,,91,1.8,5.5,1024.1,0,4,2
2025-12-18 18:00:00,2.9,94,0.0,,68,3.7,7.4,1024.3,0,5,2
2025-12-18 19:00:00,2.7,93,0.0,,55,3.7,7.4,1024.4,0,5,2
2025-12-18 20:00:00,2.4,94,0.0,,65,3.7,7.4,1024.6,0,6,5
2025-12-18 21:00:00,2.2,94,0.0,,48,1.8,7.4,1024.8,0,6,5
2025-12-18 22:00:00,1.6,94,0.0,,49,5.5,11.1,1024.7,0,3,5
2025-12-18 23:00:00,1.7,94,0.0,,36,3.7,9.3,1025.0,0,2,5
2025-12-19 00:00:00,1.6,96,0.0,,43,3.7,9.3,1025.2,0,2,5
2025-12-19 01:00:00,1.5,96,0.0,,61,3.7,9.3,1025.1,0,5,5
2025-12-19 02:00:00,1.4,97,0.0,,75,3.7,7.4,1025.5,0,5,5
2025-12-19 03:00:00,1.2,99,0.0,,84,3.7,7.4,1025.3,0,5,5
2025-12-19 04:00:00,1.1,98,0.0,,91,3.7,7.4,1025.3,0,5,5
2025-12-19 05:00:00,1.0,98,0.0,,95,1.8,5.5,1025.4,0,5,5
2025-12-19 06:00:00,1.1,98,0.0,,77,1.8,7.4,1025.7,0,5,5
2025-12-19 07:00:00,1.3,96,0.0,,73,1.8,7.4,1025.8,0,5,5
2025-12-19 08:00:00,1.5,96,0.0,,114,1.8,5.5,1026.1,7,4,5
2025-12-19 09:00:00,2.1,94,0.0,,174,3.7,5.5,1026.1,11,4,5
2025-12-19 10:00:00,3.6,91,0.0,,204,1.8,3.7,1026.2,5,7,5
2025-12-19 11:00:00,4.1,88,0.0,,205,3.7,7.4,1025.5,8,7,3
2025-12-19 12:00:00,4.5,86,0.0,,224,3.7,7.4,1024.9,5,7,2
2025-12-19 13:00:00,4.8,82,0.0,,221,3.7,7.4,1024.5,6,7,2
2025-12-19 14:00:00,5.0,81,0.0,,246,3.7,9.3,1024.4,7,7,3
2025-12-19 15:00:00,4.9,82,0.0,,210,3.7,9.3,1024.4,5,6,3
2025-12-19 16:00:00,5.2,73,0.0,,44,5.5,13.0,1024.2,0,7,3
2025-12-19 17:00:00,4.6,79,0.0,,50,3.7,13.0,1024.6,0,7,3
2025-12-19 18:00:00,4.2,84,0.0,,59,3.7,9.3,1024.6,0,7,2
2025-12-19 19:00:00,4.0,83,0.0,,60,3.7,9.3,1024.4,0,6,2
2025-12-19 20:00:00,3.9,84,0.0,,78,3.7,9.3,1024.1,0,6,2
2025-12-19 21:00:00,3.7,86,0.0,,74,1.8,7.4,1023.8,0,6,2
2025-12-19 22:00:00,4.0,85,0.0,,115,3.7,7.4,1023.4,0,8,4
2025-12-19 23:00:00,4.1,84,0.0,,113,3.7,7.4,1023.1,0,7,3
2025-12-20 00:00:00,3.9,86,0.0,,102,3.7,9.3,1022.8,0,7,3
2025-12-20 01:00:00,3.8,86,0.0,,89,3.7,7.4,1022.2,0,6,3
2025-12-20 02:00:00,3.7,87,0.0,,90,1.8,7.4,1021.8,0,7,3
2025-12-20 03:00:00,3.6,87,0.0,,83,1.8,7.4,1021.4,0,7,3
2025-12-20 04:00:00,4.0,83,0.0,,54,3.7,13.0,1020.5,0,8,3
2025-12-20 05:00:00,3.8,85,0.0,,56,3.7,9.3,1020.5,0,8,3
2025-12-20 06:00:00,3.7,87,0.0,,64,1.8,9.3,1020.4,0,8,3
2025-12-20 07:00:00,3.7,86,0.0,,60,3.7,9.3,1020.5,0,8,3
2025-12-20 08:00:00,3.9,87,0.0,,70,3.7,9.3,1020.2,3,7,3
2025-12-20 09:00:00,4.2,87,0.0,,69,3.7,9.3,1019.7,6,7,3
2025-12-20 10:00:00,4.3,88,0.0,,102,1.8,9.3,1019.8,7,7,3
2025-12-20 11:00:00,4.6,88,0.0,,70,3.7,9.3,1018.9,10,7,3
2025-12-20 12:00:00,5.2,84,0.0,,70,3.7,9.3,1018.2,14,7,2
2025-12-20 13:00:00,5.4,83,0.0,,74,3.7,9.3,1017.4,18,7,2
2025-12-20 14:00:00,5.6,82,0.0,,74,3.7,9.3,1017.1,16,7,3
2025-12-20 15:00:00,5.5,82,0.0,,67,3.7,11.1,1016.9,8,8,3
2025-12-20 16:00:00,4.9,86,0.0,,56,3.7,11.1,1016.8,1,7,3
2025-12-20 17:00:00,4.5,88,0.0,,65,3.7,11.1,1016.5,0,8,3
2025-12-20 18:00:00,4.0,91,0.0,,57,3.7,11.1,1016.3,0,8,3
2025-12-20 19:00:00,4.0,91,0.0,,60,3.7,9.3,1016.2,0,7,3
2025-12-20 20:00:00,3.9,91,0.0,,59,3.7,7.4,1016.2,0,7,3
2025-12-20 21:00:00,3.9,90,0.0,,49,3.7,7.4,1016.3,0,7,4
2025-12-20 22:00:00,3.7,91,0.0,,53,3.7,7.4,1016.1,0,7,4
2025-12-20 23:00:00,3.5,92,0.0,,45,3.7,9.3,1015.9,0,8,5
2025-12-21 00:00:00,3.3,93,0.0,,51,3.7,9.3,1015.6,0,8,5
2025-12-21 01:00:00,3.1,93,0.0,,52,3.7,9.3,1015.3,0,8,5
2025-12-21 02:00:00,2.9,94,0.0,,43,3.7,9.3,1015.1,0,8,5
2025-12-21 03:00:00,2.5,96,0.0,,48,3.7,9.3,1014.9,0,8,5
2025-12-21 04:00:00,2.3,96,0.0,,48,3.7,11.1,1014.5,0,8,5
2025-12-21 05:00:00,2.4,94,0.0,,52,3.7,11.1,1014.2,0,8,5
2025-12-21 06:00:00,2.1,97,0.0,,50,3.7,11.1,1014.1,0,7,5
2025-12-21 07:00:00,2.2,95,0.0,,48,5.5,13.0,1013.7,0,7,5
2025-12-21 08:00:00,2.4,95,0.0,,49,5.5,13.0,1013.4,0,7,5
2025-12-21 09:00:00,2.6,96,0.0,,48,5.5,13.0,1013.1,0,8,3
2025-12-21 10:00:00,3.0,94,0.0,,49,5.5,13.0,1012.8,0,7,3
2025-12-21 11:00:00,3.5,92,0.0,,45,5.5,13.0,1011.9,4,7,3
2025-12-21 12:00:00,3.7,92,0.0,,40,5.5,13.0,1011.3,6,8,2
2025-12-21 13:00:00,3.6,92,0.0,,40,5.5,13.0,1010.6,7,8,2
2025-12-21 14:00:00,3.6,92,0.0,,39,7.4,14.8,1010.2,5,7,3
2025-12-21 15:00:00,3.1,93,0.0,,41,7.4,14.8,1009.9,0,7,3
2025-12-21 16:00:00,2.7,95,0.0,,40,7.4,14.8,1009.7,0,7,3
2025-12-21 17:00:00,2.5,95,0.0,,41,7.4,14.8,1009.3,0,8,3
2025-12-21 18:00:00,2.2,95,0.0,,44,7.4,16.7,1008.8,0,8,3
2025-12-21 19:00:00,2.0,94,0.0,,42,7.4,16.7,1008.8,0,7,2
2025-12-21 20:00:00,1.8,93,0.0,,43,7.4,16.7,1009.6,0,7,3
2025-12-21 21:00:00,1.9,91,0.0,,43,7.4,16.7,1009.8,0,7,3
2025-12-21 22:00:00,1.8,92,0.0,,43,7.4,16.7,1009.9,0,7,4
2025-12-21 23:00:00,1.8,91,0.0,,44,7.4,16.7,1009.9,0,8,4
2025-12-22 00:00:00,1.6,93,0.0,,42,7.4,14.8,1010.0,0,8,4
2025-12-22 01:00:00,1.5,93,0.0,,41,5.5,14.8,1009.8,0,8,4
2025-12-22 02:00:00,1.5,92,0.0,,42,5.5,14.8,1010.2,0,8,4
2025-12-22 03:00:00,1.3,93,0.0,,38,5.5,14.8,1010.0,0,8,5
2025-12-22 04:00:00,1.3,92,0.0,,41,5.5,13.0,1010.0,0,8,5
2025-12-22 05:00:00,1.2,93,0.0,,47,5.5,14.8,1010.3,0,8,5
2025-12-22 06:00:00,1.1,95,0.0,,42,5.5,13.0,1010.2,0,7,5
2025-12-22 07:00:00,1.2,94,0.0,,42,7.4,14.8,1010.2,0,7,5
2025-12-22 08:00:00,1.6,92,0.0,,47,5.5,14.8,1010.3,0,7,5
2025-12-22 09:00:00,1.7,92,0.0,,46,7.4,14.8,1010.2,0,8,5
2025-12-22 10:00:00,2.1,91,0.0,,46,5.5,13.0,1010.2,4,7,4
2025-12-22 11:00:00,2.4,91,0.0,,40,5.5,13.0,1009.5,6,7,3
2025-12-22 12:00:00,2.7,89,0.0,,34,5.5,14.8,1009.1,5,7,3
2025-12-22 13:00:00,2.8,91,0.0,,32,5.5,13.0,1008.8,4,7,3
2025-12-22 14:00:00,2.6,94,0.0,,31,5.5,13.0,1008.9,3,7,3
2025-12-22 15:00:00,2.5,94,0.0,,30,5.5,13.0,1008.9,0,8,3
2025-12-22 16:00:00,-0.1,96,0.0,,38,5.5,13.0,1010.9,0,8,4
2025-12-22 17:00:00,0.0,96,0.0,,46,5.5,13.0,1011.3,0,8,3
2025-12-22 18:00:00,-0.1,97,0.0,,45,5.5,14.8,1011.5,0,7,3
2025-12-22 19:00:00,0.1,94,0.0,,47,7.4,14.8,1011.6,0,7,3
2025-12-22 20:00:00,0.1,95,0.0,,45,7.4,14.8,1011.6,0,7,4
2025-12-22 21:00:00,0.0,96,0.0,,40,7.4,14.8,1012.1,0,7,4
2025-12-22 22:00:00,-0.6,96,0.0,,41,5.5,16.7,1012.6,0,7,4
2025-12-22 23:00:00,-0.6,96,0.0,,36,7.4,14.8,1012.4,0,7,4
2025-12-23 00:00:00,-0.6,96,0.0,,39,7.4,16.7,1012.2,0,7,5
2025-12-23 01:00:00,-0.6,96,0.0,,42,5.5,14.8,1012.0,0,7,5
2025-12-23 02:00:00,-0.4,94,0.0,,43,7.4,16.7,1012.1,0,7,5
2025-12-23 03:00:00,-0.5,95,0.0,,45,7.4,14.8,1011.9,0,8,5
2025-12-23 04:00:00,-1.1,96,0.0,,40,5.5,16.7,1012.2,0,8,5
2025-12-23 05:00:00,-1.0,96,0.0,,43,5.5,14.8,1012.3,0,8,5
2025-12-23 06:00:00,-0.9,95,0.0,,45,7.4,14.8,1012.5,0,7,5
2025-12-23 07:00:00,-0.9,94,0.0,,44,5.5,14.8,1012.7,0,7,5
2025-12-23 08:00:00,-0.8,93,0.0,,47,5.5,14.8,1013.3,1,8,5
2025-12-23 09:00:00,-0.6,93,0.0,,46,7.4,16.7,1013.5,0,8,5
2025-12-23 10:00:00,-0.8,93,0.0,,46,7.4,20.4,1014.0,0,8,4
2025-12-23 11:00:00,-0.9,94,0.0,,43,9.3,22.2,1013.7,0,8,4
2025-12-23 12:00:00,-0.8,95,0.0,,43,9.3,22.2,1013.6,0,8,3
2025-12-23 13:00:00,-0.9,96,0.0,,43,9.3,24.1,1013.7,0,8,3
2025-12-23 14:00:00,-1.0,98,0.0,,43,9.3,24.1,1014.1,0,8,4
2025-12-23 15:00:00,-0.7,96,0.0,,46,9.3,25.9,1014.6,0,8,4
2025-12-23 16:00:00,-0.7,96,0.0,,47,9.3,25.9,1015.2,0,8,4
2025-12-23 17:00:00,-0.4,93,0.0,,50,11.1,25.9,1015.7,0,7,4
2025-12-23 18:00:00,-0.3,92,0.0,,48,9.3,25.9,1016.1,0,7,4
2025-12-23 19:00:00,0.0,89,0.0,,44,9.3,25.9,1016.4,0,7,3
2025-12-23 20:00:00,0.1,88,0.0,,43,9.3,24.1,1016.7,0,7,4
2025-12-23 21:00:00,0.3,86,0.0,,47,9.3,24.1,1016.6,0,7,4
2025-12-23 22:00:00,0.4,85,0.0,,48,9.3,24.1,1016.4,0,7,4
2025-12-23 23:00:00,0.4,85,0.0,,46,9.3,22.2,1016.8,0,6,4
2025-12-24 00:00:00,0.5,86,0.0,,46,9.3,24.1,1016.3,0,7,4
2025-12-24 01:00:00,0.6,86,0.0,,47,9.3,24.1,1016.6,0,7,4
2025-12-24 02:00:00,0.6,85,0.0,,48,9.3,25.9,1016.7,0,7,4
2025-12-24 03:00:00,0.9,84,0.0,,47,11.1,25.9,1016.6,0,7,4
2025-12-24 04:00:00,0.8,84,0.0,,53,11.1,27.8,1017.1,0,8,4
2025-12-24 05:00:00,0.9,82,0.0,,46,11.1,29.6,1017.0,0,8,4
2025-12-24 06:00:00,1.0,83,0.0,,47,13.0,29.6,1016.7,0,7,4
2025-12-24 07:00:00,1.0,82,0.0,,42,13.0,33.3,1016.8,0,7,4
2025-12-24 08:00:00,0.8,82,0.0,,42,14.8,35.2,1017.1,0,8,14
2025-12-24 09:00:00,0.5,85,0.0,,40,14.8,37.0,1017.3,0,8,14
2025-12-24 10:00:00,0.3,86,0.0,,41,16.7,40.8,1017.8,0,8,14
2025-12-24 11:00:00,0.1,86,0.0,,40,16.7,42.6,1017.0,0,8,14
2025-12-24 12:00:00,-0.2,85,0.0,,43,18.5,44.5,1016.4,0,8,14
2025-12-24 13:00:00,-0.4,86,0.0,,44,18.5,50.0,1016.0,0,7,14
2025-12-24 14:00:00,-0.8,87,0.0,,46,18.5,46.3,1016.0,0,7,14
2025-12-24 15:00:00,-1.0,86,0.0,,47,18.5,46.3,1016.0,0,8,14
2025-12-24 16:00:00,-0.5,81,0.0,,48,18.5,50.0,1015.6,0,8,14
2025-12-24 17:00:00,-0.7,81,0.3,,46,16.7,46.3,1015.1,0,8,14
2025-12-24 18:00:00,-0.2,78,0.4,,46,16.7,44.5,1014.8,0,8,14
2025-12-24 19:00:00,-0.1,77,0.0,,47,16.7,44.5,1014.8,0,8,14
2025-12-24 20:00:00,0.0,76,0.0,,50,14.8,40.8,1014.9,0,8,14
2025-12-24 21:00:00,-0.1,79,0.0,,50,14.8,40.8,1015.1,0,8,4
2025-12-24 22:00:00,-0.4,83,0.0,,50,14.8,37.0,1016.1,0,8,4
2025-12-24 23:00:00,-0.6,84,0.0,,51,16.7,38.9,1016.3,0,7,4
2025-12-25 00:00:00,-0.6,84,0.0,,50,14.8,37.0,1016.4,0,7,3
2025-12-25 01:00:00,-0.7,83,0.0,,51,14.8,37.0,1017.0,0,7,3
2025-12-25 02:00:00,-0.4,81,0.0,,49,14.8,35.2,1017.5,0,6,4
2025-12-25 03:00:00,-0.5,82,0.0,,49,13.0,31.5,1018.1,0,6,4
2025-12-25 04:00:00,-0.6,83,0.0,,52,14.8,38.9,1018.8,0,7,3
2025-12-25 05:00:00,-0.6,83,0.0,,46,13.0,33.3,1019.4,0,8,3
2025-12-25 06:00:00,-0.6,84,0.0,,44,11.1,29.6,1019.7,0,8,3
2025-12-25 07:00:00,-0.5,82,0.0,,39,11.1,25.9,1020.4,0,8,3
2025-12-25 08:00:00,-0.5,82,0.0,,42,9.3,25.9,1021.1,2,7,4
2025-12-25 09:00:00,-0.4,81,0.0,,45,9.3,24.1,1021.8,1,7,4
2025-12-25 10:00:00,-0.5,84,0.0,,50,13.0,35.2,1022.3,2,7,3
2025-12-25 11:00:00,-0.5,84,0.0,,43,11.1,29.6,1022.1,4,7,3
2025-12-25 12:00:00,-0.4,84,0.0,,39,11.1,25.9,1022.0,5,7,2
2025-12-25 13:00:00,-0.4,85,0.0,,40,9.3,25.9,1022.0,6,7,2
2025-12-25 14:00:00,-0.4,86,0.0,,41,9.3,24.1,1022.2,6,6,3
2025-12-25 15:00:00,-0.5,86,0.0,,43,9.3,22.2,1022.6,5,6,3
2025-12-25 16:00:00,-0.7,85,0.0,,41,11.1,27.8,1023.2,0,6,3
2025-12-25 17:00:00,-0.9,88,0.0,,43,9.3,24.1,1023.5,0,6,2
2025-12-25 18:00:00,-0.8,87,0.0,,44,9.3,22.2,1023.6,0,6,2
2025-12-25 19:00:00,-0.9,87,0.0,,48,9.3,22.2,1023.7,0,6,2
2025-12-25 20:00:00,-1.1,88,0.0,,45,9.3,20.4,1024.0,0,6,2
2025-12-25 21:00:00,-1.1,89,0.0,,42,9.3,20.4,1024.5,0,6,2
2025-12-25 22:00:00,-1.2,90,0.0,,46,7.4,18.5,1025.0,0,6,3
2025-12-25 23:00:00,-1.3,90,0.0,,42,7.4,18.5,1024.9,0,6,3
2025-12-26 00:00:00,-1.3,91,0.0,,46,9.3,20.4,1024.7,0,6,3
2025-12-26 01:00:00,-1.4,91,0.0,,44,9.3,20.4,1024.8,0,6,3
2025-12-26 02:00:00,-1.3,91,0.0,,45,9.3,22.2,1024.9,0,6,3
2025-12-26 03:00:00,-1.4,92,0.0,,46,9.3,20.4,1025.0,0,6,4
2025-12-26 04:00:00,-1.5,92,0.0,,43,9.3,25.9,1025.1,0,7,3
2025-12-26 05:00:00,-1.4,92,0.0,,43,7.4,20.4,1025.5,0,7,3
2025-12-26 06:00:00,-1.5,92,0.0,,43,7.4,20.4,1026.1,0,8,3
2025-12-26 07:00:00,-1.5,90,0.0,,42,7.4,18.5,1026.4,0,7,3
2025-12-26 08:00:00,-1.3,90,0.0,,45,7.4,18.5,1027.0,3,7,3
2025-12-26 09:00:00,-1.0,88,0.0,,46,7.4,16.7,1027.2,2,6,3
2025-12-26 10:00:00,-1.0,88,0.0,,43,7.4,16.7,1027.5,3,7,3
2025-12-26 11:00:00,-0.8,88,0.0,,39,7.4,16.7,1027.6,7,7,3
2025-12-26 12:00:00,-0.7,88,0.0,,32,5.5,14.8,1027.6,8,7,2
2025-12-26 13:00:00,-0.6,88,0.0,,32,5.5,14.8,1027.8,12,7,2
2025-12-26 14:00:00,-0.7,90,0.0,,34,5.5,14.8,1028.1,8,7,3
2025-12-26 15:00:00,-0.8,88,0.0,,41,5.5,13.0,1028.6,3,7,3
2025-12-26 16:00:00,-2.0,90,0.0,,33,5.5,16.7,1028.9,0,7,3
2025-12-26 17:00:00,-1.9,91,0.0,,45,5.5,14.8,1029.3,0,7,3
2025-12-26 18:00:00,-1.7,91,0.0,,48,5.5,14.8,1029.4,0,7,3
2025-12-26 19:00:00,-1.6,90,0.0,,46,5.5,16.7,1029.2,0,7,3
2025-12-26 20:00:00,-1.7,91,0.0,,46,5.5,16.7,1029.3,0,6,3
2025-12-26 21:00:00,-1.6,92,0.0,,45,7.4,18.5,1029.4,0,6,3
2025-12-26 22:00:00,-1.7,90,0.0,,49,5.5,16.7,1029.5,0,7,4
2025-12-26 23:00:00,-1.9,91,0.0,,51,7.4,18.5,1029.2,0,6,3
2025-12-27 00:00:00,-1.8,92,0.0,,48,7.4,18.5,1029.3,0,6,3
2025-12-27 01:00:00,-1.8,90,0.0,,46,7.4,16.7,1029.5,0,6,3
2025-12-27 02:00:00,-1.9,92,0.0,,44,7.4,18.5,1029.6,0,6,3
2025-12-27 03:00:00,-1.9,94,0.0,,50,5.5,14.8,1030.0,0,6,4
2025-12-27 04:00:00,-1.7,88,0.0,,57,5.5,16.7,1030.1,0,7,3
2025-12-27 05:00:00,-1.9,90,0.0,,56,3.7,13.0,1030.6,0,7,3
2025-12-27 06:00:00,-2.0,92,0.0,,61,3.7,13.0,1030.9,0,8,5
2025-12-27 07:00:00,-2.0,91,0.0,,58,3.7,13.0,1031.5,0,7,5
2025-12-27 08:00:00,-1.8,90,0.0,,57,3.7,11.1,1031.8,2,6,5
2025-12-27 09:00:00,-1.5,89,0.0,,64,3.7,11.1,1032.3,2,6,5
2025-12-27 10:00:00,-1.4,87,0.0,,81,3.7,7.4,1032.8,2,7,5
2025-12-27 11:00:00,-1.2,86,0.0,,70,3.7,9.3,1032.3,7,7,3
2025-12-27 12:00:00,-0.9,86,0.0,,56,3.7,9.3,1031.8,9,7,3
2025-12-27 13:00:00,-0.7,84,0.0,,65,3.7,9.3,1031.5,14,7,3
2025-12-27 14:00:00,-0.8,86,0.0,,79,3.7,7.4,1031.3,16,7,3
2025-12-27 15:00:00,-0.8,86,0.0,,67,3.7,7.4,1031.5,13,6,3
2025-12-27 16:00:00,-1.5,88,0.0,,87,3.7,9.3,1031.4,0,6,3
2025-12-27 17:00:00,-1.7,90,0.0,,71,3.7,11.1,1031.6,0,6,3
2025-12-27 18:00:00,-2.0,92,0.0,,66,3.7,9.3,1031.5,0,5,3
2025-12-27 19:00:00,-2.0,92,0.0,,62,3.7,9.3,1031.5,0,6,3
2025-12-27 20:00:00,-2.2,93,0.0,,64,1.8,7.4,1031.8,0,6,5
2025-12-27 21:00:00,-2.2,94,0.0,,56,3.7,9.3,1031.8,0,6,5
2025-12-27 22:00:00,-2.4,92,0.0,,67,1.8,9.3,1031.8,0,6,5
2025-12-27 23:00:00,-2.5,94,0.0,,74,3.7,9.3,1031.3,0,5,5
2025-12-28 00:00:00,-2.5,95,0.0,,63,3.7,9.3,1031.0,0,4,5
2025-12-28 01:00:00,-2.5,95,0.0,,48,3.7,9.3,1030.9,0,5,5
2025-12-28 02:00:00,-2.6,96,0.0,,48,3.7,9.3,1030.5,0,5,5
2025-12-28 03:00:00,-2.8,98,0.0,,63,3.7,9.3,1030.5,0,5,5
2025-12-28 04:00:00,-2.7,91,0.0,,45,3.7,11.1,1030.5,0,6,5
2025-12-28 05:00:00,-2.6,93,0.0,,42,1.8,9.3,1030.4,0,7,5
2025-12-28 06:00:00,-2.6,94,0.0,,49,3.7,9.3,1030.4,0,7,5
2025-12-28 07:00:00,-2.6,94,0.0,,48,3.7,11.1,1030.6,0,6,5
2025-12-28 08:00:00,-2.4,95,0.0,,58,3.7,13.0,1030.3,3,6,5
2025-12-28 09:00:00,-2.1,95,0.0,,54,5.5,14.8,1030.2,5,6,5
2025-12-28 10:00:00,-1.2,86,0.0,,46,7.4,20.4,1030.0,6,6,5
2025-12-28 11:00:00,-0.6,83,0.0,,46,7.4,20.4,1029.1,13,6,3
2025-12-28 12:00:00,-0.2,81,0.0,,48,7.4,20.4,1028.4,18,6,2
2025-12-28 13:00:00,0.0,80,0.0,,46,7.4,20.4,1028.1,22,5,2
2025-12-28 14:00:00,-0.2,81,0.0,,49,7.4,22.2,1027.9,21,5,2
2025-12-28 15:00:00,-0.4,80,0.0,,46,7.4,22.2,1028.0,18,5,2
2025-12-28 16:00:00,-0.9,80,0.0,,38,7.4,20.4,1027.2,15,5,2
2025-12-28 17:00:00,-1.2,82,0.0,,44,5.5,16.7,1027.4,0,5,3
2025-12-28 18:00:00,-1.3,82,0.0,,45,3.7,14.8,1027.5,0,5,3
2025-12-28 19:00:00,-1.5,84,0.0,,46,5.5,14.8,1027.1,0,6,2
2025-12-28 20:00:00,-1.8,85,0.0,,48,5.5,13.0,1027.2,0,6,2
2025-12-28 21:00:00,-2.0,86,0.0,,46,5.5,14.8,1026.9,0,6,3
2025-12-28 22:00:00,-2.2,88,0.0,,45,5.5,13.0,1026.6,0,6,3
2025-12-28 23:00:00,-2.3,88,0.0,,42,3.7,11.1,1026.4,0,5,3
2025-12-29 00:00:00,-2.4,91,0.0,,38,3.7,11.1,1026.2,0,3,2
2025-12-29 01:00:00,-2.5,89,0.0,,41,3.7,11.1,1026.1,0,5,2
2025-12-29 02:00:00,-2.5,89,0.0,,45,3.7,9.3,1026.1,0,5,3
2025-12-29 03:00:00,-2.6,92,0.0,,45,3.7,9.3,1026.3,0,6,4
2025-12-29 04:00:00,-1.8,87,0.0,,209,1.8,7.4,1026.0,0,7,5
2025-12-29 05:00:00,-2.0,88,0.0,,111,1.8,7.4,1025.9,0,7,5
2025-12-29 06:00:00,-2.2,90,0.0,,80,1.8,7.4,1026.0,0,8,5
2025-12-29 07:00:00,-2.3,89,0.0,,74,1.8,7.4,1026.1,0,7,5
2025-12-29 08:00:00,-2.2,90,0.0,,79,1.8,7.4,1026.1,1,6,5
2025-12-29 09:00:00,-2.0,90,0.0,,107,1.8,7.4,1026.1,3,7,5
2025-12-29 10:00:00,-1.1,86,0.0,,171,3.7,9.3,1026.1,3,7,5
2025-12-29 11:00:00,-0.8,84,0.0,,179,3.7,9.3,1025.1,10,6,3
2025-12-29 12:00:00,-0.5,83,0.0,,201,3.7,7.4,1024.2,17,6,2
2025-12-29 13:00:00,-0.3,81,0.0,,195,3.7,7.4,1023.7,24,5,2
2025-12-29 14:00:00,-0.4,81,0.0,,195,3.7,7.4,1023.3,25,5,2
2025-12-29 15:00:00,-0.6,82,0.0,,255,3.7,7.4,1023.3,22,5,2
2025-12-29 16:00:00,-1.5,86,0.0,,270,1.8,7.4,1023.6,17,5,2
2025-12-29 17:00:00,-2.1,90,0.0,,262,1.8,5.5,1023.7,0,4,2
2025-12-29 18:00:00,-2.4,91,0.0,,323,1.8,3.7,1023.8,0,4,2
2025-12-29 19:00:00,-2.6,92,0.0,,24,1.8,3.7,1023.9,0,5,2
2025-12-29 20:00:00,-2.7,91,0.0,,26,1.8,3.7,1024.3,0,5,2
2025-12-29 21:00:00,-2.9,92,0.0,,32,3.7,7.4,1024.5,0,5,2
2025-12-29 22:00:00,-2.8,86,0.0,,35,3.7,9.3,1025.2,0,7,4
2025-12-29 23:00:00,-2.8,87,0.0,,35,3.7,9.3,1025.2,0,7,5
2025-12-30 00:00:00,-2.8,87,0.0,,35,5.5,9.3,1025.4,0,6,5
2025-12-30 01:00:00,-2.9,87,0.0,,37,5.5,11.1,1025.6,0,6,5
2025-12-30 02:00:00,-3.0,89,0.0,,41,5.5,13.0,1025.5,0,6,5
2025-12-30 03:00:00,-3.0,89,0.0,,41,5.5,13.0,1025.9,0,6,4
2025-12-30 04:00:00,-3.4,87,0.0,,32,5.5,14.8,1026.5,0,7,4
2025-12-30 05:00:00,-3.3,86,0.0,,35,3.7,13.0,1026.2,0,8,3
2025-12-30 06:00:00,-3.3,87,0.0,,37,3.7,11.1,1026.0,0,8,3
2025-12-30 07:00:00,-3.3,87,0.0,,37,3.7,11.1,1026.1,0,7,3
2025-12-30 08:00:00,-3.0,87,0.0,,47,3.7,11.1,1026.3,0,6,3
2025-12-30 09:00:00,-2.6,87,0.0,,50,5.5,13.0,1026.3,1,6,3
2025-12-30 10:00:00,-1.7,81,0.0,,50,7.4,20.4,1027.4,6,6,3
2025-12-30 11:00:00,-1.0,76,0.0,,47,9.3,24.1,1026.6,11,6,2
2025-12-30 12:00:00,-0.7,73,0.0,,49,9.3,24.1,1026.1,11,6,2
2025-12-30 13:00:00,-0.5,73,0.0,,48,11.1,25.9,1026.0,13,6,2
2025-12-30 14:00:00,-0.5,72,0.0,,47,9.3,25.9,1026.2,11,5,2
2025-12-30 15:00:00,-0.8,73,0.0,,48,9.3,24.1,1026.5,11,5,2
2025-12-30 16:00:00,-0.4,62,0.0,,39,5.5,18.5,1026.9,0,4,2
2025-12-30 17:00:00,-0.8,66,0.0,,43,5.5,16.7,1027.2,0,4,2
2025-12-30 18:00:00,-1.4,70,0.0,,46,7.4,18.5,1027.4,0,4,2
2025-12-30 19:00:00,-1.8,72,0.0,,47,7.4,20.4,1027.8,0,5,2
2025-12-30 20:00:00,-2.2,75,0.0,,47,9.3,22.2,1028.1,0,5,2
2025-12-30 21:00:00,-2.6,77,0.0,,43,9.3,22.2,1028.3,0,5,2
2025-12-30 22:00:00,-2.0,63,0.0,,31,9.3,22.2,1028.6,0,6,3
2025-12-30 23:00:00,-2.5,66,0.0,,37,7.4,20.4,1028.6,0,5,3
2025-12-31 00:00:00,-2.9,69,0.0,,37,7.4,22.2,1028.4,0,5,3
2025-12-31 01:00:00,-3.2,70,0.0,,36,9.3,20.4,1028.3,0,4,2
2025-12-31 02:00:00,-3.6,73,0.0,,38,9.3,20.4,1028.1,0,4,2
2025-12-31 03:00:00,-4.1,74,0.0,,36,7.4,20.4,1028.2,0,4,2
2025-12-31 04:00:00,-4.6,81,0.0,,35,9.3,22.2,1028.2,0,5,2
2025-12-31 05:00:00,-4.8,80,0.0,,38,7.4,18.5,1028.2,0,5,2
2025-12-31 06:00:00,-5.0,80,0.0,,35,7.4,16.7,1028.5,0,6,2
2025-12-31 07:00:00,-5.1,80,0.0,,35,5.5,14.8,1028.8,0,5,2
2025-12-31 08:00:00,-4.7,77,0.0,,41,5.5,14.8,1028.9,19,4,2
2025-12-31 09:00:00,-4.2,74,0.0,,46,5.5,16.7,1029.0,35,3,2
2025-12-31 10:00:00,-3.3,69,0.0,,40,7.4,16.7,1028.5,43,3,2
2025-12-31 11:00:00,-2.6,65,0.0,,43,5.5,16.7,1027.9,45,2,2
2025-12-31 12:00:00,-2.1,61,0.0,,47,5.5,14.8,1027.2,49,2,1
2025-12-31 13:00:00,-1.6,58,0.0,,51,5.5,13.0,1026.7,50,2,1
2025-12-31 14:00:00,-1.8,59,0.0,,56,3.7,11.1,1026.5,46,2,1
2025-12-31 15:00:00,-2.0,60,0.0,,56,3.7,11.1,1026.5,42,2,2
2025-12-31 16:00:00,-1.9,53,0.0,,58,3.7,9.3,1026.2,38,1,2
2025-12-31 17:00:00,-2.8,60,0.0,,37,3.7,7.4,1026.4,0,1,1
2025-12-31 18:00:00,-3.4,66,0.0,,58,3.7,7.4,1026.6,0,0,1
2025-12-31 19:00:00,-3.8,69,0.0,,62,3.7,7.4,1026.4,0,2,1
2025-12-31 20:00:00,-4.1,72,0.0,,58,3.7,7.4,1026.2,0,2,1
2025-12-31 21:00:00,-4.5,76,0.0,,54,1.8,5.5,1025.8,0,2,1
2025-12-31 22:00:00,-4.1,73,0.0,,55,1.8,3.7,1025.5,0,1,1
2025-12-31 23:00:00,-4.5,77,0.0,,111,1.8,5.5,1025.0,0,1,1
