time,temp,rhum,prcp,snwd,wdir,wspd,wpgt,pres,tsun,cldc,coco
2025-01-01 00:00:00,8.5,85,0.0,,210,43.2,66.7,1014.3,,8,4
2025-01-01 01:00:00,8.9,84,0.0,,220,46.8,65.0,1014.2,,8,4
2025-01-01 02:00:00,8.8,83,0.0,,220,46.8,65.0,1013.7,,8,4
2025-01-01 03:00:00,8.9,81,0.0,,220,46.8,72.2,1012.9,,8,4
2025-01-01 04:00:00,8.7,80,0.0,,210,46.8,68.0,1011.8,,8,4
2025-01-01 05:00:00,8.6,80,0.0,,210,43.2,68.0,1011.3,,8,4
2025-01-01 06:00:00,8.7,79,0.0,,210,46.8,72.2,1010.5,,8,4
2025-01-01 07:00:00,8.4,80,0.0,,210,50.4,72.0,1009.6,,8,4
2025-01-01 08:00:00,8.3,80,0.0,,210,46.8,72.0,1009.2,,8,4
2025-01-01 09:00:00,8.5,79,0.0,,220,50.4,75.9,1008.9,,8,4
2025-01-01 10:00:00,8.7,80,0.0,,210,54.0,76.0,1008.0,,8,8
2025-01-01 11:00:00,9.1,79,0.0,,210,54.0,86.0,1007.0,,8,8
2025-01-01 12:00:00,9.1,84,1.0,,210,54.0,77.8,1005.5,,8,8
2025-01-01 13:00:00,9.0,89,0.8,,220,57.6,86.0,1004.2,,8,8
2025-01-01 14:00:00,9.3,88,2.0,,210,54.0,79.0,1003.2,,8,7
2025-01-01 15:00:00,9.1,92,0.6,,220,54.0,72.2,1002.8,,8,8
2025-01-01 16:00:00,6.8,95,5.0,,300,28.8,68.0,1004.2,,8,8
2025-01-01 17:00:00,6.2,90,3.0,,290,21.6,40.0,1005.1,,8,8
2025-01-01 18:00:00,5.8,91,2.6,,260,28.8,57.4,1005.4,,8,8
2025-01-01 19:00:00,5.7,90,2.0,,240,28.8,43.0,1005.5,,8,8
2025-01-01 20:00:00,5.7,91,2.0,,230,25.2,43.0,1006.0,,8,8
2025-01-01 21:00:00,6.0,93,2.0,,230,28.8,48.2,1005.7,,8,8
2025-01-01 22:00:00,6.4,93,0.2,,230,21.6,36.0,1005.9,,8,8
2025-01-01 23:00:00,6.7,84,0.9,,290,25.2,40.0,1007.2,,8,8
2025-01-02 00:00:00,5.8,83,0.0,,300,18.0,35.2,1007.8,,8,7
2025-01-02 01:00:00,5.6,80,0.0,,300,14.4,25.0,1008.5,,8,7
2025-01-02 02:00:00,4.3,87,0.0,,320,14.4,25.0,1009.2,,7,7
2025-01-02 03:00:00,2.7,91,0.0,,270,14.4,22.2,1009.9,,3,7
2025-01-02 04:00:00,2.0,88,0.0,,270,14.4,18.0,1010.0,,0,7
2025-01-02 05:00:00,2.6,90,0.0,,0,0.0,14.0,1010.5,,5,7
2025-01-02 06:00:00,3.2,87,0.0,,30,10.8,16.7,1011.2,,6,7
2025-01-02 07:00:00,1.9,92,0.0,,200,7.2,18.0,1012.0,,3,7
2025-01-02 08:00:00,2.6,87,1.0,,230,3.6,40.0,1012.5,,6,7
2025-01-02 09:00:00,2.4,92,0.0,,210,10.8,16.7,1013.3,,0,4
2025-01-02 10:00:00,4.6,86,0.0,,280,3.6,18.0,1013.9,,2,1
2025-01-02 11:00:00,6.2,80,0.0,,270,7.2,11.0,1014.1,,0,2
2025-01-02 12:00:00,4.5,80,0.0,,300,7.2,27.8,1014.0,,1,17
2025-01-02 13:00:00,4.8,80,1.0,,330,21.6,40.0,1014.2,,8,17
2025-01-02 14:00:00,4.4,86,0.1,,290,7.2,25.0,1014.2,,1,7
2025-01-02 15:00:00,4.3,83,0.1,,330,14.4,27.8,1014.8,,2,7
2025-01-02 16:00:00,2.6,83,0.0,,290,10.8,36.0,1015.0,,2,7
2025-01-02 17:00:00,2.4,82,0.0,,290,14.4,22.0,1015.4,,1,7
2025-01-02 18:00:00,3.2,80,0.0,,290,14.4,24.1,1015.6,,2,7
2025-01-02 19:00:00,3.2,82,0.0,,320,7.2,22.0,1016.2,,4,7
2025-01-02 20:00:00,3.3,81,0.1,,290,18.0,32.0,1016.7,,4,7
2025-01-02 21:00:00,2.1,87,0.0,,300,10.8,24.1,1017.1,,4,7
2025-01-02 22:00:00,1.7,88,0.0,,280,7.2,43.0,1017.4,,0,7
2025-01-02 23:00:00,1.7,90,0.0,,260,10.8,18.0,1017.6,,3,2
2025-01-03 00:00:00,1.6,90,0.0,,280,7.2,25.9,1017.8,,0,1
2025-01-03 01:00:00,1.7,90,0.1,,310,3.6,29.0,1017.9,,8,8
2025-01-03 02:00:00,2.0,83,0.0,,290,14.4,18.0,1017.8,,7,4
2025-01-03 03:00:00,2.4,81,0.0,,270,14.4,29.6,1017.8,,8,7
2025-01-03 04:00:00,2.9,79,0.4,,290,18.0,47.0,1017.2,,6,8
2025-01-03 05:00:00,2.3,84,0.0,,270,36.0,50.0,1017.3,,6,7
2025-01-03 06:00:00,2.8,68,0.0,,280,28.8,37.0,1016.9,,1,7
2025-01-03 07:00:00,3.3,64,0.0,,280,32.4,43.0,1016.7,,2,2
2025-01-03 08:00:00,3.3,68,0.0,,280,25.2,43.0,1017.1,,6,3
2025-01-03 09:00:00,3.7,71,0.0,,280,32.4,40.8,1017.4,,7,4
2025-01-03 10:00:00,4.0,75,0.0,,270,32.4,54.0,1017.2,,8,4
2025-01-03 11:00:00,4.9,74,0.0,,280,32.4,47.0,1017.0,,8,7
2025-01-03 12:00:00,4.0,86,2.7,,310,25.2,42.6,1017.1,,8,17
2025-01-03 13:00:00,3.5,87,0.6,,290,25.2,47.0,1016.9,,8,8
2025-01-03 14:00:00,4.3,86,0.1,,320,21.6,35.0,1017.2,,8,7
2025-01-03 15:00:00,3.4,86,0.5,,310,18.0,35.2,1017.7,,8,17
2025-01-03 16:00:00,3.3,88,0.0,,300,7.2,22.0,1018.1,,8,8
2025-01-03 17:00:00,2.6,86,0.0,,300,14.4,29.0,1018.6,,1,1
2025-01-03 18:00:00,2.4,90,0.0,,270,7.2,24.1,1019.1,,8,7
2025-01-03 19:00:00,2.6,90,0.1,,300,7.2,25.0,1019.7,,7,17
2025-01-03 20:00:00,2.3,89,0.0,,260,7.2,11.0,1019.9,,8,8
2025-01-03 21:00:00,2.0,87,0.2,,360,7.2,18.5,1020.5,,8,17
2025-01-03 22:00:00,-0.1,96,0.0,,180,3.6,11.0,1020.6,,4,8
2025-01-03 23:00:00,1.1,91,0.0,,220,7.2,14.0,1021.0,,0,1
2025-01-04 00:00:00,0.3,94,0.0,,170,7.2,11.1,1020.9,,8,4
2025-01-04 01:00:00,0.8,97,0.2,,190,10.8,18.0,1021.0,,8,8
2025-01-04 02:00:00,1.3,97,0.0,,190,10.8,14.0,1020.7,,8,4
2025-01-04 03:00:00,1.6,95,0.0,,210,10.8,14.8,1020.4,,8,4
2025-01-04 04:00:00,2.1,92,0.0,,230,14.4,18.0,1020.1,,8,4
2025-01-04 05:00:00,1.8,95,0.3,,200,14.4,25.0,1019.9,,8,8
2025-01-04 06:00:00,1.9,95,0.0,,200,14.4,18.5,1019.6,,8,4
2025-01-04 07:00:00,2.1,93,0.0,,190,7.2,22.0,1019.4,,8,4
2025-01-04 08:00:00,2.2,91,0.0,,180,14.4,18.0,1018.8,,8,4
2025-01-04 09:00:00,2.4,94,0.0,,200,14.4,22.2,1018.7,,8,7
2025-01-04 10:00:00,3.2,90,0.0,,200,14.4,25.0,1018.5,,8,7
2025-01-04 11:00:00,3.6,91,0.0,,200,18.0,25.0,1017.9,,8,7
2025-01-04 12:00:00,4.0,91,0.2,,210,21.6,27.8,1017.2,,8,7
2025-01-04 13:00:00,4.0,89,0.8,,210,18.0,36.0,1016.6,,8,8
2025-01-04 14:00:00,4.2,89,0.1,,190,14.4,25.0,1015.9,,8,8
2025-01-04 15:00:00,3.9,88,0.0,,210,14.4,24.1,1015.4,,8,4
2025-01-04 16:00:00,3.2,90,0.0,,200,14.4,22.0,1015.0,,8,4
2025-01-04 17:00:00,2.9,93,0.0,,170,10.8,18.0,1014.4,,8,4
2025-01-04 18:00:00,2.7,92,0.0,,180,14.4,20.4,1013.9,,8,4
2025-01-04 19:00:00,2.2,94,0.0,,170,14.4,22.0,1013.5,,8,4
2025-01-04 20:00:00,1.5,94,0.0,,160,14.4,18.0,1012.9,,8,4
2025-01-04 21:00:00,1.1,94,0.0,,150,10.8,20.4,1011.9,,8,4
2025-01-04 22:00:00,0.8,93,0.0,,140,14.4,18.0,1010.8,,8,4
2025-01-04 23:00:00,1.1,91,0.0,,140,14.4,18.0,1009.8,,8,4
2025-01-05 00:00:00,1.2,91,0.0,,110,10.8,20.4,1008.3,,8,4
2025-01-05 01:00:00,1.5,87,0.0,,110,14.4,22.0,1006.9,,8,4
2025-01-05 02:00:00,1.4,85,0.0,,120,14.4,22.0,1005.7,,8,4
2025-01-05 03:00:00,1.3,85,0.0,,110,18.0,27.8,1003.9,,8,7
2025-01-05 04:00:00,0.5,92,0.0,,120,18.0,32.0,1003.0,,8,21
2025-01-05 05:00:00,0.0,97,0.6,,110,21.6,29.0,1001.4,,8,15
2025-01-05 06:00:00,0.0,98,0.3,,100,21.6,35.2,999.7,,8,15
2025-01-05 07:00:00,0.0,99,0.4,,110,25.2,40.0,998.2,,8,15
2025-01-05 08:00:00,0.5,96,1.0,,120,25.2,40.0,996.6,,8,17
2025-01-05 09:00:00,0.6,97,1.0,,130,25.2,38.9,995.0,,8,17
2025-01-05 10:00:00,0.8,96,1.0,,130,28.8,40.0,993.5,,8,8
2025-01-05 11:00:00,1.0,96,3.0,,140,25.2,36.0,991.9,,8,8
2025-01-05 12:00:00,1.4,98,1.4,,150,18.0,35.2,990.6,,8,8
2025-01-05 13:00:00,3.7,100,3.0,,180,25.2,32.0,989.3,,8,8
2025-01-05 14:00:00,5.9,100,2.0,,190,18.0,29.0,988.2,,8,8
2025-01-05 15:00:00,10.9,95,1.0,,220,36.0,42.6,987.9,,8,8
2025-01-05 16:00:00,11.5,93,1.0,,230,39.6,58.0,987.8,,8,8
2025-01-05 17:00:00,11.6,95,0.8,,220,32.4,58.0,987.6,,8,8
2025-01-05 18:00:00,11.5,94,0.3,,210,39.6,53.7,987.2,,8,8
2025-01-05 19:00:00,11.1,96,1.0,,210,32.4,50.0,987.1,,8,8
2025-01-05 20:00:00,11.2,96,2.0,,210,36.0,50.0,986.9,,8,8
2025-01-05 21:00:00,11.2,94,0.0,,210,36.0,51.8,986.6,,8,8
2025-01-05 22:00:00,11.1,91,0.0,,200,32.4,47.0,986.4,,8,4
2025-01-05 23:00:00,10.6,94,0.9,,200,36.0,50.0,985.9,,8,17
2025-01-06 00:00:00,10.8,90,1.3,,200,36.0,50.0,985.3,,8,8
2025-01-06 01:00:00,10.9,89,0.0,,200,36.0,50.0,984.7,,8,8
2025-01-06 02:00:00,10.9,89,0.0,,190,39.6,54.0,984.1,,8,4
2025-01-06 03:00:00,11.1,86,0.0,,200,39.6,50.0,983.4,,8,4
2025-01-06 04:00:00,10.9,85,0.0,,190,39.6,54.0,982.7,,7,4
2025-01-06 05:00:00,10.9,87,0.0,,180,36.0,50.0,981.7,,8,4
2025-01-06 06:00:00,10.7,87,0.0,,180,28.8,53.7,981.2,,8,4
2025-01-06 07:00:00,10.9,83,0.0,,180,36.0,50.0,980.1,,8,4
2025-01-06 08:00:00,10.6,82,0.0,,180,32.4,54.0,979.8,,8,4
2025-01-06 09:00:00,11.3,78,0.0,,180,28.8,55.5,979.1,,8,4
2025-01-06 10:00:00,11.6,79,0.0,,190,43.2,58.0,978.7,,8,4
2025-01-06 11:00:00,12.1,77,0.0,,180,39.6,61.0,977.1,,8,4
2025-01-06 12:00:00,11.3,84,0.2,,190,50.4,64.8,975.9,,8,17
2025-01-06 13:00:00,10.6,82,0.7,,210,61.2,87.0,975.6,,8,8
2025-01-06 14:00:00,6.5,83,0.0,,240,61.2,90.0,978.1,,8,8
2025-01-06 15:00:00,5.4,88,0.1,,250,54.0,79.6,981.0,,8,7
2025-01-06 16:00:00,5.8,86,0.5,,250,50.4,72.0,983.5,,8,8
2025-01-06 17:00:00,5.5,82,0.2,,250,43.2,72.0,985.6,,8,17
2025-01-06 18:00:00,5.4,77,0.1,,240,46.8,70.4,987.3,,7,17
2025-01-06 19:00:00,5.8,74,0.0,,250,39.6,72.0,988.8,,6,8
2025-01-06 20:00:00,5.8,73,0.0,,240,32.4,54.0,989.7,,5,8
2025-01-06 21:00:00,6.1,74,0.0,,240,32.4,59.3,990.6,,5,4
2025-01-06 22:00:00,5.6,78,0.0,,230,28.8,47.0,991.1,,5,4
2025-01-06 23:00:00,4.7,85,0.0,,210,28.8,40.0,991.6,,5,4
2025-01-07 00:00:00,4.8,88,0.0,,220,25.2,50.0,992.1,,5,8
2025-01-07 01:00:00,4.5,89,0.1,,220,25.2,40.0,992.4,,8,8
2025-01-07 02:00:00,4.5,89,0.0,,220,32.4,40.0,992.8,,8,4
2025-01-07 03:00:00,4.1,89,0.0,,220,25.2,46.3,993.0,,8,4
2025-01-07 04:00:00,3.6,92,0.0,,210,25.2,36.0,993.4,,8,4
2025-01-07 05:00:00,3.7,92,0.0,,220,25.2,36.0,994.0,,8,8
2025-01-07 06:00:00,3.9,92,0.0,,220,21.6,38.9,994.4,,8,4
2025-01-07 07:00:00,3.5,92,0.0,,210,14.4,25.0,994.9,,8,4
2025-01-07 08:00:00,3.7,91,0.0,,210,25.2,32.0,995.8,,8,4
2025-01-07 09:00:00,4.1,84,0.0,,220,18.0,40.8,996.1,,8,4
2025-01-07 10:00:00,3.3,90,0.0,,210,21.6,32.0,996.8,,8,7
2025-01-07 11:00:00,5.2,84,0.0,,220,21.6,36.0,996.9,,6,7
2025-01-07 12:00:00,5.5,69,0.1,,230,28.8,42.6,996.9,,2,4
2025-01-07 13:00:00,5.8,65,0.0,,230,36.0,46.0,996.9,,8,4
2025-01-07 14:00:00,4.6,77,0.0,,220,39.6,54.0,997.1,,8,4
2025-01-07 15:00:00,4.2,80,0.0,,210,36.0,44.5,997.2,,6,7
2025-01-07 16:00:00,3.7,88,0.0,,220,28.8,50.0,997.3,,8,7
2025-01-07 17:00:00,3.2,90,0.2,,220,28.8,43.0,998.0,,8,8
2025-01-07 18:00:00,3.3,92,0.5,,220,25.2,38.9,998.1,,8,8
2025-01-07 19:00:00,3.7,81,0.0,,220,21.6,36.0,998.0,,6,8
2025-01-07 20:00:00,3.1,92,0.9,,270,25.2,40.0,998.4,,8,8
2025-01-07 21:00:00,4.2,79,0.2,,260,25.2,40.8,998.4,,4,8
2025-01-07 22:00:00,4.5,77,0.0,,260,25.2,40.0,999.0,,8,4
2025-01-07 23:00:00,4.3,75,0.0,,260,28.8,40.0,999.3,,8,3
2025-01-08 00:00:00,4.6,73,0.0,,260,25.2,42.6,999.5,,8,3
2025-01-08 01:00:00,2.6,85,0.2,,280,32.4,61.0,999.6,,8,17
2025-01-08 02:00:00,3.3,80,0.3,,270,28.8,47.0,999.8,,8,8
2025-01-08 03:00:00,3.2,79,0.0,,270,21.6,38.9,1000.3,,8,3
2025-01-08 04:00:00,3.7,77,0.0,,270,25.2,36.0,1000.8,,6,7
2025-01-08 05:00:00,3.6,76,0.0,,260,21.6,36.0,1000.9,,8,3
2025-01-08 06:00:00,3.4,77,0.0,,250,21.6,37.0,1001.3,,8,1
2025-01-08 07:00:00,3.2,79,0.0,,250,18.0,29.0,1001.8,,4,3
2025-01-08 08:00:00,3.3,75,0.0,,260,18.0,32.0,1002.7,,1,1
2025-01-08 09:00:00,4.3,74,0.0,,260,14.4,31.5,1002.9,,7,4
2025-01-08 10:00:00,5.4,73,0.0,,270,21.6,29.0,1003.0,,8,4
2025-01-08 11:00:00,5.0,73,0.0,,270,25.2,32.0,1003.1,,7,4
2025-01-08 12:00:00,5.2,71,0.0,,250,18.0,27.8,1002.9,,8,4
2025-01-08 13:00:00,4.9,74,0.0,,250,14.4,26.0,1002.3,,8,4
2025-01-08 14:00:00,4.7,76,0.0,,260,10.8,22.0,1002.0,,8,4
2025-01-08 15:00:00,3.9,78,0.0,,270,7.2,16.7,1001.7,,8,4
2025-01-08 16:00:00,2.9,91,0.0,,160,7.2,14.0,1001.8,,8,4
2025-01-08 17:00:00,2.3,92,0.0,,120,7.2,14.0,1001.1,,8,4
2025-01-08 18:00:00,2.5,93,0.0,,120,10.8,11.1,1000.7,,8,4
2025-01-08 19:00:00,2.4,94,0.0,,120,7.2,14.0,1000.2,,8,4
2025-01-08 20:00:00,1.9,94,0.0,,60,7.2,11.0,999.8,,8,4
2025-01-08 21:00:00,2.1,93,0.0,,100,7.6,9.3,999.1,,8,4
2025-01-08 22:00:00,2.2,92,0.0,,40,3.6,11.0,998.9,,8,4
2025-01-08 23:00:00,2.8,89,0.0,,130,7.2,14.0,998.5,,8,4
2025-01-09 00:00:00,2.0,91,0.0,,190,7.2,11.1,999.2,,8,4
2025-01-09 01:00:00,1.7,90,0.0,,240,3.6,7.0,999.6,,8,4
2025-01-09 02:00:00,0.5,95,0.0,,320,7.2,7.0,999.3,,8,4
2025-01-09 03:00:00,-0.9,96,0.0,,60,3.6,9.3,998.7,,5,3
2025-01-09 04:00:00,-1.1,99,0.0,,0,0.0,7.0,999.1,,8,4
2025-01-09 05:00:00,-0.3,97,0.0,,340,3.6,7.0,999.3,,8,4
2025-01-09 06:00:00,0.0,96,0.0,,0,0.0,11.1,999.5,,8,4
2025-01-09 07:00:00,-0.1,96,0.0,,190,3.6,7.0,1000.1,,8,4
2025-01-09 08:00:00,0.5,95,0.0,,0,0.0,4.0,1000.5,,8,4
2025-01-09 09:00:00,0.8,92,0.0,,310,10.8,16.7,1000.8,,8,7
2025-01-09 10:00:00,0.9,92,0.0,,310,10.8,14.0,1001.5,,6,3
2025-01-09 11:00:00,4.2,81,0.1,,330,21.6,40.0,1002.2,,6,17
2025-01-09 12:00:00,5.9,73,0.2,,330,14.4,27.8,1002.3,,5,8
2025-01-09 13:00:00,5.8,64,0.0,,310,25.2,35.0,1002.9,,1,1
2025-01-09 14:00:00,5.3,66,0.0,,300,25.2,36.0,1003.7,,1,1
2025-01-09 15:00:00,4.4,73,0.0,,290,25.2,33.3,1004.9,,5,17
2025-01-09 16:00:00,2.9,86,0.1,,290,36.0,47.0,1006.1,,8,17
2025-01-09 17:00:00,2.2,86,0.3,,280,14.4,47.0,1006.9,,8,8
2025-01-09 18:00:00,2.1,84,0.2,,270,18.0,37.0,1007.8,,8,8
2025-01-09 19:00:00,3.0,84,0.4,,300,25.2,40.0,1008.8,,8,17
2025-01-09 20:00:00,3.4,76,0.0,,280,28.8,40.0,1009.7,,8,8
2025-01-09 21:00:00,3.5,76,0.0,,260,29.0,38.9,1010.4,,8,4
2025-01-09 22:00:00,3.4,87,0.3,,280,28.8,43.0,1010.9,,8,8
2025-01-09 23:00:00,3.4,90,0.2,,240,25.2,47.0,1011.0,,8,17
2025-01-10 00:00:00,2.9,90,2.3,,310,10.8,40.8,1012.1,,8,7
2025-01-10 01:00:00,3.4,90,1.0,,290,21.6,35.0,1012.9,,8,17
2025-01-10 02:00:00,2.9,89,0.0,,340,7.2,40.0,1013.5,,8,8
2025-01-10 03:00:00,3.5,75,0.0,,300,18.0,35.2,1014.0,,0,1
2025-01-10 04:00:00,3.8,72,0.0,,300,21.6,29.0,1014.5,,2,7
2025-01-10 05:00:00,2.8,76,0.0,,280,18.0,25.0,1015.1,,1,1
2025-01-10 06:00:00,1.7,79,0.0,,270,14.4,31.5,1015.2,,2,2
2025-01-10 07:00:00,1.7,77,0.0,,280,14.4,25.0,1015.7,,1,1
2025-01-10 08:00:00,1.8,78,0.0,,270,18.0,22.0,1016.4,,2,2
2025-01-10 09:00:00,2.5,78,0.0,,270,18.0,29.6,1016.9,,7,4
2025-01-10 10:00:00,4.2,72,0.0,,270,21.6,32.0,1017.2,,4,3
2025-01-10 11:00:00,5.5,69,0.0,,250,21.6,32.0,1017.5,,7,4
2025-01-10 12:00:00,5.0,72,0.0,,260,25.2,31.5,1017.4,,7,4
2025-01-10 13:00:00,5.3,67,0.0,,270,25.2,39.0,1017.3,,6,7
2025-01-10 14:00:00,5.1,79,0.0,,260,21.6,36.0,1017.5,,8,7
2025-01-10 15:00:00,3.8,89,1.0,,270,10.8,27.8,1018.2,,8,7
2025-01-10 16:00:00,3.5,92,0.0,,30,3.6,18.0,1018.4,,8,7
2025-01-10 17:00:00,3.5,91,0.3,,250,3.6,29.0,1018.7,,7,8
2025-01-10 18:00:00,2.3,95,0.0,,140,3.6,16.7,1019.1,,0,1
2025-01-10 19:00:00,0.9,99,0.0,,190,3.6,11.0,1019.8,,5,8
2025-01-10 20:00:00,1.7,98,0.0,,190,3.6,7.0,1020.2,,4,3
2025-01-10 21:00:00,0.3,98,0.0,,270,3.6,11.1,1020.6,,0,1
2025-01-10 22:00:00,-0.2,99,0.0,,340,3.6,7.0,1021.2,,0,1
2025-01-10 23:00:00,-1.6,96,0.0,,330,3.6,4.0,1021.6,,0,5
2025-01-11 00:00:00,-2.6,98,0.0,,340,3.6,7.4,1022.1,,0,5
2025-01-11 01:00:00,-2.7,100,0.0,,330,3.6,8.0,1022.3,,0,5
2025-01-11 02:00:00,-3.4,99,0.0,,330,3.6,7.0,1022.8,,0,5
2025-01-11 03:00:00,-2.6,100,0.0,,0,0.0,5.5,1023.2,,0,5
2025-01-11 04:00:00,-3.7,99,0.0,,330,3.6,4.0,1023.8,,0,5
2025-01-11 05:00:00,-3.0,99,0.0,,320,3.6,7.0,1024.1,,0,5
2025-01-11 06:00:00,-2.2,98,0.0,,330,3.6,5.5,1024.6,,0,5
2025-01-11 07:00:00,-3.4,98,0.0,,290,7.2,14.0,1025.3,,0,5
2025-01-11 08:00:00,-2.8,97,0.0,,300,3.6,11.0,1025.9,,0,1
2025-01-11 09:00:00,-0.9,99,0.0,,280,3.6,9.3,1026.3,,0,1
2025-01-11 10:00:00,1.4,92,0.2,,260,3.6,4.0,1027.0,,0,1
2025-01-11 11:00:00,4.3,82,0.0,,270,14.4,18.0,1027.2,,8,4
2025-01-11 12:00:00,6.1,76,0.0,,290,10.8,18.5,1027.3,,0,1
2025-01-11 13:00:00,5.7,78,0.0,,280,14.4,22.0,1027.4,,0,1
2025-01-11 14:00:00,5.2,80,0.0,,310,18.0,32.0,1027.7,,8,4
2025-01-11 15:00:00,4.7,81,0.0,,290,14.4,18.5,1028.3,,0,1
2025-01-11 16:00:00,2.7,87,0.0,,320,10.8,18.0,1028.9,,1,1
2025-01-11 17:00:00,2.0,90,0.1,,310,10.8,32.0,1029.6,,6,8
2025-01-11 18:00:00,3.1,88,0.1,,330,10.8,18.5,1030.3,,8,17
2025-01-11 19:00:00,1.2,91,0.0,,330,7.2,11.0,1031.0,,1,8
2025-01-11 20:00:00,1.4,83,0.0,,340,7.2,14.0,1031.8,,7,4
2025-01-11 21:00:00,1.7,81,0.0,,340,7.2,13.0,1032.4,,6,3
2025-01-11 22:00:00,1.4,80,0.0,,330,7.2,11.0,1033.1,,8,4
2025-01-11 23:00:00,1.1,85,0.0,,330,7.2,11.0,1033.6,,8,4
2025-01-12 00:00:00,1.2,86,0.0,,320,7.2,11.1,1033.8,,8,4
2025-01-12 01:00:00,1.7,85,0.0,,330,7.2,11.0,1034.2,,8,4
2025-01-12 02:00:00,1.2,88,0.0,,300,3.6,11.0,1034.7,,8,4
2025-01-12 03:00:00,1.3,87,0.0,,300,7.2,9.3,1035.5,,8,4
2025-01-12 04:00:00,2.0,87,0.0,,30,3.6,11.0,1035.7,,8,4
2025-01-12 05:00:00,1.8,92,0.0,,340,7.2,14.0,1036.3,,8,4
2025-01-12 06:00:00,0.2,99,0.0,,0,0.0,9.3,1036.7,,1,4
2025-01-12 07:00:00,0.5,98,0.0,,290,7.2,7.0,1037.4,,6,4
2025-01-12 08:00:00,0.5,96,0.0,,70,3.6,7.0,1038.5,,8,4
2025-01-12 09:00:00,1.3,100,0.0,,270,3.6,9.3,1038.9,,8,4
2025-01-12 10:00:00,4.0,78,0.0,,340,7.2,11.0,1039.4,,8,7
2025-01-12 11:00:00,5.2,81,0.0,,270,14.4,18.0,1039.6,,8,4
2025-01-12 12:00:00,5.6,76,0.0,,300,7.2,13.0,1039.9,,8,4
2025-01-12 13:00:00,6.4,71,0.0,,360,3.6,14.0,1039.6,,0,4
2025-01-12 14:00:00,5.9,72,0.0,,360,7.2,14.0,1039.5,,8,4
2025-01-12 15:00:00,5.4,78,0.0,,360,7.2,11.1,1040.0,,8,4
2025-01-12 16:00:00,3.2,86,0.0,,310,7.2,14.0,1040.2,,8,4
2025-01-12 17:00:00,2.7,89,0.0,,330,3.6,11.0,1040.6,,8,4
2025-01-12 18:00:00,2.9,88,0.0,,300,7.2,7.4,1041.2,,8,4
2025-01-12 19:00:00,3.8,84,0.0,,40,3.6,7.0,1042.0,,8,4
2025-01-12 20:00:00,2.8,85,0.0,,340,3.6,7.0,1042.2,,7,4
2025-01-12 21:00:00,3.6,82,0.0,,60,3.6,7.4,1042.4,,8,4
2025-01-12 22:00:00,2.2,90,0.0,,0,0.0,4.0,1042.5,,8,4
2025-01-12 23:00:00,2.1,93,0.0,,110,3.6,8.0,1042.8,,8,4
2025-01-13 00:00:00,2.4,90,0.0,,150,10.8,9.3,1042.1,,8,4
2025-01-13 01:00:00,0.9,92,0.0,,180,3.6,11.0,1041.8,,5,3
2025-01-13 02:00:00,0.4,94,0.0,,220,3.6,7.0,1042.0,,7,4
2025-01-13 03:00:00,-0.7,94,0.0,,220,3.6,11.1,1042.1,,0,1
2025-01-13 04:00:00,-1.0,98,0.0,,250,3.6,8.0,1042.0,,0,1
2025-01-13 05:00:00,-1.3,96,0.0,,150,7.2,11.0,1041.7,,0,1
2025-01-13 06:00:00,-2.5,98,0.0,,200,3.6,13.0,1041.7,,0,1
2025-01-13 07:00:00,-1.5,98,0.0,,160,7.2,11.0,1041.6,,0,1
2025-01-13 08:00:00,-0.6,97,0.0,,170,7.2,7.0,1042.1,,0,1
2025-01-13 09:00:00,-0.2,93,0.0,,170,7.2,16.7,1042.2,,3,2
2025-01-13 10:00:00,2.0,88,0.0,,170,7.2,11.0,1042.5,,0,1
2025-01-13 11:00:00,3.3,84,0.0,,180,10.8,18.0,1041.9,,0,1
2025-01-13 12:00:00,4.5,78,0.0,,200,18.0,20.4,1041.4,,0,1
2025-01-13 13:00:00,4.8,72,0.0,,200,18.4,26.0,1040.7,,7,4
2025-01-13 14:00:00,4.4,67,0.0,,210,21.6,29.0,1040.6,,7,4
2025-01-13 15:00:00,3.5,72,0.0,,210,14.4,22.2,1040.3,,8,4
2025-01-13 16:00:00,2.0,76,0.0,,210,14.4,22.0,1040.1,,8,4
2025-01-13 17:00:00,-0.1,84,0.0,,220,10.8,18.0,1039.4,,8,4
2025-01-13 18:00:00,0.0,84,0.0,,180,14.4,18.5,1038.7,,8,4
2025-01-13 19:00:00,-0.2,84,0.0,,180,14.4,18.0,1038.1,,8,4
2025-01-13 20:00:00,0.1,84,0.0,,210,14.4,18.0,1038.2,,8,4
2025-01-13 21:00:00,-0.1,86,0.0,,210,14.4,20.4,1038.1,,8,4
2025-01-13 22:00:00,-0.1,86,0.0,,190,18.0,22.0,1037.5,,8,4
2025-01-13 23:00:00,-0.4,84,0.0,,180,14.4,22.0,1036.6,,8,4
2025-01-14 00:00:00,-0.8,86,0.0,,190,14.4,20.4,1036.5,,8,4
2025-01-14 01:00:00,-0.4,87,0.0,,180,14.4,18.0,1036.4,,8,4
2025-01-14 02:00:00,0.4,85,0.0,,190,18.0,22.0,1036.3,,8,4
2025-01-14 03:00:00,0.6,85,0.0,,190,18.0,22.2,1035.9,,8,4
2025-01-14 04:00:00,1.1,85,0.0,,200,18.0,25.0,1035.1,,8,4
2025-01-14 05:00:00,1.0,87,0.0,,200,18.0,25.0,1034.3,,8,4
2025-01-14 06:00:00,1.4,86,0.0,,200,18.0,24.1,1034.2,,8,4
2025-01-14 07:00:00,1.8,87,0.0,,200,21.6,25.0,1033.8,,8,4
2025-01-14 08:00:00,1.6,88,0.0,,200,18.0,29.0,1033.9,,8,4
2025-01-14 09:00:00,2.8,88,0.0,,220,18.0,25.9,1034.5,,8,4
2025-01-14 10:00:00,3.1,89,0.0,,210,21.6,29.0,1034.2,,8,4
2025-01-14 11:00:00,4.1,89,0.0,,220,18.0,29.0,1033.8,,8,4
2025-01-14 12:00:00,5.3,87,0.0,,210,21.6,29.6,1032.8,,8,4
2025-01-14 13:00:00,6.5,88,0.0,,250,28.8,40.0,1032.7,,8,4
2025-01-14 14:00:00,6.1,95,0.0,,240,21.6,40.0,1032.4,,8,4
2025-01-14 15:00:00,6.4,97,0.0,,240,18.0,27.8,1032.1,,8,4
2025-01-14 16:00:00,6.6,98,0.1,,250,18.0,25.0,1032.2,,8,4
2025-01-14 17:00:00,6.7,98,0.3,,250,10.8,22.0,1032.2,,8,8
2025-01-14 18:00:00,6.7,99,0.0,,260,10.8,22.2,1032.6,,8,4
2025-01-14 19:00:00,6.8,99,0.0,,270,10.8,18.0,1032.9,,8,4
2025-01-14 20:00:00,7.0,100,0.1,,270,10.8,18.0,1032.5,,8,4
2025-01-14 21:00:00,7.3,100,0.0,,290,10.8,20.4,1032.3,,8,5
2025-01-14 22:00:00,7.3,100,0.0,,290,10.8,11.0,1032.2,,8,5
2025-01-14 23:00:00,7.6,99,0.0,,300,7.2,14.0,1032.5,,8,4
2025-01-15 00:00:00,7.3,99,0.0,,260,7.2,16.7,1032.6,,8,4
2025-01-15 01:00:00,7.0,99,0.0,,270,7.2,11.0,1032.3,,8,4
2025-01-15 02:00:00,5.3,99,0.0,,270,7.2,11.0,1032.6,,7,5
2025-01-15 03:00:00,6.5,100,0.0,,310,7.2,13.0,1032.4,,8,5
2025-01-15 04:00:00,6.4,100,0.0,,300,7.2,7.0,1032.5,,8,5
2025-01-15 05:00:00,6.6,100,0.0,,310,7.2,14.0,1032.4,,8,5
2025-01-15 06:00:00,6.0,100,0.0,,300,3.6,13.0,1032.8,,8,5
2025-01-15 07:00:00,5.7,100,0.0,,300,7.2,7.0,1032.8,,8,5
2025-01-15 08:00:00,6.0,100,0.0,,260,7.2,11.0,1033.0,,8,5
2025-01-15 09:00:00,6.6,100,0.0,,170,3.6,11.1,1033.7,,8,5
2025-01-15 10:00:00,7.7,100,0.0,,271,7.2,18.0,1034.0,,8,5
2025-01-15 11:00:00,7.8,100,0.0,,290,7.2,14.0,1034.3,,8,5
2025-01-15 12:00:00,8.1,100,0.0,,290,10.8,11.1,1033.9,,8,5
2025-01-15 13:00:00,8.2,98,0.0,,290,10.8,22.0,1033.7,,8,4
2025-01-15 14:00:00,8.1,97,0.0,,290,10.8,22.0,1033.8,,8,4
2025-01-15 15:00:00,7.2,99,0.0,,310,10.8,11.1,1034.0,,8,5
2025-01-15 16:00:00,7.1,99,0.0,,310,7.2,22.0,1033.9,,8,5
2025-01-15 17:00:00,7.0,100,0.0,,270,3.6,22.0,1034.4,,8,5
2025-01-15 18:00:00,7.1,99,0.0,,330,3.6,13.0,1034.6,,8,4
2025-01-15 19:00:00,7.1,97,0.0,,340,3.6,4.0,1035.1,,8,4
2025-01-15 20:00:00,7.4,93,0.0,,0,0.0,11.0,1035.1,,8,4
2025-01-15 21:00:00,6.8,97,0.0,,270,7.2,9.3,1035.3,,8,4
2025-01-15 22:00:00,6.7,98,0.0,,180,7.2,11.0,1035.3,,8,4
2025-01-15 23:00:00,6.5,99,0.0,,300,3.6,7.0,1035.3,,8,4
2025-01-16 00:00:00,6.4,100,0.0,,180,3.6,11.1,1035.0,,8,4
2025-01-16 01:00:00,6.4,99,0.0,,220,3.6,7.0,1035.0,,8,4
2025-01-16 02:00:00,6.4,99,0.0,,180,3.6,7.0,1035.0,,8,4
2025-01-16 03:00:00,6.5,99,0.0,,140,7.2,11.1,1035.0,,8,4
2025-01-16 04:00:00,6.4,99,0.0,,150,7.2,11.0,1035.4,,8,4
2025-01-16 05:00:00,6.3,99,0.0,,170,10.8,11.0,1035.5,,8,5
2025-01-16 06:00:00,6.2,100,0.0,,170,10.8,13.0,1035.7,,8,4
2025-01-16 07:00:00,5.9,100,0.0,,180,10.8,18.0,1036.1,,8,4
2025-01-16 08:00:00,5.8,98,0.0,,170,10.8,14.0,1036.1,,8,4
2025-01-16 09:00:00,5.7,99,0.0,,170,14.4,16.7,1036.6,,8,4
2025-01-16 10:00:00,5.7,98,0.0,,160,10.8,18.0,1036.6,,8,4
2025-01-16 11:00:00,5.3,99,0.0,,160,18.0,22.0,1036.7,,8,4
2025-01-16 12:00:00,4.7,98,0.0,,170,14.4,16.7,1036.3,,8,4
2025-01-16 13:00:00,3.3,99,0.0,,160,14.4,22.0,1036.1,,8,4
2025-01-16 14:00:00,2.4,100,0.0,,160,14.4,22.0,1036.1,,8,5
2025-01-16 15:00:00,2.5,100,0.0,,150,10.8,14.8,1036.2,,8,5
2025-01-16 16:00:00,2.3,100,0.0,,180,10.8,22.0,1036.6,,8,5
2025-01-16 17:00:00,2.1,100,0.0,,140,10.8,18.0,1036.9,,8,5
2025-01-16 18:00:00,2.1,100,0.0,,130,10.8,13.0,1037.4,,8,5
2025-01-16 19:00:00,2.0,99,0.0,,140,10.8,14.0,1037.6,,8,5
2025-01-16 20:00:00,1.8,100,0.0,,160,14.4,18.0,1037.5,,8,5
2025-01-16 21:00:00,1.7,100,0.0,,160,14.4,13.0,1037.7,,8,5
2025-01-16 22:00:00,1.5,100,0.0,,170,14.4,25.0,1037.6,,8,5
2025-01-16 23:00:00,1.6,100,0.0,,180,14.4,22.0,1037.7,,8,5
2025-01-17 00:00:00,1.2,100,0.0,,160,18.0,13.0,1037.5,,8,5
2025-01-17 01:00:00,1.3,99,0.0,,170,18.0,26.0,1037.2,,8,5
2025-01-17 02:00:00,1.4,100,0.0,,180,14.4,22.0,1037.0,,8,5
2025-01-17 03:00:00,1.3,100,0.0,,200,10.8,13.0,1036.9,,8,5
2025-01-17 04:00:00,1.0,100,0.0,,220,10.8,18.0,1036.8,,8,5
2025-01-17 05:00:00,0.8,100,0.0,,200,7.2,14.0,1036.8,,8,5
2025-01-17 06:00:00,0.6,100,0.0,,180,7.2,14.8,1037.2,,8,5
2025-01-17 07:00:00,0.5,100,0.0,,200,7.2,14.0,1037.5,,8,5
2025-01-17 08:00:00,0.1,100,0.0,,170,7.2,14.0,1037.9,,8,5
2025-01-17 09:00:00,-0.1,100,0.0,,240,10.8,14.8,1038.5,,8,21
2025-01-17 10:00:00,0.4,99,0.0,,220,3.6,14.0,1038.8,,8,15
2025-01-17 11:00:00,0.7,99,0.0,,190,10.8,14.0,1038.2,,8,4
2025-01-17 12:00:00,1.1,99,0.0,,210,10.8,14.8,1037.6,,8,4
2025-01-17 13:00:00,1.0,99,0.0,,230,10.8,15.0,1037.1,,8,5
2025-01-17 14:00:00,1.1,99,0.0,,170,7.2,14.0,1036.8,,8,5
2025-01-17 15:00:00,0.9,99,0.0,,200,10.8,13.0,1036.5,,8,4
2025-01-17 16:00:00,0.9,100,0.0,,190,7.2,14.0,1036.6,,8,5
2025-01-17 17:00:00,0.4,100,0.0,,170,7.2,18.0,1036.8,,8,5
2025-01-17 18:00:00,0.4,100,0.0,,170,7.2,9.3,1037.3,,8,5
2025-01-17 19:00:00,0.3,100,0.0,,110,3.6,11.0,1037.1,,8,5
2025-01-17 20:00:00,0.3,100,0.0,,140,7.2,11.0,1036.6,,8,5
2025-01-17 21:00:00,-0.1,100,0.0,,70,3.6,7.4,1036.7,,8,5
2025-01-17 22:00:00,0.0,99,0.0,,140,7.2,11.0,1036.7,,8,5
2025-01-17 23:00:00,-0.4,99,0.0,,120,7.2,11.0,1036.3,,8,5
2025-01-18 00:00:00,-0.7,100,0.0,,110,7.2,9.3,1035.9,,8,5
2025-01-18 01:00:00,-0.9,99,0.0,,140,7.2,11.0,1035.2,,8,5
2025-01-18 02:00:00,-1.3,100,0.0,,140,7.2,14.0,1034.6,,8,5
2025-01-18 03:00:00,-1.3,100,0.0,,190,3.6,11.1,1034.4,,8,5
2025-01-18 04:00:00,-1.3,100,0.0,,70,3.6,11.0,1033.9,,8,5
2025-01-18 05:00:00,-1.4,98,0.0,,70,7.6,15.0,1033.8,,8,5
2025-01-18 06:00:00,-1.2,99,0.0,,60,7.2,11.1,1033.6,,8,21
2025-01-18 07:00:00,-1.5,99,0.0,,100,10.8,14.0,1033.5,,8,21
2025-01-18 08:00:00,-1.9,99,0.0,,100,7.2,11.0,1033.1,,8,5
2025-01-18 09:00:00,-1.8,98,0.0,,120,10.8,16.7,1032.8,,8,5
2025-01-18 10:00:00,-1.7,98,0.0,,80,10.8,14.0,1032.6,,8,5
2025-01-18 11:00:00,-1.5,98,0.0,,110,10.8,14.0,1032.1,,8,5
2025-01-18 12:00:00,-1.0,100,0.0,,80,7.2,14.8,1031.2,,8,4
2025-01-18 13:00:00,-0.6,99,0.0,,110,10.8,14.0,1030.8,,8,4
2025-01-18 14:00:00,-0.7,99,0.0,,130,7.2,18.0,1030.5,,8,4
2025-01-18 15:00:00,-0.9,97,0.0,,120,10.8,16.7,1030.1,,8,4
2025-01-18 16:00:00,-0.9,100,0.0,,90,7.2,18.0,1029.7,,8,4
2025-01-18 17:00:00,-0.8,98,0.0,,120,10.8,14.0,1029.7,,8,4
2025-01-18 18:00:00,-0.8,98,0.0,,130,10.8,14.8,1029.3,,8,4
2025-01-18 19:00:00,-0.7,98,0.0,,160,10.8,18.0,1029.1,,8,4
2025-01-18 20:00:00,-0.7,98,0.0,,170,14.4,22.0,1028.6,,8,4
2025-01-18 21:00:00,-0.6,98,0.0,,150,14.4,13.0,1028.4,,8,4
2025-01-18 22:00:00,-0.3,98,0.0,,160,14.4,18.0,1027.8,,8,4
2025-01-18 23:00:00,-0.1,98,0.0,,160,14.4,18.0,1027.7,,8,4
2025-01-19 00:00:00,0.0,99,0.0,,170,7.2,11.1,1027.1,,8,4
2025-01-19 01:00:00,0.0,96,0.0,,160,7.2,18.0,1026.5,,8,4
2025-01-19 02:00:00,0.0,97,0.0,,140,7.2,11.0,1026.1,,8,4
2025-01-19 03:00:00,-0.1,97,0.0,,150,7.2,11.1,1025.6,,8,4
2025-01-19 04:00:00,-0.4,96,0.0,,120,7.2,11.0,1025.0,,8,4
2025-01-19 05:00:00,-0.5,98,0.0,,130,7.2,11.0,1024.6,,8,4
2025-01-19 06:00:00,-0.7,99,0.0,,140,7.2,13.0,1024.3,,8,4
2025-01-19 07:00:00,-0.8,98,0.0,,130,7.2,14.0,1024.1,,8,4
2025-01-19 08:00:00,-0.7,98,0.0,,190,7.2,14.0,1024.1,,8,4
2025-01-19 09:00:00,-0.6,98,0.0,,150,7.2,13.0,1024.1,,8,4
2025-01-19 10:00:00,-0.5,99,0.0,,170,7.2,14.0,1024.0,,8,4
2025-01-19 11:00:00,-0.7,98,0.0,,170,7.2,14.0,1023.6,,8,4
2025-01-19 12:00:00,-0.6,98,0.0,,190,3.6,14.8,1022.9,,8,4
2025-01-19 13:00:00,-0.6,97,0.0,,220,7.2,11.0,1022.4,,8,4
2025-01-19 14:00:00,-0.6,96,0.0,,180,7.2,11.0,1022.3,,8,4
2025-01-19 15:00:00,-0.7,94,0.0,,130,3.6,11.1,1021.9,,8,4
2025-01-19 16:00:00,-0.9,94,0.0,,60,3.6,7.0,1021.6,,8,4
2025-01-19 17:00:00,-0.9,95,0.0,,120,3.6,11.0,1021.5,,8,4
2025-01-19 18:00:00,-1.0,96,0.0,,320,7.2,9.3,1021.6,,8,4
2025-01-19 19:00:00,-1.1,94,0.0,,0,0.0,11.0,1021.8,,8,4
2025-01-19 20:00:00,-1.0,93,0.0,,260,7.2,11.0,1022.0,,8,4
2025-01-19 21:00:00,-1.0,94,0.0,,110,3.6,9.3,1021.9,,8,4
2025-01-19 22:00:00,-0.8,94,0.0,,130,3.6,7.0,1021.5,,8,4
2025-01-19 23:00:00,-0.7,94,0.0,,110,7.2,11.0,1021.1,,8,4
2025-01-20 00:00:00,-0.8,96,0.0,,160,14.4,7.4,1020.9,,8,4
2025-01-20 01:00:00,-0.8,97,0.0,,160,10.8,14.0,1020.3,,8,4
2025-01-20 02:00:00,-0.7,98,0.0,,170,10.8,14.0,1020.6,,8,4
2025-01-20 03:00:00,-0.6,99,0.0,,150,7.2,11.1,1020.2,,8,5
2025-01-20 04:00:00,-0.5,99,0.0,,170,10.8,14.0,1019.9,,8,5
2025-01-20 05:00:00,-0.6,98,0.0,,180,10.8,14.0,1019.7,,8,4
2025-01-20 06:00:00,-0.2,97,0.0,,180,7.2,13.0,1019.6,,8,4
2025-01-20 07:00:00,-0.1,97,0.0,,160,14.4,18.0,1019.5,,8,4
2025-01-20 08:00:00,0.1,96,0.0,,170,10.8,22.0,1019.4,,8,4
2025-01-20 09:00:00,0.4,94,0.0,,200,10.8,16.7,1019.8,,8,4
2025-01-20 10:00:00,1.1,92,0.0,,210,14.4,18.0,1020.0,,8,4
2025-01-20 11:00:00,1.2,93,0.0,,200,14.4,22.0,1019.7,,8,4
2025-01-20 12:00:00,1.2,92,0.0,,180,14.4,20.4,1019.5,,8,4
2025-01-20 13:00:00,0.9,94,0.0,,180,18.0,22.0,1019.1,,8,4
2025-01-20 14:00:00,0.8,95,0.0,,180,14.4,22.0,1018.7,,8,4
2025-01-20 15:00:00,0.8,97,0.0,,180,14.4,22.2,1018.5,,8,4
2025-01-20 16:00:00,0.8,96,0.0,,180,18.0,22.0,1018.5,,8,4
2025-01-20 17:00:00,0.8,96,0.0,,170,10.8,25.0,1018.4,,8,4
2025-01-20 18:00:00,0.7,96,0.0,,180,14.4,20.4,1018.3,,8,4
2025-01-20 19:00:00,0.6,96,0.0,,170,14.4,18.0,1018.5,,8,7
2025-01-20 20:00:00,0.6,94,0.0,,170,18.0,25.0,1018.5,,8,5
2025-01-20 21:00:00,0.6,94,0.0,,180,14.4,22.2,1018.5,,8,4
2025-01-20 22:00:00,0.6,93,0.0,,160,14.4,22.0,1018.4,,8,7
2025-01-20 23:00:00,0.7,94,0.0,,180,7.2,22.0,1018.2,,8,4
2025-01-21 00:00:00,0.8,94,0.0,,170,10.8,20.4,1017.9,,8,4
2025-01-21 01:00:00,0.7,94,0.0,,170,14.4,18.0,1017.5,,8,4
2025-01-21 02:00:00,0.5,94,0.0,,170,18.0,22.0,1017.2,,8,4
2025-01-21 03:00:00,0.5,95,0.0,,170,18.0,20.4,1017.1,,8,4
2025-01-21 04:00:00,0.3,96,0.0,,170,21.6,29.0,1016.4,,8,4
2025-01-21 05:00:00,0.2,96,0.0,,180,14.4,25.0,1016.6,,8,4
2025-01-21 06:00:00,0.2,96,0.0,,170,14.4,20.4,1016.7,,8,4
2025-01-21 07:00:00,0.1,96,0.0,,180,18.0,25.0,1016.8,,8,4
2025-01-21 08:00:00,0.1,98,0.0,,190,14.4,22.0,1017.0,,8,4
2025-01-21 09:00:00,0.1,99,0.0,,200,14.4,20.4,1017.1,,8,5
2025-01-21 10:00:00,0.3,100,0.0,,210,14.4,25.0,1017.3,,8,21
2025-01-21 11:00:00,0.3,99,0.0,,200,18.0,22.0,1017.3,,8,5
2025-01-21 12:00:00,0.6,100,0.0,,190,14.4,20.4,1016.5,,8,5
2025-01-21 13:00:00,0.8,100,0.0,,180,14.4,22.0,1015.8,,8,5
2025-01-21 14:00:00,0.4,100,0.0,,180,14.4,18.0,1015.5,,8,5
2025-01-21 15:00:00,0.1,100,0.0,,170,10.8,20.4,1015.5,,8,5
2025-01-21 16:00:00,-0.3,100,0.0,,170,14.4,18.0,1015.1,,8,5
2025-01-21 17:00:00,-0.4,99,0.0,,150,14.4,18.0,1014.8,,8,21
2025-01-21 18:00:00,-0.2,100,0.0,,150,10.8,18.5,1014.3,,8,21
2025-01-21 19:00:00,-0.2,100,0.0,,140,10.8,22.0,1014.4,,8,15
2025-01-21 20:00:00,-0.3,100,0.0,,130,14.4,22.0,1013.9,,8,5
2025-01-21 21:00:00,-0.3,100,0.0,,140,18.0,14.8,1013.2,,8,5
2025-01-21 22:00:00,-0.4,100,0.0,,130,10.8,22.0,1012.6,,8,5
2025-01-21 23:00:00,-0.5,100,0.0,,110,7.2,14.0,1011.8,,8,21
2025-01-22 00:00:00,-0.7,100,0.0,,110,10.8,14.8,1011.2,,8,5
2025-01-22 01:00:00,-1.0,99,0.0,,120,7.2,11.0,1010.6,,8,5
2025-01-22 02:00:00,-0.9,98,0.0,,110,10.8,14.0,1009.7,,8,4
2025-01-22 03:00:00,-0.7,97,0.0,,110,10.8,13.0,1008.7,,8,4
2025-01-22 04:00:00,-0.5,97,0.0,,100,10.8,14.0,1007.7,,8,4
2025-01-22 05:00:00,-0.2,97,0.0,,150,3.6,18.0,1007.7,,8,4
2025-01-22 06:00:00,0.0,96,0.0,,120,7.2,16.7,1006.8,,8,4
2025-01-22 07:00:00,-0.4,96,0.0,,110,3.6,11.0,1006.2,,8,4
2025-01-22 08:00:00,0.1,95,0.0,,140,14.4,18.0,1005.6,,8,4
2025-01-22 09:00:00,1.0,92,0.0,,160,14.4,18.5,1005.5,,8,4
2025-01-22 10:00:00,2.0,91,0.0,,160,7.2,14.0,1005.1,,8,4
2025-01-22 11:00:00,3.1,90,0.0,,160,10.8,18.0,1004.6,,8,4
2025-01-22 12:00:00,3.1,90,0.2,,160,14.4,20.4,1003.3,,8,17
2025-01-22 13:00:00,3.3,94,0.5,,160,10.8,18.0,1002.6,,8,8
2025-01-22 14:00:00,3.3,95,0.6,,170,10.8,18.0,1002.0,,8,8
2025-01-22 15:00:00,3.2,98,0.2,,160,10.8,20.4,1001.6,,8,8
2025-01-22 16:00:00,3.4,99,0.0,,180,10.8,14.0,1001.2,,8,4
2025-01-22 17:00:00,3.5,99,0.1,,180,7.2,11.0,1000.9,,8,4
2025-01-22 18:00:00,4.0,100,0.1,,170,7.6,18.5,1000.7,,8,4
2025-01-22 19:00:00,3.8,100,0.1,,206,7.0,11.0,1000.4,,8,8
2025-01-22 20:00:00,4.0,99,0.3,,230,10.8,14.0,1000.1,,8,8
2025-01-22 21:00:00,4.2,98,1.0,,220,10.8,16.7,999.8,,8,8
2025-01-22 22:00:00,4.1,99,0.5,,220,7.2,14.0,999.4,,8,8
2025-01-22 23:00:00,4.2,99,0.5,,240,7.2,11.0,999.0,,8,8
2025-01-23 00:00:00,4.9,96,0.2,,290,10.8,16.7,999.0,,8,7
2025-01-23 01:00:00,4.9,93,0.0,,300,10.8,18.0,999.0,,8,7
2025-01-23 02:00:00,4.7,91,0.0,,290,10.8,14.0,999.2,,8,4
2025-01-23 03:00:00,4.7,92,0.0,,283,14.0,18.5,999.4,,8,4
2025-01-23 04:00:00,4.4,89,0.0,,280,14.4,25.0,1000.2,,8,7
2025-01-23 05:00:00,3.9,92,0.0,,260,14.4,22.0,1000.9,,0,7
2025-01-23 06:00:00,5.0,87,0.0,,260,16.6,27.8,1001.6,,6,3
2025-01-23 07:00:00,5.4,91,0.0,,270,21.6,29.0,1002.8,,6,8
2025-01-23 08:00:00,4.3,88,0.0,,270,25.2,40.0,1004.0,,2,7
2025-01-23 09:00:00,5.0,87,0.0,,250,20.5,33.3,1004.1,,1,1
2025-01-23 10:00:00,5.8,90,0.0,,230,18.0,29.0,1004.7,,8,4
2025-01-23 11:00:00,6.8,86,0.0,,230,25.2,36.0,1005.0,,8,4
2025-01-23 12:00:00,6.6,84,0.0,,210,25.2,42.6,1005.0,,8,4
2025-01-23 13:00:00,6.2,83,0.0,,210,28.8,40.0,1004.8,,8,7
2025-01-23 14:00:00,6.2,82,0.0,,200,28.8,43.0,1004.4,,8,7
2025-01-23 15:00:00,5.9,83,0.0,,190,29.5,44.5,1003.9,,8,7
2025-01-23 16:00:00,5.7,88,0.3,,190,28.8,40.0,1003.2,,8,8
2025-01-23 17:00:00,5.4,86,0.0,,180,25.2,36.0,1002.3,,8,7
2025-01-23 18:00:00,5.4,88,0.4,,190,32.4,44.5,1002.1,,8,8
2025-01-23 19:00:00,5.4,91,0.6,,190,32.4,50.0,1001.4,,8,8
2025-01-23 20:00:00,5.8,93,1.0,,210,25.2,47.0,1001.4,,8,8
2025-01-23 21:00:00,6.4,90,0.7,,210,29.0,46.3,1001.5,,8,8
2025-01-23 22:00:00,6.9,89,0.0,,230,21.6,36.0,1002.0,,8,7
2025-01-23 23:00:00,7.0,85,0.0,,230,25.2,40.0,1002.8,,8,4
2025-01-24 00:00:00,6.8,82,0.0,,240,28.8,38.9,1003.5,,8,4
2025-01-24 01:00:00,6.3,85,0.0,,220,21.6,36.0,1003.8,,8,4
2025-01-24 02:00:00,5.1,89,0.0,,210,21.6,29.0,1004.0,,8,4
2025-01-24 03:00:00,4.9,91,0.0,,180,21.6,33.3,1003.3,,6,3
2025-01-24 04:00:00,5.4,92,0.0,,180,25.2,36.0,1002.6,,8,4
2025-01-24 05:00:00,5.7,91,0.0,,170,28.8,40.0,1001.5,,8,4
2025-01-24 06:00:00,6.8,91,0.0,,180,28.8,44.5,1000.1,,8,7
2025-01-24 07:00:00,7.2,91,0.2,,170,32.4,47.0,999.2,,8,8
2025-01-24 08:00:00,7.5,91,0.4,,170,36.0,50.0,997.9,,8,8
2025-01-24 09:00:00,7.6,88,0.7,,190,36.0,55.5,997.4,,8,8
2025-01-24 10:00:00,7.1,93,2.0,,190,39.6,58.0,997.5,,8,8
2025-01-24 11:00:00,7.5,92,0.8,,190,39.6,61.0,997.0,,8,8
2025-01-24 12:00:00,7.9,93,0.2,,200,39.6,59.3,996.9,,8,8
2025-01-24 13:00:00,8.4,93,0.1,,210,43.2,61.0,996.7,,8,8
2025-01-24 14:00:00,9.2,90,0.0,,210,39.6,61.0,996.9,,8,4
2025-01-24 15:00:00,9.2,89,0.0,,210,36.0,50.0,997.5,,8,4
2025-01-24 16:00:00,9.1,89,0.0,,210,32.4,47.0,998.3,,8,4
2025-01-24 17:00:00,8.7,88,0.0,,210,28.8,43.0,999.4,,8,4
2025-01-24 18:00:00,8.5,85,0.0,,220,21.6,37.0,1000.5,,8,4
2025-01-24 19:00:00,8.4,83,0.0,,220,21.6,29.0,1001.2,,8,4
2025-01-24 20:00:00,8.3,87,0.0,,210,21.6,32.0,1001.4,,8,4
2025-01-24 21:00:00,8.1,87,0.0,,210,18.0,27.8,1001.5,,8,4
2025-01-24 22:00:00,7.5,88,0.0,,200,18.0,25.0,1001.6,,8,4
2025-01-24 23:00:00,7.3,90,0.0,,180,10.8,25.0,1001.7,,8,4
2025-01-25 00:00:00,6.9,91,0.0,,170,10.8,22.2,1001.2,,8,4
2025-01-25 01:00:00,6.3,94,0.0,,170,11.2,18.0,1000.8,,8,4
2025-01-25 02:00:00,6.3,93,0.0,,180,10.8,18.0,1000.6,,8,4
2025-01-25 03:00:00,6.4,90,0.0,,180,10.8,16.7,1000.4,,8,4
2025-01-25 04:00:00,6.1,91,0.1,,170,18.0,25.0,999.9,,8,8
2025-01-25 05:00:00,5.8,95,0.5,,180,14.4,22.0,999.8,,8,8
2025-01-25 06:00:00,5.5,97,0.3,,170,7.2,16.7,999.9,,8,8
2025-01-25 07:00:00,5.7,97,0.2,,180,10.8,18.0,1000.1,,8,8
2025-01-25 08:00:00,5.5,98,0.0,,170,10.8,18.0,1000.8,,8,7
2025-01-25 09:00:00,6.0,95,0.0,,200,14.4,20.4,1001.9,,8,8
2025-01-25 10:00:00,6.7,92,0.1,,190,14.4,25.0,1002.9,,8,8
2025-01-25 11:00:00,7.1,91,0.0,,230,21.6,32.0,1003.9,,8,7
2025-01-25 12:00:00,6.5,90,0.0,,290,18.0,25.9,1005.2,,8,4
2025-01-25 13:00:00,7.4,82,0.0,,260,14.4,18.0,1005.2,,4,3
2025-01-25 14:00:00,6.4,77,0.0,,280,18.0,25.0,1005.9,,7,4
2025-01-25 15:00:00,5.4,79,0.0,,280,14.4,20.4,1007.1,,8,4
2025-01-25 16:00:00,4.6,79,0.0,,270,7.2,14.0,1007.0,,8,4
2025-01-25 17:00:00,3.3,86,0.0,,290,3.6,11.0,1007.7,,8,4
2025-01-25 18:00:00,3.0,86,0.0,,0,0.0,13.0,1007.7,,8,4
2025-01-25 19:00:00,2.8,91,0.0,,130,3.6,4.0,1008.1,,8,4
2025-01-25 20:00:00,3.0,91,0.0,,120,3.6,4.0,1008.3,,8,4
2025-01-25 21:00:00,2.7,92,0.0,,120,3.6,9.3,1007.3,,8,4
2025-01-25 22:00:00,2.2,96,0.0,,120,3.6,7.0,1007.7,,8,4
2025-01-25 23:00:00,2.0,94,0.0,,350,3.6,7.0,1007.7,,8,4
2025-01-26 00:00:00,2.1,99,0.0,,0,0.0,9.3,1007.3,,8,4
2025-01-26 01:00:00,1.7,96,0.0,,200,3.6,8.0,1007.4,,8,4
2025-01-26 02:00:00,1.7,96,0.0,,340,3.6,7.0,1007.2,,8,4
2025-01-26 03:00:00,2.2,94,0.0,,200,3.6,5.5,1007.4,,8,4
2025-01-26 04:00:00,2.4,94,0.0,,170,7.2,7.0,1007.4,,8,4
2025-01-26 05:00:00,2.4,94,0.0,,180,7.2,11.0,1007.8,,8,4
2025-01-26 06:00:00,2.6,92,0.0,,200,7.2,13.0,1007.6,,8,4
2025-01-26 07:00:00,3.2,89,0.0,,180,14.4,22.0,1007.4,,8,4
2025-01-26 08:00:00,2.6,89,0.0,,190,18.0,22.0,1007.5,,8,4
2025-01-26 09:00:00,3.1,87,0.0,,190,18.0,20.4,1007.3,,0,1
2025-01-26 10:00:00,3.9,82,0.0,,190,21.6,32.0,1007.7,,0,1
2025-01-26 11:00:00,4.8,79,0.0,,180,21.6,32.0,1006.6,,0,1
2025-01-26 12:00:00,5.2,76,0.0,,160,25.2,31.5,1005.3,,7,4
2025-01-26 13:00:00,5.4,74,0.0,,160,21.6,36.0,1004.7,,8,4
2025-01-26 14:00:00,3.7,83,0.0,,160,32.4,43.0,1004.7,,8,4
2025-01-26 15:00:00,3.3,84,0.0,,160,28.8,38.9,1003.3,,8,4
2025-01-26 16:00:00,3.5,85,0.0,,150,25.2,40.0,1001.4,,8,4
2025-01-26 17:00:00,3.5,84,0.0,,140,28.8,43.0,999.4,,8,4
2025-01-26 18:00:00,3.8,83,0.1,,130,32.4,48.2,996.6,,8,8
2025-01-26 19:00:00,4.0,83,0.4,,140,32.4,50.0,995.2,,8,17
2025-01-26 20:00:00,4.0,89,2.0,,150,36.0,54.0,994.0,,8,8
2025-01-26 21:00:00,4.4,92,0.9,,160,39.6,50.0,992.9,,8,8
2025-01-26 22:00:00,5.4,91,0.0,,170,28.8,43.0,991.9,,8,4
2025-01-26 23:00:00,6.1,90,0.0,,170,25.2,40.0,991.6,,8,4
2025-01-27 00:00:00,6.7,88,0.0,,160,25.2,46.3,990.0,,8,4
2025-01-27 01:00:00,7.0,87,0.0,,150,28.8,42.0,988.3,,8,4
2025-01-27 02:00:00,7.7,89,0.6,,150,32.4,47.0,986.2,,8,17
2025-01-27 03:00:00,7.5,94,3.0,,130,32.4,50.0,983.3,,8,8
2025-01-27 04:00:00,8.0,95,1.0,,160,36.0,50.0,982.5,,8,8
2025-01-27 05:00:00,9.5,92,1.0,,200,39.6,65.0,982.9,,8,8
2025-01-27 06:00:00,9.8,79,0.0,,220,43.2,50.0,984.1,,6,7
2025-01-27 07:00:00,9.1,79,0.0,,220,36.0,61.0,985.0,,6,3
2025-01-27 08:00:00,8.9,80,0.0,,210,32.4,58.0,986.3,,8,4
2025-01-27 09:00:00,9.0,78,0.0,,210,36.0,48.2,987.2,,1,1
2025-01-27 10:00:00,9.9,74,0.0,,210,36.0,58.0,987.7,,5,3
2025-01-27 11:00:00,9.7,77,0.0,,210,32.4,50.0,988.2,,8,4
2025-01-27 12:00:00,10.3,74,0.1,,210,32.4,51.8,988.4,,7,4
2025-01-27 13:00:00,10.5,71,0.0,,210,43.2,58.0,988.2,,8,4
2025-01-27 14:00:00,10.4,71,0.0,,200,39.6,54.0,987.7,,2,2
2025-01-27 15:00:00,9.8,70,0.0,,210,32.4,48.2,987.9,,0,1
2025-01-27 16:00:00,8.6,71,0.0,,200,28.8,47.0,988.4,,5,3
2025-01-27 17:00:00,8.3,73,0.0,,190,25.2,40.0,988.5,,4,3
2025-01-27 18:00:00,7.9,75,0.0,,180,25.2,40.8,989.2,,4,3
2025-01-27 19:00:00,7.6,76,0.0,,180,25.2,32.0,989.3,,8,4
2025-01-27 20:00:00,7.4,76,0.0,,170,25.2,36.0,989.3,,7,4
2025-01-27 21:00:00,6.9,80,0.0,,180,21.6,40.8,989.6,,0,1
2025-01-27 22:00:00,6.9,81,0.0,,180,21.6,29.0,989.8,,0,1
2025-01-27 23:00:00,6.7,82,0.0,,180,25.2,32.0,990.0,,1,1
2025-01-28 00:00:00,6.9,80,0.0,,180,25.2,35.2,990.0,,1,1
2025-01-28 01:00:00,6.4,82,0.0,,170,28.8,40.0,989.4,,0,1
2025-01-28 02:00:00,6.0,83,0.0,,160,25.2,40.0,989.3,,0,1
2025-01-28 03:00:00,5.9,83,0.0,,170,21.6,38.9,988.5,,0,1
2025-01-28 04:00:00,5.4,85,0.0,,160,21.6,32.0,988.1,,2,2
2025-01-28 05:00:00,6.5,82,0.0,,160,28.8,43.0,988.5,,8,4
2025-01-28 06:00:00,6.6,82,0.0,,170,32.4,44.5,988.7,,8,4
2025-01-28 07:00:00,6.7,85,0.0,,180,25.2,43.0,988.9,,8,8
2025-01-28 08:00:00,6.6,86,0.1,,170,25.2,36.0,989.1,,8,7
2025-01-28 09:00:00,7.4,81,0.0,,170,28.8,44.5,989.1,,8,7
2025-01-28 10:00:00,8.2,79,0.0,,180,32.4,50.0,989.1,,8,4
2025-01-28 11:00:00,8.3,81,0.0,,170,25.2,47.0,989.1,,8,8
2025-01-28 12:00:00,8.6,78,0.0,,190,36.0,44.5,988.6,,8,4
2025-01-28 13:00:00,8.8,78,0.0,,190,28.8,50.0,988.5,,8,4
2025-01-28 14:00:00,8.8,79,0.0,,180,25.2,43.0,988.3,,8,4
2025-01-28 15:00:00,8.8,79,0.0,,170,28.8,40.8,988.4,,8,4
2025-01-28 16:00:00,7.7,91,0.1,,150,25.2,40.0,988.3,,8,8
2025-01-28 17:00:00,7.8,92,0.2,,160,28.8,40.0,988.4,,8,8
2025-01-28 18:00:00,7.9,93,0.6,,170,28.8,44.5,988.5,,8,8
2025-01-28 19:00:00,7.9,93,0.0,,180,28.8,43.0,988.5,,8,7
2025-01-28 20:00:00,7.8,95,0.2,,170,28.8,40.0,988.6,,8,7
2025-01-28 21:00:00,8.1,92,0.0,,180,25.2,40.8,988.7,,8,7
2025-01-28 22:00:00,7.6,96,1.0,,180,25.2,40.0,988.9,,8,7
2025-01-28 23:00:00,7.8,95,0.7,,190,25.2,36.0,989.2,,8,7
2025-01-29 00:00:00,7.4,90,2.0,,230,25.2,37.0,989.7,,8,7
2025-01-29 01:00:00,7.6,95,0.7,,260,32.4,47.0,990.6,,8,7
2025-01-29 02:00:00,7.3,97,0.2,,270,36.0,50.0,992.1,,8,7
2025-01-29 03:00:00,7.1,92,0.1,,270,39.6,51.8,993.4,,8,7
2025-01-29 04:00:00,6.7,91,0.2,,270,39.6,58.0,995.0,,8,7
2025-01-29 05:00:00,7.0,86,0.0,,260,28.8,54.0,996.2,,8,7
2025-01-29 06:00:00,7.1,85,0.0,,260,28.8,48.2,997.4,,8,4
2025-01-29 07:00:00,7.0,84,0.0,,250,28.8,43.0,998.5,,8,4
2025-01-29 08:00:00,7.3,84,0.0,,250,25.2,40.0,999.7,,8,4
2025-01-29 09:00:00,7.6,84,0.0,,250,28.8,44.5,1000.5,,8,4
2025-01-29 10:00:00,7.7,85,0.0,,250,25.2,43.0,1001.3,,8,4
2025-01-29 11:00:00,8.0,83,0.0,,250,28.8,43.0,1002.1,,8,4
2025-01-29 12:00:00,7.8,87,0.0,,240,28.8,46.3,1002.8,,8,7
2025-01-29 13:00:00,8.1,83,0.0,,240,28.8,42.0,1003.2,,8,8
2025-01-29 14:00:00,8.5,80,0.0,,240,28.8,43.0,1003.5,,8,4
2025-01-29 15:00:00,8.0,82,0.0,,240,21.6,38.9,1004.0,,8,4
2025-01-29 16:00:00,7.8,80,0.0,,240,21.6,32.0,1004.5,,8,4
2025-01-29 17:00:00,7.2,84,0.0,,240,14.4,29.0,1005.4,,8,4
2025-01-29 18:00:00,5.9,90,0.0,,230,14.4,24.1,1005.9,,8,4
2025-01-29 19:00:00,6.4,90,0.0,,240,14.4,22.0,1006.3,,8,4
2025-01-29 20:00:00,6.7,92,0.0,,250,14.4,22.0,1007.0,,8,4
2025-01-29 21:00:00,6.6,93,0.0,,230,10.8,16.7,1007.4,,8,4
2025-01-29 22:00:00,5.6,97,0.0,,0,0.0,11.0,1007.8,,8,4
2025-01-29 23:00:00,5.5,97,0.0,,0,0.0,4.0,1008.3,,8,4
2025-01-30 00:00:00,5.3,99,0.0,,0,0.0,9.3,1008.9,,8,4
2025-01-30 01:00:00,5.0,99,0.0,,0,0.0,4.0,1009.2,,8,4
2025-01-30 02:00:00,4.7,100,0.0,,0,0.0,4.0,1009.8,,8,4
2025-01-30 03:00:00,4.5,100,0.0,,330,7.2,7.4,1010.2,,8,4
2025-01-30 04:00:00,4.4,97,0.0,,350,7.2,11.0,1011.0,,8,4
2025-01-30 05:00:00,5.2,98,0.0,,10,3.6,14.0,1011.7,,8,7
2025-01-30 06:00:00,4.4,99,0.0,,300,7.2,13.0,1012.1,,8,4
2025-01-30 07:00:00,4.7,98,0.0,,340,7.2,7.0,1012.6,,8,4
2025-01-30 08:00:00,5.6,93,0.0,,340,7.2,11.0,1013.8,,8,4
2025-01-30 09:00:00,6.2,90,0.0,,350,7.2,16.7,1014.9,,8,4
2025-01-30 10:00:00,6.6,86,0.0,,350,10.8,18.0,1015.2,,8,4
2025-01-30 11:00:00,7.1,82,0.0,,340,14.4,25.0,1015.9,,8,4
2025-01-30 12:00:00,7.1,77,0.0,,330,14.4,22.2,1016.5,,8,4
2025-01-30 13:00:00,7.1,76,0.0,,340,18.0,32.0,1017.0,,8,4
2025-01-30 14:00:00,7.1,72,0.0,,330,21.6,29.0,1017.5,,8,4
2025-01-30 15:00:00,7.1,72,0.0,,330,14.4,25.9,1018.2,,6,3
2025-01-30 16:00:00,6.3,77,0.0,,320,18.0,29.0,1019.1,,2,2
2025-01-30 17:00:00,4.4,84,0.0,,300,14.4,25.0,1020.0,,1,1
2025-01-30 18:00:00,2.4,87,0.0,,280,10.8,18.5,1020.8,,0,1
2025-01-30 19:00:00,3.3,85,0.0,,280,14.4,32.0,1021.5,,3,3
2025-01-30 20:00:00,3.9,84,0.0,,280,18.0,29.0,1021.9,,7,3
2025-01-30 21:00:00,3.5,84,0.0,,280,18.0,18.5,1022.4,,7,3
2025-01-30 22:00:00,3.7,88,0.0,,280,14.4,22.0,1022.7,,5,4
2025-01-30 23:00:00,3.8,86,0.0,,260,14.4,18.0,1023.0,,8,4
2025-01-31 00:00:00,1.8,92,0.0,,250,10.8,18.5,1023.5,,6,4
2025-01-31 01:00:00,2.6,90,0.0,,250,10.8,14.0,1023.6,,4,4
2025-01-31 02:00:00,0.8,88,0.0,,240,10.8,14.0,1023.9,,0,2
2025-01-31 03:00:00,-0.2,93,0.0,,210,10.8,14.8,1024.1,,1,3
2025-01-31 04:00:00,0.0,92,0.0,,220,10.8,14.0,1024.2,,8,1
2025-01-31 05:00:00,-0.7,94,0.0,,200,14.4,14.0,1024.4,,8,1
2025-01-31 06:00:00,0.8,93,0.0,,200,14.4,16.7,1024.7,,8,4
2025-01-31 07:00:00,0.3,95,0.0,,180,10.8,18.0,1025.3,,8,4
2025-01-31 08:00:00,0.7,95,0.0,,170,10.8,11.0,1025.8,,8,4
2025-01-31 09:00:00,1.6,94,0.0,,160,10.8,18.5,1026.4,,8,4
2025-01-31 10:00:00,3.4,91,0.0,,170,10.8,18.0,1026.8,,8,4
2025-01-31 11:00:00,3.8,90,0.0,,170,14.4,18.0,1027.0,,8,4
2025-01-31 12:00:00,5.1,88,0.0,,170,10.8,18.5,1027.1,,8,4
2025-01-31 13:00:00,6.5,82,0.0,,190,14.4,18.0,1027.3,,8,4
2025-01-31 14:00:00,6.4,82,0.0,,190,10.8,18.0,1027.5,,2,2
2025-01-31 15:00:00,4.9,88,0.0,,180,10.8,18.5,1027.8,,7,4
2025-01-31 16:00:00,3.3,90,0.0,,160,7.2,11.0,1028.0,,1,1
2025-01-31 17:00:00,2.3,93,0.0,,140,10.8,11.0,1028.5,,0,1
2025-01-31 18:00:00,2.0,98,0.0,,150,7.2,13.0,1029.7,,0,1
2025-01-31 19:00:00,1.9,99,0.0,,110,3.6,7.0,1030.4,,0,1
2025-01-31 20:00:00,1.1,98,0.0,,130,3.6,7.0,1030.9,,0,1
2025-01-31 21:00:00,1.1,100,0.0,,133,4.0,11.1,1031.1,,1,1
2025-01-31 22:00:00,-0.8,100,0.0,,130,3.6,7.0,1031.5,,0,1
2025-01-31 23:00:00,0.2,100,0.0,,120,3.6,7.0,1031.7,,0,1
2025-02-01 00:00:00,-1.1,100,0.0,,150,3.6,9.3,1032.0,,1,5
2025-02-01 01:00:00,-0.7,100,0.0,,150,3.6,11.0,1032.1,,0,5
2025-02-01 02:00:00,-1.3,100,0.0,,150,7.2,11.0,1031.9,,0,1
2025-02-01 03:00:00,-2.1,100,0.0,,150,7.2,11.1,1031.8,,1,1
2025-02-01 04:00:00,-1.2,98,0.0,,140,3.6,7.0,1032.1,,0,5
2025-02-01 05:00:00,-1.9,99,0.0,,160,3.6,7.0,1032.6,,8,5
2025-02-01 06:00:00,-2.0,98,0.0,,70,3.6,9.3,1032.7,,8,5
2025-02-01 07:00:00,-2.1,98,0.0,,80,3.6,7.0,1032.9,,1,21
2025-02-01 08:00:00,-2.8,98,0.0,,160,3.6,4.0,1032.8,,0,5
2025-02-01 09:00:00,-0.6,99,0.0,,110,3.6,11.1,1033.1,,0,5
2025-02-01 10:00:00,1.9,94,0.0,,150,7.2,14.0,1033.0,,0,1
2025-02-01 11:00:00,4.0,87,0.0,,160,10.8,14.0,1032.7,,0,1
2025-02-01 12:00:00,5.7,79,0.0,,160,10.8,14.8,1032.3,,0,1
2025-02-01 13:00:00,6.5,70,0.0,,160,10.8,18.0,1031.5,,0,1
2025-02-01 14:00:00,6.4,65,0.0,,140,10.8,18.0,1031.4,,1,1
2025-02-01 15:00:00,6.1,64,0.0,,160,10.8,14.8,1031.1,,0,1
2025-02-01 16:00:00,4.4,68,0.0,,140,7.2,14.0,1031.0,,1,1
2025-02-01 17:00:00,2.3,75,0.0,,140,7.2,11.0,1030.8,,0,1
2025-02-01 18:00:00,1.6,76,0.0,,130,7.2,11.1,1030.5,,0,1
2025-02-01 19:00:00,0.8,84,0.0,,100,7.2,7.0,1030.3,,0,1
2025-02-01 20:00:00,0.1,83,0.0,,110,7.2,11.0,1030.0,,0,1
2025-02-01 21:00:00,-0.7,84,0.0,,110,10.8,13.0,1029.9,,0,1
2025-02-01 22:00:00,-0.6,84,0.0,,110,10.8,14.0,1029.3,,0,1
2025-02-01 23:00:00,0.3,84,0.0,,120,10.8,18.0,1028.4,,1,1
2025-02-02 00:00:00,-0.6,87,0.0,,110,10.8,13.0,1027.9,,0,1
2025-02-02 01:00:00,0.4,86,0.0,,130,14.4,22.0,1027.1,,1,1
2025-02-02 02:00:00,-1.7,92,0.0,,110,3.6,18.0,1026.8,,0,1
2025-02-02 03:00:00,-2.2,92,0.0,,100,7.2,11.1,1026.6,,1,1
2025-02-02 04:00:00,-3.0,91,0.0,,110,7.2,11.0,1026.1,,0,1
2025-02-02 05:00:00,-3.4,91,0.0,,110,10.8,14.0,1025.7,,0,1
2025-02-02 06:00:00,-2.1,92,0.0,,130,10.8,14.8,1025.3,,0,1
2025-02-02 07:00:00,-3.1,91,0.0,,110,10.8,18.0,1025.3,,0,1
2025-02-02 08:00:00,-1.5,89,0.0,,130,10.8,14.0,1025.2,,0,1
2025-02-02 09:00:00,-0.2,87,0.0,,140,10.8,16.7,1024.9,,1,1
2025-02-02 10:00:00,0.9,83,0.0,,150,10.8,18.0,1024.9,,0,1
2025-02-02 11:00:00,2.3,79,0.0,,150,7.2,14.0,1024.9,,0,1
2025-02-02 12:00:00,3.2,76,0.0,,160,7.2,14.8,1024.8,,6,3
2025-02-02 13:00:00,4.2,72,0.0,,140,7.2,14.0,1024.7,,8,4
2025-02-02 14:00:00,4.4,68,0.0,,150,7.2,14.0,1024.4,,8,4
2025-02-02 15:00:00,4.3,70,0.0,,160,7.2,13.0,1024.6,,8,4
2025-02-02 16:00:00,2.7,76,0.0,,160,7.2,11.0,1024.7,,8,4
2025-02-02 17:00:00,1.7,80,0.0,,140,7.2,11.0,1024.7,,8,4
2025-02-02 18:00:00,0.6,83,0.0,,140,7.2,11.1,1025.2,,8,4
2025-02-02 19:00:00,-0.5,86,0.0,,150,7.2,7.0,1025.6,,8,4
2025-02-02 20:00:00,-1.3,89,0.0,,150,3.6,7.0,1026.1,,8,4
2025-02-02 21:00:00,-1.8,90,0.0,,0,0.0,9.3,1026.6,,2,2
2025-02-02 22:00:00,-2.1,94,0.0,,140,7.2,7.0,1026.4,,0,1
2025-02-02 23:00:00,-2.3,92,0.0,,170,7.2,7.0,1026.4,,8,4
2025-02-03 00:00:00,-2.3,91,0.0,,170,10.8,9.3,1026.2,,8,4
2025-02-03 01:00:00,-2.8,91,0.0,,170,7.2,11.0,1026.0,,7,4
2025-02-03 02:00:00,-2.1,91,0.0,,160,14.4,18.0,1025.4,,0,1
2025-02-03 03:00:00,-3.0,91,0.0,,170,7.2,13.0,1025.7,,7,4
2025-02-03 04:00:00,-2.7,93,0.0,,160,7.2,11.0,1025.7,,1,1
2025-02-03 05:00:00,-2.5,97,0.0,,150,3.6,7.0,1026.7,,7,4
2025-02-03 06:00:00,-3.0,94,0.0,,150,10.8,13.0,1026.6,,8,4
2025-02-03 07:00:00,-2.8,96,0.0,,130,7.2,14.0,1026.6,,8,4
2025-02-03 08:00:00,-1.8,96,0.0,,200,10.8,14.0,1027.0,,7,4
2025-02-03 09:00:00,0.1,96,0.0,,180,7.2,16.7,1027.2,,8,4
2025-02-03 10:00:00,2.0,91,0.0,,190,14.4,18.0,1026.9,,3,2
2025-02-03 11:00:00,3.7,85,0.0,,170,7.2,18.0,1027.0,,1,1
2025-02-03 12:00:00,5.5,82,0.0,,170,10.8,18.5,1026.6,,3,2
2025-02-03 13:00:00,6.3,80,0.0,,170,10.8,18.0,1026.4,,8,4
2025-02-03 14:00:00,6.5,76,0.0,,180,7.2,14.0,1026.4,,8,4
2025-02-03 15:00:00,5.9,79,0.0,,160,10.8,22.2,1026.3,,8,4
2025-02-03 16:00:00,3.9,84,0.0,,160,14.4,14.0,1026.1,,4,3
2025-02-03 17:00:00,2.4,88,0.0,,170,10.8,18.0,1026.0,,6,3
2025-02-03 18:00:00,2.1,89,0.0,,180,10.8,18.5,1026.3,,8,4
2025-02-03 19:00:00,2.4,92,0.0,,210,10.8,18.0,1026.5,,8,4
2025-02-03 20:00:00,3.0,91,0.0,,210,10.8,14.0,1026.7,,8,4
2025-02-03 21:00:00,1.3,93,0.0,,160,7.2,18.5,1026.5,,8,4
2025-02-03 22:00:00,1.3,94,0.0,,180,10.8,18.0,1026.2,,8,4
2025-02-03 23:00:00,0.7,94,0.0,,180,10.8,18.0,1026.0,,6,3
2025-02-04 00:00:00,1.0,94,0.0,,180,10.8,18.5,1026.1,,7,4
2025-02-04 01:00:00,1.9,92,0.0,,190,14.4,18.0,1026.1,,8,4
2025-02-04 02:00:00,2.4,92,0.0,,180,14.4,22.0,1025.8,,8,4
2025-02-04 03:00:00,2.4,93,0.0,,180,14.4,20.4,1025.6,,8,4
2025-02-04 04:00:00,2.4,94,0.0,,180,14.4,22.0,1025.4,,8,4
2025-02-04 05:00:00,2.4,94,0.0,,190,14.4,22.0,1025.7,,8,4
2025-02-04 06:00:00,2.6,94,0.0,,180,18.0,24.1,1025.7,,8,4
2025-02-04 07:00:00,2.4,94,0.0,,180,21.6,29.0,1025.8,,8,4
2025-02-04 08:00:00,2.0,94,0.0,,170,18.0,32.0,1026.1,,8,4
2025-02-04 09:00:00,2.3,94,0.0,,180,18.0,25.9,1026.4,,8,4
2025-02-04 10:00:00,2.9,92,0.0,,180,21.6,29.6,1026.4,,8,4
2025-02-04 11:00:00,4.0,93,0.0,,190,22.0,29.6,1026.0,,8,4
2025-02-04 12:00:00,4.0,93,0.0,,190,22.0,29.6,1025.0,,8,4
2025-02-04 13:00:00,5.0,87,0.0,,180,22.0,31.5,1025.0,,8,4
2025-02-04 14:00:00,5.7,82,0.0,,190,21.6,32.0,1025.3,,8,4
2025-02-04 15:00:00,5.3,82,0.0,,190,25.2,33.3,1025.3,,8,4
2025-02-04 16:00:00,4.3,81,0.0,,180,25.2,47.0,1025.1,,7,4
2025-02-04 17:00:00,3.9,83,0.0,,190,25.2,40.0,1025.9,,8,4
2025-02-04 18:00:00,3.3,87,0.0,,190,25.2,31.5,1026.3,,8,4
2025-02-04 19:00:00,2.5,89,0.0,,180,25.2,40.0,1026.3,,8,4
2025-02-04 20:00:00,1.7,91,0.0,,190,21.6,40.0,1026.8,,6,3
2025-02-04 21:00:00,2.2,86,0.0,,200,25.2,31.5,1027.2,,8,4
2025-02-04 22:00:00,2.7,87,0.0,,190,21.6,29.0,1027.6,,8,4
2025-02-04 23:00:00,2.9,89,0.0,,200,21.6,29.0,1028.1,,8,4
2025-02-05 00:00:00,3.4,90,0.0,,200,21.6,33.3,1028.7,,8,4
2025-02-05 01:00:00,4.2,91,0.0,,210,21.6,32.0,1029.4,,8,4
2025-02-05 02:00:00,4.6,93,0.0,,210,21.6,29.0,1030.0,,8,4
2025-02-05 03:00:00,4.5,95,0.0,,210,21.6,24.1,1030.6,,8,4
2025-02-05 04:00:00,3.7,96,0.0,,220,18.0,25.0,1031.4,,7,4
2025-02-05 05:00:00,3.4,99,0.0,,220,18.0,22.0,1032.3,,1,1
2025-02-05 06:00:00,3.0,99,0.0,,220,18.0,22.2,1033.1,,2,2
2025-02-05 07:00:00,3.2,99,0.0,,230,14.4,25.0,1034.0,,0,1
2025-02-05 08:00:00,3.8,98,0.0,,220,14.4,18.0,1035.0,,1,1
2025-02-05 09:00:00,5.7,94,0.0,,230,10.8,20.4,1035.6,,8,4
2025-02-05 10:00:00,6.0,93,0.0,,175,10.8,18.0,1036.5,,7,4
2025-02-05 11:00:00,7.2,90,0.0,,178,14.4,18.0,1037.0,,5,3
2025-02-05 12:00:00,8.2,85,0.0,,210,10.8,24.1,1037.1,,7,4
2025-02-05 13:00:00,9.0,72,0.0,,260,14.4,22.0,1037.4,,8,4
2025-02-05 14:00:00,8.4,75,0.0,,270,18.0,22.0,1038.0,,7,4
2025-02-05 15:00:00,7.9,78,0.0,,280,14.4,22.2,1038.6,,8,4
2025-02-05 16:00:00,6.4,82,0.0,,270,10.8,18.0,1039.3,,8,4
2025-02-05 17:00:00,5.2,86,0.0,,280,7.2,14.0,1039.8,,8,4
2025-02-05 18:00:00,3.2,92,0.0,,300,7.2,14.8,1040.7,,8,4
2025-02-05 19:00:00,3.0,96,0.0,,210,3.6,7.0,1041.2,,8,4
2025-02-05 20:00:00,2.7,99,0.0,,0,0.0,7.0,1041.5,,8,4
2025-02-05 21:00:00,3.1,99,0.0,,0,0.0,11.1,1041.6,,8,4
2025-02-05 22:00:00,3.3,100,0.0,,0,0.0,11.0,1041.9,,8,4
2025-02-05 23:00:00,1.0,100,0.0,,0,0.0,4.0,1042.0,,8,5
2025-02-06 00:00:00,0.4,100,0.0,,320,3.6,9.3,1042.2,,8,5
2025-02-06 01:00:00,-0.1,99,0.0,,320,3.6,4.0,1042.3,,8,5
2025-02-06 02:00:00,0.5,99,0.0,,0,0.0,4.0,1042.5,,8,5
2025-02-06 03:00:00,0.3,99,0.0,,320,3.6,11.1,1042.4,,8,5
2025-02-06 04:00:00,1.1,99,0.0,,320,3.6,7.0,1042.7,,8,5
2025-02-06 05:00:00,3.0,99,0.0,,10,7.2,11.0,1042.9,,8,4
2025-02-06 06:00:00,3.0,98,0.0,,40,7.2,14.8,1042.9,,8,4
2025-02-06 07:00:00,4.4,97,0.0,,20,10.8,18.0,1043.2,,8,4
2025-02-06 08:00:00,4.5,97,0.0,,30,14.4,25.0,1043.7,,8,4
2025-02-06 09:00:00,4.7,99,0.0,,30,14.4,22.2,1044.1,,8,4
2025-02-06 10:00:00,5.3,90,0.0,,40,14.4,22.0,1044.1,,8,4
2025-02-06 11:00:00,5.6,88,0.0,,80,14.4,29.0,1043.8,,8,7
2025-02-06 12:00:00,6.6,82,0.0,,70,18.0,29.6,1042.9,,2,2
2025-02-06 13:00:00,7.1,77,0.0,,60,18.4,30.0,1042.3,,1,1
2025-02-06 14:00:00,7.3,77,0.0,,50,21.6,36.0,1041.9,,2,2
2025-02-06 15:00:00,6.9,78,0.0,,60,21.6,33.3,1041.5,,1,1
2025-02-06 16:00:00,6.8,74,0.0,,50,18.0,32.0,1041.3,,7,4
2025-02-06 17:00:00,5.0,79,0.0,,60,10.8,29.0,1041.0,,2,2
2025-02-06 18:00:00,4.6,83,0.0,,40,14.4,33.3,1041.2,,2,2
2025-02-06 19:00:00,4.3,86,0.0,,40,21.6,32.0,1041.0,,2,2
2025-02-06 20:00:00,4.0,89,0.0,,50,25.2,32.0,1040.3,,7,4
2025-02-06 21:00:00,3.4,92,0.0,,60,21.6,33.3,1039.8,,7,4
2025-02-06 22:00:00,2.9,92,0.0,,60,18.0,32.0,1039.1,,6,3
2025-02-06 23:00:00,2.4,91,0.0,,60,18.0,25.0,1038.3,,1,1
2025-02-07 00:00:00,2.4,94,0.0,,50,18.0,33.3,1037.7,,1,1
2025-02-07 01:00:00,2.4,93,0.0,,60,25.2,32.0,1037.0,,7,4
2025-02-07 02:00:00,2.8,87,0.0,,70,25.2,40.0,1036.1,,8,4
2025-02-07 03:00:00,2.4,88,0.0,,60,25.2,38.9,1035.8,,8,4
2025-02-07 04:00:00,2.7,84,0.0,,70,28.8,43.0,1034.8,,8,4
2025-02-07 05:00:00,2.4,84,0.0,,60,28.8,43.0,1034.1,,8,4
2025-02-07 06:00:00,2.3,82,0.0,,70,28.8,44.5,1033.1,,8,4
2025-02-07 07:00:00,2.8,78,0.0,,70,32.4,50.0,1032.4,,8,4
2025-02-07 08:00:00,2.8,76,0.0,,80,28.8,47.0,1032.2,,8,4
2025-02-07 09:00:00,3.0,76,0.0,,80,32.4,50.0,1031.7,,8,4
2025-02-07 10:00:00,3.7,74,0.0,,80,32.4,54.0,1030.9,,8,4
2025-02-07 11:00:00,3.9,72,0.0,,80,32.4,50.0,1030.2,,8,4
2025-02-07 12:00:00,4.3,69,0.0,,80,28.8,51.8,1029.2,,8,4
2025-02-07 13:00:00,4.4,70,0.0,,80,25.2,47.0,1028.0,,8,4
2025-02-07 14:00:00,4.3,69,0.0,,80,28.8,47.0,1026.6,,8,4
2025-02-07 15:00:00,4.2,69,0.0,,80,32.4,48.2,1025.6,,8,4
2025-02-07 16:00:00,4.0,69,0.0,,80,28.8,47.0,1025.3,,8,4
2025-02-07 17:00:00,3.5,72,0.0,,70,28.8,47.0,1024.6,,8,4
2025-02-07 18:00:00,3.4,72,0.0,,70,28.8,46.3,1024.3,,8,4
2025-02-07 19:00:00,3.3,72,0.0,,80,28.8,43.0,1023.8,,8,4
2025-02-07 20:00:00,3.1,72,0.0,,80,25.2,40.0,1023.5,,8,4
2025-02-07 21:00:00,2.7,74,0.0,,83,25.0,40.8,1023.1,,8,4
2025-02-07 22:00:00,2.4,77,0.0,,80,25.2,36.0,1022.5,,8,4
2025-02-07 23:00:00,2.2,78,0.0,,80,25.2,40.0,1022.4,,8,4
2025-02-08 00:00:00,2.2,79,0.0,,80,25.2,37.0,1022.0,,8,4
2025-02-08 01:00:00,2.0,80,0.0,,90,25.2,35.0,1021.5,,8,4
2025-02-08 02:00:00,2.1,80,0.0,,100,21.6,32.0,1021.1,,8,4
2025-02-08 03:00:00,2.2,80,0.0,,100,25.2,33.3,1020.3,,8,4
2025-02-08 04:00:00,2.5,79,0.0,,100,21.6,36.0,1020.2,,8,4
2025-02-08 05:00:00,2.5,78,0.0,,100,18.0,32.0,1019.8,,8,4
2025-02-08 06:00:00,2.6,78,0.0,,90,21.6,31.5,1019.6,,8,4
2025-02-08 07:00:00,2.5,79,0.0,,100,21.6,29.0,1019.8,,8,4
2025-02-08 08:00:00,2.8,78,0.0,,100,18.0,29.0,1020.3,,8,4
2025-02-08 09:00:00,3.2,78,0.0,,110,14.4,27.8,1020.4,,8,7
2025-02-08 10:00:00,3.8,77,0.0,,110,18.0,25.0,1020.6,,8,4
2025-02-08 11:00:00,4.1,78,0.0,,110,18.0,29.0,1020.8,,8,7
2025-02-08 12:00:00,5.8,74,0.0,,120,18.0,24.1,1020.8,,8,4
2025-02-08 13:00:00,6.8,72,0.0,,130,18.0,25.0,1021.0,,7,4
2025-02-08 14:00:00,6.3,71,0.0,,130,10.8,25.0,1021.4,,8,4
2025-02-08 15:00:00,6.9,69,0.0,,130,10.8,20.4,1021.7,,8,4
2025-02-08 16:00:00,6.0,72,0.0,,120,10.8,18.0,1022.3,,8,4
2025-02-08 17:00:00,4.9,76,0.0,,100,3.6,11.0,1023.0,,8,4
2025-02-08 18:00:00,4.4,79,0.0,,80,7.2,16.7,1023.1,,8,4
2025-02-08 19:00:00,5.3,76,0.0,,70,7.2,11.0,1023.9,,8,4
2025-02-08 20:00:00,4.8,78,0.0,,60,10.8,14.0,1023.7,,8,4
2025-02-08 21:00:00,4.2,79,0.0,,90,3.6,14.8,1024.5,,8,4
2025-02-08 22:00:00,2.6,81,0.0,,30,7.2,11.0,1024.8,,8,4
2025-02-08 23:00:00,2.3,85,0.0,,60,7.2,11.0,1025.3,,8,4
2025-02-09 00:00:00,3.3,85,0.0,,30,3.6,14.8,1025.9,,8,4
2025-02-09 01:00:00,3.7,86,0.0,,50,7.2,11.0,1025.7,,8,4
2025-02-09 02:00:00,3.6,84,0.0,,50,10.8,14.0,1025.7,,8,4
2025-02-09 03:00:00,3.7,82,0.0,,60,14.4,16.7,1025.6,,8,4
2025-02-09 04:00:00,3.3,85,0.0,,70,10.8,22.0,1026.1,,8,4
2025-02-09 05:00:00,2.4,86,0.0,,70,7.2,11.0,1026.5,,8,4
2025-02-09 06:00:00,3.5,84,0.0,,80,10.8,22.2,1026.9,,8,4
2025-02-09 07:00:00,3.4,84,0.0,,70,10.8,18.0,1027.5,,8,4
2025-02-09 08:00:00,3.4,85,0.0,,70,10.8,18.0,1028.2,,8,4
2025-02-09 09:00:00,3.9,83,0.0,,60,10.8,25.9,1028.8,,8,4
2025-02-09 10:00:00,4.0,81,0.0,,70,7.2,18.0,1029.1,,8,4
2025-02-09 11:00:00,4.5,80,0.0,,60,10.8,18.0,1029.6,,8,4
2025-02-09 12:00:00,4.4,79,0.0,,60,14.4,25.9,1029.5,,8,4
2025-02-09 13:00:00,4.4,80,0.0,,50,14.4,22.0,1029.3,,8,4
2025-02-09 14:00:00,4.8,78,0.0,,50,18.0,29.0,1029.4,,8,4
2025-02-09 15:00:00,5.2,76,0.0,,50,18.0,29.6,1029.5,,8,4
2025-02-09 16:00:00,5.1,75,0.0,,60,18.0,25.0,1029.5,,8,4
2025-02-09 17:00:00,5.0,73,0.0,,60,18.0,29.0,1029.8,,8,4
2025-02-09 18:00:00,4.6,76,0.0,,70,18.0,33.3,1030.3,,8,4
2025-02-09 19:00:00,4.0,80,0.0,,60,18.0,32.0,1030.4,,8,4
2025-02-09 20:00:00,3.7,80,0.0,,70,18.0,29.0,1030.4,,8,4
2025-02-09 21:00:00,3.5,79,0.0,,66,22.0,35.2,1030.5,,8,4
2025-02-09 22:00:00,3.2,82,0.0,,60,21.6,32.0,1030.4,,8,4
2025-02-09 23:00:00,3.1,80,0.0,,70,25.2,36.0,1030.1,,8,4
2025-02-10 00:00:00,2.4,81,0.0,,70,25.2,35.2,1030.2,,8,4
2025-02-10 01:00:00,2.3,81,0.0,,70,28.8,43.0,1029.9,,8,4
2025-02-10 02:00:00,1.8,82,0.0,,70,28.8,43.0,1029.5,,8,4
2025-02-10 03:00:00,1.7,83,0.0,,70,25.2,37.0,1029.2,,8,4
2025-02-10 04:00:00,1.8,82,0.0,,70,32.4,47.0,1028.9,,8,4
2025-02-10 05:00:00,1.8,80,0.0,,70,32.4,47.0,1028.3,,8,4
2025-02-10 06:00:00,1.7,81,0.0,,70,28.8,40.8,1027.9,,8,4
2025-02-10 07:00:00,1.5,83,0.0,,70,28.8,43.0,1027.8,,8,4
2025-02-10 08:00:00,1.7,84,0.0,,70,25.2,43.0,1027.6,,8,4
2025-02-10 09:00:00,2.3,81,0.0,,70,28.8,42.6,1027.2,,8,4
2025-02-10 10:00:00,2.7,77,0.0,,80,28.8,47.0,1027.0,,8,4
2025-02-10 11:00:00,2.6,76,0.0,,80,25.2,43.0,1026.4,,8,4
2025-02-10 12:00:00,2.6,77,0.0,,70,32.4,42.6,1025.4,,8,4
2025-02-10 13:00:00,2.9,76,0.0,,70,28.8,43.0,1024.3,,8,4
2025-02-10 14:00:00,2.9,77,0.0,,70,25.2,47.0,1023.6,,8,4
2025-02-10 15:00:00,2.3,86,0.0,,80,28.8,42.6,1023.0,,8,8
2025-02-10 16:00:00,1.9,90,0.2,,80,28.8,47.0,1022.2,,8,8
2025-02-10 17:00:00,1.8,89,0.4,,80,25.2,40.0,1022.0,,8,8
2025-02-10 18:00:00,2.2,86,0.0,,80,28.8,46.3,1021.6,,8,8
2025-02-10 19:00:00,1.6,90,0.7,,80,25.2,47.0,1021.0,,8,8
2025-02-10 20:00:00,1.6,90,1.0,,80,28.8,40.0,1020.5,,8,8
2025-02-10 21:00:00,2.0,88,0.3,,73,25.0,46.3,1019.9,,8,8
2025-02-10 22:00:00,2.2,85,0.0,,70,25.2,40.0,1019.4,,8,4
2025-02-10 23:00:00,2.4,84,0.0,,70,28.8,40.0,1018.6,,8,4
2025-02-11 00:00:00,2.1,86,1.2,,70,25.2,42.6,1018.2,,8,7
2025-02-11 01:00:00,0.6,96,1.0,,70,25.2,40.0,1017.6,,8,7
2025-02-11 02:00:00,1.0,95,1.0,,70,25.2,32.0,1016.8,,8,7
2025-02-11 03:00:00,1.1,95,1.0,,70,21.6,44.5,1016.4,,8,5
2025-02-11 04:00:00,1.8,93,0.0,,90,21.6,36.0,1016.1,,8,5
2025-02-11 05:00:00,2.1,93,0.0,,90,25.2,32.0,1015.9,,8,5
2025-02-11 06:00:00,2.4,94,0.1,,80,18.0,38.9,1015.9,,8,5
2025-02-11 07:00:00,3.0,93,0.0,,90,18.0,29.0,1016.2,,8,7
2025-02-11 08:00:00,3.2,93,0.0,,90,21.6,29.0,1016.4,,8,7
2025-02-11 09:00:00,3.0,90,0.0,,120,21.6,35.2,1016.7,,8,7
2025-02-11 10:00:00,2.4,92,0.0,,150,18.0,29.0,1017.1,,8,7
2025-02-11 11:00:00,2.2,92,0.0,,140,18.0,29.0,1017.7,,8,7
2025-02-11 12:00:00,2.4,95,0.0,,140,18.0,31.5,1017.8,,8,7
2025-02-11 13:00:00,2.7,92,0.0,,140,21.6,29.0,1017.6,,8,7
2025-02-11 14:00:00,3.0,92,0.0,,140,14.4,25.0,1017.6,,8,7
2025-02-11 15:00:00,3.0,94,0.8,,170,14.4,29.6,1017.6,,8,8
2025-02-11 16:00:00,2.9,93,0.4,,160,14.4,25.0,1017.6,,8,8
2025-02-11 17:00:00,2.7,94,0.2,,160,14.4,22.0,1017.9,,8,7
2025-02-11 18:00:00,2.7,95,0.2,,161,11.0,25.9,1018.2,,8,8
2025-02-11 19:00:00,3.0,96,0.5,,132,11.0,14.0,1018.4,,8,8
2025-02-11 20:00:00,3.6,96,0.2,,140,10.8,18.0,1018.3,,8,8
2025-02-11 21:00:00,3.9,97,0.4,,131,11.0,22.2,1018.3,,8,8
2025-02-11 22:00:00,4.0,98,0.6,,140,10.8,18.0,1018.2,,8,8
2025-02-11 23:00:00,4.0,97,0.6,,150,14.4,22.0,1018.3,,8,8
2025-02-12 00:00:00,3.9,97,0.1,,140,10.8,18.5,1018.1,,8,8
2025-02-12 01:00:00,3.8,98,0.2,,140,7.2,14.0,1018.1,,8,8
2025-02-12 02:00:00,3.7,97,0.9,,130,10.8,14.0,1017.9,,8,8
2025-02-12 03:00:00,3.7,97,0.4,,130,10.8,14.8,1017.7,,8,8
2025-02-12 04:00:00,3.6,98,0.2,,140,7.2,14.0,1017.6,,8,7
2025-02-12 05:00:00,3.6,98,0.0,,150,10.8,14.0,1017.4,,8,7
2025-02-12 06:00:00,3.5,99,0.0,,140,7.2,13.0,1017.3,,8,4
2025-02-12 07:00:00,3.5,99,0.0,,160,7.2,11.0,1017.3,,8,17
2025-02-12 08:00:00,3.6,100,0.1,,160,7.2,11.0,1017.5,,8,5
2025-02-12 09:00:00,3.7,99,0.0,,110,3.6,11.1,1017.7,,8,5
2025-02-12 10:00:00,4.1,99,0.0,,170,7.2,7.0,1017.9,,8,5
2025-02-12 11:00:00,4.7,95,0.0,,140,3.6,7.0,1018.0,,8,4
2025-02-12 12:00:00,5.5,89,0.0,,50,3.6,14.8,1017.8,,8,4
2025-02-12 13:00:00,5.6,86,0.0,,350,3.6,8.0,1017.3,,8,4
2025-02-12 14:00:00,4.9,91,0.0,,360,7.2,11.0,1017.4,,8,7
2025-02-12 15:00:00,4.4,93,0.0,,10,7.2,14.8,1017.5,,8,4
2025-02-12 16:00:00,4.0,92,0.0,,10,10.8,14.0,1017.6,,8,4
2025-02-12 17:00:00,3.1,97,0.0,,60,10.8,18.0,1017.7,,8,4
2025-02-12 18:00:00,2.7,96,0.0,,30,10.8,14.8,1018.2,,8,4
2025-02-12 19:00:00,2.6,95,0.0,,30,7.2,14.0,1018.3,,8,4
2025-02-12 20:00:00,2.5,94,0.0,,20,10.8,25.0,1018.6,,8,4
2025-02-12 21:00:00,2.4,97,0.0,,10,10.8,18.5,1018.8,,8,7
2025-02-12 22:00:00,2.1,97,0.1,,30,7.2,18.0,1019.0,,8,8
2025-02-12 23:00:00,1.6,96,0.0,,40,10.8,18.0,1018.9,,8,7
2025-02-13 00:00:00,1.9,96,0.0,,40,7.2,18.5,1019.3,,8,8
2025-02-13 01:00:00,1.7,98,0.0,,30,18.0,22.0,1019.4,,8,8
2025-02-13 02:00:00,1.1,96,0.0,,40,14.4,29.0,1019.7,,8,4
2025-02-13 03:00:00,1.0,93,0.0,,30,18.0,25.9,1019.6,,8,4
2025-02-13 04:00:00,0.5,93,0.0,,40,14.4,29.0,1019.8,,8,4
2025-02-13 05:00:00,0.4,92,0.0,,30,18.0,29.0,1020.3,,8,4
2025-02-13 06:00:00,0.1,89,0.0,,30,18.0,27.8,1020.6,,8,4
2025-02-13 07:00:00,-0.6,87,0.0,,30,21.6,32.0,1021.3,,8,4
2025-02-13 08:00:00,-0.5,84,0.0,,40,18.0,32.0,1021.8,,8,4
2025-02-13 09:00:00,0.0,80,0.0,,40,18.0,29.6,1022.3,,8,4
2025-02-13 10:00:00,0.7,81,0.0,,20,14.4,29.0,1022.7,,8,4
2025-02-13 11:00:00,1.1,79,0.0,,20,18.0,29.0,1022.8,,8,4
2025-02-13 12:00:00,2.1,74,0.0,,20,14.4,29.6,1022.4,,8,4
2025-02-13 13:00:00,2.7,75,0.0,,20,18.0,29.0,1022.4,,8,4
2025-02-13 14:00:00,2.7,74,0.0,,40,14.4,29.0,1022.5,,8,4
2025-02-13 15:00:00,2.6,73,0.0,,30,14.4,31.5,1022.7,,8,4
2025-02-13 16:00:00,2.1,74,0.0,,20,14.4,22.0,1023.0,,8,4
2025-02-13 17:00:00,1.6,76,0.0,,20,14.4,25.0,1023.4,,8,4
2025-02-13 18:00:00,1.4,78,0.0,,20,10.8,24.1,1024.1,,8,4
2025-02-13 19:00:00,1.6,78,0.0,,40,14.4,22.0,1024.6,,8,4
2025-02-13 20:00:00,1.4,81,0.0,,30,10.8,22.0,1024.7,,8,4
2025-02-13 21:00:00,0.9,82,0.0,,50,10.8,18.5,1025.2,,8,4
2025-02-13 22:00:00,-0.6,84,0.0,,50,7.2,18.0,1025.5,,3,2
2025-02-13 23:00:00,-0.8,88,0.0,,350,3.6,11.0,1025.5,,0,1
2025-02-14 00:00:00,-2.0,92,0.0,,350,3.6,14.8,1025.9,,0,1
2025-02-14 01:00:00,-2.2,96,0.0,,0,0.0,7.0,1026.1,,0,1
2025-02-14 02:00:00,-2.4,94,0.0,,0,0.0,4.0,1026.3,,7,4
2025-02-14 03:00:00,-4.0,94,0.0,,290,7.2,11.1,1026.2,,0,1
2025-02-14 04:00:00,-3.2,99,0.0,,0,0.0,7.0,1026.5,,4,3
2025-02-14 05:00:00,-2.5,100,0.0,,40,3.6,7.0,1027.0,,8,4
2025-02-14 06:00:00,-3.4,98,0.0,,330,3.6,9.3,1027.2,,8,4
2025-02-14 07:00:00,-3.9,100,0.0,,0,0.0,11.0,1027.6,,0,1
2025-02-14 08:00:00,-3.4,96,0.0,,0,0.0,7.0,1027.9,,0,5
2025-02-14 09:00:00,1.6,88,0.0,,120,3.6,13.0,1028.3,,0,1
2025-02-14 10:00:00,2.4,80,0.0,,100,7.2,14.0,1028.6,,0,1
2025-02-14 11:00:00,3.3,73,0.0,,80,14.4,18.0,1028.9,,0,1
2025-02-14 12:00:00,2.7,69,0.0,,90,10.8,14.8,1028.8,,7,4
2025-02-14 13:00:00,3.4,65,0.0,,70,14.4,22.0,1028.7,,8,4
2025-02-14 14:00:00,3.1,66,0.0,,60,14.4,22.0,1028.4,,8,4
2025-02-14 15:00:00,2.7,68,0.0,,90,10.8,13.0,1028.2,,8,4
2025-02-14 16:00:00,2.3,69,0.0,,90,10.8,18.0,1028.1,,8,4
2025-02-14 17:00:00,1.7,70,0.0,,100,10.8,14.0,1028.1,,8,4
2025-02-14 18:00:00,1.7,73,0.0,,90,10.8,13.0,1028.5,,8,4
2025-02-14 19:00:00,1.4,72,0.0,,80,10.8,18.0,1028.9,,8,4
2025-02-14 20:00:00,1.4,70,0.0,,110,10.8,18.0,1028.8,,8,4
2025-02-14 21:00:00,1.2,74,0.0,,160,10.8,13.0,1028.8,,8,4
2025-02-14 22:00:00,2.2,61,0.0,,170,7.2,14.0,1028.6,,4,3
2025-02-14 23:00:00,1.0,80,0.0,,140,7.2,14.0,1028.4,,8,4
2025-02-15 00:00:00,0.9,80,0.0,,160,7.2,13.0,1027.9,,8,4
2025-02-15 01:00:00,1.0,79,0.0,,120,7.2,11.0,1027.3,,8,4
2025-02-15 02:00:00,0.5,83,0.0,,100,3.6,7.0,1026.8,,8,4
2025-02-15 03:00:00,0.6,81,0.0,,120,7.2,11.1,1026.2,,8,4
2025-02-15 04:00:00,0.6,81,0.0,,120,7.2,11.0,1025.7,,8,4
2025-02-15 05:00:00,0.5,83,0.0,,110,3.6,11.0,1025.9,,8,4
2025-02-15 06:00:00,0.8,80,0.0,,130,7.2,13.0,1025.6,,8,4
2025-02-15 07:00:00,0.9,80,0.0,,130,7.2,11.0,1025.5,,8,4
2025-02-15 08:00:00,1.5,76,0.0,,160,14.4,18.0,1025.3,,8,4
2025-02-15 09:00:00,2.5,74,0.0,,170,7.2,14.8,1025.3,,8,4
2025-02-15 10:00:00,3.0,72,0.0,,170,7.2,11.0,1024.9,,8,4
2025-02-15 11:00:00,3.4,62,0.0,,150,10.8,18.0,1024.5,,8,4
2025-02-15 12:00:00,3.4,62,0.0,,160,10.8,16.7,1023.8,,8,4
2025-02-15 13:00:00,3.6,61,0.0,,130,7.2,18.0,1023.1,,8,4
2025-02-15 14:00:00,3.5,62,0.0,,70,10.8,18.0,1022.6,,8,4
2025-02-15 15:00:00,2.9,65,0.0,,70,14.4,14.8,1022.5,,8,4
2025-02-15 16:00:00,2.5,70,0.0,,80,10.8,18.0,1022.3,,8,4
2025-02-15 17:00:00,2.1,74,0.0,,80,10.8,14.0,1022.1,,8,4
2025-02-15 18:00:00,2.0,70,0.0,,90,10.8,14.8,1022.2,,8,4
2025-02-15 19:00:00,2.0,71,0.0,,110,7.2,14.0,1022.7,,8,4
2025-02-15 20:00:00,1.7,74,0.0,,100,10.8,14.0,1022.6,,8,4
2025-02-15 21:00:00,1.2,75,0.0,,110,10.8,16.7,1022.4,,8,4
2025-02-15 22:00:00,0.6,81,0.0,,70,7.2,11.0,1022.3,,8,4
2025-02-15 23:00:00,-0.2,83,0.0,,80,7.2,11.0,1022.3,,8,4
2025-02-16 00:00:00,-0.5,82,0.0,,80,11.2,18.5,1022.2,,8,4
2025-02-16 01:00:00,-0.2,81,0.0,,90,10.8,18.0,1021.8,,8,4
2025-02-16 02:00:00,-0.7,84,0.0,,70,10.8,14.0,1022.0,,8,4
2025-02-16 03:00:00,-0.8,84,0.0,,80,14.4,22.2,1021.9,,8,4
2025-02-16 04:00:00,-0.7,83,0.0,,70,10.8,22.0,1022.0,,8,4
2025-02-16 05:00:00,-1.5,82,0.0,,80,14.4,18.0,1022.6,,0,1
2025-02-16 06:00:00,-1.9,84,0.0,,80,14.4,25.9,1022.5,,0,1
2025-02-16 07:00:00,-0.9,80,0.0,,80,18.0,25.0,1023.0,,8,4
2025-02-16 08:00:00,0.0,74,0.0,,80,18.4,29.0,1023.3,,8,4
2025-02-16 09:00:00,0.6,72,0.0,,90,21.6,29.6,1023.4,,1,1
2025-02-16 10:00:00,1.6,63,0.0,,90,25.2,36.0,1023.5,,8,4
2025-02-16 11:00:00,2.4,60,0.0,,100,32.4,43.0,1023.9,,1,1
2025-02-16 12:00:00,3.4,57,0.0,,100,28.8,33.3,1023.4,,4,3
2025-02-16 13:00:00,2.7,61,0.0,,70,25.9,42.0,1023.4,,5,3
2025-02-16 14:00:00,3.4,66,0.0,,60,25.2,36.0,1023.0,,2,2
2025-02-16 15:00:00,3.0,71,0.0,,60,21.6,35.2,1023.2,,3,2
2025-02-16 16:00:00,2.4,72,0.0,,60,18.0,32.0,1023.6,,0,1
2025-02-16 17:00:00,1.1,77,0.0,,60,18.0,29.0,1023.8,,0,1
2025-02-16 18:00:00,0.5,82,0.0,,70,21.6,29.6,1024.5,,0,1
2025-02-16 19:00:00,0.2,80,0.0,,80,21.6,32.0,1024.6,,0,1
2025-02-16 20:00:00,-0.6,81,0.0,,80,14.4,29.0,1024.6,,0,1
2025-02-16 21:00:00,-1.0,82,0.0,,80,14.4,25.9,1024.9,,0,1
2025-02-16 22:00:00,-1.8,82,0.0,,90,10.8,18.0,1025.2,,0,1
2025-02-16 23:00:00,-2.8,83,0.0,,80,10.8,14.0,1025.3,,0,1
2025-02-17 00:00:00,-2.8,80,0.0,,80,10.8,22.2,1025.4,,0,1
2025-02-17 01:00:00,-2.3,77,0.0,,80,14.8,22.0,1025.2,,0,1
2025-02-17 02:00:00,-2.9,77,0.0,,80,14.4,22.0,1025.3,,0,1
2025-02-17 03:00:00,-2.9,78,0.0,,80,18.0,20.4,1025.1,,0,1
2025-02-17 04:00:00,-3.6,82,0.0,,70,10.8,18.0,1025.4,,0,1
2025-02-17 05:00:00,-4.3,85,0.0,,80,10.8,18.0,1025.2,,0,1
2025-02-17 06:00:00,-4.2,86,0.0,,80,10.8,22.2,1025.1,,8,4
2025-02-17 07:00:00,-5.2,87,0.0,,70,10.8,14.0,1025.3,,0,1
2025-02-17 08:00:00,-2.8,87,0.0,,80,10.8,14.0,1025.5,,0,1
2025-02-17 09:00:00,-1.6,83,0.0,,90,14.4,22.2,1025.6,,0,1
2025-02-17 10:00:00,-0.4,77,0.0,,60,7.2,18.0,1025.7,,0,1
2025-02-17 11:00:00,1.1,72,0.0,,40,7.2,18.0,1025.7,,0,1
2025-02-17 12:00:00,1.6,67,0.0,,60,14.4,22.2,1025.2,,0,1
2025-02-17 13:00:00,1.8,67,0.0,,70,14.4,22.0,1024.7,,0,1
2025-02-17 14:00:00,1.9,69,0.0,,80,14.4,26.0,1024.3,,1,1
2025-02-17 15:00:00,2.0,67,0.0,,60,14.4,25.9,1024.1,,0,1
2025-02-17 16:00:00,1.5,69,0.0,,50,14.4,18.0,1023.9,,0,1
2025-02-17 17:00:00,-0.7,77,0.0,,60,10.8,18.0,1024.4,,1,1
2025-02-17 18:00:00,-1.5,76,0.0,,80,10.8,22.2,1025.0,,0,1
2025-02-17 19:00:00,-2.0,75,0.0,,80,14.4,18.0,1025.4,,7,4
2025-02-17 20:00:00,-1.2,65,0.0,,90,14.4,22.0,1025.7,,8,4
2025-02-17 21:00:00,-2.5,70,0.0,,80,14.4,24.1,1025.9,,0,1
2025-02-17 22:00:00,-3.3,73,0.0,,80,10.8,18.0,1026.0,,0,1
2025-02-17 23:00:00,-2.8,73,0.0,,80,14.4,22.0,1025.8,,0,1
2025-02-18 00:00:00,-2.7,72,0.0,,80,18.0,24.1,1025.6,,1,1
2025-02-18 01:00:00,-3.3,73,0.0,,80,14.4,22.0,1025.9,,6,3
2025-02-18 02:00:00,-3.7,74,0.0,,80,14.4,18.0,1026.0,,7,4
2025-02-18 03:00:00,-3.7,74,0.0,,90,14.4,24.1,1025.6,,7,4
2025-02-18 04:00:00,-3.3,72,0.0,,90,18.0,26.0,1025.2,,2,2
2025-02-18 05:00:00,-3.4,72,0.0,,100,18.0,25.0,1025.6,,2,2
2025-02-18 06:00:00,-3.9,74,0.0,,100,18.0,22.2,1025.9,,1,1
2025-02-18 07:00:00,-4.0,74,0.0,,90,14.4,25.0,1026.6,,8,4
2025-02-18 08:00:00,-3.0,72,0.0,,100,14.4,25.0,1026.8,,8,4
2025-02-18 09:00:00,-1.8,69,0.0,,100,18.0,25.9,1027.1,,7,4
2025-02-18 10:00:00,-0.7,65,0.0,,110,14.4,25.0,1026.9,,8,4
2025-02-18 11:00:00,1.0,61,0.0,,110,18.0,22.0,1026.8,,3,2
2025-02-18 12:00:00,2.3,57,0.0,,110,18.0,29.6,1026.4,,8,4
2025-02-18 13:00:00,2.7,53,0.0,,120,21.6,31.0,1025.7,,1,1
2025-02-18 14:00:00,2.4,54,0.0,,100,18.0,32.0,1024.9,,8,4
2025-02-18 15:00:00,3.0,50,0.0,,110,18.0,31.5,1024.9,,8,4
2025-02-18 16:00:00,2.5,50,0.0,,110,21.6,36.0,1025.0,,8,4
2025-02-18 17:00:00,1.2,52,0.0,,100,21.6,36.0,1024.7,,2,2
2025-02-18 18:00:00,0.1,58,0.0,,100,18.0,29.6,1024.9,,0,1
2025-02-18 19:00:00,0.1,57,0.0,,100,18.0,32.0,1024.8,,8,4
2025-02-18 20:00:00,-0.1,57,0.0,,100,21.6,32.0,1024.9,,8,4
2025-02-18 21:00:00,-0.7,60,0.0,,100,18.0,29.6,1024.9,,3,2
2025-02-18 22:00:00,-0.9,61,0.0,,100,21.6,32.0,1024.5,,6,3
2025-02-18 23:00:00,-1.1,63,0.0,,100,18.0,32.0,1024.1,,8,4
2025-02-19 00:00:00,-1.2,64,0.0,,110,18.0,29.6,1024.1,,5,3
2025-02-19 01:00:00,-1.1,64,0.0,,110,18.0,29.0,1023.9,,8,4
2025-02-19 02:00:00,-1.5,66,0.0,,110,21.6,32.0,1023.4,,8,4
2025-02-19 03:00:00,-1.6,66,0.0,,110,21.6,31.5,1023.2,,5,3
2025-02-19 04:00:00,-1.9,66,0.0,,110,18.0,29.0,1022.9,,8,4
2025-02-19 05:00:00,-1.9,64,0.0,,110,18.0,29.0,1022.7,,8,4
2025-02-19 06:00:00,-1.8,63,0.0,,110,25.2,29.6,1022.2,,8,4
2025-02-19 07:00:00,-1.7,63,0.0,,110,21.6,31.0,1022.4,,8,4
2025-02-19 08:00:00,-0.8,60,0.0,,120,25.2,32.0,1022.3,,8,4
2025-02-19 09:00:00,-0.1,58,0.0,,120,25.2,31.5,1022.1,,8,4
2025-02-19 10:00:00,0.8,56,0.0,,120,21.6,32.0,1022.0,,8,4
2025-02-19 11:00:00,1.9,53,0.0,,130,21.6,36.0,1021.8,,8,4
2025-02-19 12:00:00,2.8,50,0.0,,120,21.6,29.6,1021.4,,8,4
2025-02-19 13:00:00,3.9,47,0.0,,130,21.6,31.0,1020.9,,8,4
2025-02-19 14:00:00,4.6,46,0.0,,120,18.0,29.0,1020.6,,8,4
2025-02-19 15:00:00,4.5,44,0.0,,130,21.6,27.8,1020.3,,8,4
2025-02-19 16:00:00,3.8,47,0.0,,140,14.4,31.0,1020.2,,8,4
2025-02-19 17:00:00,2.9,52,0.0,,130,18.0,25.0,1020.0,,8,4
2025-02-19 18:00:00,3.2,50,0.0,,140,18.0,24.1,1020.6,,8,4
2025-02-19 19:00:00,3.3,51,0.0,,130,18.0,29.0,1020.2,,8,4
2025-02-19 20:00:00,3.1,53,0.0,,130,14.4,25.0,1020.3,,8,4
2025-02-19 21:00:00,2.4,58,0.0,,140,18.0,24.1,1020.1,,8,4
2025-02-19 22:00:00,1.9,63,0.0,,130,14.4,25.0,1020.0,,6,3
2025-02-19 23:00:00,1.7,67,0.0,,140,18.0,29.0,1020.1,,8,4
2025-02-20 00:00:00,1.5,71,0.0,,140,14.4,22.2,1020.3,,8,4
2025-02-20 01:00:00,1.4,74,0.0,,140,18.0,22.0,1020.1,,8,4
2025-02-20 02:00:00,1.2,76,0.0,,150,18.0,29.0,1019.7,,6,3
2025-02-20 03:00:00,1.1,79,0.0,,170,10.8,22.2,1019.4,,8,4
2025-02-20 04:00:00,1.4,79,0.0,,160,14.4,22.0,1018.9,,8,4
2025-02-20 05:00:00,1.6,81,0.0,,150,14.4,25.0,1018.7,,8,4
2025-02-20 06:00:00,2.2,82,0.0,,170,14.4,24.1,1018.8,,8,4
2025-02-20 07:00:00,2.8,84,0.0,,160,14.4,18.0,1019.1,,8,7
2025-02-20 08:00:00,3.5,90,0.6,,150,14.4,25.0,1018.9,,8,7
2025-02-20 09:00:00,4.6,91,0.0,,160,18.0,27.8,1018.9,,8,7
2025-02-20 10:00:00,6.7,88,0.0,,170,25.2,32.0,1018.8,,8,4
2025-02-20 11:00:00,7.7,88,0.0,,175,18.0,32.0,1018.9,,8,4
2025-02-20 12:00:00,9.5,86,0.0,,179,18.0,31.5,1018.7,,8,4
2025-02-20 13:00:00,10.0,86,0.0,,190,21.6,29.0,1018.8,,8,4
2025-02-20 14:00:00,9.4,97,0.1,,180,18.0,25.0,1018.6,,8,8
2025-02-20 15:00:00,9.6,97,0.0,,180,21.6,35.2,1018.7,,8,8
2025-02-20 16:00:00,9.5,97,0.0,,170,21.6,29.0,1018.6,,8,4
2025-02-20 17:00:00,9.5,95,0.0,,180,18.0,32.0,1018.8,,8,4
2025-02-20 18:00:00,10.0,93,0.0,,160,25.2,33.3,1018.1,,8,4
2025-02-20 19:00:00,10.0,92,0.0,,175,22.0,36.0,1018.4,,8,8
2025-02-20 20:00:00,10.1,92,0.0,,179,18.0,32.0,1019.1,,8,4
2025-02-20 21:00:00,10.3,90,0.0,,188,18.0,33.3,1019.4,,8,4
2025-02-20 22:00:00,10.6,89,0.0,,190,14.4,25.0,1019.6,,8,4
2025-02-20 23:00:00,10.7,89,0.0,,200,18.0,29.0,1019.7,,8,8
2025-02-21 00:00:00,10.4,91,0.0,,170,18.0,29.6,1019.8,,8,4
2025-02-21 01:00:00,10.1,93,0.0,,180,14.4,26.0,1019.4,,8,4
2025-02-21 02:00:00,10.2,94,0.0,,180,14.4,22.0,1019.2,,8,4
2025-02-21 03:00:00,9.8,94,0.0,,170,14.4,27.8,1018.8,,8,4
2025-02-21 04:00:00,10.1,93,0.0,,160,14.4,22.0,1018.4,,8,4
2025-02-21 05:00:00,10.1,92,0.0,,160,14.4,22.0,1018.3,,8,4
2025-02-21 06:00:00,9.3,94,0.0,,160,18.0,27.8,1018.1,,8,4
2025-02-21 07:00:00,9.2,94,0.0,,140,18.0,22.0,1018.3,,8,4
2025-02-21 08:00:00,10.1,92,0.0,,150,21.6,32.0,1017.9,,8,4
2025-02-21 09:00:00,11.1,88,0.0,,160,25.2,31.5,1017.3,,8,4
2025-02-21 10:00:00,13.1,79,0.0,,170,28.8,43.0,1017.3,,8,4
2025-02-21 11:00:00,14.8,74,0.0,,170,28.8,40.0,1016.7,,8,4
2025-02-21 12:00:00,16.4,67,0.0,,170,28.8,38.9,1015.8,,8,4
2025-02-21 13:00:00,16.8,62,0.0,,170,28.8,50.0,1014.9,,8,4
2025-02-21 14:00:00,16.9,61,0.0,,170,25.2,40.0,1014.0,,8,4
2025-02-21 15:00:00,16.9,58,0.0,,170,28.8,38.9,1013.4,,8,4
2025-02-21 16:00:00,16.2,61,0.0,,160,25.2,40.0,1012.9,,8,4
2025-02-21 17:00:00,15.6,62,0.0,,160,25.2,36.0,1012.6,,8,4
2025-02-21 18:00:00,14.9,65,0.0,,150,25.2,37.0,1012.8,,8,4
2025-02-21 19:00:00,15.1,63,0.0,,160,25.2,36.0,1012.8,,8,4
2025-02-21 20:00:00,14.6,65,0.0,,160,25.2,36.0,1012.8,,8,7
2025-02-21 21:00:00,13.6,70,0.0,,160,18.0,33.3,1013.0,,8,7
2025-02-21 22:00:00,13.2,71,0.0,,160,21.6,29.0,1012.7,,8,4
2025-02-21 23:00:00,12.8,73,0.0,,160,18.0,29.0,1012.4,,8,4
2025-02-22 00:00:00,12.4,74,0.0,,150,18.0,31.5,1012.0,,8,4
2025-02-22 01:00:00,11.5,76,0.0,,160,18.0,25.0,1011.6,,8,4
2025-02-22 02:00:00,11.6,75,0.0,,150,21.6,29.0,1011.2,,8,4
2025-02-22 03:00:00,10.7,87,0.4,,160,18.0,29.6,1010.7,,8,8
2025-02-22 04:00:00,10.5,89,0.3,,160,18.0,25.0,1010.6,,8,8
2025-02-22 05:00:00,10.2,89,0.3,,150,18.0,25.0,1010.8,,8,7
2025-02-22 06:00:00,10.3,87,0.1,,150,18.0,31.5,1010.8,,8,7
2025-02-22 07:00:00,10.1,89,0.1,,160,21.6,32.0,1011.4,,8,8
2025-02-22 08:00:00,10.2,89,0.1,,160,25.2,32.0,1012.1,,8,17
2025-02-22 09:00:00,10.1,90,0.2,,170,25.2,33.3,1012.1,,8,7
2025-02-22 10:00:00,10.1,91,0.1,,170,25.2,36.0,1012.4,,8,8
2025-02-22 11:00:00,10.2,94,0.1,,170,21.6,36.0,1012.6,,8,8
2025-02-22 12:00:00,10.7,92,0.1,,190,21.6,33.3,1012.4,,8,7
2025-02-22 13:00:00,10.7,90,0.0,,180,18.0,29.0,1012.7,,8,8
2025-02-22 14:00:00,10.4,97,0.2,,190,18.0,25.0,1013.1,,8,8
2025-02-22 15:00:00,10.7,97,0.2,,210,21.6,33.3,1013.4,,8,7
2025-02-22 16:00:00,9.3,96,0.2,,260,21.6,29.0,1014.4,,8,17
2025-02-22 17:00:00,8.9,98,0.6,,270,14.4,29.0,1015.8,,8,7
2025-02-22 18:00:00,8.7,98,0.0,,230,10.8,27.8,1017.1,,8,7
2025-02-22 19:00:00,8.6,99,0.0,,230,14.4,25.0,1018.2,,8,8
2025-02-22 20:00:00,8.3,99,0.0,,230,14.4,25.0,1019.5,,8,4
2025-02-22 21:00:00,7.8,97,0.0,,240,14.4,25.9,1020.7,,8,4
2025-02-22 22:00:00,7.7,97,0.0,,240,14.4,22.0,1021.7,,8,4
2025-02-22 23:00:00,5.9,98,0.0,,220,14.4,22.0,1022.2,,5,3
2025-02-23 00:00:00,6.1,98,0.0,,210,14.4,22.2,1022.9,,2,2
2025-02-23 01:00:00,6.4,99,0.0,,200,14.4,22.0,1023.4,,8,5
2025-02-23 02:00:00,6.6,100,0.0,,220,18.0,25.0,1024.3,,8,5
2025-02-23 03:00:00,6.5,100,0.0,,220,18.0,22.2,1024.8,,8,5
2025-02-23 04:00:00,6.9,100,0.0,,220,14.4,29.0,1025.0,,8,5
2025-02-23 05:00:00,7.2,100,0.0,,210,14.4,22.0,1025.4,,8,5
2025-02-23 06:00:00,7.2,100,0.0,,200,14.4,25.9,1025.6,,8,4
2025-02-23 07:00:00,6.8,100,0.0,,200,21.6,29.0,1026.0,,8,4
2025-02-23 08:00:00,7.2,99,0.0,,210,21.6,29.0,1026.5,,8,4
2025-02-23 09:00:00,7.6,95,0.0,,190,18.0,31.5,1026.8,,8,4
2025-02-23 10:00:00,8.7,88,0.0,,190,21.6,32.0,1027.0,,8,4
2025-02-23 11:00:00,10.3,85,0.0,,190,21.6,29.0,1026.7,,2,2
2025-02-23 12:00:00,12.1,76,0.0,,200,25.2,33.3,1025.8,,8,4
2025-02-23 13:00:00,13.3,73,0.0,,190,28.8,40.0,1024.9,,8,4
2025-02-23 14:00:00,13.9,65,0.0,,200,28.8,43.0,1024.2,,8,4
2025-02-23 15:00:00,13.8,63,0.0,,200,28.8,40.8,1023.5,,8,4
2025-02-23 16:00:00,13.1,65,0.0,,190,25.2,40.0,1023.1,,8,4
2025-02-23 17:00:00,11.7,65,0.0,,200,21.6,32.0,1023.0,,8,4
2025-02-23 18:00:00,11.4,66,0.0,,180,21.6,37.0,1022.9,,8,4
2025-02-23 19:00:00,10.6,68,0.0,,180,21.6,32.0,1023.1,,8,4
2025-02-23 20:00:00,10.8,73,0.0,,180,25.2,36.0,1022.2,,8,4
2025-02-23 21:00:00,10.9,74,0.0,,170,25.2,38.9,1021.6,,8,4
2025-02-23 22:00:00,11.2,74,0.0,,180,25.2,36.0,1021.2,,8,4
2025-02-23 23:00:00,11.8,69,0.0,,190,28.8,40.0,1020.5,,8,4
2025-02-24 00:00:00,11.8,69,0.0,,200,32.4,40.8,1020.0,,8,4
2025-02-24 01:00:00,11.5,71,0.0,,190,29.5,42.0,1019.0,,8,4
2025-02-24 02:00:00,11.5,70,0.0,,190,28.8,40.0,1018.3,,8,4
2025-02-24 03:00:00,11.4,70,0.0,,190,25.2,42.6,1017.5,,8,4
2025-02-24 04:00:00,11.3,69,0.0,,190,25.2,40.0,1016.7,,8,8
2025-02-24 05:00:00,11.5,68,0.0,,190,28.8,40.0,1016.0,,8,8
2025-02-24 06:00:00,11.5,67,0.0,,190,28.8,42.6,1015.4,,8,4
2025-02-24 07:00:00,10.4,77,0.1,,190,28.8,43.0,1015.1,,8,17
2025-02-24 08:00:00,10.1,83,0.2,,190,25.2,43.0,1014.6,,8,8
2025-02-24 09:00:00,9.6,92,0.9,,190,32.4,46.3,1014.1,,8,17
2025-02-24 10:00:00,10.1,92,0.2,,190,28.8,47.0,1013.5,,8,7
2025-02-24 11:00:00,10.2,94,0.4,,190,28.8,47.0,1013.3,,8,8
2025-02-24 12:00:00,10.5,92,0.4,,200,36.0,46.3,1012.9,,8,8
2025-02-24 13:00:00,10.5,92,0.9,,200,28.8,47.0,1012.3,,8,8
2025-02-24 14:00:00,10.2,94,0.8,,200,32.4,43.0,1012.1,,8,8
2025-02-24 15:00:00,9.9,97,0.8,,220,25.2,42.6,1012.4,,8,8
2025-02-24 16:00:00,10.2,91,0.2,,230,28.8,40.0,1012.6,,8,8
2025-02-24 17:00:00,9.6,90,0.0,,220,21.6,32.0,1013.2,,4,3
2025-02-24 18:00:00,9.8,90,0.0,,230,21.6,38.9,1013.6,,8,4
2025-02-24 19:00:00,9.8,89,0.0,,230,25.2,36.0,1013.9,,8,4
2025-02-24 20:00:00,9.3,89,0.0,,230,25.2,36.0,1013.7,,6,3
2025-02-24 21:00:00,9.2,89,0.0,,230,21.6,35.2,1014.0,,7,4
2025-02-24 22:00:00,9.1,90,0.0,,230,21.6,32.0,1013.8,,8,4
2025-02-24 23:00:00,8.8,92,0.0,,230,18.0,29.0,1013.7,,8,4
2025-02-25 00:00:00,7.7,94,0.0,,210,18.0,25.9,1013.8,,8,4
2025-02-25 01:00:00,7.1,96,0.0,,210,14.4,22.0,1014.0,,6,3
2025-02-25 02:00:00,7.7,97,0.0,,210,18.0,25.0,1014.0,,8,4
2025-02-25 03:00:00,7.9,95,0.0,,220,14.4,20.4,1013.7,,8,4
2025-02-25 04:00:00,7.9,93,0.0,,230,14.4,25.0,1013.4,,8,4
2025-02-25 05:00:00,7.8,92,0.0,,200,14.4,22.0,1013.0,,8,4
2025-02-25 06:00:00,7.8,92,0.0,,190,10.8,22.2,1012.7,,8,4
2025-02-25 07:00:00,8.0,90,0.0,,210,14.4,25.0,1013.5,,8,4
2025-02-25 08:00:00,8.2,92,0.0,,180,14.4,22.0,1013.2,,8,4
2025-02-25 09:00:00,6.9,98,0.0,,170,14.4,20.4,1013.3,,8,4
2025-02-25 10:00:00,8.2,97,0.0,,180,10.8,25.0,1013.1,,8,4
2025-02-25 11:00:00,9.2,88,0.0,,210,10.8,18.0,1013.2,,8,4
2025-02-25 12:00:00,10.1,86,0.0,,210,14.4,18.5,1013.0,,8,4
2025-02-25 13:00:00,10.4,80,0.0,,250,7.2,18.0,1012.6,,8,4
2025-02-25 14:00:00,10.4,81,0.0,,280,7.2,14.0,1012.3,,8,4
2025-02-25 15:00:00,10.0,83,0.0,,270,7.2,16.7,1012.4,,8,4
2025-02-25 16:00:00,8.7,90,0.0,,320,14.4,22.0,1012.3,,8,4
2025-02-25 17:00:00,7.5,95,0.0,,330,14.4,29.0,1012.7,,8,4
2025-02-25 18:00:00,7.6,93,0.0,,350,10.8,18.5,1013.2,,8,4
2025-02-25 19:00:00,7.6,93,0.0,,330,10.8,14.0,1013.7,,8,4
2025-02-25 20:00:00,7.2,94,0.0,,330,14.4,25.0,1013.9,,8,4
2025-02-25 21:00:00,7.0,93,0.0,,340,7.2,18.5,1014.4,,8,4
2025-02-25 22:00:00,6.6,92,0.0,,340,10.8,22.0,1014.5,,8,4
2025-02-25 23:00:00,5.7,91,0.0,,310,10.8,14.0,1014.7,,8,4
2025-02-26 00:00:00,5.4,91,0.0,,310,7.2,14.8,1015.0,,8,4
2025-02-26 01:00:00,5.4,89,0.0,,310,7.2,11.0,1015.3,,8,4
2025-02-26 02:00:00,5.0,93,0.0,,300,3.6,11.0,1015.3,,8,4
2025-02-26 03:00:00,5.0,90,0.0,,250,7.2,13.0,1015.3,,8,4
2025-02-26 04:00:00,4.3,91,0.0,,260,10.8,11.0,1015.4,,8,4
2025-02-26 05:00:00,2.5,92,0.0,,240,7.2,14.0,1015.4,,1,1
2025-02-26 06:00:00,2.1,98,0.0,,240,3.6,14.8,1015.8,,0,1
2025-02-26 07:00:00,2.9,95,0.0,,200,7.2,14.0,1016.0,,0,1
2025-02-26 08:00:00,5.5,96,0.0,,210,10.8,14.0,1016.3,,6,3
2025-02-26 09:00:00,7.5,88,0.0,,230,14.4,20.4,1016.5,,0,1
2025-02-26 10:00:00,8.9,81,0.0,,220,18.0,25.0,1016.4,,0,1
2025-02-26 11:00:00,9.9,70,0.0,,200,21.6,29.0,1016.1,,0,1
2025-02-26 12:00:00,11.0,61,0.0,,240,18.0,31.5,1015.7,,7,4
2025-02-26 13:00:00,10.6,56,0.0,,210,28.8,39.0,1015.2,,1,1
2025-02-26 14:00:00,10.0,59,0.0,,210,28.8,43.0,1014.7,,3,2
2025-02-26 15:00:00,9.3,63,0.0,,210,21.6,33.3,1014.1,,8,4
2025-02-26 16:00:00,9.2,68,0.0,,180,18.0,32.0,1013.2,,8,4
2025-02-26 17:00:00,9.0,68,0.0,,180,21.6,32.0,1012.6,,8,4
2025-02-26 18:00:00,7.9,75,0.0,,190,36.0,35.2,1012.4,,8,8
2025-02-26 19:00:00,7.0,84,0.3,,170,25.2,50.0,1011.8,,8,8
2025-02-26 20:00:00,6.8,86,0.6,,160,28.8,39.0,1011.1,,8,8
2025-02-26 21:00:00,6.5,92,0.7,,160,28.8,33.3,1010.3,,8,8
2025-02-26 22:00:00,6.6,95,1.0,,200,21.6,40.0,1010.2,,8,8
2025-02-26 23:00:00,5.4,89,0.3,,280,14.4,36.0,1010.4,,8,8
2025-02-27 00:00:00,4.4,93,0.0,,220,10.8,25.9,1010.7,,7,4
2025-02-27 01:00:00,4.4,96,0.0,,220,14.8,18.0,1010.9,,2,2
2025-02-27 02:00:00,5.3,95,0.0,,240,14.4,22.0,1011.0,,8,4
2025-02-27 03:00:00,5.5,93,0.0,,240,14.4,24.1,1011.0,,8,4
2025-02-27 04:00:00,5.4,95,0.3,,220,10.8,22.0,1011.4,,8,17
2025-02-27 05:00:00,5.6,95,0.0,,230,14.4,18.0,1011.8,,8,8
2025-02-27 06:00:00,5.7,95,0.0,,220,14.4,25.9,1012.1,,8,4
2025-02-27 07:00:00,5.6,91,0.0,,240,14.4,22.0,1012.7,,8,4
2025-02-27 08:00:00,6.3,88,0.0,,230,14.4,22.0,1013.2,,8,4
2025-02-27 09:00:00,7.0,89,0.2,,220,21.6,27.8,1013.8,,8,8
2025-02-27 10:00:00,6.8,84,0.0,,240,21.6,29.0,1014.1,,8,7
2025-02-27 11:00:00,7.5,80,0.0,,240,25.2,32.0,1014.4,,6,3
2025-02-27 12:00:00,6.4,88,0.0,,270,21.6,33.3,1014.5,,8,8
2025-02-27 13:00:00,7.5,80,0.0,,260,25.2,32.0,1014.4,,7,7
2025-02-27 14:00:00,6.7,85,0.0,,260,18.0,40.0,1014.7,,8,7
2025-02-27 15:00:00,7.1,80,0.0,,270,18.0,33.3,1014.7,,8,7
2025-02-27 16:00:00,5.8,90,0.5,,270,18.0,29.0,1014.9,,8,8
2025-02-27 17:00:00,5.6,93,0.3,,250,10.8,18.0,1015.0,,8,8
2025-02-27 18:00:00,5.6,95,0.1,,239,3.6,24.1,1015.9,,8,8
2025-02-27 19:00:00,5.6,93,0.2,,360,18.0,25.0,1017.2,,8,8
2025-02-27 20:00:00,5.1,89,0.0,,350,14.4,25.0,1018.4,,8,17
2025-02-27 21:00:00,5.2,91,0.0,,340,18.0,25.9,1019.2,,8,8
2025-02-27 22:00:00,4.9,93,0.1,,340,14.4,29.0,1019.9,,8,17
2025-02-27 23:00:00,5.0,90,0.0,,340,10.8,22.0,1020.5,,8,8
2025-02-28 00:00:00,5.1,92,0.0,,320,14.4,25.9,1021.1,,8,4
2025-02-28 01:00:00,5.5,88,0.0,,340,21.6,29.0,1021.6,,8,7
2025-02-28 02:00:00,5.5,87,0.0,,350,21.6,32.0,1022.1,,8,7
2025-02-28 03:00:00,5.3,84,0.0,,10,18.0,24.1,1022.7,,8,4
2025-02-28 04:00:00,5.1,84,0.0,,360,18.0,36.0,1023.4,,8,4
2025-02-28 05:00:00,4.9,84,0.0,,360,10.8,25.0,1024.2,,8,4
2025-02-28 06:00:00,4.8,91,0.0,,330,10.8,22.2,1024.5,,8,4
2025-02-28 07:00:00,5.0,93,0.0,,340,7.2,14.0,1025.2,,8,4
2025-02-28 08:00:00,5.7,88,0.0,,360,14.4,22.0,1025.7,,4,3
2025-02-28 09:00:00,6.1,85,0.0,,20,14.4,24.1,1026.5,,8,4
2025-02-28 10:00:00,6.7,80,0.0,,10,14.4,25.0,1027.0,,8,4
2025-02-28 11:00:00,7.1,72,0.0,,10,21.6,29.0,1027.4,,7,4
2025-02-28 12:00:00,7.2,72,0.0,,16,22.0,25.9,1027.4,,6,3
2025-02-28 13:00:00,7.8,72,0.0,,20,18.0,30.0,1027.4,,8,4
2025-02-28 14:00:00,7.0,72,0.0,,31,18.0,25.0,1027.6,,8,4
2025-02-28 15:00:00,6.8,70,0.0,,28,14.0,25.9,1027.7,,8,4
2025-02-28 16:00:00,6.6,69,0.0,,14,14.0,25.0,1027.9,,8,4
2025-02-28 17:00:00,5.8,74,0.0,,28,11.0,22.0,1028.4,,7,4
2025-02-28 18:00:00,4.7,81,0.0,,9,7.0,20.4,1029.1,,5,3
2025-02-28 19:00:00,4.3,84,0.0,,20,11.0,18.0,1029.2,,5,3
2025-02-28 20:00:00,3.4,89,0.0,,350,7.2,18.0,1029.4,,0,1
2025-02-28 21:00:00,2.6,94,0.0,,330,7.2,16.7,1030.0,,0,1
2025-02-28 22:00:00,2.1,97,0.0,,340,7.2,8.0,1030.1,,1,1
2025-02-28 23:00:00,1.4,98,0.0,,330,7.2,7.0,1030.3,,1,1
2025-03-01 00:00:00,2.7,98,0.0,,20,7.2,13.0,1030.4,,7,5
2025-03-01 01:00:00,0.3,99,0.0,,330,10.8,11.0,1030.6,,6,3
2025-03-01 02:00:00,1.3,99,0.0,,340,7.2,11.0,1030.9,,6,3
2025-03-01 03:00:00,0.9,99,0.0,,330,7.2,13.0,1031.1,,8,5
2025-03-01 04:00:00,2.1,100,0.0,,0,0.0,11.0,1031.2,,6,5
2025-03-01 05:00:00,2.1,98,0.0,,10,7.2,7.0,1031.5,,8,4
2025-03-01 06:00:00,3.3,87,0.0,,10,10.8,13.0,1031.8,,8,4
2025-03-01 07:00:00,3.6,94,0.0,,350,7.2,11.0,1032.7,,8,4
2025-03-01 08:00:00,4.9,80,0.0,,20,7.2,18.0,1033.5,,8,4
2025-03-01 09:00:00,5.2,76,0.0,,20,14.4,18.5,1034.2,,8,4
2025-03-01 10:00:00,5.9,71,0.0,,40,14.4,25.0,1034.6,,8,4
2025-03-01 11:00:00,6.7,71,0.0,,350,14.4,22.0,1034.8,,8,4
2025-03-01 12:00:00,7.4,65,0.0,,40,10.8,22.2,1034.7,,6,3
2025-03-01 13:00:00,7.0,67,0.0,,30,10.8,25.0,1034.7,,8,4
2025-03-01 14:00:00,8.0,64,0.0,,70,10.8,22.0,1034.4,,6,3
2025-03-01 15:00:00,7.7,66,0.0,,60,10.8,20.4,1034.4,,6,3
2025-03-01 16:00:00,6.9,67,0.0,,80,10.8,18.0,1034.5,,0,1
2025-03-01 17:00:00,4.9,71,0.0,,60,7.2,18.0,1035.0,,1,1
2025-03-01 18:00:00,5.2,70,0.0,,30,7.2,14.8,1035.5,,0,1
2025-03-01 19:00:00,3.5,78,0.0,,30,3.6,11.0,1035.5,,0,1
2025-03-01 20:00:00,2.6,84,0.0,,80,3.6,7.0,1035.8,,7,4
2025-03-01 21:00:00,1.7,90,0.0,,200,7.2,11.1,1036.3,,8,4
2025-03-01 22:00:00,0.9,93,0.0,,160,7.2,11.0,1036.5,,8,4
2025-03-01 23:00:00,1.4,96,0.0,,270,3.6,7.0,1036.8,,8,4
2025-03-02 00:00:00,0.0,96,0.0,,210,3.6,5.5,1036.4,,8,4
2025-03-02 01:00:00,-1.1,94,0.0,,290,3.6,7.0,1036.3,,8,4
2025-03-02 02:00:00,-1.1,93,0.0,,170,3.6,7.0,1036.1,,8,4
2025-03-02 03:00:00,-1.3,98,0.0,,180,3.6,5.5,1036.1,,2,2
2025-03-02 04:00:00,-0.7,99,0.0,,130,3.6,7.0,1036.2,,0,5
2025-03-02 05:00:00,-1.7,100,0.0,,0,0.0,4.0,1036.0,,0,1
2025-03-02 06:00:00,-2.2,99,0.0,,0,0.0,7.4,1036.0,,0,5
2025-03-02 07:00:00,-2.2,97,0.0,,0,0.0,4.0,1036.3,,1,5
2025-03-02 08:00:00,0.7,97,0.0,,80,3.6,4.0,1036.5,,0,5
2025-03-02 09:00:00,5.4,85,0.0,,150,3.6,9.3,1036.5,,1,1
2025-03-02 10:00:00,7.0,69,0.0,,250,3.6,11.0,1036.1,,2,2
2025-03-02 11:00:00,7.5,66,0.0,,180,7.2,18.0,1035.9,,0,1
2025-03-02 12:00:00,8.2,63,0.0,,190,7.2,11.1,1035.1,,1,1
2025-03-02 13:00:00,8.7,59,0.0,,180,7.6,15.0,1034.6,,0,1
2025-03-02 14:00:00,9.2,55,0.0,,140,3.6,14.0,1034.2,,1,1
2025-03-02 15:00:00,9.2,56,0.0,,270,3.6,13.0,1033.7,,0,1
2025-03-02 16:00:00,7.8,68,0.0,,310,10.8,14.0,1033.1,,1,1
2025-03-02 17:00:00,5.6,78,0.0,,310,10.8,14.0,1032.8,,2,2
2025-03-02 18:00:00,4.5,82,0.0,,330,7.2,9.3,1032.9,,1,1
2025-03-02 19:00:00,3.4,84,0.0,,328,7.0,7.0,1032.7,,0,1
2025-03-02 20:00:00,2.2,93,0.0,,0,0.0,7.0,1032.5,,1,1
2025-03-02 21:00:00,1.2,99,0.0,,0,0.0,5.5,1032.4,,0,1
2025-03-02 22:00:00,0.9,98,0.0,,0,0.0,4.0,1032.2,,0,1
2025-03-02 23:00:00,-0.4,98,0.0,,0,0.0,4.0,1031.8,,0,1
2025-03-03 00:00:00,-0.4,100,0.0,,200,3.6,5.5,1031.4,,0,5
2025-03-03 01:00:00,-1.3,100,0.0,,240,3.6,7.0,1031.2,,0,5
2025-03-03 02:00:00,-2.1,100,0.0,,0,0.0,4.0,1030.7,,0,5
2025-03-03 03:00:00,-2.3,98,0.0,,140,3.6,7.4,1030.1,,0,5
2025-03-03 04:00:00,-2.4,99,0.0,,0,0.0,7.0,1030.1,,0,1
2025-03-03 05:00:00,-3.0,98,0.0,,150,3.6,4.0,1030.2,,0,5
2025-03-03 06:00:00,-4.2,96,0.0,,160,3.6,7.4,1030.3,,0,5
2025-03-03 07:00:00,-1.8,98,0.0,,120,3.6,7.0,1030.5,,1,5
2025-03-03 08:00:00,1.0,96,0.1,,160,3.6,7.0,1030.6,,0,1
2025-03-03 09:00:00,4.5,84,0.0,,180,7.2,11.1,1030.6,,1,1
2025-03-03 10:00:00,6.8,71,0.0,,240,7.2,11.0,1030.8,,1,1
2025-03-03 11:00:00,7.6,68,0.0,,290,7.2,14.0,1031.0,,0,1
2025-03-03 12:00:00,8.6,65,0.0,,280,7.2,16.7,1030.4,,0,1
2025-03-03 13:00:00,9.7,58,0.0,,220,7.2,15.0,1029.7,,2,2
2025-03-03 14:00:00,10.0,56,0.0,,310,7.2,14.0,1029.2,,1,1
2025-03-03 15:00:00,9.3,61,0.0,,270,7.2,14.8,1028.7,,8,4
2025-03-03 16:00:00,8.3,60,0.0,,280,7.2,14.0,1028.3,,6,3
2025-03-03 17:00:00,6.1,71,0.0,,310,10.8,14.0,1028.5,,8,4
2025-03-03 18:00:00,5.7,72,0.0,,280,7.2,11.1,1028.5,,8,4
2025-03-03 19:00:00,2.7,85,0.0,,310,7.2,11.0,1028.8,,8,4
2025-03-03 20:00:00,2.9,93,0.0,,270,3.6,11.0,1028.8,,8,4
2025-03-03 21:00:00,1.6,100,0.0,,320,3.6,5.5,1029.0,,8,4
2025-03-03 22:00:00,0.6,99,0.0,,340,3.6,7.0,1028.6,,8,5
2025-03-03 23:00:00,0.3,99,0.0,,50,3.6,4.0,1028.3,,8,5
2025-03-04 00:00:00,-1.0,99,0.0,,170,3.6,5.5,1028.1,,8,5
2025-03-04 01:00:00,-3.2,96,0.0,,170,3.6,7.0,1027.8,,8,5
2025-03-04 02:00:00,-1.9,100,0.0,,210,3.6,7.0,1027.8,,8,5
2025-03-04 03:00:00,-2.4,99,0.0,,200,3.6,7.4,1027.5,,8,21
2025-03-04 04:00:00,-2.4,98,0.0,,200,3.6,7.0,1027.5,,8,5
2025-03-04 05:00:00,-2.8,97,0.0,,0,0.0,4.0,1027.5,,8,5
2025-03-04 06:00:00,-2.7,98,0.0,,150,3.6,11.1,1027.2,,8,5
2025-03-04 07:00:00,-2.2,96,0.0,,160,7.2,7.0,1027.4,,8,5
2025-03-04 08:00:00,0.9,96,0.0,,160,3.6,7.0,1027.2,,8,4
2025-03-04 09:00:00,5.0,83,0.0,,190,7.2,14.8,1027.2,,8,4
2025-03-04 10:00:00,7.4,69,0.0,,240,7.2,14.0,1027.8,,0,1
2025-03-04 11:00:00,9.0,61,0.0,,280,7.2,14.0,1027.7,,0,1
2025-03-04 12:00:00,10.3,56,0.0,,250,7.2,16.7,1027.4,,1,1
2025-03-04 13:00:00,11.1,58,0.0,,270,7.2,18.0,1026.8,,1,1
2025-03-04 14:00:00,11.2,59,0.0,,300,7.2,18.0,1026.6,,0,1
2025-03-04 15:00:00,11.2,57,0.0,,180,7.2,20.4,1025.7,,0,1
2025-03-04 16:00:00,11.0,48,0.0,,210,10.8,11.0,1025.3,,0,1
2025-03-04 17:00:00,8.7,68,0.0,,170,14.4,18.0,1024.4,,2,2
2025-03-04 18:00:00,6.9,72,0.0,,180,10.8,14.8,1024.3,,1,1
2025-03-04 19:00:00,4.0,74,0.0,,190,14.4,22.0,1024.3,,1,1
2025-03-04 20:00:00,3.2,77,0.0,,190,10.8,14.0,1024.5,,1,1
2025-03-04 21:00:00,3.4,79,0.0,,250,7.2,11.1,1024.7,,0,1
2025-03-04 22:00:00,2.5,88,0.0,,310,3.6,14.0,1025.3,,1,1
2025-03-04 23:00:00,2.2,90,0.0,,0,0.0,4.0,1025.5,,1,1
2025-03-05 00:00:00,1.8,92,0.0,,160,7.2,11.1,1024.7,,0,1
2025-03-05 01:00:00,0.2,92,0.0,,190,3.6,14.0,1024.1,,1,1
2025-03-05 02:00:00,0.4,90,0.0,,170,10.8,11.0,1023.9,,0,1
2025-03-05 03:00:00,-0.3,89,0.0,,190,14.4,13.0,1023.4,,2,2
2025-03-05 04:00:00,0.0,88,0.0,,180,10.8,18.0,1023.2,,0,1
2025-03-05 05:00:00,2.4,86,0.0,,200,14.4,22.0,1022.8,,0,1
2025-03-05 06:00:00,0.8,89,0.0,,190,14.4,16.7,1023.0,,1,1
2025-03-05 07:00:00,1.7,88,0.0,,190,14.4,18.0,1023.4,,8,4
2025-03-05 08:00:00,5.3,81,0.0,,190,14.4,22.0,1023.7,,0,1
2025-03-05 09:00:00,8.5,68,0.0,,210,18.0,22.2,1023.7,,6,3
2025-03-05 10:00:00,10.5,60,0.0,,215,21.6,29.0,1023.9,,8,4
2025-03-05 11:00:00,12.5,50,0.0,,219,21.6,29.0,1023.8,,8,4
2025-03-05 12:00:00,13.7,46,0.0,,244,18.0,27.8,1023.3,,6,3
2025-03-05 13:00:00,13.6,48,0.0,,250,21.6,32.0,1022.7,,7,4
2025-03-05 14:00:00,13.6,47,0.0,,254,18.0,29.0,1022.3,,7,4
2025-03-05 15:00:00,13.1,49,0.0,,262,18.0,25.9,1022.0,,2,2
2025-03-05 16:00:00,12.5,52,0.0,,254,10.8,22.0,1021.5,,0,1
2025-03-05 17:00:00,9.0,64,0.0,,290,10.8,18.0,1021.6,,1,1
2025-03-05 18:00:00,8.2,62,0.0,,274,7.2,14.8,1021.7,,1,1
2025-03-05 19:00:00,6.6,70,0.0,,288,7.2,11.0,1021.5,,1,1
2025-03-05 20:00:00,5.0,76,0.0,,334,3.6,7.0,1021.4,,4,3
2025-03-05 21:00:00,3.0,82,0.0,,140,3.6,11.1,1021.4,,1,1
2025-03-05 22:00:00,3.1,87,0.0,,142,3.6,4.0,1021.1,,1,1
2025-03-05 23:00:00,2.7,87,0.0,,139,7.2,7.0,1020.8,,1,1
2025-03-06 00:00:00,3.2,82,0.0,,146,10.8,11.1,1020.1,,0,1
2025-03-06 01:00:00,2.5,85,0.0,,156,7.2,11.0,1019.6,,0,1
2025-03-06 02:00:00,3.5,82,0.0,,169,7.2,11.0,1019.1,,0,1
2025-03-06 03:00:00,1.2,87,0.0,,180,7.2,11.1,1018.9,,1,1
2025-03-06 04:00:00,1.5,90,0.0,,166,3.6,7.0,1018.4,,0,1
2025-03-06 05:00:00,2.0,85,0.0,,151,7.2,11.0,1018.1,,1,1
2025-03-06 06:00:00,2.0,88,0.0,,166,10.8,14.8,1017.9,,2,2
2025-03-06 07:00:00,2.2,90,0.0,,165,10.8,14.0,1017.9,,0,1
2025-03-06 08:00:00,5.5,83,0.0,,163,10.8,14.0,1018.0,,0,1
2025-03-06 09:00:00,8.6,73,0.0,,170,14.4,18.5,1018.1,,0,1
2025-03-06 10:00:00,11.8,62,0.0,,190,10.8,18.0,1017.7,,0,1
2025-03-06 11:00:00,14.4,57,0.0,,170,10.8,18.0,1017.3,,0,1
2025-03-06 12:00:00,14.4,59,0.0,,170,14.4,24.1,1017.2,,5,3
2025-03-06 13:00:00,16.0,50,0.0,,190,14.4,22.0,1016.5,,8,4
2025-03-06 14:00:00,16.5,46,0.0,,190,14.4,22.0,1016.2,,8,4
2025-03-06 15:00:00,16.4,48,0.0,,160,21.6,25.9,1015.7,,6,3
2025-03-06 16:00:00,16.0,47,0.0,,170,14.4,25.0,1015.3,,1,1
2025-03-06 17:00:00,13.4,57,0.0,,190,14.4,22.0,1015.4,,2,2
2025-03-06 18:00:00,9.7,62,0.0,,200,7.2,22.2,1015.5,,5,3
2025-03-06 19:00:00,9.0,66,0.0,,140,7.2,11.0,1015.6,,5,3
2025-03-06 20:00:00,7.7,70,0.0,,160,3.6,11.0,1015.9,,4,3
2025-03-06 21:00:00,8.5,61,0.0,,160,14.4,18.5,1015.9,,0,1
2025-03-06 22:00:00,7.8,60,0.0,,160,10.8,18.0,1015.8,,0,1
2025-03-06 23:00:00,5.8,67,0.0,,170,7.2,14.0,1015.7,,0,1
2025-03-07 00:00:00,7.1,63,0.0,,170,7.2,16.7,1015.8,,0,1
2025-03-07 01:00:00,6.1,68,0.0,,170,7.2,11.0,1015.6,,0,1
2025-03-07 02:00:00,6.1,68,0.0,,170,10.8,14.0,1015.6,,0,1
2025-03-07 03:00:00,5.5,72,0.0,,160,10.8,16.7,1015.5,,0,1
2025-03-07 04:00:00,5.2,74,0.0,,150,10.8,14.0,1015.6,,0,1
2025-03-07 05:00:00,4.7,77,0.0,,150,10.8,14.0,1015.8,,0,1
2025-03-07 06:00:00,4.3,77,0.0,,150,10.8,16.7,1016.0,,0,1
2025-03-07 07:00:00,6.3,74,0.0,,160,10.8,14.0,1016.3,,7,4
2025-03-07 08:00:00,8.2,67,0.0,,160,10.8,18.0,1016.6,,0,1
2025-03-07 09:00:00,10.7,63,0.0,,160,14.4,20.4,1016.8,,0,1
2025-03-07 10:00:00,13.1,60,0.0,,170,14.4,22.0,1016.8,,0,1
2025-03-07 11:00:00,14.9,55,0.0,,160,10.8,18.0,1016.5,,0,1
2025-03-07 12:00:00,16.2,54,0.0,,170,18.0,25.9,1016.2,,0,1
2025-03-07 13:00:00,17.8,49,0.0,,160,14.4,22.0,1015.6,,0,1
2025-03-07 14:00:00,17.8,50,0.0,,180,14.4,25.0,1015.2,,0,1
2025-03-07 15:00:00,17.4,49,0.0,,180,18.0,24.1,1015.3,,0,1
2025-03-07 16:00:00,16.5,53,0.0,,180,14.4,22.0,1015.1,,0,1
2025-03-07 17:00:00,14.2,61,0.0,,170,10.8,18.0,1015.2,,6,3
2025-03-07 18:00:00,13.7,61,0.0,,140,7.2,18.5,1015.3,,0,1
2025-03-07 19:00:00,10.7,74,0.0,,110,7.2,7.0,1015.6,,0,1
2025-03-07 20:00:00,9.0,80,0.0,,110,7.2,11.0,1015.6,,8,4
2025-03-07 21:00:00,6.9,85,0.0,,100,10.8,14.8,1015.6,,8,4
2025-03-07 22:00:00,6.4,86,0.0,,90,7.2,11.0,1015.6,,3,2
2025-03-07 23:00:00,9.4,71,0.0,,120,14.4,18.0,1015.6,,6,3
2025-03-08 00:00:00,6.2,80,0.0,,110,10.8,14.8,1015.4,,1,1
2025-03-08 01:00:00,8.6,68,0.0,,120,18.0,22.0,1015.3,,0,1
2025-03-08 02:00:00,9.5,63,0.0,,120,18.0,22.0,1015.0,,0,1
2025-03-08 03:00:00,6.5,71,0.0,,100,7.2,13.0,1014.9,,0,1
2025-03-08 04:00:00,5.4,75,0.0,,100,10.8,14.0,1014.6,,0,1
2025-03-08 05:00:00,5.9,71,0.0,,110,10.8,14.0,1014.5,,0,1
2025-03-08 06:00:00,6.7,68,0.0,,110,10.8,14.8,1014.4,,0,1
2025-03-08 07:00:00,7.9,66,0.0,,110,10.8,18.0,1014.2,,0,1
2025-03-08 08:00:00,11.2,56,0.0,,120,14.4,18.0,1014.3,,0,1
2025-03-08 09:00:00,12.9,54,0.0,,120,14.4,18.5,1014.4,,0,1
2025-03-08 10:00:00,14.9,49,0.0,,120,18.0,22.0,1014.1,,0,1
2025-03-08 11:00:00,16.6,43,0.0,,120,18.0,22.0,1013.8,,0,1
2025-03-08 12:00:00,17.9,39,0.0,,130,14.4,25.9,1013.0,,0,1
2025-03-08 13:00:00,18.7,34,0.0,,110,18.0,29.0,1012.0,,0,1
2025-03-08 14:00:00,19.2,24,0.0,,130,21.6,29.0,1011.2,,0,1
2025-03-08 15:00:00,19.1,28,0.0,,120,18.0,27.8,1010.6,,0,1
2025-03-08 16:00:00,18.3,27,0.0,,130,18.0,32.0,1010.1,,0,1
2025-03-08 17:00:00,15.8,35,0.0,,120,14.4,25.0,1010.0,,0,1
2025-03-08 18:00:00,14.2,36,0.0,,70,7.2,24.1,1010.0,,0,1
2025-03-08 19:00:00,11.3,46,0.0,,80,10.8,14.0,1010.1,,0,1
2025-03-08 20:00:00,10.8,57,0.0,,70,10.8,18.0,1009.9,,0,1
2025-03-08 21:00:00,12.1,52,0.0,,80,18.0,22.2,1010.0,,0,1
2025-03-08 22:00:00,11.1,54,0.0,,80,18.0,25.0,1009.8,,5,3
2025-03-08 23:00:00,10.7,55,0.0,,90,18.0,22.0,1009.3,,0,1
2025-03-09 00:00:00,9.6,59,0.0,,100,14.4,20.4,1009.0,,0,1
2025-03-09 01:00:00,8.4,63,0.0,,100,10.8,18.0,1008.7,,0,1
2025-03-09 02:00:00,7.7,65,0.0,,100,10.8,14.0,1008.3,,8,4
2025-03-09 03:00:00,6.7,68,0.0,,90,7.2,14.8,1007.9,,8,4
2025-03-09 04:00:00,7.0,68,0.0,,90,7.2,14.0,1007.6,,6,3
2025-03-09 05:00:00,6.2,71,0.0,,70,7.2,11.0,1007.3,,1,1
2025-03-09 06:00:00,4.6,76,0.0,,60,7.2,14.8,1007.3,,0,1
2025-03-09 07:00:00,6.5,74,0.0,,80,10.8,14.0,1007.2,,0,1
2025-03-09 08:00:00,9.4,68,0.0,,80,7.2,14.0,1007.3,,0,1
2025-03-09 09:00:00,11.7,58,0.0,,80,7.2,18.5,1007.3,,8,4
2025-03-09 10:00:00,13.8,52,0.0,,100,7.2,14.0,1007.0,,0,1
2025-03-09 11:00:00,15.3,48,0.0,,70,10.8,14.0,1006.5,,2,2
2025-03-09 12:00:00,15.9,47,0.0,,90,18.0,20.4,1005.9,,4,3
2025-03-09 13:00:00,16.4,49,0.0,,60,10.8,22.0,1005.3,,8,4
2025-03-09 14:00:00,16.4,50,0.0,,60,14.4,22.0,1004.6,,8,4
2025-03-09 15:00:00,17.1,45,0.0,,50,14.4,24.1,1004.1,,8,4
2025-03-09 16:00:00,17.1,44,0.0,,60,14.4,18.0,1003.6,,8,4
2025-03-09 17:00:00,14.0,53,0.0,,50,10.8,18.0,1003.6,,3,2
2025-03-09 18:00:00,11.7,60,0.0,,60,10.8,22.2,1003.4,,4,3
2025-03-09 19:00:00,10.3,64,0.0,,50,10.8,14.0,1003.4,,0,1
2025-03-09 20:00:00,10.0,65,0.0,,60,7.2,14.0,1003.4,,0,1
2025-03-09 21:00:00,8.2,71,0.0,,50,10.8,20.4,1003.4,,0,1
2025-03-09 22:00:00,7.4,73,0.0,,50,10.8,14.0,1003.6,,0,1
2025-03-09 23:00:00,7.2,74,0.0,,40,7.2,11.0,1003.3,,0,1
2025-03-10 00:00:00,6.1,80,0.0,,50,3.6,16.7,1003.1,,4,3
2025-03-10 01:00:00,5.5,84,0.0,,50,7.2,11.0,1002.6,,1,1
2025-03-10 02:00:00,4.1,86,0.0,,10,3.6,7.0,1002.3,,0,1
2025-03-10 03:00:00,3.0,89,0.0,,30,3.6,14.8,1001.9,,8,4
2025-03-10 04:00:00,4.2,89,0.0,,0,0.0,4.0,1001.7,,1,1
2025-03-10 05:00:00,4.4,89,0.0,,20,3.6,8.0,1001.6,,1,1
2025-03-10 06:00:00,4.5,94,0.0,,0,0.0,14.8,1001.9,,6,3
2025-03-10 07:00:00,5.2,92,0.0,,20,3.6,7.0,1002.4,,8,4
2025-03-10 08:00:00,7.9,84,0.0,,40,10.8,18.0,1002.5,,8,4
2025-03-10 09:00:00,10.9,68,0.0,,50,14.8,20.4,1002.5,,8,4
2025-03-10 10:00:00,13.1,56,0.0,,60,10.8,18.0,1002.8,,8,4
2025-03-10 11:00:00,14.0,54,0.0,,50,18.0,22.0,1002.9,,8,4
2025-03-10 12:00:00,14.5,48,0.0,,60,14.4,24.1,1002.8,,8,4
2025-03-10 13:00:00,15.1,47,0.0,,50,14.4,22.0,1002.5,,2,2
2025-03-10 14:00:00,15.3,40,0.0,,40,14.4,25.0,1002.4,,2,2
2025-03-10 15:00:00,15.0,42,0.0,,50,14.4,25.9,1002.4,,8,4
2025-03-10 16:00:00,13.8,47,0.0,,30,14.4,22.0,1002.4,,8,4
2025-03-10 17:00:00,12.5,54,0.0,,30,14.4,22.0,1002.9,,8,4
2025-03-10 18:00:00,10.5,69,0.0,,20,14.4,25.9,1003.6,,8,4
2025-03-10 19:00:00,8.8,65,0.0,,10,14.4,22.0,1004.1,,8,4
2025-03-10 20:00:00,8.0,69,0.0,,10,14.4,25.0,1004.1,,8,4
2025-03-10 21:00:00,7.4,74,0.0,,20,10.8,22.2,1004.2,,8,4
2025-03-10 22:00:00,7.0,76,0.0,,20,10.8,18.0,1004.3,,8,4
2025-03-10 23:00:00,5.9,80,0.0,,350,10.8,18.0,1004.3,,8,4
2025-03-11 00:00:00,4.2,89,0.0,,330,10.8,16.7,1004.5,,8,4
2025-03-11 01:00:00,5.4,93,0.0,,360,10.8,18.0,1004.7,,8,4
2025-03-11 02:00:00,5.2,94,0.0,,360,10.8,22.0,1004.5,,8,4
2025-03-11 03:00:00,5.2,95,0.0,,350,10.8,20.4,1004.2,,8,4
2025-03-11 04:00:00,5.4,97,0.0,,360,18.0,29.0,1004.1,,8,4
2025-03-11 05:00:00,6.0,90,0.0,,360,10.8,29.0,1004.2,,8,4
2025-03-11 06:00:00,6.3,83,0.0,,350,18.0,27.8,1004.2,,8,4
2025-03-11 07:00:00,6.2,83,0.0,,340,14.4,25.0,1004.3,,8,4
2025-03-11 08:00:00,6.3,82,0.0,,340,18.0,25.0,1004.5,,8,4
2025-03-11 09:00:00,6.7,78,0.0,,350,14.4,27.8,1004.7,,8,4
2025-03-11 10:00:00,7.0,66,0.0,,350,21.6,29.0,1004.7,,8,4
2025-03-11 11:00:00,7.2,66,0.0,,330,18.0,29.0,1004.7,,8,4
2025-03-11 12:00:00,7.8,61,0.0,,330,25.2,31.5,1004.5,,8,4
2025-03-11 13:00:00,8.0,60,0.0,,320,25.2,31.0,1004.1,,6,3
2025-03-11 14:00:00,7.0,66,0.0,,330,25.2,36.0,1003.8,,8,4
2025-03-11 15:00:00,7.3,64,0.0,,310,25.2,37.0,1003.4,,6,3
2025-03-11 16:00:00,6.4,71,0.0,,330,21.6,32.0,1003.5,,8,4
2025-03-11 17:00:00,5.3,78,0.0,,340,21.6,36.0,1003.6,,7,17
2025-03-11 18:00:00,5.5,76,0.0,,330,18.0,27.8,1003.5,,8,8
2025-03-11 19:00:00,4.0,81,0.0,,310,7.2,25.0,1003.3,,8,4
2025-03-11 20:00:00,2.9,84,0.0,,290,7.2,14.0,1003.3,,8,4
2025-03-11 21:00:00,2.7,83,0.0,,300,10.8,20.4,1003.1,,6,3
2025-03-11 22:00:00,2.1,88,0.0,,300,10.8,14.0,1002.9,,1,1
2025-03-11 23:00:00,2.0,88,0.0,,300,10.8,11.0,1002.6,,1,1
2025-03-12 00:00:00,1.1,93,0.0,,270,7.2,14.8,1002.2,,8,4
2025-03-12 01:00:00,2.5,93,0.0,,280,7.2,11.0,1001.9,,8,4
2025-03-12 02:00:00,3.1,93,0.0,,300,14.4,22.0,1001.5,,8,17
2025-03-12 03:00:00,3.6,92,0.0,,250,7.2,14.8,1000.9,,8,8
2025-03-12 04:00:00,3.6,92,0.0,,240,10.8,14.0,1000.6,,8,4
2025-03-12 05:00:00,3.4,89,0.1,,300,10.8,29.0,1000.6,,8,8
2025-03-12 06:00:00,3.0,89,0.0,,250,7.2,18.5,1000.6,,4,3
2025-03-12 07:00:00,3.4,90,0.0,,250,11.2,15.0,1000.7,,4,3
2025-03-12 08:00:00,5.9,83,0.0,,260,14.4,18.0,1000.6,,8,4
2025-03-12 09:00:00,5.7,79,0.3,,311,21.6,25.9,1000.5,,4,4
2025-03-12 10:00:00,5.9,74,0.0,,290,21.6,27.8,1000.5,,4,4
2025-03-12 11:00:00,7.0,65,0.0,,280,21.6,29.6,1000.4,,4,4
2025-03-12 12:00:00,7.9,62,0.0,,300,21.6,31.5,1000.1,,5,4
2025-03-12 13:00:00,8.1,60,0.0,,280,21.6,31.5,1000.0,,7,4
2025-03-12 14:00:00,8.9,59,0.0,,300,18.0,31.5,999.9,,4,4
2025-03-12 15:00:00,6.4,68,0.0,,300,18.0,29.6,1000.1,,3,4
2025-03-12 16:00:00,5.9,78,0.0,,270,18.0,25.9,1000.0,,7,4
2025-03-12 17:00:00,5.3,82,1.0,,300,7.2,24.1,1000.1,,8,4
2025-03-12 18:00:00,3.0,84,0.0,,290,10.8,20.4,1000.2,,6,4
2025-03-12 19:00:00,2.6,90,0.0,,270,10.8,16.7,1000.4,,1,4
2025-03-12 20:00:00,2.0,90,0.0,,300,3.6,14.8,1000.4,,1,4
2025-03-12 21:00:00,2.4,95,0.0,,294,5.5,13.0,1000.1,,5,4
2025-03-12 22:00:00,0.9,95,0.0,,290,3.6,11.1,1000.1,,5,4
2025-03-12 23:00:00,0.9,100,0.0,,0,0.0,9.3,1000.0,,5,4
2025-03-13 00:00:00,0.4,100,0.0,,0,0.0,9.3,999.8,,6,4
2025-03-13 01:00:00,2.0,98,0.0,,300,3.6,7.4,999.7,,8,4
2025-03-13 02:00:00,2.4,98,0.0,,320,3.6,7.4,999.5,,8,4
2025-03-13 03:00:00,2.6,95,0.0,,320,3.6,7.4,999.0,,8,4
2025-03-13 04:00:00,1.5,99,0.0,,320,3.6,9.3,998.9,,3,4
2025-03-13 05:00:00,0.7,97,0.0,,310,3.6,9.3,999.0,,2,4
2025-03-13 06:00:00,0.0,99,0.0,,310,3.6,11.1,999.2,,5,4
2025-03-13 07:00:00,0.7,96,0.0,,310,7.2,11.1,999.4,,6,4
2025-03-13 08:00:00,3.8,88,0.0,,320,7.2,14.8,999.8,,6,4
2025-03-13 09:00:00,4.8,83,0.0,,350,14.4,18.5,1000.0,,8,4
2025-03-13 10:00:00,5.9,76,0.0,,20,10.8,22.2,1000.1,,5,4
2025-03-13 11:00:00,5.9,73,0.0,,30,10.8,24.1,1000.2,,5,4
2025-03-13 12:00:00,5.3,80,0.0,,50,14.4,25.9,1000.6,,8,4
2025-03-13 13:00:00,6.0,70,0.0,,30,18.0,25.9,1000.5,,8,4
2025-03-13 14:00:00,6.6,63,0.0,,20,14.4,27.8,1000.6,,8,4
2025-03-13 15:00:00,6.0,66,0.0,,350,21.6,29.6,1001.0,,6,4
2025-03-13 16:00:00,6.0,64,0.0,,20,14.4,27.8,1001.6,,4,4
2025-03-13 17:00:00,5.0,70,0.0,,10,18.0,27.8,1002.0,,3,4
2025-03-13 18:00:00,3.6,72,0.0,,10,14.4,25.9,1002.8,,3,4
2025-03-13 19:00:00,2.7,81,0.0,,340,14.4,24.1,1003.5,,3,4
2025-03-13 20:00:00,1.6,85,0.0,,340,7.2,24.1,1004.0,,6,4
2025-03-13 21:00:00,1.6,84,0.0,,10,3.6,22.2,1004.2,,8,4
2025-03-13 22:00:00,1.1,84,0.0,,330,3.6,20.4,1004.5,,8,4
2025-03-13 23:00:00,2.3,79,0.0,,350,7.2,18.5,1004.7,,8,4
2025-03-14 00:00:00,0.0,88,0.0,,330,10.8,14.8,1004.9,,2,4
2025-03-14 01:00:00,1.0,86,0.0,,330,3.6,13.0,1005.2,,7,4
2025-03-14 02:00:00,0.9,90,0.0,,330,7.2,11.1,1005.3,,8,4
2025-03-14 03:00:00,0.7,91,0.0,,330,3.6,9.3,1005.3,,8,4
2025-03-14 04:00:00,0.6,90,0.0,,330,3.6,11.1,1005.7,,8,4
2025-03-14 05:00:00,0.7,91,0.0,,340,3.6,13.0,1006.2,,8,4
2025-03-14 06:00:00,1.4,88,0.0,,360,7.2,13.0,1006.8,,8,4
2025-03-14 07:00:00,1.7,90,0.0,,20,7.2,13.0,1007.7,,8,4
2025-03-14 08:00:00,3.3,82,0.0,,40,7.2,18.5,1008.3,,6,4
2025-03-14 09:00:00,4.1,77,0.0,,40,10.8,20.4,1008.8,,4,4
2025-03-14 10:00:00,5.2,64,0.0,,70,14.4,22.2,1009.3,,4,4
2025-03-14 11:00:00,6.2,62,0.0,,30,14.4,25.9,1009.9,,7,4
2025-03-14 12:00:00,6.9,53,0.0,,30,14.4,27.8,1010.4,,2,4
2025-03-14 13:00:00,6.9,56,0.0,,30,14.4,29.6,1010.8,,8,4
2025-03-14 14:00:00,5.6,58,0.0,,10,21.6,31.5,1011.4,,8,4
2025-03-14 15:00:00,6.9,50,0.0,,20,21.6,31.5,1011.8,,1,4
2025-03-14 16:00:00,5.7,50,0.0,,20,25.2,31.5,1012.5,,6,4
2025-03-14 17:00:00,4.9,54,0.0,,20,21.6,31.5,1013.3,,6,4
2025-03-14 18:00:00,3.5,60,0.0,,20,21.6,29.6,1014.0,,6,4
2025-03-14 19:00:00,2.8,64,0.0,,20,14.4,29.6,1014.7,,5,4
2025-03-14 20:00:00,2.5,67,0.0,,30,21.6,29.6,1015.5,,5,4
2025-03-14 21:00:00,2.2,68,0.0,,30,21.6,27.8,1016.3,,5,4
2025-03-14 22:00:00,2.3,66,0.0,,30,18.0,27.8,1016.7,,5,4
2025-03-14 23:00:00,2.1,64,0.0,,30,18.0,25.9,1017.1,,5,4
2025-03-15 00:00:00,1.3,69,,,30,14.4,24.1,1017.6,,4,4
2025-03-15 01:00:00,2.2,68,0.0,,20,14.4,22.2,1017.9,,8,4
2025-03-15 02:00:00,2.6,71,0.0,,20,14.4,22.2,1017.8,,8,4
2025-03-15 03:00:00,2.8,71,0.1,,60,25.2,22.2,1018.0,,8,4
2025-03-15 04:00:00,3.1,58,0.0,,50,21.6,20.4,1018.5,,8,4
2025-03-15 05:00:00,2.2,60,0.0,,40,18.0,20.4,1019.2,,4,2
2025-03-15 06:00:00,1.8,62,0.0,,30,21.6,24.1,1019.9,,1,4
2025-03-15 07:00:00,2.3,71,0.0,,50,14.4,25.9,1020.6,,4,4
2025-03-15 08:00:00,3.4,75,0.0,,50,21.6,29.6,1021.1,,5,4
2025-03-15 09:00:00,4.6,70,0.0,,50,25.9,31.5,1021.5,,5,4
2025-03-15 10:00:00,4.9,67,0.0,,60,28.8,33.3,1021.7,,1,4
2025-03-15 11:00:00,6.0,63,0.0,,50,21.6,33.3,1021.7,,1,4
2025-03-15 12:00:00,5.8,61,0.0,,60,21.6,35.2,1021.5,,2,4
2025-03-15 13:00:00,6.5,61,0.0,,30,21.6,35.2,1021.3,,5,4
2025-03-15 14:00:00,7.4,58,0.0,,30,21.6,37.0,1021.0,,1,4
2025-03-15 15:00:00,7.2,55,0.0,,50,21.6,37.0,1020.9,,6,4
2025-03-15 16:00:00,6.6,53,0.0,,30,25.2,35.2,1020.9,,2,4
2025-03-15 17:00:00,5.5,58,0.0,,30,21.6,35.2,1021.2,,3,4
2025-03-15 18:00:00,4.4,66,0.0,,30,21.6,35.2,1021.7,,3,1
2025-03-15 19:00:00,3.5,71,0.0,,30,18.0,33.3,1022.2,,3,1
2025-03-15 20:00:00,3.0,77,0.0,,30,18.0,33.3,1022.4,,3,4
2025-03-15 21:00:00,2.4,82,0.0,,40,14.4,31.5,1022.7,,3,4
2025-03-15 22:00:00,2.3,82,0.0,,40,18.0,29.6,1022.8,,3,4
2025-03-15 23:00:00,1.7,83,0.0,,40,14.4,27.8,1022.9,,3,4
2025-03-16 00:00:00,1.1,86,0.0,,30,10.8,24.1,1022.7,,3,1
2025-03-16 01:00:00,1.0,88,0.0,,40,10.8,24.1,1022.7,,3,1
2025-03-16 02:00:00,1.1,87,0.0,,40,10.8,20.4,1022.7,,3,1
2025-03-16 03:00:00,0.0,91,0.0,,30,7.2,20.4,1022.4,,3,1
2025-03-16 04:00:00,1.1,90,0.0,,30,14.4,20.4,1022.7,,3,1
2025-03-16 05:00:00,1.5,87,0.0,,50,14.4,18.5,1022.9,,3,1
2025-03-16 06:00:00,0.4,90,0.0,,30,10.8,20.4,1023.2,,3,2
2025-03-16 07:00:00,2.1,87,0.0,,30,10.8,22.2,1023.6,,3,2
2025-03-16 08:00:00,4.3,79,0.0,,40,10.8,24.1,1024.0,,3,2
2025-03-16 09:00:00,5.0,75,0.0,,40,14.4,25.9,1024.2,,4,2
2025-03-16 10:00:00,6.8,57,0.0,,40,18.0,27.8,1024.4,,4,2
2025-03-16 11:00:00,7.6,57,0.0,,40,18.0,27.8,1024.2,,4,2
2025-03-16 12:00:00,7.9,57,0.0,,40,14.8,29.6,1024.1,,4,2
2025-03-16 13:00:00,7.6,56,0.0,,30,14.4,29.6,1023.7,,1,2
2025-03-16 14:00:00,7.7,60,0.0,,20,18.0,29.6,1023.6,,7,2
2025-03-16 15:00:00,7.5,64,0.0,,340,21.6,29.6,1023.4,,8,2
2025-03-16 16:00:00,7.0,66,0.0,,360,18.0,27.8,1023.3,,8,2
2025-03-16 17:00:00,6.8,66,0.0,,10,14.4,27.8,1023.7,,4,2
2025-03-16 18:00:00,6.6,71,,,10,10.8,24.1,1024.2,,8,2
2025-03-16 19:00:00,6.0,79,0.0,,350,14.4,24.1,1024.9,,8,2
2025-03-16 20:00:00,5.8,88,0.0,,350,10.8,22.2,1025.2,,8,2
2025-03-16 21:00:00,5.5,93,0.0,,340,10.8,20.4,1025.4,,8,2
2025-03-16 22:00:00,5.8,90,0.0,,340,7.2,18.5,1025.5,,8,2
2025-03-16 23:00:00,6.2,75,0.0,,360,10.8,18.5,1026.1,,8,4
2025-03-17 00:00:00,5.8,74,0.0,,20,14.4,16.7,1026.5,,8,4
2025-03-17 01:00:00,5.4,71,0.0,,20,14.4,14.8,1026.8,,8,4
2025-03-17 02:00:00,5.3,69,0.0,,50,14.4,14.8,1026.9,,8,4
2025-03-17 03:00:00,5.2,73,0.0,,30,10.8,14.8,1026.7,,8,4
2025-03-17 04:00:00,5.1,78,0.0,,20,10.8,16.7,1027.1,,8,4
2025-03-17 05:00:00,5.4,80,0.0,,60,14.4,14.8,1027.5,,8,4
2025-03-17 06:00:00,4.9,74,,,80,18.0,14.8,1027.9,,8,4
2025-03-17 07:00:00,5.0,78,0.0,,80,14.4,16.7,1028.6,,8,4
2025-03-17 08:00:00,5.1,77,0.0,,60,18.0,18.5,1029.4,,8,4
2025-03-17 09:00:00,6.1,68,0.0,,60,18.0,18.5,1029.8,,1,4
2025-03-17 10:00:00,6.8,65,0.0,,60,21.6,20.4,1030.1,,5,4
2025-03-17 11:00:00,8.2,58,0.0,,70,18.0,22.2,1030.2,,5,4
2025-03-17 12:00:00,8.7,54,,,70,25.2,27.8,1030.2,,7,4
2025-03-17 13:00:00,8.9,46,0.0,,70,21.6,27.8,1029.8,,5,3
2025-03-17 14:00:00,9.6,41,0.0,,70,21.6,27.8,1029.4,,1,2
2025-03-17 15:00:00,9.1,40,0.0,,60,25.2,27.8,1029.4,,5,2
2025-03-17 16:00:00,8.6,40,0.0,,70,21.6,27.8,1029.2,,2,2
2025-03-17 17:00:00,7.6,44,0.0,,70,21.6,27.8,1029.5,,4,2
2025-03-17 18:00:00,5.7,49,0.0,,80,18.0,25.9,1029.9,,4,2
2025-03-17 19:00:00,5.5,48,0.0,,80,14.4,25.9,1030.3,,4,2
2025-03-17 20:00:00,4.7,46,0.0,,80,14.4,25.9,1030.5,,4,2
2025-03-17 21:00:00,3.7,50,0.0,,80,14.4,22.2,1030.9,,4,1
2025-03-17 22:00:00,3.4,50,0.0,,80,14.4,22.2,1031.0,,4,2
2025-03-17 23:00:00,3.2,48,0.0,,80,18.0,22.2,1030.7,,4,2
2025-03-18 00:00:00,2.9,48,0.0,,90,18.0,24.1,1030.5,,3,1
2025-03-18 01:00:00,3.0,48,0.0,,100,18.0,24.1,1030.5,,3,1
2025-03-18 02:00:00,2.1,50,0.0,,100,18.0,22.2,1030.4,,3,1
2025-03-18 03:00:00,1.4,54,0.0,,90,14.4,24.1,1030.1,,3,1
2025-03-18 04:00:00,-0.3,60,0.0,,90,10.8,24.1,1030.1,,3,1
2025-03-18 05:00:00,0.2,59,0.0,,100,14.4,24.1,1030.1,,3,1
2025-03-18 06:00:00,0.7,57,0.0,,90,14.4,25.9,1030.3,,3,1
2025-03-18 07:00:00,2.5,50,0.0,,100,14.4,27.8,1030.4,,3,1
2025-03-18 08:00:00,4.5,46,0.0,,110,14.4,27.8,1030.6,,3,1
2025-03-18 09:00:00,6.2,44,0.0,,100,14.4,29.6,1030.5,,2,1
2025-03-18 10:00:00,7.2,35,0.0,,120,21.6,31.5,1030.0,,2,1
2025-03-18 11:00:00,8.5,33,0.0,,120,25.2,33.3,1029.2,,2,1
2025-03-18 12:00:00,9.4,30,,,100,25.2,33.3,1028.5,,2,1
2025-03-18 13:00:00,10.1,28,0.0,,100,25.9,33.3,1027.7,,3,1
2025-03-18 14:00:00,10.7,28,0.0,,80,21.6,35.2,1026.8,,3,1
2025-03-18 15:00:00,11.0,25,0.0,,90,25.2,33.3,1026.2,,2,1
2025-03-18 16:00:00,10.8,28,0.0,,90,21.6,33.3,1025.4,,2,1
2025-03-18 17:00:00,9.7,30,0.0,,100,21.6,31.5,1025.1,,2,1
2025-03-18 18:00:00,8.4,32,0.0,,100,18.0,29.6,1025.2,,3,1
2025-03-18 19:00:00,7.7,35,0.0,,90,18.0,27.8,1025.3,,2,1
2025-03-18 20:00:00,6.4,37,0.0,,100,18.0,29.6,1025.6,,2,1
2025-03-18 21:00:00,5.5,39,0.0,,100,14.4,27.8,1025.6,,3,1
2025-03-18 22:00:00,4.8,42,0.0,,100,18.0,25.9,1025.2,,2,1
2025-03-18 23:00:00,4.2,43,0.0,,100,14.4,25.9,1025.1,,2,1
2025-03-19 00:00:00,2.4,50,0.0,,100,14.4,25.9,1025.1,,3,1
2025-03-19 01:00:00,2.0,52,0.0,,90,14.8,24.1,1025.0,,3,1
2025-03-19 02:00:00,1.5,54,0.0,,90,7.2,24.1,1024.8,,3,1
2025-03-19 03:00:00,0.0,59,0.0,,100,7.2,22.2,1024.6,,3,1
2025-03-19 04:00:00,0.3,59,0.0,,90,7.2,22.2,1024.4,,3,1
2025-03-19 05:00:00,0.6,59,0.0,,90,7.2,24.1,1024.4,,3,1
2025-03-19 06:00:00,0.8,60,0.0,,90,3.6,24.1,1024.6,,3,1
2025-03-19 07:00:00,3.3,54,0.0,,130,7.2,25.9,1024.8,,3,1
2025-03-19 08:00:00,5.9,48,0.0,,150,10.8,25.9,1025.0,,4,1
2025-03-19 09:00:00,8.5,42,0.0,,160,14.4,29.6,1025.0,,3,1
2025-03-19 10:00:00,10.6,38,0.0,,150,14.4,29.6,1024.6,,3,1
2025-03-19 11:00:00,12.6,38,0.0,,140,14.4,31.5,1024.4,,2,1
2025-03-19 12:00:00,13.8,40,0.0,,140,18.0,31.5,1024.1,,2,1
2025-03-19 13:00:00,15.1,40,0.0,,150,18.0,31.5,1023.4,,2,1
2025-03-19 14:00:00,15.7,41,0.0,,170,14.4,31.5,1023.0,,3,1
2025-03-19 15:00:00,16.0,42,0.0,,170,18.0,31.5,1022.7,,1,1
2025-03-19 16:00:00,16.4,45,0.0,,180,14.4,29.6,1022.2,,3,1
2025-03-19 17:00:00,15.1,47,0.0,,170,14.4,27.8,1022.1,,3,1
2025-03-19 18:00:00,12.5,54,0.0,,160,10.8,24.1,1022.1,,3,1
2025-03-19 19:00:00,9.1,65,0.0,,130,7.2,22.2,1022.5,,3,1
2025-03-19 20:00:00,8.6,70,0.0,,110,3.6,22.2,1022.6,,3,1
2025-03-19 21:00:00,7.6,71,0.0,,110,3.6,24.1,1022.6,,3,1
2025-03-19 22:00:00,7.2,75,0.0,,150,3.6,24.1,1022.6,,3,1
2025-03-19 23:00:00,7.4,71,0.0,,150,7.2,22.2,1022.5,,3,1
2025-03-20 00:00:00,6.4,76,,,100,3.6,24.1,1022.1,,6,1
2025-03-20 01:00:00,4.6,77,0.0,,180,3.6,24.1,1022.1,,6,1
2025-03-20 02:00:00,3.4,86,0.0,,90,3.6,22.2,1021.7,,4,4
2025-03-20 03:00:00,4.5,86,0.0,,0,0.0,24.1,1021.5,,8,4
2025-03-20 04:00:00,2.5,86,0.0,,0,0.0,24.1,1021.7,,8,4
2025-03-20 05:00:00,3.5,83,0.0,,140,7.2,24.1,1021.6,,6,2
2025-03-20 06:00:00,1.6,88,0.0,,160,7.2,24.1,1021.8,,5,4
2025-03-20 07:00:00,5.8,82,0.0,,150,7.2,25.9,1022.1,,4,4
2025-03-20 08:00:00,8.8,71,0.0,,160,7.2,27.8,1022.2,,5,4
2025-03-20 09:00:00,12.4,57,0.0,,200,3.6,27.8,1022.4,,5,2
2025-03-20 10:00:00,15.2,51,0.0,,200,7.2,29.6,1022.2,,4,2
2025-03-20 11:00:00,16.3,44,0.0,,210,7.2,29.6,1022.0,,4,2
2025-03-20 12:00:00,17.0,44,0.0,,250,7.2,31.5,1021.6,,8,4
2025-03-20 13:00:00,17.8,42,0.0,,320,3.6,22.0,1021.0,,0,1
2025-03-20 14:00:00,17.2,45,0.0,,300,14.4,18.0,1020.8,,0,1
2025-03-20 15:00:00,16.3,47,0.0,,310,14.4,33.3,1020.7,,0,1
2025-03-20 16:00:00,16.3,48,0.0,,310,7.2,18.0,1020.5,,0,1
2025-03-20 17:00:00,14.9,51,0.0,,10,7.2,11.0,1020.4,,0,1
2025-03-20 18:00:00,13.1,55,0.0,,20,10.8,27.8,1020.4,,0,1
2025-03-20 19:00:00,10.8,65,0.0,,50,10.8,14.0,1020.6,,0,1
2025-03-20 20:00:00,8.8,71,0.0,,60,14.4,18.0,1020.5,,1,1
2025-03-20 21:00:00,9.4,72,0.0,,50,14.4,24.1,1020.3,,0,1
2025-03-20 22:00:00,8.7,75,0.0,,60,10.8,18.0,1020.2,,0,1
2025-03-20 23:00:00,7.4,76,0.0,,110,7.2,11.0,1019.6,,0,1
2025-03-21 00:00:00,8.5,75,0.0,,80,10.8,22.2,1019.4,,1,1
2025-03-21 01:00:00,6.5,80,0.0,,80,10.8,14.0,1019.1,,0,1
2025-03-21 02:00:00,7.6,77,0.0,,90,10.8,14.0,1018.4,,0,1
2025-03-21 03:00:00,6.6,80,0.0,,80,7.2,22.2,1017.8,,0,1
2025-03-21 04:00:00,6.3,79,0.0,,80,10.8,14.0,1017.2,,8,4
2025-03-21 05:00:00,7.6,76,0.0,,90,10.8,18.0,1017.0,,8,4
2025-03-21 06:00:00,8.3,74,0.0,,80,14.4,24.1,1016.6,,8,4
2025-03-21 07:00:00,9.4,70,0.0,,110,14.4,22.0,1016.7,,8,4
2025-03-21 08:00:00,11.9,60,0.0,,90,21.6,32.0,1015.7,,8,4
2025-03-21 09:00:00,14.3,55,0.0,,100,21.6,27.8,1015.1,,8,4
2025-03-21 10:00:00,16.4,52,0.0,,110,21.6,32.0,1014.4,,0,1
2025-03-21 11:00:00,18.8,47,0.0,,110,25.2,40.0,1013.4,,0,1
2025-03-21 12:00:00,19.7,40,0.0,,120,28.8,33.3,1012.4,,7,4
2025-03-21 13:00:00,20.8,38,0.0,,130,32.4,46.0,1011.2,,7,4
2025-03-21 14:00:00,21.1,37,0.0,,120,36.0,50.0,1010.1,,8,4
2025-03-21 15:00:00,21.3,39,0.0,,130,25.2,33.3,1009.1,,8,4
2025-03-21 16:00:00,20.9,36,0.0,,130,25.2,43.0,1008.6,,8,4
2025-03-21 17:00:00,19.6,41,0.0,,120,21.6,36.0,1008.2,,8,4
2025-03-21 18:00:00,18.8,42,0.0,,120,21.6,29.6,1008.3,,8,4
2025-03-21 19:00:00,17.3,46,0.0,,100,18.0,30.0,1008.2,,8,4
2025-03-21 20:00:00,16.8,49,0.0,,100,18.0,29.0,1007.9,,8,4
2025-03-21 21:00:00,16.5,49,0.0,,100,21.6,25.9,1007.8,,8,4
2025-03-21 22:00:00,16.0,48,0.0,,110,21.6,32.0,1007.4,,8,4
2025-03-21 23:00:00,15.8,48,0.0,,110,21.6,32.0,1007.0,,8,4
2025-03-22 00:00:00,15.6,48,0.0,,110,21.6,33.3,1006.6,,8,4
2025-03-22 01:00:00,15.1,50,0.0,,110,21.6,31.0,1006.4,,8,4
2025-03-22 02:00:00,14.4,53,0.0,,100,21.6,32.0,1006.1,,8,4
2025-03-22 03:00:00,14.1,54,0.0,,110,18.0,29.6,1006.0,,8,4
2025-03-22 04:00:00,12.7,65,0.0,,130,14.4,22.0,1006.5,,8,7
2025-03-22 05:00:00,13.1,60,0.0,,120,18.0,29.0,1006.2,,8,7
2025-03-22 06:00:00,12.3,62,0.0,,100,18.0,29.6,1005.4,,8,4
2025-03-22 07:00:00,12.9,58,0.0,,100,21.6,32.0,1005.0,,8,4
2025-03-22 08:00:00,13.6,56,0.0,,110,18.0,36.0,1005.1,,8,4
2025-03-22 09:00:00,14.8,53,0.0,,90,18.0,29.6,1004.8,,8,4
2025-03-22 10:00:00,16.0,50,0.0,,100,14.4,29.0,1004.4,,8,4
2025-03-22 11:00:00,17.6,48,0.0,,100,21.6,32.0,1003.8,,8,4
2025-03-22 12:00:00,17.6,44,0.0,,90,21.6,33.3,1003.2,,8,4
2025-03-22 13:00:00,17.5,46,0.0,,120,21.6,31.0,1002.9,,8,4
2025-03-22 14:00:00,18.4,46,0.0,,120,18.0,32.0,1002.5,,8,4
2025-03-22 15:00:00,17.5,46,0.0,,130,18.0,33.3,1002.0,,8,4
2025-03-22 16:00:00,16.7,46,0.0,,100,18.0,32.0,1001.6,,8,4
2025-03-22 17:00:00,16.0,47,0.0,,90,18.0,32.0,1001.7,,8,8
2025-03-22 18:00:00,15.7,46,0.0,,100,14.4,27.8,1001.6,,8,4
2025-03-22 19:00:00,15.2,48,0.0,,100,18.0,25.0,1001.8,,8,8
2025-03-22 20:00:00,14.4,52,0.0,,110,18.0,29.0,1001.8,,8,4
2025-03-22 21:00:00,13.6,56,0.0,,110,18.0,25.9,1001.6,,8,4
2025-03-22 22:00:00,14.0,59,0.0,,110,14.4,25.0,1001.3,,8,4
2025-03-22 23:00:00,13.0,66,0.0,,110,14.4,25.0,1001.1,,8,4
2025-03-23 00:00:00,12.7,66,0.0,,100,14.4,25.9,1000.8,,8,4
2025-03-23 01:00:00,11.5,66,0.0,,100,18.0,26.0,1000.5,,6,3
2025-03-23 02:00:00,10.6,66,0.0,,100,14.4,29.0,1000.3,,0,1
2025-03-23 03:00:00,10.3,69,0.0,,110,14.4,20.4,1000.2,,1,1
2025-03-23 04:00:00,10.7,70,0.0,,120,14.4,22.0,1000.3,,8,4
2025-03-23 05:00:00,11.4,74,0.0,,130,18.0,22.0,1000.7,,8,4
2025-03-23 06:00:00,11.6,78,0.0,,120,14.4,22.2,1001.3,,8,4
2025-03-23 07:00:00,11.6,80,0.0,,110,10.8,18.0,1001.7,,8,17
2025-03-23 08:00:00,12.1,81,0.0,,130,10.8,18.0,1002.4,,8,8
2025-03-23 09:00:00,14.1,75,0.0,,150,14.4,22.2,1002.9,,8,4
2025-03-23 10:00:00,14.8,72,0.0,,170,18.0,29.0,1003.5,,8,4
2025-03-23 11:00:00,14.8,72,0.0,,180,14.4,25.0,1003.9,,8,4
2025-03-23 12:00:00,15.1,67,0.0,,160,10.8,24.1,1004.2,,8,4
2025-03-23 13:00:00,16.5,59,0.0,,140,10.8,22.0,1004.3,,8,4
2025-03-23 14:00:00,16.5,57,0.0,,200,10.8,25.0,1004.4,,8,4
2025-03-23 15:00:00,17.4,52,0.0,,170,10.8,22.2,1004.6,,7,4
2025-03-23 16:00:00,17.1,55,0.0,,120,7.2,22.0,1005.1,,8,4
2025-03-23 17:00:00,15.5,60,0.0,,320,10.8,18.0,1005.7,,8,4
2025-03-23 18:00:00,13.6,66,0.0,,330,14.4,18.5,1006.5,,8,4
2025-03-23 19:00:00,13.3,68,0.0,,350,10.8,18.0,1007.5,,8,4
2025-03-23 20:00:00,12.9,71,0.0,,340,10.8,14.0,1008.3,,8,4
2025-03-23 21:00:00,11.9,76,0.0,,320,7.2,14.8,1008.9,,8,4
2025-03-23 22:00:00,12.7,77,0.0,,360,10.8,14.0,1009.4,,8,4
2025-03-23 23:00:00,12.1,80,0.0,,350,7.2,18.0,1009.7,,8,4
2025-03-24 00:00:00,10.3,89,0.0,,310,10.8,9.3,1010.0,,8,4
2025-03-24 01:00:00,10.0,89,0.0,,320,3.6,11.0,1010.2,,7,4
2025-03-24 02:00:00,8.7,92,0.0,,320,7.2,7.0,1010.4,,7,4
2025-03-24 03:00:00,9.3,91,0.0,,260,3.6,11.1,1010.6,,8,4
2025-03-24 04:00:00,8.6,94,0.0,,320,10.8,11.0,1011.0,,8,4
2025-03-24 05:00:00,9.5,93,0.0,,330,14.4,18.0,1011.7,,8,17
2025-03-24 06:00:00,8.1,95,0.1,,350,18.0,16.7,1012.6,,8,8
2025-03-24 07:00:00,8.5,97,0.0,,330,14.4,22.0,1013.4,,8,7
2025-03-24 08:00:00,8.6,96,0.0,,320,14.4,22.0,1014.0,,8,8
2025-03-24 09:00:00,9.0,92,0.0,,310,14.4,18.5,1014.5,,8,4
2025-03-24 10:00:00,9.6,85,0.0,,310,18.0,24.1,1015.0,,8,4
2025-03-24 11:00:00,11.5,76,0.0,,320,14.4,22.0,1015.4,,1,1
2025-03-24 12:00:00,12.4,72,0.0,,320,18.0,24.1,1015.9,,8,4
2025-03-24 13:00:00,12.1,70,0.0,,310,18.0,30.0,1016.3,,8,4
2025-03-24 14:00:00,11.0,75,0.0,,320,21.6,29.0,1016.7,,8,4
2025-03-24 15:00:00,9.1,80,0.0,,330,21.6,29.6,1017.2,,8,4
2025-03-24 16:00:00,7.6,85,0.0,,330,21.6,36.0,1017.6,,8,4
2025-03-24 17:00:00,6.9,86,0.0,,320,18.0,29.0,1017.9,,8,4
2025-03-24 18:00:00,6.5,86,0.0,,330,14.4,27.8,1018.4,,8,4
2025-03-24 19:00:00,5.8,85,0.0,,340,18.0,25.0,1019.1,,8,4
2025-03-24 20:00:00,5.7,85,0.0,,330,14.4,25.0,1019.5,,8,4
2025-03-24 21:00:00,6.0,84,0.0,,310,10.8,20.4,1020.2,,8,4
2025-03-24 22:00:00,6.0,83,0.0,,310,10.8,22.0,1020.4,,8,4
2025-03-24 23:00:00,6.1,84,0.0,,300,7.2,11.0,1020.2,,8,4
2025-03-25 00:00:00,6.3,83,0.0,,290,10.8,13.0,1020.2,,8,4
2025-03-25 01:00:00,6.6,82,0.0,,300,14.4,18.0,1020.2,,8,4
2025-03-25 02:00:00,6.6,82,0.0,,270,14.4,22.0,1020.0,,8,4
2025-03-25 03:00:00,4.7,86,0.0,,270,7.2,13.0,1019.9,,5,3
2025-03-25 04:00:00,5.1,89,0.0,,220,10.8,14.0,1019.8,,7,4
2025-03-25 05:00:00,6.2,88,0.0,,240,10.8,18.0,1019.9,,8,4
2025-03-25 06:00:00,6.7,86,0.0,,250,18.0,18.5,1019.9,,8,4
2025-03-25 07:00:00,7.0,88,0.0,,230,18.0,25.0,1019.9,,8,4
2025-03-25 08:00:00,7.5,85,0.0,,220,18.0,25.0,1020.0,,8,4
2025-03-25 09:00:00,8.5,84,0.0,,220,18.0,25.9,1020.3,,8,4
2025-03-25 10:00:00,9.4,82,0.0,,220,14.4,29.0,1020.2,,8,4
2025-03-25 11:00:00,10.0,78,0.0,,260,21.6,32.0,1020.3,,8,4
2025-03-25 12:00:00,11.1,72,0.0,,270,18.0,29.6,1020.3,,4,3
2025-03-25 13:00:00,11.1,71,0.0,,270,21.6,29.0,1020.0,,8,4
2025-03-25 14:00:00,10.1,74,0.0,,280,18.0,29.0,1020.1,,8,4
2025-03-25 15:00:00,9.2,77,0.0,,270,18.0,27.8,1020.2,,8,8
2025-03-25 16:00:00,9.2,78,0.0,,270,18.0,22.0,1020.2,,8,8
2025-03-25 17:00:00,8.9,82,0.0,,290,14.4,22.0,1020.5,,8,4
2025-03-25 18:00:00,8.6,86,0.0,,300,14.4,24.1,1021.0,,8,8
2025-03-25 19:00:00,8.5,88,0.0,,300,14.4,22.0,1021.5,,8,4
2025-03-25 20:00:00,8.5,93,0.0,,330,14.4,22.0,1021.9,,8,4
2025-03-25 21:00:00,8.4,95,0.0,,340,14.4,20.4,1022.2,,8,4
2025-03-25 22:00:00,7.9,92,0.0,,340,14.4,22.0,1022.6,,8,4
2025-03-25 23:00:00,6.2,94,0.0,,330,10.8,14.0,1022.8,,7,4
2025-03-26 00:00:00,6.9,94,0.0,,350,11.2,18.5,1023.0,,8,4
2025-03-26 01:00:00,7.1,94,0.0,,10,10.8,22.0,1023.0,,8,4
2025-03-26 02:00:00,6.7,96,0.0,,328,7.0,18.0,1023.1,,8,4
2025-03-26 03:00:00,6.3,97,0.0,,320,7.2,14.8,1023.3,,8,4
2025-03-26 04:00:00,7.1,93,0.0,,10,7.2,22.0,1023.5,,8,4
2025-03-26 05:00:00,7.2,91,0.0,,360,10.8,22.0,1023.9,,8,4
2025-03-26 06:00:00,7.2,91,0.0,,20,10.8,16.7,1024.3,,8,4
2025-03-26 07:00:00,7.2,92,0.0,,20,10.8,22.0,1024.7,,8,4
2025-03-26 08:00:00,8.9,83,0.0,,350,14.4,22.0,1025.1,,5,3
2025-03-26 09:00:00,9.4,77,0.0,,350,18.0,20.4,1025.5,,8,4
2025-03-26 10:00:00,9.4,74,0.0,,20,18.0,29.0,1025.8,,8,4
2025-03-26 11:00:00,11.0,66,0.0,,360,18.0,29.0,1025.5,,7,4
2025-03-26 12:00:00,11.2,66,0.0,,10,14.4,24.1,1025.3,,8,4
2025-03-26 13:00:00,11.1,71,0.0,,350,10.8,26.0,1025.0,,8,4
2025-03-26 14:00:00,11.0,72,0.0,,330,14.4,25.0,1024.9,,8,4
2025-03-26 15:00:00,11.6,69,0.0,,340,14.4,24.1,1024.7,,8,4
2025-03-26 16:00:00,11.3,67,0.0,,20,14.4,25.0,1024.4,,8,4
2025-03-26 17:00:00,10.8,68,0.0,,50,10.8,18.0,1024.6,,8,4
2025-03-26 18:00:00,8.7,74,0.0,,90,10.8,16.7,1024.7,,4,3
2025-03-26 19:00:00,8.1,77,0.0,,90,7.2,14.0,1025.1,,4,3
2025-03-26 20:00:00,6.5,85,0.0,,100,3.6,7.0,1025.0,,4,3
2025-03-26 21:00:00,5.9,90,0.0,,350,3.6,7.4,1025.0,,8,4
2025-03-26 22:00:00,4.6,94,0.0,,300,3.6,18.0,1024.8,,8,4
2025-03-26 23:00:00,3.9,99,0.0,,0,0.0,4.0,1024.8,,8,4
2025-03-27 00:00:00,3.6,97,0.0,,0,0.0,5.5,1024.6,,8,4
2025-03-27 01:00:00,3.0,99,0.0,,0,0.0,4.0,1024.3,,0,1
2025-03-27 02:00:00,2.4,99,0.0,,310,3.6,4.0,1024.0,,8,4
2025-03-27 03:00:00,1.6,99,0.0,,150,3.6,9.3,1023.7,,2,2
2025-03-27 04:00:00,1.6,100,0.0,,140,3.6,7.0,1023.6,,6,3
2025-03-27 05:00:00,0.6,100,0.0,,190,3.6,11.0,1023.2,,0,1
2025-03-27 06:00:00,0.8,99,0.0,,180,7.2,11.1,1022.9,,3,5
2025-03-27 07:00:00,4.7,97,0.0,,190,7.2,11.0,1022.8,,8,4
2025-03-27 08:00:00,8.2,84,0.0,,200,10.8,14.0,1022.8,,8,4
2025-03-27 09:00:00,10.3,75,0.0,,200,10.8,18.5,1022.5,,8,4
2025-03-27 10:00:00,12.0,70,0.0,,250,10.8,18.0,1022.2,,8,4
2025-03-27 11:00:00,13.0,61,0.0,,240,10.8,22.0,1021.7,,8,4
2025-03-27 12:00:00,14.2,58,0.0,,270,10.8,24.1,1021.1,,8,4
2025-03-27 13:00:00,13.8,56,0.0,,280,14.8,26.0,1020.5,,8,4
2025-03-27 14:00:00,14.7,57,0.0,,240,10.8,25.0,1019.7,,3,2
2025-03-27 15:00:00,14.7,54,0.0,,220,10.8,24.1,1018.9,,4,3
2025-03-27 16:00:00,14.5,56,0.0,,230,10.8,22.0,1018.5,,0,1
2025-03-27 17:00:00,12.4,63,0.0,,290,14.4,18.0,1018.1,,0,1
2025-03-27 18:00:00,10.1,68,0.0,,310,7.2,18.5,1018.1,,2,2
2025-03-27 19:00:00,8.5,72,0.0,,180,7.2,11.0,1018.0,,0,1
2025-03-27 20:00:00,8.0,76,0.0,,176,4.0,7.0,1017.7,,0,1
2025-03-27 21:00:00,7.4,80,0.0,,152,4.0,14.8,1017.2,,0,1
2025-03-27 22:00:00,6.3,83,0.0,,181,7.0,11.0,1016.6,,1,1
2025-03-27 23:00:00,5.5,88,0.0,,183,7.0,11.0,1015.9,,0,1
2025-03-28 00:00:00,4.1,89,0.0,,181,7.0,13.0,1015.1,,0,1
2025-03-28 01:00:00,4.0,89,0.0,,176,7.0,11.0,1014.6,,1,1
2025-03-28 02:00:00,4.7,89,0.0,,197,11.0,14.0,1014.0,,0,1
2025-03-28 03:00:00,5.2,89,0.0,,213,7.0,16.7,1013.4,,1,1
2025-03-28 04:00:00,5.1,92,0.0,,220,7.6,15.0,1013.1,,0,1
2025-03-28 05:00:00,6.0,98,0.0,,240,10.8,22.0,1012.8,,6,5
2025-03-28 06:00:00,6.3,98,0.0,,230,18.0,20.4,1012.6,,8,5
2025-03-28 07:00:00,6.9,95,0.0,,230,18.0,29.0,1012.7,,8,4
2025-03-28 08:00:00,8.0,87,0.0,,230,21.6,29.0,1012.5,,8,4
2025-03-28 09:00:00,8.4,79,0.0,,240,25.2,29.6,1012.6,,8,4
2025-03-28 10:00:00,9.2,78,0.0,,240,25.2,40.0,1012.4,,8,4
2025-03-28 11:00:00,10.0,74,0.0,,240,21.6,36.0,1011.9,,8,4
2025-03-28 12:00:00,11.0,73,0.0,,230,21.6,33.3,1011.5,,8,4
2025-03-28 13:00:00,10.5,77,0.0,,250,25.2,35.0,1011.2,,8,4
2025-03-28 14:00:00,11.0,76,0.0,,220,20.5,29.0,1010.5,,8,4
2025-03-28 15:00:00,11.2,79,0.0,,242,22.0,29.6,1010.2,,8,4
2025-03-28 16:00:00,9.6,95,0.2,,260,18.0,32.0,1010.3,,8,8
2025-03-28 17:00:00,9.1,89,0.2,,300,18.0,36.0,1010.6,,8,8
2025-03-28 18:00:00,8.3,85,0.0,,330,10.8,24.1,1011.1,,8,8
2025-03-28 19:00:00,7.8,91,0.0,,320,7.2,14.0,1011.8,,8,4
2025-03-28 20:00:00,6.9,95,0.0,,300,7.2,7.0,1012.5,,8,4
2025-03-28 21:00:00,6.5,95,0.0,,310,7.2,18.5,1013.1,,8,4
2025-03-28 22:00:00,5.1,99,0.0,,310,7.2,11.0,1013.4,,8,4
2025-03-28 23:00:00,4.0,100,0.0,,300,7.2,11.0,1013.9,,8,4
2025-03-29 00:00:00,4.8,98,0.0,,300,7.2,16.7,1014.1,,8,4
2025-03-29 01:00:00,2.6,98,0.0,,290,7.2,15.0,1014.6,,8,4
2025-03-29 02:00:00,2.8,98,0.0,,280,7.2,7.0,1015.1,,8,4
2025-03-29 03:00:00,3.3,99,0.0,,330,3.6,16.7,1015.5,,8,4
2025-03-29 04:00:00,2.3,99,0.0,,310,7.2,11.0,1016.3,,8,4
2025-03-29 05:00:00,2.6,99,0.0,,310,7.2,11.0,1017.1,,8,4
2025-03-29 06:00:00,2.0,99,0.0,,300,10.8,18.5,1018.0,,0,1
2025-03-29 07:00:00,5.5,96,0.0,,310,7.2,11.0,1019.1,,0,1
2025-03-29 08:00:00,8.4,82,0.0,,310,10.8,18.0,1019.8,,1,1
2025-03-29 09:00:00,9.7,76,0.0,,310,14.4,24.1,1020.4,,1,1
2025-03-29 10:00:00,9.6,71,0.0,,290,14.4,29.0,1020.9,,4,3
2025-03-29 11:00:00,10.2,69,0.0,,280,21.6,29.0,1021.1,,4,3
2025-03-29 12:00:00,10.5,69,0.0,,290,21.6,29.6,1021.3,,5,3
2025-03-29 13:00:00,10.5,67,0.0,,280,21.6,31.0,1021.4,,6,3
2025-03-29 14:00:00,10.3,67,0.0,,310,18.0,29.0,1021.6,,1,1
2025-03-29 15:00:00,10.6,65,0.0,,270,14.4,31.5,1021.2,,1,1
2025-03-29 16:00:00,9.1,71,0.0,,270,18.0,25.0,1021.1,,2,2
2025-03-29 17:00:00,8.6,71,0.0,,260,18.0,25.0,1020.8,,6,3
2025-03-29 18:00:00,7.6,77,0.0,,250,14.4,25.9,1020.6,,8,4
2025-03-29 19:00:00,6.6,80,0.0,,230,18.0,25.0,1020.3,,8,4
2025-03-29 20:00:00,6.5,81,0.0,,190,18.0,22.0,1019.2,,8,4
2025-03-29 21:00:00,6.8,77,0.0,,210,25.2,29.6,1018.4,,8,4
2025-03-29 22:00:00,6.9,78,0.0,,210,21.6,32.0,1017.6,,8,4
2025-03-29 23:00:00,7.8,71,0.0,,220,28.8,40.0,1016.9,,8,4
2025-03-30 00:00:00,8.1,72,0.0,,210,28.8,40.8,1015.9,,8,4
2025-03-30 01:00:00,8.4,80,0.0,,230,32.4,46.0,1015.4,,8,4
2025-03-30 02:00:00,8.0,93,0.1,,240,36.0,50.0,1014.4,,8,8
2025-03-30 03:00:00,8.7,91,0.1,,240,39.6,50.0,1013.5,,8,8
2025-03-30 04:00:00,9.1,90,0.0,,240,32.4,54.0,1013.1,,8,4
2025-03-30 05:00:00,9.4,89,0.0,,240,32.4,50.0,1013.4,,8,4
2025-03-30 06:00:00,9.7,89,0.0,,250,28.8,50.0,1013.3,,8,4
2025-03-30 07:00:00,9.9,86,0.0,,270,28.8,47.0,1013.7,,8,4
2025-03-30 08:00:00,10.8,71,0.0,,290,36.0,54.0,1014.0,,5,3
2025-03-30 09:00:00,11.4,65,0.0,,290,43.2,57.4,1014.5,,1,1
2025-03-30 10:00:00,11.8,65,0.0,,290,43.2,65.0,1015.1,,0,1
2025-03-30 11:00:00,12.1,64,0.0,,300,46.8,65.0,1015.9,,1,1
2025-03-30 12:00:00,12.1,63,0.0,,300,43.2,63.0,1016.3,,2,2
2025-03-30 13:00:00,12.0,64,0.0,,310,43.2,61.0,1016.8,,2,2
2025-03-30 14:00:00,11.9,63,0.0,,310,42.5,61.0,1017.3,,1,1
2025-03-30 15:00:00,11.2,63,0.0,,310,36.0,59.3,1018.1,,8,4
2025-03-30 16:00:00,10.6,65,0.0,,310,36.0,54.0,1018.8,,8,4
2025-03-30 17:00:00,10.2,67,0.0,,320,32.4,50.0,1019.3,,8,4
2025-03-30 18:00:00,9.9,68,0.0,,310,32.4,44.5,1019.9,,8,4
2025-03-30 19:00:00,9.6,72,0.0,,310,28.8,43.0,1020.3,,8,4
2025-03-30 20:00:00,9.2,76,0.0,,330,32.4,47.0,1021.1,,8,4
2025-03-30 21:00:00,8.6,73,0.0,,340,25.2,38.9,1021.4,,8,4
2025-03-30 22:00:00,8.0,76,0.0,,340,21.6,43.0,1022.1,,5,3
2025-03-30 23:00:00,7.2,83,0.0,,340,21.6,36.0,1022.7,,7,4
2025-03-31 00:00:00,7.1,84,0.0,,330,21.6,31.5,1023.2,,4,3
2025-03-31 01:00:00,6.5,86,0.0,,340,18.0,31.0,1023.6,,6,3
2025-03-31 02:00:00,6.0,87,0.0,,340,14.4,29.0,1023.9,,4,3
2025-03-31 03:00:00,6.8,85,0.0,,350,14.4,24.1,1024.3,,8,4
2025-03-31 04:00:00,7.2,80,0.0,,360,18.0,25.0,1024.8,,8,4
2025-03-31 05:00:00,7.2,77,0.0,,340,18.0,29.0,1025.4,,8,4
2025-03-31 06:00:00,7.3,77,0.0,,360,14.4,25.9,1026.1,,8,4
2025-03-31 07:00:00,7.7,75,0.0,,360,14.4,22.0,1026.7,,7,4
2025-03-31 08:00:00,8.6,72,0.0,,360,14.4,25.0,1027.5,,5,3
2025-03-31 09:00:00,9.5,69,0.0,,360,10.8,27.8,1028.0,,6,3
2025-03-31 10:00:00,10.3,64,0.0,,350,18.0,32.0,1028.5,,4,3
2025-03-31 11:00:00,10.9,62,0.0,,330,18.0,29.0,1028.4,,6,3
2025-03-31 12:00:00,11.0,60,0.0,,10,18.0,27.8,1028.7,,5,3
2025-03-31 13:00:00,12.2,57,0.0,,360,18.0,30.0,1028.5,,3,2
2025-03-31 14:00:00,11.9,54,0.0,,350,18.0,32.0,1028.4,,1,1
2025-03-31 15:00:00,11.4,52,0.0,,20,18.0,31.5,1028.3,,0,1
2025-03-31 16:00:00,11.0,56,0.0,,20,18.0,29.0,1028.6,,1,1
2025-03-31 17:00:00,10.0,62,0.0,,20,18.0,29.0,1028.9,,1,1
2025-03-31 18:00:00,8.1,70,0.0,,10,14.4,25.9,1029.3,,2,2
2025-03-31 19:00:00,7.6,74,0.0,,20,18.0,25.0,1029.8,,2,2
2025-03-31 20:00:00,6.4,82,0.0,,30,10.8,25.0,1030.1,,0,1
2025-03-31 21:00:00,5.4,85,0.0,,30,7.2,22.2,1030.0,,0,1
2025-03-31 22:00:00,5.5,87,0.0,,30,10.8,18.0,1030.1,,0,1
2025-03-31 23:00:00,5.0,90,0.0,,40,10.8,25.0,1029.9,,1,1
2025-04-01 00:00:00,4.3,93,0.0,,50,7.2,16.7,1029.6,,1,1
2025-04-01 01:00:00,4.4,93,0.0,,30,7.2,14.0,1029.3,,1,1
2025-04-01 02:00:00,4.4,93,0.0,,60,10.8,14.0,1029.2,,1,1
2025-04-01 03:00:00,4.9,95,0.0,,60,14.4,16.7,1029.0,,0,1
2025-04-01 04:00:00,4.5,94,0.0,,60,14.4,18.0,1029.0,,1,1
2025-04-01 05:00:00,4.3,94,0.0,,60,14.4,18.0,1029.2,,0,1
2025-04-01 06:00:00,4.9,93,0.0,,50,14.4,18.5,1029.4,,1,1
2025-04-01 07:00:00,6.2,90,0.0,,50,18.0,25.0,1029.6,,0,1
2025-04-01 08:00:00,7.7,84,0.0,,50,18.0,25.0,1029.9,,0,1
2025-04-01 09:00:00,9.0,75,0.0,,50,18.0,27.8,1029.9,,0,1
2025-04-01 10:00:00,10.8,66,0.0,,50,14.8,26.0,1029.7,,0,1
2025-04-01 11:00:00,11.6,66,0.0,,70,18.0,29.0,1029.3,,0,1
2025-04-01 12:00:00,12.3,58,0.0,,80,21.6,33.3,1028.8,,0,1
2025-04-01 13:00:00,12.8,62,0.0,,70,21.6,40.0,1028.0,,1,1
2025-04-01 14:00:00,13.1,52,0.0,,70,25.9,35.0,1027.3,,0,1
2025-04-01 15:00:00,13.0,52,0.0,,60,25.2,40.8,1026.7,,3,2
2025-04-01 16:00:00,13.9,43,0.0,,80,21.6,40.0,1026.2,,0,1
2025-04-01 17:00:00,13.4,39,0.0,,90,25.2,43.0,1026.1,,0,1
2025-04-01 18:00:00,12.1,45,0.0,,80,21.6,33.3,1026.2,,0,1
2025-04-01 19:00:00,10.6,52,0.0,,80,14.4,32.0,1026.7,,0,1
2025-04-01 20:00:00,10.1,54,0.0,,80,18.0,25.0,1026.9,,0,1
2025-04-01 21:00:00,9.7,55,0.0,,80,18.0,29.6,1027.0,,0,1
2025-04-01 22:00:00,8.9,58,0.0,,80,14.4,25.0,1027.1,,0,1
2025-04-01 23:00:00,8.0,66,0.0,,60,14.4,22.0,1027.2,,0,1
2025-04-02 00:00:00,7.4,70,0.0,,60,14.4,29.6,1027.2,,0,1
2025-04-02 01:00:00,7.5,73,0.0,,50,18.0,26.0,1026.9,,0,1
2025-04-02 02:00:00,6.7,75,0.0,,60,14.4,25.0,1026.5,,0,1
2025-04-02 03:00:00,7.5,72,0.0,,70,18.0,27.8,1026.3,,0,1
2025-04-02 04:00:00,7.2,72,0.0,,70,14.4,25.0,1026.4,,0,1
2025-04-02 05:00:00,7.0,72,0.0,,70,18.0,25.0,1026.3,,0,1
2025-04-02 06:00:00,6.9,75,0.0,,60,18.0,31.5,1026.5,,0,1
2025-04-02 07:00:00,8.0,70,0.0,,60,18.4,30.0,1026.6,,0,1
2025-04-02 08:00:00,9.5,67,0.0,,60,21.6,36.0,1026.5,,0,1
2025-04-02 09:00:00,11.3,62,0.0,,60,25.2,35.2,1026.2,,0,1
2025-04-02 10:00:00,12.7,56,0.0,,60,25.2,36.0,1025.8,,0,1
2025-04-02 11:00:00,14.3,53,0.0,,60,28.8,40.0,1025.2,,0,1
2025-04-02 12:00:00,15.3,50,0.0,,60,25.2,40.8,1024.3,,2,2
2025-04-02 13:00:00,16.0,47,0.0,,60,28.8,42.0,1023.5,,3,2
2025-04-02 14:00:00,17.0,44,0.0,,80,29.5,42.0,1022.6,,8,4
2025-04-02 15:00:00,16.8,42,0.0,,70,32.4,44.5,1022.0,,8,4
2025-04-02 16:00:00,16.8,43,0.0,,80,32.4,47.0,1021.6,,8,4
2025-04-02 17:00:00,16.1,42,0.0,,80,25.2,43.0,1021.5,,2,2
2025-04-02 18:00:00,15.0,40,0.0,,90,25.2,40.8,1021.6,,8,4
2025-04-02 19:00:00,14.1,45,0.0,,80,25.2,47.0,1021.9,,8,4
2025-04-02 20:00:00,14.0,47,0.0,,80,21.6,40.0,1022.2,,0,1
2025-04-02 21:00:00,13.2,51,0.0,,80,21.6,35.2,1022.6,,0,1
2025-04-02 22:00:00,12.4,56,0.0,,90,21.6,32.0,1023.1,,0,1
2025-04-02 23:00:00,11.6,60,0.0,,80,18.0,32.0,1023.3,,3,2
2025-04-03 00:00:00,11.2,63,0.0,,80,21.6,33.3,1023.4,,8,4
2025-04-03 01:00:00,11.1,64,0.0,,80,21.6,30.0,1023.4,,1,1
2025-04-03 02:00:00,10.5,66,0.0,,80,21.6,29.0,1023.4,,4,3
2025-04-03 03:00:00,10.2,67,0.0,,90,21.6,27.8,1023.3,,2,2
2025-04-03 04:00:00,9.8,68,0.0,,90,21.6,29.0,1023.3,,0,1
2025-04-03 05:00:00,9.4,68,0.0,,100,18.0,32.0,1023.5,,0,1
2025-04-03 06:00:00,9.7,69,0.0,,90,14.4,27.8,1023.9,,0,1
2025-04-03 07:00:00,11.2,63,0.0,,90,21.6,29.0,1023.9,,0,1
2025-04-03 08:00:00,12.9,60,0.0,,90,21.6,32.0,1023.9,,0,1
2025-04-03 09:00:00,14.8,54,0.0,,90,21.6,31.5,1024.0,,0,1
2025-04-03 10:00:00,16.2,48,0.0,,110,21.6,36.0,1023.6,,0,1
2025-04-03 11:00:00,17.4,45,0.0,,100,25.2,36.0,1023.1,,0,1
2025-04-03 12:00:00,18.8,39,0.0,,100,28.8,37.0,1022.6,,0,1
2025-04-03 13:00:00,19.6,36,0.0,,110,29.5,39.0,1022.4,,0,1
2025-04-03 14:00:00,20.4,34,0.0,,120,25.9,39.0,1021.9,,0,1
2025-04-03 15:00:00,20.2,38,0.0,,140,25.2,35.2,1021.7,,0,1
2025-04-03 16:00:00,19.8,34,0.0,,140,18.0,32.0,1021.8,,0,1
2025-04-03 17:00:00,19.0,37,0.0,,130,14.4,29.0,1021.8,,1,1
2025-04-03 18:00:00,16.9,43,0.0,,90,14.4,25.9,1021.9,,0,1
2025-04-03 19:00:00,15.2,46,0.0,,70,10.8,18.0,1022.4,,0,1
2025-04-03 20:00:00,14.1,48,0.0,,80,10.8,14.0,1022.6,,0,1
2025-04-03 21:00:00,12.4,55,0.0,,80,14.4,22.2,1022.5,,0,1
2025-04-03 22:00:00,12.6,55,0.0,,80,14.4,22.0,1022.5,,0,1
2025-04-03 23:00:00,12.5,54,0.0,,80,18.0,22.0,1022.3,,0,1
2025-04-04 00:00:00,12.8,52,0.0,,90,14.4,20.4,1022.0,,0,1
2025-04-04 01:00:00,8.9,64,0.0,,70,7.2,18.0,1021.9,,0,1
2025-04-04 02:00:00,10.5,59,0.0,,50,7.2,11.0,1022.1,,0,1
2025-04-04 03:00:00,9.1,69,0.0,,50,7.2,13.0,1021.8,,0,1
2025-04-04 04:00:00,8.1,74,0.0,,40,7.2,7.0,1021.9,,0,1
2025-04-04 05:00:00,7.8,74,0.0,,50,7.2,11.0,1021.8,,0,1
2025-04-04 06:00:00,8.7,77,0.0,,60,10.8,16.7,1021.9,,0,1
2025-04-04 07:00:00,11.8,66,0.0,,60,10.8,18.0,1022.1,,0,1
2025-04-04 08:00:00,14.4,59,0.0,,60,10.8,18.0,1022.4,,0,1
2025-04-04 09:00:00,17.2,45,0.0,,70,10.8,24.1,1022.0,,0,1
2025-04-04 10:00:00,17.7,47,0.0,,60,18.0,25.0,1021.7,,0,1
2025-04-04 11:00:00,18.5,46,0.0,,60,21.6,25.0,1021.4,,0,1
2025-04-04 12:00:00,19.8,40,0.0,,70,18.0,29.6,1020.8,,0,1
2025-04-04 13:00:00,19.9,39,0.0,,60,14.4,29.0,1020.3,,0,1
2025-04-04 14:00:00,20.2,37,0.0,,50,18.4,26.0,1019.6,,0,1
2025-04-04 15:00:00,20.0,38,0.0,,60,21.6,35.2,1019.1,,0,1
2025-04-04 16:00:00,19.3,43,0.0,,40,25.2,32.0,1018.7,,0,1
2025-04-04 17:00:00,18.3,49,0.0,,30,21.6,36.0,1018.6,,0,1
2025-04-04 18:00:00,16.2,54,0.0,,40,18.0,35.2,1018.6,,0,1
2025-04-04 19:00:00,14.3,59,0.0,,40,25.2,36.0,1018.9,,0,1
2025-04-04 20:00:00,12.3,62,0.0,,40,21.6,40.0,1019.1,,0,1
2025-04-04 21:00:00,10.9,67,0.0,,40,25.2,35.2,1019.1,,0,1
2025-04-04 22:00:00,9.6,66,0.0,,40,21.6,40.0,1019.3,,0,1
2025-04-04 23:00:00,9.5,68,0.0,,50,21.6,36.0,1019.4,,2,2
2025-04-05 00:00:00,8.8,76,0.0,,40,14.4,29.6,1019.4,,8,4
2025-04-05 01:00:00,8.0,82,0.0,,50,14.4,22.0,1019.1,,0,1
2025-04-05 02:00:00,7.9,87,0.0,,40,14.4,22.0,1019.1,,0,1
2025-04-05 03:00:00,7.4,92,0.0,,30,14.4,27.8,1019.2,,1,1
2025-04-05 04:00:00,7.7,93,0.0,,40,14.4,22.0,1019.3,,6,3
2025-04-05 05:00:00,7.7,90,0.0,,50,21.6,29.0,1019.4,,4,3
2025-04-05 06:00:00,7.8,84,0.0,,50,21.6,29.6,1019.8,,0,1
2025-04-05 07:00:00,9.0,76,0.0,,50,25.2,36.0,1020.3,,0,1
2025-04-05 08:00:00,9.8,66,0.0,,60,25.2,40.0,1020.8,,0,1
2025-04-05 09:00:00,10.7,68,0.0,,50,25.2,37.0,1021.0,,0,1
2025-04-05 10:00:00,11.7,62,0.0,,50,25.9,31.0,1021.1,,0,1
2025-04-05 11:00:00,12.6,58,0.0,,50,21.6,36.0,1021.1,,0,1
2025-04-05 12:00:00,13.7,44,0.0,,50,25.2,38.9,1021.0,,0,1
2025-04-05 13:00:00,14.2,41,0.0,,50,25.2,35.0,1020.7,,0,1
2025-04-05 14:00:00,14.3,42,0.0,,40,28.8,43.0,1020.4,,0,1
2025-04-05 15:00:00,14.2,43,0.0,,30,28.8,42.6,1020.0,,0,1
2025-04-05 16:00:00,13.6,44,0.0,,40,28.8,47.0,1020.1,,0,1
2025-04-05 17:00:00,12.0,54,0.0,,40,32.4,47.0,1020.4,,0,1
2025-04-05 18:00:00,10.5,57,0.0,,40,25.2,42.6,1020.6,,0,1
2025-04-05 19:00:00,9.8,64,0.0,,50,21.6,43.0,1021.2,,0,1
2025-04-05 20:00:00,9.7,58,0.0,,60,25.2,40.0,1021.7,,0,1
2025-04-05 21:00:00,8.9,55,0.0,,60,28.8,40.8,1022.3,,0,1
2025-04-05 22:00:00,8.5,51,0.0,,60,32.4,47.0,1022.7,,0,1
2025-04-05 23:00:00,7.8,50,0.0,,70,25.2,47.0,1023.2,,0,1
2025-04-06 00:00:00,7.2,50,0.0,,70,25.2,38.9,1023.6,,0,1
2025-04-06 01:00:00,6.3,53,0.0,,70,21.6,35.0,1023.9,,0,1
2025-04-06 02:00:00,6.0,54,0.0,,70,21.6,36.0,1024.0,,0,1
2025-04-06 03:00:00,5.3,58,0.0,,70,21.6,33.3,1024.4,,0,1
2025-04-06 04:00:00,4.8,60,0.0,,80,25.2,32.0,1024.7,,0,1
2025-04-06 05:00:00,4.6,60,0.0,,80,25.2,36.0,1025.2,,0,1
2025-04-06 06:00:00,4.7,59,0.0,,80,21.6,31.5,1025.8,,0,1
2025-04-06 07:00:00,5.8,50,0.0,,100,25.2,40.0,1026.4,,0,1
2025-04-06 08:00:00,7.1,47,0.0,,100,21.6,40.0,1026.7,,0,1
2025-04-06 09:00:00,8.3,39,0.0,,110,18.0,35.2,1026.9,,0,1
2025-04-06 10:00:00,9.9,35,0.0,,120,22.3,35.0,1026.7,,0,1
2025-04-06 11:00:00,11.1,33,0.0,,100,25.2,40.0,1026.6,,2,2
2025-04-06 12:00:00,11.0,34,0.0,,60,21.6,35.2,1026.5,,7,4
2025-04-06 13:00:00,11.8,34,0.0,,80,18.0,36.0,1026.2,,0,1
2025-04-06 14:00:00,11.8,37,0.0,,60,25.2,36.0,1025.8,,8,4
2025-04-06 15:00:00,11.7,40,0.0,,50,25.2,37.0,1025.2,,5,3
2025-04-06 16:00:00,11.2,40,0.0,,50,25.2,36.0,1024.9,,1,1
2025-04-06 17:00:00,10.6,41,0.0,,50,25.2,40.0,1024.5,,0,1
2025-04-06 18:00:00,9.6,43,0.0,,70,18.0,31.5,1024.8,,0,1
2025-04-06 19:00:00,8.8,44,0.0,,70,18.0,25.0,1025.0,,0,1
2025-04-06 20:00:00,7.1,49,0.0,,80,10.8,22.0,1025.7,,0,1
2025-04-06 21:00:00,7.3,69,0.0,,50,18.0,27.8,1025.9,,0,1
2025-04-06 22:00:00,6.9,60,0.0,,60,21.6,32.0,1026.2,,0,1
2025-04-06 23:00:00,5.5,62,0.0,,60,18.0,29.0,1026.5,,0,1
2025-04-07 00:00:00,3.7,69,0.0,,60,10.8,24.1,1026.6,,0,1
2025-04-07 01:00:00,3.7,73,0.0,,60,10.8,15.0,1026.4,,0,1
2025-04-07 02:00:00,2.8,75,0.0,,70,10.8,14.0,1026.0,,0,1
2025-04-07 03:00:00,2.3,77,0.0,,70,10.8,16.7,1026.0,,0,1
2025-04-07 04:00:00,2.6,78,0.0,,60,7.2,14.0,1026.0,,0,1
2025-04-07 05:00:00,3.3,81,0.0,,30,3.6,7.0,1026.5,,0,1
2025-04-07 06:00:00,4.2,79,0.0,,80,7.2,14.8,1026.9,,7,4
2025-04-07 07:00:00,7.1,67,0.0,,90,11.2,15.0,1027.2,,0,1
2025-04-07 08:00:00,9.1,50,0.0,,100,7.2,14.0,1027.4,,1,1
2025-04-07 09:00:00,10.1,44,0.0,,90,14.4,20.4,1027.7,,1,1
2025-04-07 10:00:00,11.1,42,0.0,,60,14.8,22.0,1027.5,,3,2
2025-04-07 11:00:00,11.1,39,0.0,,50,10.8,29.0,1027.4,,0,1
2025-04-07 12:00:00,11.8,40,0.0,,80,10.8,24.1,1027.2,,0,1
2025-04-07 13:00:00,12.4,43,0.0,,50,10.8,22.0,1027.0,,1,1
2025-04-07 14:00:00,12.6,42,0.0,,40,14.4,22.0,1026.6,,8,4
2025-04-07 15:00:00,12.4,42,0.0,,50,10.8,27.8,1026.4,,0,1
2025-04-07 16:00:00,12.1,43,0.0,,40,18.0,29.0,1026.3,,0,1
2025-04-07 17:00:00,11.3,45,0.0,,30,21.6,29.0,1026.3,,0,1
2025-04-07 18:00:00,10.3,51,0.0,,30,18.0,25.9,1026.5,,0,1
2025-04-07 19:00:00,8.9,60,0.0,,40,21.6,32.0,1027.2,,0,1
2025-04-07 20:00:00,8.2,64,0.0,,40,18.0,32.0,1027.7,,0,1
2025-04-07 21:00:00,7.9,64,0.0,,50,18.0,25.9,1027.7,,0,1
2025-04-07 22:00:00,7.2,65,0.0,,60,21.6,29.0,1027.9,,0,1
2025-04-07 23:00:00,6.8,66,0.0,,60,18.0,32.0,1028.1,,0,1
2025-04-08 00:00:00,6.6,67,0.0,,59,14.4,22.2,1028.1,,0,1
2025-04-08 01:00:00,5.5,73,0.0,,67,14.4,25.0,1028.1,,0,1
2025-04-08 02:00:00,4.7,73,0.0,,71,10.8,25.0,1028.2,,0,1
2025-04-08 03:00:00,5.0,70,0.0,,77,10.8,16.7,1028.1,,0,1
2025-04-08 04:00:00,4.0,76,0.0,,52,7.2,14.0,1028.0,,8,4
2025-04-08 05:00:00,4.1,87,0.0,,60,7.2,7.0,1028.2,,2,2
2025-04-08 06:00:00,5.1,82,0.0,,60,7.2,16.7,1028.4,,0,1
2025-04-08 07:00:00,7.6,70,0.0,,70,14.4,22.0,1028.6,,0,1
2025-04-08 08:00:00,9.0,63,0.0,,60,14.4,25.0,1029.0,,0,1
2025-04-08 09:00:00,10.4,52,0.0,,60,18.0,20.4,1028.9,,5,3
2025-04-08 10:00:00,11.7,54,0.0,,60,14.4,25.0,1029.1,,8,4
2025-04-08 11:00:00,12.2,50,0.0,,60,14.4,25.0,1028.8,,8,4
2025-04-08 12:00:00,12.9,47,0.0,,40,14.4,22.2,1028.4,,8,4
2025-04-08 13:00:00,13.2,43,0.0,,70,14.4,26.0,1027.8,,8,4
2025-04-08 14:00:00,13.2,39,0.0,,60,14.8,22.0,1027.0,,8,4
2025-04-08 15:00:00,13.3,43,0.0,,40,14.4,25.9,1026.5,,8,4
2025-04-08 16:00:00,12.5,50,0.0,,40,14.4,25.0,1026.4,,8,4
2025-04-08 17:00:00,11.1,59,0.0,,20,14.4,25.0,1026.3,,8,4
2025-04-08 18:00:00,10.0,65,0.0,,10,14.4,24.1,1026.4,,8,4
2025-04-08 19:00:00,8.0,72,0.0,,30,18.0,29.0,1026.7,,0,1
2025-04-08 20:00:00,7.0,74,0.0,,20,18.0,32.0,1026.6,,0,1
2025-04-08 21:00:00,6.2,77,0.0,,30,14.4,22.2,1026.5,,0,1
2025-04-08 22:00:00,5.6,80,0.0,,10,7.2,22.0,1026.6,,0,1
2025-04-08 23:00:00,5.3,83,0.0,,20,10.8,18.0,1026.6,,7,4
2025-04-09 00:00:00,4.7,85,0.0,,20,10.8,18.5,1026.4,,8,4
2025-04-09 01:00:00,5.1,85,0.0,,20,7.6,15.0,1026.0,,8,4
2025-04-09 02:00:00,5.5,85,0.0,,30,7.2,14.0,1025.6,,8,4
2025-04-09 03:00:00,6.0,85,0.0,,10,7.2,14.8,1025.6,,8,4
2025-04-09 04:00:00,6.0,83,0.0,,10,10.8,18.0,1025.5,,8,4
2025-04-09 05:00:00,6.4,82,0.0,,30,14.4,22.0,1025.8,,8,4
2025-04-09 06:00:00,6.6,82,0.0,,30,10.8,20.4,1026.3,,8,4
2025-04-09 07:00:00,7.2,78,0.0,,30,14.8,26.0,1026.6,,8,4
2025-04-09 08:00:00,8.2,75,0.0,,20,18.0,25.0,1027.1,,8,4
2025-04-09 09:00:00,8.8,73,0.0,,40,18.0,25.9,1027.5,,8,4
2025-04-09 10:00:00,9.9,70,0.0,,20,18.0,29.0,1027.8,,1,1
2025-04-09 11:00:00,11.9,66,0.0,,30,18.0,29.0,1028.0,,3,2
2025-04-09 12:00:00,11.2,66,0.0,,20,18.0,27.8,1027.9,,3,2
2025-04-09 13:00:00,10.5,67,0.0,,360,18.4,31.0,1028.3,,6,3
2025-04-09 14:00:00,10.1,65,0.0,,30,21.6,32.0,1028.1,,4,3
2025-04-09 15:00:00,10.4,64,0.0,,20,18.0,27.8,1027.9,,6,3
2025-04-09 16:00:00,10.7,63,0.0,,360,14.4,25.0,1027.7,,8,4
2025-04-09 17:00:00,9.2,66,0.0,,340,21.6,32.0,1028.2,,8,4
2025-04-09 18:00:00,7.9,69,0.0,,350,21.6,27.8,1028.7,,7,4
2025-04-09 19:00:00,7.7,73,0.0,,360,14.4,32.0,1029.0,,8,4
2025-04-09 20:00:00,7.5,73,0.0,,350,21.6,32.0,1029.1,,8,4
2025-04-09 21:00:00,7.5,76,0.0,,340,18.0,24.1,1029.3,,8,4
2025-04-09 22:00:00,7.6,75,0.0,,340,21.6,32.0,1029.7,,8,4
2025-04-09 23:00:00,7.9,74,0.0,,340,18.0,29.0,1029.7,,8,4
2025-04-10 00:00:00,8.1,76,0.0,,330,14.4,24.1,1029.4,,8,4
2025-04-10 01:00:00,8.3,77,0.0,,340,14.4,30.0,1029.3,,8,4
2025-04-10 02:00:00,8.1,79,0.0,,330,18.0,25.0,1028.8,,8,4
2025-04-10 03:00:00,8.0,79,0.0,,340,14.4,22.2,1028.9,,8,4
2025-04-10 04:00:00,7.6,77,0.0,,330,10.8,29.0,1028.9,,8,4
2025-04-10 05:00:00,7.7,77,0.0,,340,18.0,36.0,1029.1,,8,4
2025-04-10 06:00:00,7.9,79,0.0,,340,21.6,25.9,1029.2,,8,4
2025-04-10 07:00:00,8.1,78,0.0,,330,21.6,32.0,1029.4,,8,4
2025-04-10 08:00:00,8.8,76,0.0,,340,18.0,32.0,1029.8,,8,4
2025-04-10 09:00:00,9.5,73,0.0,,340,18.0,29.6,1029.9,,8,4
2025-04-10 10:00:00,11.4,69,0.0,,350,18.0,29.0,1029.6,,6,3
2025-04-10 11:00:00,11.5,68,0.0,,340,18.0,29.0,1029.4,,2,2
2025-04-10 12:00:00,12.7,66,0.0,,330,14.4,29.6,1029.2,,8,4
2025-04-10 13:00:00,13.0,67,0.0,,330,18.0,30.0,1028.9,,6,3
2025-04-10 14:00:00,12.6,66,0.0,,340,18.0,29.0,1028.6,,5,3
2025-04-10 15:00:00,12.4,67,0.0,,320,18.0,29.6,1028.1,,1,1
2025-04-10 16:00:00,11.2,70,0.0,,320,21.6,32.0,1027.6,,1,1
2025-04-10 17:00:00,10.1,72,0.0,,320,18.0,29.0,1027.2,,1,1
2025-04-10 18:00:00,8.5,78,0.0,,310,18.0,25.9,1027.3,,6,3
2025-04-10 19:00:00,6.2,86,0.0,,310,14.4,22.0,1027.3,,6,3
2025-04-10 20:00:00,5.8,88,0.0,,300,10.8,14.0,1027.2,,0,1
2025-04-10 21:00:00,5.0,91,0.0,,280,10.8,18.5,1026.7,,0,1
2025-04-10 22:00:00,4.9,91,0.0,,290,7.2,11.0,1026.4,,0,1
2025-04-10 23:00:00,4.8,93,0.0,,270,7.2,11.0,1025.9,,0,1
2025-04-11 00:00:00,4.6,94,0.0,,260,10.8,13.0,1025.4,,0,1
2025-04-11 01:00:00,3.9,95,0.0,,270,7.2,11.0,1024.9,,0,1
2025-04-11 02:00:00,4.7,99,0.0,,260,3.6,11.0,1024.3,,1,1
2025-04-11 03:00:00,3.5,96,0.0,,220,10.8,13.0,1023.7,,8,4
2025-04-11 04:00:00,3.9,96,0.0,,210,10.8,14.0,1023.2,,1,1
2025-04-11 05:00:00,4.9,97,0.0,,210,10.8,14.0,1023.1,,7,4
2025-04-11 06:00:00,6.8,97,0.0,,230,10.8,18.5,1023.0,,6,3
2025-04-11 07:00:00,8.8,92,0.0,,230,10.8,18.0,1022.7,,1,1
2025-04-11 08:00:00,11.3,82,0.0,,240,14.4,22.0,1022.7,,0,1
2025-04-11 09:00:00,12.5,75,0.0,,250,21.6,27.8,1022.5,,6,3
2025-04-11 10:00:00,13.5,70,0.0,,250,21.6,29.0,1022.3,,7,4
2025-04-11 11:00:00,14.2,67,0.0,,260,21.6,29.0,1022.0,,4,3
2025-04-11 12:00:00,15.0,65,0.0,,270,18.0,29.6,1021.9,,0,1
2025-04-11 13:00:00,15.4,59,0.0,,270,18.0,30.0,1021.5,,0,1
2025-04-11 14:00:00,16.1,60,0.0,,280,18.0,29.0,1021.3,,2,2
2025-04-11 15:00:00,15.2,63,0.0,,290,14.4,25.9,1020.8,,8,4
2025-04-11 16:00:00,15.0,61,0.0,,320,10.8,22.0,1020.4,,8,4
2025-04-11 17:00:00,13.6,67,0.0,,310,10.8,18.0,1019.9,,8,4
2025-04-11 18:00:00,11.7,71,0.0,,320,10.8,18.5,1019.7,,8,4
2025-04-11 19:00:00,9.9,75,0.0,,310,7.2,11.0,1019.4,,8,4
2025-04-11 20:00:00,10.8,74,0.0,,330,3.6,11.0,1019.2,,8,4
2025-04-11 21:00:00,9.6,82,0.0,,330,3.6,9.3,1019.0,,8,4
2025-04-11 22:00:00,7.8,89,0.0,,40,7.2,11.0,1018.6,,8,4
2025-04-11 23:00:00,7.8,92,0.0,,40,3.6,4.0,1018.1,,8,4
2025-04-12 00:00:00,7.0,96,0.0,,70,3.6,7.4,1017.3,,0,1
2025-04-12 01:00:00,6.9,99,0.0,,70,3.6,8.0,1016.6,,0,1
2025-04-12 02:00:00,6.4,99,0.0,,0,0.0,4.0,1016.2,,5,3
2025-04-12 03:00:00,6.5,99,0.0,,90,3.6,9.3,1015.8,,8,5
2025-04-12 04:00:00,6.0,99,0.0,,90,3.6,7.0,1015.5,,8,5
2025-04-12 05:00:00,6.7,99,0.0,,90,3.6,7.0,1015.1,,8,4
2025-04-12 06:00:00,8.5,95,0.0,,140,3.6,13.0,1014.9,,5,3
2025-04-12 07:00:00,11.6,79,0.0,,110,14.4,22.0,1014.1,,3,2
2025-04-12 08:00:00,14.4,70,0.0,,110,18.0,22.0,1013.5,,0,1
2025-04-12 09:00:00,16.9,58,0.0,,120,18.0,22.2,1012.7,,0,1
2025-04-12 10:00:00,18.2,50,0.0,,130,22.3,35.0,1012.1,,0,1
2025-04-12 11:00:00,19.8,45,0.0,,120,25.2,36.0,1011.0,,0,1
2025-04-12 12:00:00,20.6,43,0.0,,140,28.8,33.3,1009.9,,0,1
2025-04-12 13:00:00,21.5,38,0.0,,140,25.2,43.0,1008.6,,0,1
2025-04-12 14:00:00,22.1,37,0.0,,130,28.8,40.0,1007.3,,0,1
2025-04-12 15:00:00,22.3,33,0.0,,130,28.8,37.0,1006.1,,0,1
2025-04-12 16:00:00,22.2,34,0.0,,140,21.6,40.0,1004.9,,0,1
2025-04-12 17:00:00,21.7,36,0.0,,130,21.6,36.0,1003.8,,0,1
2025-04-12 18:00:00,20.1,40,0.0,,120,18.0,33.3,1003.2,,0,1
2025-04-12 19:00:00,17.7,46,0.0,,110,14.4,22.0,1002.8,,6,3
2025-04-12 20:00:00,17.8,43,0.0,,110,18.0,22.0,1001.9,,1,1
2025-04-12 21:00:00,18.6,39,0.0,,110,21.6,27.8,1001.0,,8,4
2025-04-12 22:00:00,17.7,45,0.0,,180,21.6,32.0,1001.0,,6,3
2025-04-12 23:00:00,16.4,52,0.0,,200,21.6,32.0,1000.9,,8,4
2025-04-13 00:00:00,16.6,53,0.0,,190,21.6,27.8,1000.5,,8,4
2025-04-13 01:00:00,16.0,61,0.0,,190,21.6,32.0,1000.0,,8,17
2025-04-13 02:00:00,14.1,82,0.0,,200,25.2,43.0,999.8,,8,17
2025-04-13 03:00:00,13.0,91,1.0,,180,18.0,27.8,999.3,,8,8
2025-04-13 04:00:00,12.6,96,3.0,,190,18.0,29.0,999.0,,8,8
2025-04-13 05:00:00,12.8,96,0.1,,200,18.0,29.0,999.1,,8,7
2025-04-13 06:00:00,13.2,95,0.0,,210,18.0,37.0,999.6,,8,8
2025-04-13 07:00:00,13.7,90,0.0,,230,25.2,32.0,1000.3,,8,4
2025-04-13 08:00:00,13.7,74,0.0,,240,32.4,40.0,1001.2,,8,4
2025-04-13 09:00:00,13.1,75,0.0,,250,25.2,42.6,1002.2,,8,4
2025-04-13 10:00:00,13.8,70,0.0,,260,25.2,36.0,1003.1,,7,4
2025-04-13 11:00:00,14.5,66,0.0,,260,18.0,32.0,1003.8,,8,4
2025-04-13 12:00:00,15.4,65,0.0,,250,21.6,40.8,1004.3,,2,2
2025-04-13 13:00:00,15.5,64,0.0,,250,21.6,31.0,1004.8,,0,1
2025-04-13 14:00:00,15.8,63,0.0,,270,22.3,31.0,1004.9,,8,4
2025-04-13 15:00:00,16.4,59,0.0,,250,21.6,40.8,1005.0,,7,4
2025-04-13 16:00:00,14.8,67,0.0,,260,28.8,40.0,1005.5,,8,4
2025-04-13 17:00:00,13.2,63,0.0,,250,32.4,43.0,1006.0,,8,4
2025-04-13 18:00:00,12.2,70,0.0,,250,28.8,31.5,1006.3,,7,4
2025-04-13 19:00:00,11.8,71,0.0,,230,21.6,43.0,1006.6,,8,4
2025-04-13 20:00:00,12.0,70,0.0,,220,25.2,40.0,1006.8,,3,2
2025-04-13 21:00:00,11.4,74,0.0,,210,18.0,24.1,1006.9,,8,4
2025-04-13 22:00:00,11.1,76,0.0,,210,18.0,25.0,1007.0,,8,4
2025-04-13 23:00:00,10.2,80,0.0,,210,18.0,29.0,1007.1,,6,3
2025-04-14 00:00:00,10.7,74,0.0,,210,18.0,25.9,1007.3,,8,4
2025-04-14 01:00:00,10.7,72,0.0,,240,14.4,30.0,1007.4,,8,4
2025-04-14 02:00:00,10.4,81,0.0,,240,18.0,32.0,1007.5,,8,4
2025-04-14 03:00:00,9.8,87,0.0,,240,10.8,22.2,1007.2,,8,17
2025-04-14 04:00:00,9.1,90,0.0,,220,10.8,25.0,1007.8,,8,8
2025-04-14 05:00:00,10.2,89,0.0,,210,10.8,18.0,1008.2,,8,4
2025-04-14 06:00:00,10.3,90,0.0,,210,14.4,20.4,1008.8,,7,4
2025-04-14 07:00:00,10.7,83,0.0,,240,18.0,25.0,1009.3,,8,4
2025-04-14 08:00:00,12.0,77,0.0,,220,10.8,25.0,1009.4,,7,4
2025-04-14 09:00:00,12.8,71,0.0,,210,10.8,22.2,1009.3,,0,1
2025-04-14 10:00:00,13.8,65,0.0,,190,14.8,26.0,1009.5,,0,1
2025-04-14 11:00:00,15.1,62,0.0,,190,14.4,25.0,1009.3,,4,3
2025-04-14 12:00:00,14.8,58,0.0,,190,14.4,25.9,1009.0,,8,4
2025-04-14 13:00:00,15.8,54,0.0,,170,14.4,25.0,1008.5,,8,4
2025-04-14 14:00:00,16.1,51,0.0,,160,14.4,29.0,1007.7,,8,4
2025-04-14 15:00:00,16.1,49,0.0,,200,14.4,22.2,1007.2,,8,4
2025-04-14 16:00:00,16.4,50,0.0,,140,14.4,22.0,1006.7,,8,4
2025-04-14 17:00:00,16.0,49,0.0,,120,10.8,18.0,1005.9,,8,4
2025-04-14 18:00:00,13.5,62,0.0,,60,14.4,20.4,1005.3,,8,4
2025-04-14 19:00:00,12.7,66,0.0,,60,14.4,22.0,1005.2,,8,4
2025-04-14 20:00:00,10.7,80,0.0,,60,10.8,22.0,1004.8,,8,4
2025-04-14 21:00:00,12.2,70,0.0,,90,18.0,22.2,1004.5,,8,4
2025-04-14 22:00:00,12.6,65,0.0,,90,18.0,29.0,1003.8,,8,4
2025-04-14 23:00:00,13.0,65,0.0,,90,21.6,29.0,1003.0,,8,4
2025-04-15 00:00:00,12.9,68,0.0,,100,21.6,27.8,1002.2,,8,4
2025-04-15 01:00:00,12.1,72,0.0,,100,21.6,31.0,1001.2,,8,4
2025-04-15 02:00:00,12.0,74,0.0,,100,21.6,29.0,1000.7,,8,4
2025-04-15 03:00:00,11.5,75,0.0,,110,21.6,24.1,999.9,,2,2
2025-04-15 04:00:00,10.7,78,0.0,,100,18.0,29.0,999.4,,0,1
2025-04-15 05:00:00,10.8,78,0.0,,100,18.0,25.0,998.9,,8,4
2025-04-15 06:00:00,12.6,71,0.0,,110,18.0,27.8,998.3,,0,1
2025-04-15 07:00:00,14.8,64,0.0,,90,21.6,29.0,997.6,,8,4
2025-04-15 08:00:00,16.3,62,0.0,,120,21.6,32.0,997.4,,8,4
2025-04-15 09:00:00,18.1,59,0.0,,120,21.6,29.6,997.1,,8,4
2025-04-15 10:00:00,20.0,55,0.0,,150,25.9,35.0,996.8,,8,4
2025-04-15 11:00:00,20.5,56,0.0,,180,21.6,36.0,996.6,,2,2
2025-04-15 12:00:00,21.3,56,0.0,,150,21.6,31.5,996.3,,8,4
2025-04-15 13:00:00,19.2,63,0.0,,180,28.8,42.0,996.8,,8,17
2025-04-15 14:00:00,19.4,68,0.2,,180,18.0,36.0,996.5,,8,8
2025-04-15 15:00:00,18.9,66,0.0,,190,21.6,29.6,996.8,,8,4
2025-04-15 16:00:00,12.9,94,1.0,,270,18.0,47.0,997.9,,8,17
2025-04-15 17:00:00,12.8,87,0.2,,280,10.8,22.0,998.4,,8,8
2025-04-15 18:00:00,12.4,88,0.0,,300,7.2,22.2,999.0,,8,4
2025-04-15 19:00:00,11.6,89,0.0,,310,3.6,11.0,999.5,,8,4
2025-04-15 20:00:00,10.7,97,0.0,,120,3.6,7.0,1000.1,,8,4
2025-04-15 21:00:00,9.7,99,0.0,,110,3.6,18.5,1000.3,,8,4
2025-04-15 22:00:00,11.5,94,0.0,,120,10.8,11.0,1000.7,,8,4
2025-04-15 23:00:00,10.3,95,0.0,,240,3.6,11.0,1001.0,,7,4
2025-04-16 00:00:00,10.0,96,0.0,,160,3.6,24.1,1001.6,,0,1
2025-04-16 01:00:00,11.2,94,0.0,,200,10.8,26.0,1002.0,,7,4
2025-04-16 02:00:00,11.3,89,0.0,,210,14.4,18.0,1002.3,,8,4
2025-04-16 03:00:00,10.9,85,0.0,,220,10.8,24.1,1003.0,,8,4
2025-04-16 04:00:00,10.2,83,0.0,,260,18.0,25.0,1003.7,,8,4
2025-04-16 05:00:00,9.6,86,0.0,,250,18.0,29.0,1004.6,,8,4
2025-04-16 06:00:00,10.0,76,0.0,,250,18.0,31.5,1005.1,,8,4
2025-04-16 07:00:00,10.2,75,0.0,,220,10.8,25.0,1006.3,,8,4
2025-04-16 08:00:00,10.8,72,0.0,,210,14.4,18.0,1006.4,,8,4
2025-04-16 09:00:00,10.8,68,0.0,,210,18.0,35.2,1007.8,,8,4
2025-04-16 10:00:00,10.9,69,0.0,,210,18.0,30.0,1008.5,,8,7
2025-04-16 11:00:00,11.4,76,0.0,,170,14.4,22.0,1008.7,,8,7
2025-04-16 12:00:00,11.8,64,0.0,,210,18.0,38.9,1009.2,,8,7
2025-04-16 13:00:00,12.1,62,0.0,,200,18.0,25.0,1009.7,,8,4
2025-04-16 14:00:00,12.6,60,0.0,,210,18.0,25.0,1009.5,,8,4
2025-04-16 15:00:00,12.2,67,0.0,,280,10.8,35.2,1010.0,,8,4
2025-04-16 16:00:00,11.6,68,0.0,,280,14.4,18.0,1010.8,,8,4
2025-04-16 17:00:00,10.9,70,0.0,,270,10.8,18.0,1011.1,,8,4
2025-04-16 18:00:00,10.9,69,0.0,,330,3.6,24.1,1011.1,,8,4
2025-04-16 19:00:00,10.1,72,0.0,,340,3.6,7.0,1011.7,,8,4
2025-04-16 20:00:00,10.0,75,0.0,,10,3.6,4.0,1012.1,,8,4
2025-04-16 21:00:00,10.0,73,0.0,,170,3.6,18.5,1012.5,,8,4
2025-04-16 22:00:00,9.0,81,0.0,,110,3.6,7.0,1012.2,,8,4
2025-04-16 23:00:00,8.9,84,0.0,,110,7.2,11.0,1012.4,,8,4
2025-04-17 00:00:00,9.5,82,0.0,,180,3.6,11.1,1012.3,,8,4
2025-04-17 01:00:00,9.5,82,0.0,,100,3.6,8.0,1011.5,,8,4
2025-04-17 02:00:00,9.0,86,0.0,,160,3.6,7.0,1011.7,,8,4
2025-04-17 03:00:00,8.9,88,0.0,,210,3.6,13.0,1011.8,,8,4
2025-04-17 04:00:00,9.1,88,0.0,,220,3.6,7.0,1012.1,,8,4
2025-04-17 05:00:00,9.1,84,0.0,,270,7.2,7.0,1012.5,,8,4
2025-04-17 06:00:00,9.8,79,0.0,,270,10.8,16.7,1012.4,,8,4
2025-04-17 07:00:00,10.6,70,0.0,,290,10.8,18.0,1012.4,,8,4
2025-04-17 08:00:00,11.0,68,0.0,,310,14.4,22.0,1012.6,,8,4
2025-04-17 09:00:00,11.4,68,0.0,,320,14.4,25.9,1012.9,,8,4
2025-04-17 10:00:00,11.6,70,0.0,,310,10.8,22.0,1012.9,,8,4
2025-04-17 11:00:00,12.1,65,0.0,,320,10.8,18.0,1012.8,,8,4
2025-04-17 12:00:00,12.6,65,0.0,,310,10.8,25.9,1012.6,,8,4
2025-04-17 13:00:00,12.7,57,0.0,,10,10.8,18.0,1012.6,,8,4
2025-04-17 14:00:00,12.8,59,0.0,,350,7.2,18.0,1012.8,,8,4
2025-04-17 15:00:00,12.1,65,0.0,,320,14.4,29.6,1013.1,,8,4
2025-04-17 16:00:00,12.2,63,0.0,,340,10.8,18.0,1013.3,,8,4
2025-04-17 17:00:00,11.3,59,0.0,,330,14.4,18.0,1013.5,,8,4
2025-04-17 18:00:00,10.5,56,0.0,,340,10.8,24.1,1014.0,,8,4
2025-04-17 19:00:00,9.8,60,0.0,,330,10.8,14.0,1014.4,,8,4
2025-04-17 20:00:00,8.9,68,0.0,,350,7.2,14.0,1014.4,,8,4
2025-04-17 21:00:00,8.3,79,0.0,,310,10.8,18.5,1014.6,,8,4
2025-04-17 22:00:00,8.0,86,0.0,,330,7.2,11.0,1014.5,,8,4
2025-04-17 23:00:00,7.7,90,0.0,,330,7.2,11.0,1014.7,,8,4
2025-04-18 00:00:00,8.1,88,0.0,,340,7.2,13.0,1014.8,,8,4
2025-04-18 01:00:00,7.4,91,0.0,,310,3.6,11.0,1014.9,,8,4
2025-04-18 02:00:00,7.6,93,0.0,,310,3.6,11.0,1014.8,,8,4
2025-04-18 03:00:00,7.2,94,0.0,,310,7.2,13.0,1014.8,,8,4
2025-04-18 04:00:00,7.4,93,0.0,,300,3.6,11.0,1015.0,,8,4
2025-04-18 05:00:00,7.8,90,0.0,,40,3.6,11.0,1015.4,,8,4
2025-04-18 06:00:00,8.2,90,0.0,,20,3.6,14.8,1015.6,,8,4
2025-04-18 07:00:00,9.0,84,0.0,,20,7.2,11.0,1015.4,,8,4
2025-04-18 08:00:00,9.7,74,0.0,,60,7.2,11.0,1015.7,,8,4
2025-04-18 09:00:00,10.6,73,0.0,,100,3.6,22.2,1015.9,,8,4
2025-04-18 10:00:00,12.3,64,0.0,,150,10.8,14.0,1015.9,,8,4
2025-04-18 11:00:00,12.6,57,0.0,,160,10.8,18.0,1015.3,,8,4
2025-04-18 12:00:00,13.8,56,0.0,,90,10.8,24.1,1014.6,,8,4
2025-04-18 13:00:00,14.9,50,0.0,,150,7.2,18.0,1014.3,,5,3
2025-04-18 14:00:00,15.6,47,0.0,,260,7.2,14.0,1013.9,,1,1
2025-04-18 15:00:00,14.2,61,0.0,,80,18.0,25.9,1013.7,,0,1
2025-04-18 16:00:00,13.6,62,0.0,,60,18.0,25.0,1013.6,,0,1
2025-04-18 17:00:00,12.5,59,0.0,,70,18.0,25.0,1013.6,,0,1
2025-04-18 18:00:00,11.1,57,0.0,,50,18.0,25.9,1013.6,,0,1
2025-04-18 19:00:00,9.8,77,0.0,,60,14.4,22.0,1013.6,,1,1
2025-04-18 20:00:00,9.4,80,0.0,,60,10.8,22.0,1013.5,,0,1
2025-04-18 21:00:00,8.8,83,0.0,,60,10.8,18.5,1013.2,,2,2
2025-04-18 22:00:00,8.9,78,0.0,,70,14.4,22.0,1013.1,,0,1
2025-04-18 23:00:00,7.7,77,0.0,,80,14.4,18.0,1013.2,,3,2
2025-04-19 00:00:00,6.6,77,0.0,,80,10.8,16.7,1012.8,,8,4
2025-04-19 01:00:00,5.8,82,0.0,,70,10.8,22.0,1012.5,,6,3
2025-04-19 02:00:00,5.8,85,0.0,,60,10.8,14.0,1012.3,,8,4
2025-04-19 03:00:00,6.4,86,0.0,,80,3.6,11.1,1012.1,,8,4
2025-04-19 04:00:00,5.0,93,0.0,,70,7.2,11.0,1011.7,,6,3
2025-04-19 05:00:00,5.0,93,0.0,,80,10.8,18.0,1011.9,,8,4
2025-04-19 06:00:00,8.0,89,0.0,,80,7.2,18.5,1011.9,,5,3
2025-04-19 07:00:00,9.3,83,0.0,,70,10.8,18.0,1012.0,,8,4
2025-04-19 08:00:00,10.5,73,0.0,,90,14.8,22.0,1011.6,,5,3
2025-04-19 09:00:00,11.5,65,0.0,,50,14.4,24.1,1011.4,,3,2
2025-04-19 10:00:00,11.9,64,0.0,,60,14.8,22.0,1011.4,,8,4
2025-04-19 11:00:00,13.2,57,0.0,,40,14.4,25.0,1010.9,,8,4
2025-04-19 12:00:00,12.3,59,0.0,,50,18.4,27.8,1010.6,,8,4
2025-04-19 13:00:00,13.0,58,0.0,,70,21.6,29.0,1010.2,,8,4
2025-04-19 14:00:00,13.0,54,0.0,,50,21.6,29.0,1009.7,,8,4
2025-04-19 15:00:00,13.7,54,0.0,,50,18.0,29.6,1009.3,,8,4
2025-04-19 16:00:00,13.3,57,0.0,,50,18.0,29.0,1009.1,,8,4
2025-04-19 17:00:00,12.6,59,0.0,,40,18.0,25.0,1008.6,,8,4
2025-04-19 18:00:00,10.9,65,0.0,,20,14.4,25.9,1008.3,,1,1
2025-04-19 19:00:00,9.3,73,0.0,,20,18.0,25.0,1008.7,,8,4
2025-04-19 20:00:00,8.2,79,0.0,,30,18.0,29.0,1009.1,,8,4
2025-04-19 21:00:00,7.6,82,0.0,,30,14.4,22.2,1009.0,,7,4
2025-04-19 22:00:00,6.7,86,0.0,,20,14.4,22.0,1008.7,,0,1
2025-04-19 23:00:00,6.4,87,0.0,,30,10.8,18.0,1008.3,,0,1
2025-04-20 00:00:00,6.2,88,0.0,,30,10.8,18.5,1008.0,,0,1
2025-04-20 01:00:00,5.3,89,0.0,,20,7.2,14.0,1007.8,,2,2
2025-04-20 02:00:00,5.6,89,0.0,,10,7.2,14.0,1007.6,,8,4
2025-04-20 03:00:00,5.6,88,0.0,,10,7.2,18.5,1007.3,,8,4
2025-04-20 04:00:00,3.6,92,0.0,,320,3.6,11.0,1007.3,,8,4
2025-04-20 05:00:00,3.9,93,0.0,,320,3.6,7.0,1007.4,,8,4
2025-04-20 06:00:00,5.6,92,0.0,,330,3.6,20.4,1007.7,,8,4
2025-04-20 07:00:00,8.9,79,0.0,,40,10.8,14.0,1007.6,,8,4
2025-04-20 08:00:00,9.9,75,0.0,,40,10.8,18.0,1007.5,,8,4
2025-04-20 09:00:00,11.3,71,0.0,,10,14.4,25.9,1007.6,,2,2
2025-04-20 10:00:00,12.6,66,0.0,,50,10.8,22.0,1007.5,,0,1
2025-04-20 11:00:00,13.0,65,0.0,,70,14.4,25.0,1007.4,,0,1
2025-04-20 12:00:00,13.1,64,0.0,,50,10.8,27.8,1007.4,,0,1
2025-04-20 13:00:00,14.2,64,0.0,,70,14.8,22.0,1007.3,,3,2
2025-04-20 14:00:00,14.7,62,0.0,,70,10.8,22.0,1007.4,,3,2
2025-04-20 15:00:00,14.3,66,0.0,,80,18.0,29.6,1007.1,,2,2
2025-04-20 16:00:00,13.3,70,0.0,,70,14.8,26.0,1007.2,,8,4
2025-04-20 17:00:00,12.6,74,0.0,,70,10.8,25.0,1007.2,,8,4
2025-04-20 18:00:00,11.8,72,0.0,,30,14.4,27.8,1007.2,,8,4
2025-04-20 19:00:00,10.6,76,0.0,,60,14.4,25.0,1007.8,,8,4
2025-04-20 20:00:00,10.4,76,0.0,,30,14.4,22.0,1008.1,,8,4
2025-04-20 21:00:00,10.3,77,0.0,,50,10.8,22.2,1008.2,,8,4
2025-04-20 22:00:00,10.3,79,0.0,,50,7.2,18.0,1008.5,,8,4
2025-04-20 23:00:00,10.2,81,0.0,,60,7.2,11.0,1008.4,,8,4
2025-04-21 00:00:00,10.3,80,0.0,,360,3.6,22.2,1008.3,,8,4
2025-04-21 01:00:00,10.3,82,0.0,,20,7.2,11.0,1007.9,,8,4
2025-04-21 02:00:00,9.8,88,0.1,,90,3.6,11.0,1007.9,,8,8
2025-04-21 03:00:00,9.5,92,0.0,,100,7.2,24.1,1007.9,,8,17
2025-04-21 04:00:00,9.1,92,0.2,,100,7.2,11.0,1007.9,,8,8
2025-04-21 05:00:00,9.0,96,1.0,,80,3.6,11.0,1008.2,,8,8
2025-04-21 06:00:00,9.3,97,0.9,,40,3.6,22.2,1008.4,,8,7
2025-04-21 07:00:00,9.8,97,0.2,,100,3.6,7.0,1008.7,,8,17
2025-04-21 08:00:00,10.6,97,0.1,,160,3.6,7.0,1008.8,,8,7
2025-04-21 09:00:00,11.5,94,0.1,,170,7.2,27.8,1009.3,,8,7
2025-04-21 10:00:00,12.5,88,0.0,,190,10.8,14.0,1009.6,,8,8
2025-04-21 11:00:00,13.6,82,0.0,,200,10.8,22.0,1009.7,,8,8
2025-04-21 12:00:00,14.1,78,0.0,,220,7.2,31.5,1009.8,,8,4
2025-04-21 13:00:00,13.5,88,0.0,,330,10.8,18.0,1010.0,,8,7
2025-04-21 14:00:00,13.8,85,0.0,,10,7.2,18.0,1010.1,,8,8
2025-04-21 15:00:00,13.2,91,0.2,,330,7.2,31.5,1010.4,,8,17
2025-04-21 16:00:00,13.0,91,0.2,,60,7.2,18.0,1010.7,,8,7
2025-04-21 17:00:00,13.0,94,0.1,,0,0.0,11.0,1011.0,,8,7
2025-04-21 18:00:00,12.8,93,0.0,,170,7.2,29.6,1011.3,,8,4
2025-04-21 19:00:00,12.1,96,0.0,,190,3.6,14.0,1011.8,,8,4
2025-04-21 20:00:00,11.4,94,0.0,,280,7.2,14.0,1012.3,,8,4
2025-04-21 21:00:00,10.6,95,0.0,,290,10.8,24.1,1012.7,,8,4
2025-04-21 22:00:00,10.3,97,0.0,,290,10.8,14.0,1013.2,,8,4
2025-04-21 23:00:00,10.7,92,0.0,,260,14.4,22.0,1013.8,,8,4
2025-04-22 00:00:00,10.5,91,0.0,,240,14.4,22.2,1013.9,,8,4
2025-04-22 01:00:00,9.6,95,0.0,,250,14.4,22.0,1014.1,,8,4
2025-04-22 02:00:00,10.0,90,0.0,,230,14.4,18.0,1014.1,,8,4
2025-04-22 03:00:00,10.5,89,0.0,,210,10.8,18.5,1014.1,,8,4
2025-04-22 04:00:00,10.6,90,0.0,,180,10.8,18.0,1014.1,,8,4
2025-04-22 05:00:00,11.0,90,0.0,,190,14.4,22.0,1014.3,,8,4
2025-04-22 06:00:00,10.7,92,0.0,,250,18.0,20.4,1014.9,,8,4
2025-04-22 07:00:00,10.9,89,0.0,,260,21.6,29.0,1015.8,,8,4
2025-04-22 08:00:00,10.4,89,0.0,,240,21.6,29.0,1016.5,,8,4
2025-04-22 09:00:00,10.7,88,0.0,,240,14.4,25.9,1017.0,,8,4
2025-04-22 10:00:00,11.3,86,0.0,,270,18.0,25.0,1017.4,,8,4
2025-04-22 11:00:00,12.9,81,0.0,,290,14.4,25.0,1017.4,,8,4
2025-04-22 12:00:00,13.5,78,0.0,,280,14.4,31.5,1017.6,,8,4
2025-04-22 13:00:00,14.7,72,0.0,,280,14.4,26.0,1017.7,,4,3
2025-04-22 14:00:00,14.4,64,0.0,,260,21.6,32.0,1017.7,,8,4
2025-04-22 15:00:00,14.7,65,0.0,,260,18.0,29.6,1017.7,,8,4
2025-04-22 16:00:00,14.0,70,0.0,,290,14.4,25.0,1017.7,,8,4
2025-04-22 17:00:00,12.9,74,0.0,,290,10.8,22.0,1017.8,,8,4
2025-04-22 18:00:00,11.2,79,0.0,,320,7.2,18.5,1017.7,,8,4
2025-04-22 19:00:00,10.4,84,0.0,,310,7.2,11.0,1017.9,,8,4
2025-04-22 20:00:00,9.3,90,0.0,,360,3.6,7.0,1018.1,,8,4
2025-04-22 21:00:00,9.1,95,0.0,,0,0.0,9.3,1018.0,,8,4
2025-04-22 22:00:00,8.0,96,0.0,,100,7.2,11.0,1018.2,,8,4
2025-04-22 23:00:00,8.6,98,0.0,,0,0.0,7.0,1018.1,,8,4
2025-04-23 00:00:00,7.7,96,0.0,,70,3.6,7.4,1017.8,,8,4
2025-04-23 01:00:00,7.8,99,0.0,,0,0.0,4.0,1017.1,,8,4
2025-04-23 02:00:00,8.1,99,0.0,,40,3.6,4.0,1016.7,,8,4
2025-04-23 03:00:00,6.7,100,0.0,,70,7.2,7.4,1016.0,,8,5
2025-04-23 04:00:00,8.0,99,0.0,,110,3.6,7.0,1015.4,,8,4
2025-04-23 05:00:00,7.9,100,0.0,,90,3.6,7.0,1015.1,,3,2
2025-04-23 06:00:00,8.6,99,0.0,,80,7.2,11.1,1015.0,,0,1
2025-04-23 07:00:00,12.9,85,0.0,,80,7.2,11.0,1014.6,,8,4
2025-04-23 08:00:00,13.7,66,0.0,,90,7.2,11.0,1014.4,,8,4
2025-04-23 09:00:00,14.6,62,0.0,,110,14.4,18.5,1014.3,,8,4
2025-04-23 10:00:00,15.2,63,0.0,,120,14.4,22.0,1014.2,,8,4
2025-04-23 11:00:00,15.1,66,0.0,,140,14.4,18.0,1013.9,,8,4
2025-04-23 12:00:00,14.8,66,0.0,,120,14.4,22.2,1013.9,,8,4
2025-04-23 13:00:00,14.5,72,0.0,,90,14.4,22.0,1013.9,,8,17
2025-04-23 14:00:00,13.7,75,0.0,,80,10.8,18.0,1013.6,,8,8
2025-04-23 15:00:00,14.1,76,0.0,,70,7.2,24.1,1013.6,,8,8
2025-04-23 16:00:00,13.9,76,0.0,,20,14.4,18.0,1013.7,,8,4
2025-04-23 17:00:00,13.6,76,0.0,,20,10.8,22.0,1013.7,,8,4
2025-04-23 18:00:00,13.9,80,0.0,,30,10.8,22.2,1013.8,,8,8
2025-04-23 19:00:00,13.5,80,0.0,,20,10.8,22.0,1014.1,,8,4
2025-04-23 20:00:00,13.3,86,0.0,,20,14.4,22.0,1014.8,,8,4
2025-04-23 21:00:00,13.1,85,0.0,,40,14.4,24.1,1015.4,,8,4
2025-04-23 22:00:00,12.1,90,0.0,,10,14.4,25.0,1015.5,,8,4
2025-04-23 23:00:00,11.3,90,0.0,,10,14.4,25.0,1015.6,,8,17
2025-04-24 00:00:00,10.7,90,0.0,,20,18.0,25.9,1016.1,,8,7
2025-04-24 01:00:00,10.3,93,0.6,,10,10.8,25.0,1016.0,,8,8
2025-04-24 02:00:00,10.2,94,2.0,,20,18.0,25.0,1016.1,,8,8
2025-04-24 03:00:00,10.2,96,2.0,,20,14.4,22.2,1016.1,,8,8
2025-04-24 04:00:00,10.2,96,0.7,,10,10.8,25.0,1016.3,,8,8
2025-04-24 05:00:00,10.3,95,0.6,,10,14.4,22.0,1016.5,,8,8
2025-04-24 06:00:00,10.6,95,0.1,,360,14.4,31.5,1017.0,,8,8
2025-04-24 07:00:00,11.1,92,0.0,,10,14.4,29.0,1017.3,,8,4
2025-04-24 08:00:00,11.8,92,0.0,,20,18.0,29.0,1017.5,,8,4
2025-04-24 09:00:00,12.5,86,0.0,,20,14.4,37.0,1017.8,,8,4
2025-04-24 10:00:00,12.9,85,0.0,,20,14.4,25.0,1018.1,,8,4
2025-04-24 11:00:00,11.9,92,0.2,,20,18.0,29.0,1018.4,,8,8
2025-04-24 12:00:00,12.3,92,0.6,,10,18.0,31.5,1018.7,,8,8
2025-04-24 13:00:00,11.8,93,0.3,,10,18.0,32.0,1018.8,,8,7
2025-04-24 14:00:00,12.1,86,0.1,,40,18.0,29.0,1018.9,,8,8
2025-04-24 15:00:00,12.2,86,0.0,,40,18.0,29.6,1019.0,,8,7
2025-04-24 16:00:00,11.5,91,0.1,,30,21.6,36.0,1019.3,,8,8
2025-04-24 17:00:00,11.1,90,0.3,,20,14.4,32.0,1019.5,,8,7
2025-04-24 18:00:00,10.7,91,0.4,,30,14.4,31.5,1020.0,,8,8
2025-04-24 19:00:00,10.4,91,0.4,,30,18.0,32.0,1020.8,,8,8
2025-04-24 20:00:00,10.0,88,0.0,,20,14.4,29.0,1021.3,,8,7
2025-04-24 21:00:00,10.0,92,0.0,,20,10.8,27.8,1021.7,,8,8
2025-04-24 22:00:00,9.7,90,0.0,,20,14.4,22.0,1021.8,,8,4
2025-04-24 23:00:00,9.4,87,0.0,,30,14.4,25.0,1022.0,,8,4
2025-04-25 00:00:00,9.3,87,0.0,,30,14.4,24.1,1022.0,,8,4
2025-04-25 01:00:00,9.0,90,0.0,,20,10.8,22.0,1021.9,,8,4
2025-04-25 02:00:00,8.9,89,0.0,,10,14.4,22.0,1021.9,,8,4
2025-04-25 03:00:00,8.7,90,0.0,,20,10.8,22.2,1021.9,,8,4
2025-04-25 04:00:00,8.7,90,0.0,,20,14.4,25.0,1022.0,,8,4
2025-04-25 05:00:00,8.5,86,0.0,,30,14.4,22.0,1022.6,,8,4
2025-04-25 06:00:00,8.7,82,0.0,,20,14.4,22.2,1023.1,,8,4
2025-04-25 07:00:00,9.1,81,0.0,,30,18.0,25.0,1023.3,,8,4
2025-04-25 08:00:00,10.0,78,0.0,,30,14.4,25.0,1023.4,,8,4
2025-04-25 09:00:00,10.3,76,0.0,,10,14.4,24.1,1023.9,,8,4
2025-04-25 10:00:00,11.3,72,0.0,,40,14.4,25.0,1023.8,,2,2
2025-04-25 11:00:00,12.3,72,0.0,,10,14.4,25.0,1023.5,,1,1
2025-04-25 12:00:00,12.8,70,0.0,,60,18.0,22.2,1023.2,,0,1
2025-04-25 13:00:00,13.1,66,0.0,,60,14.8,26.0,1023.2,,0,1
2025-04-25 14:00:00,13.2,66,0.0,,60,18.0,29.0,1023.0,,1,1
2025-04-25 15:00:00,13.3,67,0.0,,70,14.4,24.1,1022.8,,0,1
2025-04-25 16:00:00,13.2,66,0.0,,50,14.4,25.0,1022.8,,0,1
2025-04-25 17:00:00,12.3,65,0.0,,60,10.8,22.0,1022.7,,0,1
2025-04-25 18:00:00,11.4,74,0.0,,50,10.8,22.2,1022.6,,0,1
2025-04-25 19:00:00,9.5,82,0.0,,50,10.8,15.0,1022.9,,0,1
2025-04-25 20:00:00,9.1,86,0.0,,50,7.2,14.0,1023.4,,0,1
2025-04-25 21:00:00,8.8,88,0.0,,20,7.2,20.4,1023.3,,0,1
2025-04-25 22:00:00,8.4,93,0.0,,70,7.2,11.0,1023.4,,1,1
2025-04-25 23:00:00,7.2,93,0.0,,80,10.8,14.0,1023.6,,0,1
2025-04-26 00:00:00,7.5,95,0.0,,70,7.2,16.7,1023.7,,6,3
2025-04-26 01:00:00,6.4,95,0.0,,60,10.8,11.0,1023.3,,1,1
2025-04-26 02:00:00,6.5,98,0.0,,50,7.2,11.0,1023.1,,1,1
2025-04-26 03:00:00,7.0,98,0.0,,20,3.6,16.7,1022.9,,0,1
2025-04-26 04:00:00,6.7,99,0.0,,40,3.6,7.0,1022.9,,0,1
2025-04-26 05:00:00,6.8,98,0.0,,60,10.8,14.0,1023.0,,0,1
2025-04-26 06:00:00,9.2,93,0.0,,60,10.8,16.7,1023.3,,0,1
2025-04-26 07:00:00,10.8,87,0.0,,50,14.8,18.0,1023.4,,0,1
2025-04-26 08:00:00,11.8,85,0.0,,40,14.8,22.0,1023.6,,0,1
2025-04-26 09:00:00,12.5,82,0.0,,50,18.0,24.1,1023.8,,0,1
2025-04-26 10:00:00,13.1,80,0.0,,60,14.4,22.0,1023.6,,1,1
2025-04-26 11:00:00,14.0,72,0.0,,50,14.4,25.0,1023.4,,0,1
2025-04-26 12:00:00,15.3,67,0.0,,60,14.4,25.9,1023.3,,0,1
2025-04-26 13:00:00,16.1,59,0.0,,60,14.4,25.0,1023.1,,0,1
2025-04-26 14:00:00,17.0,48,0.0,,50,14.4,25.0,1022.8,,0,1
2025-04-26 15:00:00,16.8,56,0.0,,60,14.4,25.9,1022.7,,0,1
2025-04-26 16:00:00,17.2,57,0.0,,50,10.8,22.0,1022.5,,0,1
2025-04-26 17:00:00,16.6,56,0.0,,40,14.4,22.0,1022.5,,0,1
2025-04-26 18:00:00,15.6,58,0.0,,30,14.4,25.9,1022.7,,0,1
2025-04-26 19:00:00,14.2,64,0.0,,30,10.8,22.0,1022.9,,0,1
2025-04-26 20:00:00,13.3,68,0.0,,30,10.8,18.0,1023.3,,0,1
2025-04-26 21:00:00,12.0,77,0.0,,30,10.8,20.4,1023.6,,0,1
2025-04-26 22:00:00,11.3,82,0.0,,30,10.8,18.0,1023.5,,0,1
2025-04-26 23:00:00,10.3,87,0.0,,30,10.8,14.0,1023.7,,0,1
2025-04-27 00:00:00,10.4,89,0.0,,20,7.2,14.8,1023.7,,0,1
2025-04-27 01:00:00,9.6,94,0.0,,30,3.6,11.0,1023.6,,0,1
2025-04-27 02:00:00,8.9,97,0.0,,30,3.6,7.0,1023.7,,0,1
2025-04-27 03:00:00,9.0,98,0.0,,50,7.2,11.1,1023.7,,0,1
2025-04-27 04:00:00,7.9,95,0.0,,60,3.6,7.0,1023.9,,0,1
2025-04-27 05:00:00,7.9,92,0.0,,70,3.6,7.0,1024.2,,0,1
2025-04-27 06:00:00,11.1,75,0.0,,80,3.6,11.1,1024.6,,0,1
2025-04-27 07:00:00,13.1,63,0.0,,80,3.6,11.0,1025.0,,0,1
2025-04-27 08:00:00,15.1,58,0.0,,100,3.6,11.0,1025.3,,0,1
2025-04-27 09:00:00,17.3,50,0.0,,70,3.6,14.8,1025.5,,0,1
2025-04-27 10:00:00,18.1,49,0.0,,50,7.2,14.0,1025.5,,0,1
2025-04-27 11:00:00,18.9,44,0.0,,40,7.2,18.0,1025.3,,0,1
2025-04-27 12:00:00,19.0,45,0.0,,360,7.2,20.4,1025.6,,0,1
2025-04-27 13:00:00,19.2,45,0.0,,70,14.4,22.0,1025.5,,0,1
2025-04-27 14:00:00,19.5,46,0.0,,40,10.8,22.0,1025.4,,0,1
2025-04-27 15:00:00,19.1,43,0.0,,70,7.2,22.2,1025.3,,0,1
2025-04-27 16:00:00,18.6,43,0.0,,90,10.8,22.0,1025.3,,0,1
2025-04-27 17:00:00,18.3,44,0.0,,30,10.8,22.0,1025.5,,0,1
2025-04-27 18:00:00,16.9,46,0.0,,10,10.8,18.5,1025.6,,0,1
2025-04-27 19:00:00,13.6,62,0.0,,340,7.2,18.0,1026.1,,0,1
2025-04-27 20:00:00,13.4,66,0.0,,30,3.6,11.0,1026.6,,0,1
2025-04-27 21:00:00,11.6,73,0.0,,10,3.6,13.0,1026.7,,0,1
2025-04-27 22:00:00,11.6,73,0.0,,50,3.6,4.0,1026.9,,0,1
2025-04-27 23:00:00,9.5,81,0.0,,20,3.6,4.0,1027.0,,0,1
2025-04-28 00:00:00,9.1,84,0.0,,330,3.6,5.5,1026.9,,0,1
2025-04-28 01:00:00,8.0,95,0.0,,0,0.0,4.0,1026.6,,0,1
2025-04-28 02:00:00,7.6,95,0.0,,330,3.6,7.0,1026.7,,0,1
2025-04-28 03:00:00,6.7,97,0.0,,310,3.6,1.8,1026.8,,0,1
2025-04-28 04:00:00,7.3,99,0.0,,0,0.0,4.0,1026.8,,0,1
2025-04-28 05:00:00,7.9,97,0.0,,0,0.0,0.0,1026.8,,0,1
2025-04-28 06:00:00,11.1,90,0.0,,330,3.6,5.5,1027.4,,3,2
2025-04-28 07:00:00,14.2,70,0.0,,310,3.6,7.0,1027.8,,8,4
2025-04-28 08:00:00,16.5,54,0.0,,90,3.6,7.0,1027.9,,8,4
2025-04-28 09:00:00,17.7,44,0.0,,300,3.6,13.0,1028.0,,8,4
2025-04-28 10:00:00,18.7,44,0.0,,210,3.6,14.0,1028.0,,6,3
2025-04-28 11:00:00,19.5,40,0.0,,70,7.2,14.0,1027.7,,8,4
2025-04-28 12:00:00,20.2,39,0.0,,30,7.2,16.7,1027.4,,2,2
2025-04-28 13:00:00,20.4,37,0.0,,40,7.2,26.0,1027.3,,0,1
2025-04-28 14:00:00,20.8,38,0.0,,10,10.8,22.0,1027.0,,8,4
2025-04-28 15:00:00,20.7,42,0.0,,350,18.0,22.2,1026.7,,8,4
2025-04-28 16:00:00,19.9,43,0.0,,330,14.4,25.0,1026.9,,8,4
2025-04-28 17:00:00,19.0,46,0.0,,340,18.0,25.0,1026.8,,2,2
2025-04-28 18:00:00,17.6,52,0.0,,340,14.4,20.4,1026.7,,3,2
2025-04-28 19:00:00,14.8,54,0.0,,350,10.8,22.0,1027.2,,6,3
2025-04-28 20:00:00,14.4,54,0.0,,10,7.2,18.0,1027.5,,2,2
2025-04-28 21:00:00,13.3,60,0.0,,10,7.6,13.0,1027.4,,4,3
2025-04-28 22:00:00,12.0,63,0.0,,358,4.0,14.0,1027.4,,1,1
2025-04-28 23:00:00,10.6,74,0.0,,330,7.2,7.0,1027.6,,0,1
2025-04-29 00:00:00,9.3,83,0.0,,340,3.6,7.4,1027.6,,0,1
2025-04-29 01:00:00,9.0,86,0.0,,0,0.0,4.0,1027.4,,2,2
2025-04-29 02:00:00,8.0,88,0.0,,350,3.6,7.0,1027.3,,6,3
2025-04-29 03:00:00,7.6,93,0.0,,0,0.0,7.4,1027.4,,7,4
2025-04-29 04:00:00,7.1,96,0.0,,330,3.6,7.0,1027.4,,8,4
2025-04-29 05:00:00,9.6,97,0.0,,20,3.6,11.0,1027.7,,7,4
2025-04-29 06:00:00,13.4,85,0.0,,40,3.6,9.3,1028.1,,8,4
2025-04-29 07:00:00,14.8,80,0.0,,50,10.8,18.0,1028.2,,8,4
2025-04-29 08:00:00,16.0,75,0.0,,70,10.8,18.0,1028.2,,8,4
2025-04-29 09:00:00,17.2,63,0.0,,70,10.8,14.8,1028.1,,7,4
2025-04-29 10:00:00,18.3,55,0.0,,60,7.2,14.0,1027.9,,8,4
2025-04-29 11:00:00,19.5,48,0.0,,50,7.2,18.0,1027.6,,0,1
2025-04-29 12:00:00,20.1,48,0.0,,40,10.8,22.2,1027.3,,7,4
2025-04-29 13:00:00,20.6,46,0.0,,50,10.8,22.0,1026.9,,8,4
2025-04-29 14:00:00,20.7,45,0.0,,60,10.8,18.0,1026.5,,4,3
2025-04-29 15:00:00,21.1,40,0.0,,30,14.8,24.1,1026.0,,5,3
2025-04-29 16:00:00,20.6,40,0.0,,20,14.4,25.0,1025.6,,8,4
2025-04-29 17:00:00,19.6,50,0.0,,50,14.4,22.0,1025.2,,8,4
2025-04-29 18:00:00,18.1,61,0.0,,40,14.4,25.9,1025.0,,8,4
2025-04-29 19:00:00,16.4,71,0.0,,50,14.4,22.0,1025.2,,8,4
2025-04-29 20:00:00,15.9,76,0.0,,40,18.0,25.0,1025.6,,8,4
2025-04-29 21:00:00,14.6,82,0.0,,50,14.4,22.2,1025.5,,3,2
2025-04-29 22:00:00,14.5,84,0.0,,50,14.4,22.0,1025.5,,8,4
2025-04-29 23:00:00,13.8,86,0.0,,60,14.4,22.0,1025.4,,3,2
2025-04-30 00:00:00,12.6,90,0.0,,70,10.8,18.5,1025.4,,8,4
2025-04-30 01:00:00,11.6,90,0.0,,70,10.8,15.0,1025.1,,8,4
2025-04-30 02:00:00,11.3,90,0.0,,70,7.2,14.0,1024.9,,8,4
2025-04-30 03:00:00,11.6,94,0.0,,70,3.6,13.0,1024.7,,8,4
2025-04-30 04:00:00,11.6,94,0.0,,70,3.6,7.0,1024.6,,8,4
2025-04-30 05:00:00,12.0,89,0.0,,70,7.2,11.0,1024.5,,8,4
2025-04-30 06:00:00,14.1,83,0.0,,80,7.2,13.0,1024.6,,8,4
2025-04-30 07:00:00,16.6,72,0.0,,90,7.2,11.0,1024.6,,8,4
2025-04-30 08:00:00,18.4,67,0.0,,90,7.2,11.0,1024.4,,8,4
2025-04-30 09:00:00,20.1,58,0.0,,50,7.2,16.7,1024.3,,8,4
2025-04-30 10:00:00,21.2,52,0.0,,70,7.2,14.0,1024.2,,8,4
2025-04-30 11:00:00,22.1,46,0.0,,90,7.2,18.0,1023.9,,8,4
2025-04-30 12:00:00,22.6,47,0.0,,40,10.8,20.4,1023.6,,8,4
2025-04-30 13:00:00,23.2,43,0.0,,10,7.2,15.0,1023.3,,8,4
2025-04-30 14:00:00,23.3,42,0.0,,90,7.2,18.0,1022.6,,3,2
2025-04-30 15:00:00,23.8,43,0.0,,30,7.2,22.2,1022.1,,8,4
2025-04-30 16:00:00,23.2,44,0.0,,50,14.4,22.0,1021.5,,8,4
2025-04-30 17:00:00,22.1,49,0.0,,70,14.4,22.0,1021.3,,8,4
2025-04-30 18:00:00,20.3,56,0.0,,70,10.8,20.4,1021.2,,8,4
2025-04-30 19:00:00,17.9,68,0.0,,50,10.8,14.0,1021.5,,8,4
2025-04-30 20:00:00,16.3,75,0.0,,50,10.8,18.0,1021.5,,7,4
2025-04-30 21:00:00,14.7,82,0.0,,40,7.2,14.8,1021.3,,1,1
2025-04-30 22:00:00,15.5,82,0.0,,40,7.2,11.0,1021.3,,0,1
2025-04-30 23:00:00,14.5,88,0.0,,40,3.6,7.0,1021.1,,7,4
2025-05-01 00:00:00,13.2,94,0.0,,20,3.6,11.1,1020.9,,4,3
2025-05-01 01:00:00,12.6,92,0.0,,330,3.6,4.0,1020.7,,8,4
2025-05-01 02:00:00,11.6,99,0.0,,0,0.0,7.0,1020.5,,0,5
2025-05-01 03:00:00,12.2,99,0.0,,70,3.6,7.4,1020.1,,0,5
2025-05-01 04:00:00,12.5,99,0.0,,90,3.6,7.0,1019.9,,8,4
2025-05-01 05:00:00,11.7,99,0.0,,60,3.6,7.0,1019.9,,8,4
2025-05-01 06:00:00,15.8,85,0.0,,90,3.6,9.3,1020.0,,0,1
2025-05-01 07:00:00,18.7,66,0.0,,130,7.2,11.0,1019.8,,0,1
2025-05-01 08:00:00,21.3,62,0.0,,160,7.2,11.0,1019.6,,0,1
2025-05-01 09:00:00,23.1,51,0.0,,120,7.2,14.8,1019.3,,0,1
2025-05-01 10:00:00,24.2,42,0.0,,110,10.8,22.0,1019.0,,0,1
2025-05-01 11:00:00,25.1,35,0.0,,110,7.2,22.0,1018.6,,0,1
2025-05-01 12:00:00,25.9,34,0.0,,180,14.4,20.4,1018.0,,0,1
2025-05-01 13:00:00,26.0,33,0.0,,220,10.8,22.0,1017.7,,0,1
2025-05-01 14:00:00,26.8,33,0.0,,210,18.0,29.0,1016.7,,6,3
2025-05-01 15:00:00,25.7,34,0.0,,270,14.4,24.1,1016.2,,8,4
2025-05-01 16:00:00,25.5,30,0.0,,280,14.4,25.0,1015.9,,8,4
2025-05-01 17:00:00,24.9,35,0.0,,300,10.8,18.0,1015.5,,8,4
2025-05-01 18:00:00,22.0,45,0.0,,320,7.2,16.7,1015.2,,8,4
2025-05-01 19:00:00,19.7,55,0.0,,320,7.2,14.0,1015.3,,8,4
2025-05-01 20:00:00,19.5,56,0.0,,10,3.6,11.0,1015.4,,6,3
2025-05-01 21:00:00,17.2,67,0.0,,40,3.6,7.4,1015.2,,8,4
2025-05-01 22:00:00,16.7,71,0.0,,0,0.0,4.0,1015.0,,8,4
2025-05-01 23:00:00,15.8,76,0.0,,330,3.6,7.0,1015.0,,8,4
2025-05-02 00:00:00,14.9,81,0.0,,320,3.6,5.5,1014.8,,8,4
2025-05-02 01:00:00,13.9,86,0.0,,120,3.6,4.0,1014.5,,8,4
2025-05-02 02:00:00,13.3,86,0.0,,150,3.6,7.0,1014.1,,8,4
2025-05-02 03:00:00,12.5,93,0.0,,140,3.6,5.5,1013.8,,0,1
2025-05-02 04:00:00,12.5,91,0.0,,90,3.6,7.0,1013.5,,1,1
2025-05-02 05:00:00,13.5,80,0.0,,310,7.2,22.0,1014.2,,7,4
2025-05-02 06:00:00,17.2,66,0.0,,0,0.0,7.4,1014.0,,6,3
2025-05-02 07:00:00,19.5,50,0.0,,130,3.6,4.0,1014.0,,8,4
2025-05-02 08:00:00,20.5,53,0.0,,80,3.6,8.0,1013.8,,6,3
2025-05-02 09:00:00,22.9,45,0.0,,60,3.6,14.8,1013.4,,8,4
2025-05-02 10:00:00,23.8,43,0.0,,320,7.2,14.0,1013.8,,8,4
2025-05-02 11:00:00,21.1,59,0.0,,310,18.0,22.0,1014.5,,8,4
2025-05-02 12:00:00,22.2,54,0.0,,320,14.4,24.1,1014.5,,7,4
2025-05-02 13:00:00,22.9,52,0.0,,340,14.4,25.0,1014.5,,1,1
2025-05-02 14:00:00,23.2,51,0.0,,340,14.4,29.0,1014.2,,0,1
2025-05-02 15:00:00,22.1,54,0.0,,360,18.0,29.6,1013.8,,0,1
2025-05-02 16:00:00,21.4,58,0.0,,360,14.4,22.0,1014.1,,0,1
2025-05-02 17:00:00,20.4,60,0.0,,350,14.4,22.0,1014.6,,0,1
2025-05-02 18:00:00,18.3,68,0.0,,20,14.4,27.8,1014.7,,0,1
2025-05-02 19:00:00,16.2,75,0.0,,20,18.0,25.0,1014.7,,0,1
2025-05-02 20:00:00,14.5,81,0.0,,20,14.4,29.0,1015.5,,3,2
2025-05-02 21:00:00,13.4,79,0.0,,40,18.0,25.9,1015.3,,1,1
2025-05-02 22:00:00,12.6,78,0.0,,40,14.4,29.0,1015.4,,1,1
2025-05-02 23:00:00,11.9,74,0.0,,40,14.4,25.0,1015.6,,0,1
2025-05-03 00:00:00,11.8,70,0.0,,40,14.4,20.4,1015.5,,0,1
2025-05-03 01:00:00,11.0,70,0.0,,40,7.2,15.0,1015.2,,1,1
2025-05-03 02:00:00,10.3,75,0.0,,100,7.2,11.0,1014.8,,0,1
2025-05-03 03:00:00,9.5,72,0.0,,100,7.2,13.0,1014.3,,1,1
2025-05-03 04:00:00,9.8,69,0.0,,80,7.2,14.0,1013.7,,3,2
2025-05-03 05:00:00,9.4,79,0.0,,110,7.2,11.0,1013.6,,3,2
2025-05-03 06:00:00,11.5,72,0.0,,100,7.2,13.0,1013.5,,8,4
2025-05-03 07:00:00,12.9,64,0.0,,70,14.4,18.0,1012.9,,8,4
2025-05-03 08:00:00,13.6,59,0.0,,60,10.8,22.0,1012.5,,2,2
2025-05-03 09:00:00,15.0,57,0.0,,40,7.2,16.7,1011.7,,3,2
2025-05-03 10:00:00,15.6,56,0.0,,100,7.6,18.0,1011.7,,0,1
2025-05-03 11:00:00,16.1,55,0.0,,320,10.8,22.0,1011.2,,2,2
2025-05-03 12:00:00,16.5,53,0.0,,330,18.0,25.9,1011.0,,4,3
2025-05-03 13:00:00,16.9,41,0.0,,330,14.4,32.0,1010.7,,4,3
2025-05-03 14:00:00,16.5,50,0.0,,320,21.6,36.0,1010.7,,8,4
2025-05-03 15:00:00,15.4,52,0.0,,320,25.2,40.8,1010.8,,3,2
2025-05-03 16:00:00,13.8,63,0.0,,320,25.2,36.0,1010.8,,8,4
2025-05-03 17:00:00,12.4,76,0.0,,330,25.2,36.0,1010.8,,8,4
2025-05-03 18:00:00,11.5,72,0.0,,330,28.8,38.9,1011.4,,6,3
2025-05-03 19:00:00,10.5,68,0.0,,330,28.8,43.0,1012.0,,7,4
2025-05-03 20:00:00,9.7,72,0.0,,330,21.6,36.0,1012.6,,4,3
2025-05-03 21:00:00,9.7,74,0.0,,320,21.6,29.6,1012.7,,4,3
2025-05-03 22:00:00,9.5,76,0.0,,330,18.0,36.0,1013.1,,6,3
2025-05-03 23:00:00,9.6,78,0.0,,330,14.4,29.0,1013.1,,8,8
2025-05-04 00:00:00,10.2,78,0.0,,320,21.6,25.9,1013.2,,8,4
2025-05-04 01:00:00,10.1,76,0.0,,320,10.8,26.0,1013.5,,8,4
2025-05-04 02:00:00,10.2,75,0.0,,330,18.0,32.0,1013.5,,8,4
2025-05-04 03:00:00,9.9,78,0.0,,340,18.0,24.1,1013.3,,7,4
2025-05-04 04:00:00,9.0,83,0.0,,350,18.0,40.0,1013.6,,8,8
2025-05-04 05:00:00,9.1,77,0.0,,330,14.4,25.0,1013.9,,8,4
2025-05-04 06:00:00,9.9,72,0.0,,340,21.6,33.3,1014.2,,8,4
2025-05-04 07:00:00,10.2,64,0.0,,350,25.9,35.0,1014.5,,8,4
2025-05-04 08:00:00,10.5,62,0.0,,330,22.3,35.0,1014.7,,8,4
2025-05-04 09:00:00,10.9,66,0.0,,340,25.2,35.2,1015.0,,8,4
2025-05-04 10:00:00,10.8,62,0.0,,360,18.0,36.0,1015.2,,8,8
2025-05-04 11:00:00,12.4,55,0.0,,350,21.6,36.0,1015.2,,8,4
2025-05-04 12:00:00,12.4,59,0.0,,20,18.0,35.2,1015.4,,8,8
2025-05-04 13:00:00,11.9,58,0.0,,330,25.2,40.0,1015.6,,7,4
2025-05-04 14:00:00,11.2,57,0.0,,340,25.2,36.0,1015.6,,7,4
2025-05-04 15:00:00,12.5,56,0.0,,310,28.8,38.9,1015.6,,7,4
2025-05-04 16:00:00,12.3,55,0.0,,340,21.6,36.0,1015.7,,1,1
2025-05-04 17:00:00,11.2,53,0.0,,330,25.2,40.0,1015.7,,5,3
2025-05-04 18:00:00,9.2,64,0.0,,350,21.6,35.2,1016.2,,2,2
2025-05-04 19:00:00,8.4,69,0.0,,330,18.0,32.0,1016.3,,2,2
2025-05-04 20:00:00,7.5,73,0.0,,340,14.4,36.0,1016.6,,1,8
2025-05-04 21:00:00,7.3,71,0.0,,350,18.0,24.1,1016.4,,1,1
2025-05-04 22:00:00,6.3,75,0.0,,350,10.8,22.0,1016.8,,0,1
2025-05-04 23:00:00,6.4,74,0.0,,360,7.2,18.0,1016.8,,5,3
2025-05-05 00:00:00,5.0,81,0.0,,310,7.2,16.7,1016.6,,1,1
2025-05-05 01:00:00,5.0,81,0.0,,310,3.6,8.0,1016.6,,0,1
2025-05-05 02:00:00,4.2,92,0.0,,320,3.6,4.0,1016.8,,0,1
2025-05-05 03:00:00,3.9,94,0.0,,0,0.0,14.8,1017.1,,2,2
2025-05-05 04:00:00,4.9,91,0.0,,90,3.6,7.0,1017.3,,2,7
2025-05-05 05:00:00,4.9,93,0.0,,70,3.6,4.0,1017.5,,5,2
2025-05-05 06:00:00,7.7,85,0.0,,30,3.6,18.5,1018.0,,2,2
2025-05-05 07:00:00,9.6,74,0.0,,350,7.2,11.0,1018.4,,8,4
2025-05-05 08:00:00,9.7,74,0.0,,80,18.0,29.0,1019.0,,8,8
2025-05-05 09:00:00,10.7,62,0.0,,70,25.2,37.0,1019.6,,8,8
2025-05-05 10:00:00,11.8,54,0.0,,50,25.2,39.0,1019.9,,7,4
2025-05-05 11:00:00,13.0,46,0.0,,30,21.6,40.0,1019.9,,7,4
2025-05-05 12:00:00,13.4,39,0.0,,50,25.2,40.8,1019.8,,0,1
2025-05-05 13:00:00,14.2,40,0.0,,50,25.2,40.0,1019.7,,0,1
2025-05-05 14:00:00,14.2,42,0.0,,30,28.8,43.0,1019.8,,4,3
2025-05-05 15:00:00,14.0,44,0.0,,30,29.5,40.8,1019.6,,3,2
2025-05-05 16:00:00,13.2,44,0.0,,20,25.9,43.0,1019.7,,4,3
2025-05-05 17:00:00,12.2,46,0.0,,30,31.7,43.0,1020.0,,0,1
2025-05-05 18:00:00,11.2,46,0.0,,30,25.2,40.8,1020.6,,0,1
2025-05-05 19:00:00,9.8,49,0.0,,20,25.9,43.0,1021.1,,0,1
2025-05-05 20:00:00,9.2,57,0.0,,20,18.4,32.0,1021.6,,0,1
2025-05-05 21:00:00,8.6,64,0.0,,20,18.4,31.5,1021.9,,0,1
2025-05-05 22:00:00,8.1,64,0.0,,20,18.4,29.0,1022.2,,0,1
2025-05-05 23:00:00,6.9,68,0.0,,360,11.2,29.0,1022.4,,0,1
2025-05-06 00:00:00,6.3,73,0.0,,10,7.6,24.1,1022.2,,0,1
2025-05-06 01:00:00,6.1,77,0.0,,20,11.2,18.0,1022.2,,0,1
2025-05-06 02:00:00,5.7,81,0.0,,20,7.6,18.0,1022.2,,0,1
2025-05-06 03:00:00,5.7,81,0.0,,20,7.6,18.5,1022.3,,3,2
2025-05-06 04:00:00,3.8,85,0.0,,360,7.6,11.0,1022.3,,0,1
2025-05-06 05:00:00,6.1,81,0.0,,340,11.2,15.0,1022.6,,1,1
2025-05-06 06:00:00,8.5,69,0.0,,360,10.8,20.4,1022.9,,1,1
2025-05-06 07:00:00,10.1,60,0.0,,20,14.4,25.0,1023.1,,8,4
2025-05-06 08:00:00,10.3,63,0.0,,10,14.4,29.0,1023.2,,8,4
2025-05-06 09:00:00,11.4,61,0.0,,360,18.0,25.9,1023.3,,8,4
2025-05-06 10:00:00,11.5,66,0.0,,20,14.4,25.0,1023.3,,8,4
2025-05-06 11:00:00,11.8,72,0.0,,10,14.4,32.0,1023.0,,8,4
2025-05-06 12:00:00,11.6,73,0.0,,10,18.0,31.5,1022.7,,8,8
2025-05-06 13:00:00,13.1,66,0.0,,10,14.4,30.0,1022.3,,8,4
2025-05-06 14:00:00,12.8,66,0.0,,20,18.0,32.0,1022.2,,8,4
2025-05-06 15:00:00,12.0,72,0.0,,350,21.6,33.3,1022.2,,8,4
2025-05-06 16:00:00,11.1,74,0.0,,360,21.6,40.0,1022.6,,8,4
2025-05-06 17:00:00,11.0,71,0.0,,10,18.0,32.0,1022.7,,8,4
2025-05-06 18:00:00,10.8,71,0.0,,360,18.0,33.3,1022.6,,8,4
2025-05-06 19:00:00,10.6,72,0.0,,360,14.4,29.0,1022.6,,8,4
2025-05-06 20:00:00,10.6,72,0.0,,350,10.8,29.0,1022.8,,8,4
2025-05-06 21:00:00,10.1,73,0.0,,10,21.6,27.8,1023.0,,8,4
2025-05-06 22:00:00,9.6,72,0.0,,10,14.4,32.0,1023.0,,8,4
2025-05-06 23:00:00,9.6,72,0.0,,10,14.4,25.0,1023.0,,8,4
2025-05-07 00:00:00,9.4,72,0.0,,30,14.4,24.1,1022.8,,8,4
2025-05-07 01:00:00,9.0,72,0.0,,20,7.2,26.0,1022.7,,8,4
2025-05-07 02:00:00,8.9,69,0.0,,10,10.8,22.0,1022.4,,8,4
2025-05-07 03:00:00,8.6,70,0.0,,10,7.2,18.5,1022.4,,8,4
2025-05-07 04:00:00,7.1,76,0.0,,360,7.2,18.0,1022.4,,8,4
2025-05-07 05:00:00,8.5,74,0.0,,360,7.2,11.0,1022.6,,8,4
2025-05-07 06:00:00,9.1,74,0.0,,340,10.8,22.2,1022.6,,8,4
2025-05-07 07:00:00,9.8,71,0.0,,360,18.0,25.0,1022.6,,8,4
2025-05-07 08:00:00,10.3,73,0.0,,20,14.4,25.0,1022.7,,8,4
2025-05-07 09:00:00,10.9,71,0.0,,20,14.4,27.8,1022.7,,8,4
2025-05-07 10:00:00,12.1,68,0.0,,20,14.4,29.0,1022.4,,8,4
2025-05-07 11:00:00,13.4,63,0.0,,40,18.0,29.0,1022.1,,8,4
2025-05-07 12:00:00,13.9,61,0.0,,40,18.0,27.8,1021.7,,8,4
2025-05-07 13:00:00,15.1,57,0.0,,30,14.4,31.0,1021.3,,7,4
2025-05-07 14:00:00,14.8,56,0.0,,50,14.4,29.0,1020.9,,8,4
2025-05-07 15:00:00,15.2,53,0.0,,30,18.0,33.3,1020.6,,8,4
2025-05-07 16:00:00,14.2,63,0.0,,30,18.0,36.0,1020.4,,8,4
2025-05-07 17:00:00,12.5,68,0.0,,20,21.6,32.0,1020.3,,8,4
2025-05-07 18:00:00,11.4,68,0.0,,30,21.6,33.3,1020.4,,8,4
2025-05-07 19:00:00,10.6,72,0.0,,20,18.0,36.0,1020.6,,8,4
2025-05-07 20:00:00,9.7,78,0.0,,20,14.4,25.0,1020.7,,1,1
2025-05-07 21:00:00,9.5,83,0.0,,20,14.4,29.6,1020.7,,6,3
2025-05-07 22:00:00,9.1,86,0.0,,20,18.0,32.0,1020.8,,2,2
2025-05-07 23:00:00,8.7,89,0.0,,30,14.4,29.0,1020.7,,8,4
2025-05-08 00:00:00,8.8,90,0.0,,20,14.4,22.2,1020.4,,0,1
2025-05-08 01:00:00,8.7,91,0.0,,10,10.8,22.0,1019.8,,0,1
2025-05-08 02:00:00,8.2,92,0.0,,20,10.8,18.0,1019.7,,0,1
2025-05-08 03:00:00,7.7,92,0.0,,20,10.8,18.5,1019.4,,0,1
2025-05-08 04:00:00,7.6,91,0.0,,20,10.8,18.0,1019.2,,0,1
2025-05-08 05:00:00,8.9,88,0.0,,30,10.8,14.0,1019.4,,4,3
2025-05-08 06:00:00,10.2,87,0.0,,30,10.8,20.4,1019.6,,4,3
2025-05-08 07:00:00,11.5,84,0.0,,40,14.4,25.0,1019.6,,7,4
2025-05-08 08:00:00,13.3,73,0.0,,40,10.8,29.0,1019.5,,1,1
2025-05-08 09:00:00,14.6,67,0.0,,50,14.4,25.9,1019.5,,1,1
2025-05-08 10:00:00,15.6,57,0.0,,60,11.2,22.0,1019.4,,0,1
2025-05-08 11:00:00,16.8,47,0.0,,60,10.8,22.0,1019.1,,0,1
2025-05-08 12:00:00,17.6,40,0.0,,80,10.8,27.8,1018.9,,0,1
2025-05-08 13:00:00,17.9,39,0.0,,60,18.0,29.0,1018.7,,1,1
2025-05-08 14:00:00,17.9,37,0.0,,70,18.0,30.0,1018.6,,0,1
2025-05-08 15:00:00,17.8,33,0.0,,70,18.0,29.6,1018.3,,0,1
2025-05-08 16:00:00,17.7,34,0.0,,70,18.0,32.0,1018.3,,6,3
2025-05-08 17:00:00,16.4,40,0.0,,50,18.0,32.0,1018.4,,8,4
2025-05-08 18:00:00,15.6,46,0.0,,40,18.0,29.6,1018.6,,7,4
2025-05-08 19:00:00,14.4,48,0.0,,50,14.4,29.0,1018.6,,3,2
2025-05-08 20:00:00,13.3,53,0.0,,30,7.2,18.0,1019.4,,3,2
2025-05-08 21:00:00,13.0,44,0.0,,90,18.0,24.1,1019.9,,0,1
2025-05-08 22:00:00,11.1,51,0.0,,80,14.4,18.0,1020.1,,0,1
2025-05-08 23:00:00,9.5,56,0.0,,80,14.4,14.0,1020.4,,0,1
2025-05-09 00:00:00,10.0,56,0.0,,80,10.8,22.2,1020.4,,0,1
2025-05-09 01:00:00,9.5,65,0.0,,70,7.2,11.0,1020.5,,0,1
2025-05-09 02:00:00,9.0,63,0.0,,70,7.2,14.0,1020.7,,0,1
2025-05-09 03:00:00,8.9,69,0.0,,60,7.2,14.8,1020.7,,0,1
2025-05-09 04:00:00,7.9,77,0.0,,60,7.2,11.0,1020.9,,0,1
2025-05-09 05:00:00,8.6,84,0.0,,50,7.2,11.0,1021.3,,0,1
2025-05-09 06:00:00,11.9,71,0.0,,70,10.8,16.7,1021.6,,0,1
2025-05-09 07:00:00,13.8,56,0.0,,70,10.8,18.0,1022.0,,0,1
2025-05-09 08:00:00,15.8,41,0.0,,70,14.4,22.0,1022.3,,8,4
2025-05-09 09:00:00,16.7,42,0.0,,70,18.4,24.1,1022.4,,6,3
2025-05-09 10:00:00,17.4,39,0.0,,70,21.6,32.0,1022.2,,8,4
2025-05-09 11:00:00,18.1,40,0.0,,60,18.0,32.0,1022.0,,3,2
2025-05-09 12:00:00,18.1,39,0.0,,50,21.6,29.6,1021.8,,0,1
2025-05-09 13:00:00,18.3,39,0.0,,40,18.0,31.0,1021.6,,3,2
2025-05-09 14:00:00,18.6,38,0.0,,60,18.0,36.0,1021.2,,1,1
2025-05-09 15:00:00,18.8,38,0.0,,50,21.6,33.3,1020.9,,0,1
2025-05-09 16:00:00,18.6,41,0.0,,40,21.6,32.0,1020.6,,0,1
2025-05-09 17:00:00,17.9,46,0.0,,40,21.6,32.0,1020.4,,0,1
2025-05-09 18:00:00,16.8,51,0.0,,60,21.6,35.2,1020.5,,8,4
2025-05-09 19:00:00,15.6,50,0.0,,40,21.6,36.0,1020.9,,8,4
2025-05-09 20:00:00,14.4,60,0.0,,40,21.6,40.0,1021.5,,8,4
2025-05-09 21:00:00,13.5,65,0.0,,50,21.6,29.6,1021.8,,0,1
2025-05-09 22:00:00,12.9,66,0.0,,60,18.0,32.0,1022.1,,0,1
2025-05-09 23:00:00,12.4,63,0.0,,60,18.0,29.0,1022.2,,0,1
2025-05-10 00:00:00,11.3,68,0.0,,60,14.4,24.1,1022.1,,0,1
2025-05-10 01:00:00,11.1,69,0.0,,60,18.0,26.0,1022.0,,0,1
2025-05-10 02:00:00,9.8,72,0.0,,70,14.4,22.0,1021.9,,8,4
2025-05-10 03:00:00,8.9,76,0.0,,70,7.6,16.7,1021.8,,0,1
2025-05-10 04:00:00,8.6,78,0.0,,60,7.2,11.0,1021.8,,8,4
2025-05-10 05:00:00,10.1,72,0.0,,80,10.8,14.0,1021.8,,8,4
2025-05-10 06:00:00,12.3,64,0.0,,80,10.8,14.8,1022.0,,8,4
2025-05-10 07:00:00,14.0,58,0.0,,100,7.2,18.0,1022.0,,0,1
2025-05-10 08:00:00,16.2,52,0.0,,90,7.2,11.0,1021.8,,0,1
2025-05-10 09:00:00,18.6,44,0.0,,80,7.2,22.2,1021.6,,0,1
2025-05-10 10:00:00,19.7,38,0.0,,100,14.4,22.0,1021.3,,0,1
2025-05-10 11:00:00,19.8,37,0.0,,100,14.4,25.0,1020.8,,8,4
2025-05-10 12:00:00,20.5,37,0.0,,50,21.6,27.8,1020.2,,8,4
2025-05-10 13:00:00,20.7,37,0.0,,60,18.0,31.0,1019.6,,8,4
2025-05-10 14:00:00,20.6,36,0.0,,60,18.0,32.0,1018.9,,8,4
2025-05-10 15:00:00,21.0,37,0.0,,70,25.2,33.3,1018.3,,8,4
2025-05-10 16:00:00,20.8,38,0.0,,60,21.6,36.0,1017.9,,8,4
2025-05-10 17:00:00,20.3,39,0.0,,60,21.6,32.0,1017.5,,8,4
2025-05-10 18:00:00,19.2,44,0.0,,60,21.6,33.3,1017.2,,8,4
2025-05-10 19:00:00,17.7,47,0.0,,70,21.6,32.0,1017.4,,8,4
2025-05-10 20:00:00,16.8,47,0.0,,70,14.4,29.0,1017.7,,2,2
2025-05-10 21:00:00,15.8,56,0.0,,70,18.0,27.8,1017.8,,8,4
2025-05-10 22:00:00,15.1,57,0.0,,70,18.0,29.0,1017.6,,0,1
2025-05-10 23:00:00,13.8,58,0.0,,80,18.0,29.0,1017.6,,0,1
2025-05-11 00:00:00,13.4,60,0.0,,80,18.0,25.9,1017.7,,0,1
2025-05-11 01:00:00,12.8,65,0.0,,80,18.4,30.0,1017.3,,0,1
2025-05-11 02:00:00,11.9,70,0.0,,80,14.4,25.0,1017.0,,0,1
2025-05-11 03:00:00,11.1,73,0.0,,80,10.8,20.4,1016.6,,0,1
2025-05-11 04:00:00,10.4,78,0.0,,70,7.2,11.0,1016.1,,0,1
2025-05-11 05:00:00,11.8,75,0.0,,80,7.2,11.0,1015.9,,0,1
2025-05-11 06:00:00,13.9,67,0.0,,90,14.4,20.4,1015.7,,0,1
2025-05-11 07:00:00,15.9,58,0.0,,110,14.4,22.0,1015.5,,0,1
2025-05-11 08:00:00,17.9,50,0.0,,110,18.0,25.0,1015.2,,0,1
2025-05-11 09:00:00,20.1,44,0.0,,100,14.4,24.1,1015.0,,0,1
2025-05-11 10:00:00,21.4,38,0.0,,130,18.0,32.0,1014.6,,0,1
2025-05-11 11:00:00,22.8,32,0.0,,120,21.6,32.0,1014.2,,0,1
2025-05-11 12:00:00,23.8,28,0.0,,120,25.2,31.5,1013.7,,0,1
2025-05-11 13:00:00,23.9,26,0.0,,120,25.2,39.0,1013.2,,0,1
2025-05-11 14:00:00,24.1,26,0.0,,120,25.2,36.0,1012.8,,0,1
2025-05-11 15:00:00,24.5,27,0.0,,120,21.6,31.5,1012.2,,0,1
2025-05-11 16:00:00,24.4,27,0.0,,120,18.0,32.0,1012.0,,0,1
2025-05-11 17:00:00,23.9,30,0.0,,120,14.4,25.0,1011.6,,0,1
2025-05-11 18:00:00,22.6,33,0.0,,90,14.4,27.8,1011.4,,0,1
2025-05-11 19:00:00,19.9,43,0.0,,80,10.8,18.0,1011.4,,0,1
2025-05-11 20:00:00,18.3,49,0.0,,80,10.8,18.0,1011.8,,0,1
2025-05-11 21:00:00,17.5,52,0.0,,90,14.4,22.2,1011.9,,0,1
2025-05-11 22:00:00,17.5,53,0.0,,90,14.4,18.0,1012.0,,0,1
2025-05-11 23:00:00,16.6,56,0.0,,90,14.4,18.0,1012.1,,0,1
2025-05-12 00:00:00,15.7,60,0.0,,90,14.4,24.1,1012.0,,0,1
2025-05-12 01:00:00,16.3,57,0.0,,100,18.0,26.0,1012.0,,0,1
2025-05-12 02:00:00,15.2,59,0.0,,100,18.0,29.0,1012.1,,0,1
2025-05-12 03:00:00,14.2,63,0.0,,110,14.4,20.4,1012.2,,0,1
2025-05-12 04:00:00,13.5,65,0.0,,90,14.4,22.0,1012.3,,0,1
2025-05-12 05:00:00,14.4,61,0.0,,90,14.4,18.0,1012.5,,0,1
2025-05-12 06:00:00,15.9,56,0.0,,100,18.0,25.9,1012.8,,0,1
2025-05-12 07:00:00,17.2,51,0.0,,120,21.6,32.0,1013.1,,0,1
2025-05-12 08:00:00,19.2,48,0.0,,110,21.6,32.0,1013.5,,0,1
2025-05-12 09:00:00,20.7,45,0.0,,110,18.0,31.5,1013.6,,0,1
2025-05-12 10:00:00,21.8,42,0.0,,80,18.0,32.0,1013.6,,0,1
2025-05-12 11:00:00,22.9,41,0.0,,90,21.6,36.0,1013.6,,0,1
2025-05-12 12:00:00,23.5,37,0.0,,100,21.6,35.2,1013.5,,0,1
2025-05-12 13:00:00,23.9,35,0.0,,100,25.2,35.0,1013.5,,0,1
2025-05-12 14:00:00,23.8,34,0.0,,80,25.2,32.0,1013.4,,0,1
2025-05-12 15:00:00,23.6,33,0.0,,90,21.6,38.9,1013.2,,0,1
2025-05-12 16:00:00,23.1,35,0.0,,70,21.6,32.0,1013.3,,0,1
2025-05-12 17:00:00,22.1,35,0.0,,60,25.2,36.0,1013.3,,6,3
2025-05-12 18:00:00,20.8,41,0.0,,63,18.0,33.3,1013.7,,6,3
2025-05-12 19:00:00,18.2,49,0.0,,60,14.4,25.0,1014.3,,8,4
2025-05-12 20:00:00,16.8,45,0.0,,70,14.4,22.0,1015.0,,7,4
2025-05-12 21:00:00,16.1,48,0.0,,80,14.4,31.5,1015.5,,8,4
2025-05-12 22:00:00,16.2,45,0.0,,80,18.0,22.0,1016.1,,8,4
2025-05-12 23:00:00,15.4,46,0.0,,80,18.0,29.0,1016.3,,8,4
2025-05-13 00:00:00,14.0,51,0.0,,80,18.0,25.9,1016.5,,8,4
2025-05-13 01:00:00,13.4,54,0.0,,80,18.0,26.0,1016.9,,8,4
2025-05-13 02:00:00,13.2,55,0.0,,70,18.0,25.0,1017.4,,8,4
2025-05-13 03:00:00,12.7,56,0.0,,80,21.6,24.1,1017.4,,0,1
2025-05-13 04:00:00,10.9,63,0.0,,80,18.0,29.0,1017.6,,0,1
2025-05-13 05:00:00,12.4,59,0.0,,80,18.0,25.0,1018.2,,0,1
2025-05-13 06:00:00,13.9,54,0.0,,80,18.0,27.8,1018.7,,0,1
2025-05-13 07:00:00,15.9,45,0.0,,90,18.0,29.0,1018.9,,0,1
2025-05-13 08:00:00,17.5,40,0.0,,100,18.0,32.0,1019.3,,0,1
2025-05-13 09:00:00,19.0,36,0.0,,80,25.2,31.5,1019.4,,0,1
2025-05-13 10:00:00,19.4,36,0.0,,70,21.6,43.0,1019.4,,0,1
2025-05-13 11:00:00,20.2,37,0.0,,60,21.6,36.0,1019.3,,0,1
2025-05-13 12:00:00,20.5,38,0.0,,50,21.6,35.2,1019.1,,0,1
2025-05-13 13:00:00,21.5,36,0.0,,50,18.0,35.0,1018.8,,0,1
2025-05-13 14:00:00,21.4,31,0.0,,50,21.6,32.0,1018.6,,0,1
2025-05-13 15:00:00,21.6,31,0.0,,50,18.0,35.2,1018.3,,0,1
2025-05-13 16:00:00,21.5,31,0.0,,60,21.6,29.0,1018.1,,0,1
2025-05-13 17:00:00,21.1,32,0.0,,30,21.6,32.0,1017.8,,0,1
2025-05-13 18:00:00,20.1,32,0.0,,40,21.6,33.3,1017.9,,0,1
2025-05-13 19:00:00,18.3,57,0.0,,30,18.0,29.0,1018.2,,0,1
2025-05-13 20:00:00,16.8,58,0.0,,30,21.6,36.0,1018.6,,1,1
2025-05-13 21:00:00,15.5,65,0.0,,40,18.0,29.6,1018.8,,5,3
2025-05-13 22:00:00,14.7,71,0.0,,40,18.0,29.0,1019.1,,8,4
2025-05-13 23:00:00,14.2,70,0.0,,50,18.0,25.0,1019.3,,8,4
2025-05-14 00:00:00,13.5,72,0.0,,40,14.4,24.1,1019.2,,8,4
2025-05-14 01:00:00,12.5,76,0.0,,50,10.8,22.0,1019.2,,8,4
2025-05-14 02:00:00,11.6,79,0.0,,50,10.8,14.0,1019.4,,8,4
2025-05-14 03:00:00,11.2,80,0.0,,50,7.2,20.4,1019.4,,8,4
2025-05-14 04:00:00,11.8,80,0.0,,50,10.8,18.0,1019.4,,5,3
2025-05-14 05:00:00,12.6,78,0.0,,50,10.8,18.0,1019.5,,8,4
2025-05-14 06:00:00,14.3,73,0.0,,40,10.8,20.4,1019.6,,8,4
2025-05-14 07:00:00,15.2,67,0.0,,60,14.4,25.0,1019.8,,8,4
2025-05-14 08:00:00,15.9,68,0.0,,30,14.4,22.0,1020.0,,8,4
2025-05-14 09:00:00,17.0,52,0.0,,40,14.4,27.8,1020.2,,8,4
2025-05-14 10:00:00,19.2,50,0.0,,360,14.4,22.0,1020.2,,8,4
2025-05-14 11:00:00,18.0,56,0.0,,10,17.0,27.8,1020.0,,8,4
2025-05-14 12:00:00,17.0,52,0.0,,340,24.0,29.6,1020.0,,8,4
2025-05-14 13:00:00,17.0,45,0.0,,320,19.0,31.5,1019.0,,2,2
2025-05-14 14:00:00,15.0,67,0.0,,330,24.0,33.3,1020.0,,6,3
2025-05-14 15:00:00,15.0,63,0.0,,350,22.0,35.2,1020.0,,8,4
2025-05-14 16:00:00,14.0,67,0.0,,330,26.0,35.2,1020.0,,8,4
2025-05-14 17:00:00,12.0,77,0.0,,340,28.0,35.2,1020.0,,8,4
2025-05-14 18:00:00,11.0,76,0.0,,340,24.0,33.3,1019.0,,8,4
2025-05-14 19:00:00,10.0,82,0.0,,350,20.0,33.3,1020.0,,8,4
2025-05-14 20:00:00,10.0,76,0.0,,350,20.0,29.6,1020.0,,8,4
2025-05-14 21:00:00,10.0,76,0.0,,350,24.0,27.8,1019.0,,8,4
2025-05-14 22:00:00,10.0,76,0.0,,350,22.0,27.8,1019.0,,8,4
2025-05-14 23:00:00,10.0,82,0.0,,350,17.0,27.8,1019.0,,8,4
2025-05-15 00:00:00,11.0,82,0.0,,350,19.0,27.8,1019.0,,8,4
2025-05-15 01:00:00,10.0,82,0.0,,340,26.0,25.9,1019.0,,8,4
2025-05-15 02:00:00,10.0,87,0.0,,350,24.0,25.9,1019.0,,8,4
2025-05-15 03:00:00,10.0,82,0.0,,340,20.0,25.9,1019.0,,8,4
2025-05-15 04:00:00,10.0,82,0.0,,350,22.0,27.8,1019.0,,8,4
2025-05-15 05:00:00,10.0,82,0.0,,360,19.0,27.8,1019.0,,8,4
2025-05-15 06:00:00,11.0,82,0.0,,360,20.0,29.6,1020.0,,8,4
2025-05-15 07:00:00,13.0,77,0.0,,350,22.0,29.6,1020.0,,8,4
2025-05-15 08:00:00,13.0,72,0.0,,40,19.0,27.8,1020.0,,8,4
2025-05-15 09:00:00,15.0,55,0.0,,40,19.0,29.6,1020.0,,2,2
2025-05-15 10:00:00,16.0,52,0.0,,20,13.0,31.5,1020.0,,0,1
2025-05-15 11:00:00,17.0,42,0.0,,20,19.0,33.3,1021.0,,0,1
2025-05-15 12:00:00,17.0,42,0.0,,20,30.0,35.2,1021.0,,2,2
2025-05-15 13:00:00,18.0,40,0.0,,30,28.0,37.0,1021.0,,2,2
2025-05-15 14:00:00,17.0,37,0.0,,10,30.0,38.9,1021.0,,0,1
2025-05-15 15:00:00,16.0,42,0.0,,20,28.0,40.8,1022.0,,0,1
2025-05-15 16:00:00,15.0,48,0.0,,20,28.0,40.8,1022.0,,0,1
2025-05-15 17:00:00,14.0,55,0.0,,20,30.0,40.8,1022.0,,0,1
2025-05-15 18:00:00,12.0,62,0.0,,20,26.0,38.9,1023.0,,0,1
2025-05-15 19:00:00,10.0,71,0.0,,20,22.0,37.0,1023.0,,3,2
2025-05-15 20:00:00,10.0,76,0.0,,20,22.0,35.2,1024.0,,2,2
2025-05-15 21:00:00,8.0,87,0.0,,10,15.0,31.5,1024.0,,0,1
2025-05-15 22:00:00,7.0,93,0.0,,20,15.0,27.8,1024.0,,2,2
2025-05-15 23:00:00,7.0,93,0.0,,10,9.0,25.9,1024.0,,7,4
2025-05-16 00:00:00,7.0,93,0.0,,330,9.0,20.4,1024.0,,2,2
2025-05-16 01:00:00,6.0,93,0.0,,330,7.0,16.7,1024.0,,1,1
2025-05-16 02:00:00,6.0,100,0.0,,330,11.0,14.8,1023.0,,0,1
2025-05-16 03:00:00,7.0,93,0.0,,340,7.0,13.0,1023.0,,0,1
2025-05-16 04:00:00,6.0,100,0.0,,330,6.0,13.0,1023.0,,0,1
2025-05-16 05:00:00,9.0,94,0.0,,340,6.0,14.8,1023.0,,0,1
2025-05-16 06:00:00,11.0,82,0.0,,340,11.0,20.4,1023.0,,0,1
2025-05-16 07:00:00,12.0,72,0.0,,340,15.0,24.1,1022.0,,7,4
2025-05-16 08:00:00,13.0,72,0.0,,340,19.0,27.8,1022.0,,8,4
2025-05-16 09:00:00,13.0,67,0.0,,340,19.0,29.6,1023.0,,6,3
2025-05-16 10:00:00,14.0,63,0.0,,340,20.0,31.5,1022.0,,6,3
2025-05-16 11:00:00,13.0,72,0.0,,340,22.0,33.3,1022.0,,1,1
2025-05-16 12:00:00,15.3,61,0.0,,320,26.0,33.3,1022.4,,3,2
2025-05-16 13:00:00,14.0,65,0.0,,310,25.2,36.0,1022.3,,7,4
2025-05-16 14:00:00,12.8,69,0.0,,330,21.6,36.0,1021.9,,8,4
2025-05-16 15:00:00,12.4,72,0.0,,330,21.6,37.0,1021.6,,8,4
2025-05-16 16:00:00,12.2,74,0.0,,320,25.2,40.0,1021.0,,8,4
2025-05-16 17:00:00,12.1,75,0.0,,330,21.6,36.0,1020.9,,8,4
2025-05-16 18:00:00,12.2,74,0.0,,330,21.6,33.3,1020.6,,8,4
2025-05-16 19:00:00,12.0,75,0.0,,350,18.0,32.0,1020.7,,8,4
2025-05-16 20:00:00,11.8,76,0.0,,340,14.4,25.0,1020.7,,8,4
2025-05-16 21:00:00,11.1,80,0.0,,340,14.4,25.9,1020.8,,4,3
2025-05-16 22:00:00,9.1,89,0.0,,340,7.2,18.0,1020.7,,2,2
2025-05-16 23:00:00,9.5,91,0.0,,340,10.8,14.0,1020.6,,1,1
2025-05-17 00:00:00,9.2,92,0.0,,340,7.2,22.2,1020.5,,0,1
2025-05-17 01:00:00,9.0,94,0.0,,330,3.6,15.0,1020.3,,0,1
2025-05-17 02:00:00,9.3,94,0.0,,360,7.2,11.0,1020.2,,0,1
2025-05-17 03:00:00,9.2,94,0.0,,360,7.2,16.7,1020.1,,1,1
2025-05-17 04:00:00,9.8,94,0.0,,10,7.2,11.0,1020.1,,6,3
2025-05-17 05:00:00,11.2,91,0.0,,10,10.8,18.0,1020.3,,0,1
2025-05-17 06:00:00,11.9,87,0.0,,20,14.4,20.4,1020.6,,3,2
2025-05-17 07:00:00,12.7,81,0.0,,10,10.8,25.0,1020.7,,6,3
2025-05-17 08:00:00,14.4,74,0.0,,330,14.4,29.0,1020.4,,2,2
2025-05-17 09:00:00,16.2,64,0.0,,360,14.4,29.6,1020.5,,4,3
2025-05-17 10:00:00,16.8,57,0.0,,350,18.0,29.0,1020.3,,2,2
2025-05-17 11:00:00,16.8,56,0.0,,350,18.0,32.0,1020.2,,1,1
2025-05-17 12:00:00,16.9,56,0.0,,330,21.6,31.5,1020.0,,5,3
2025-05-17 13:00:00,16.1,61,0.0,,320,25.2,36.0,1019.7,,0,1
2025-05-17 14:00:00,15.2,64,0.0,,330,25.2,36.0,1019.7,,0,1
2025-05-17 15:00:00,14.7,67,0.0,,310,25.2,37.0,1019.6,,1,1
2025-05-17 16:00:00,13.0,71,0.0,,320,25.2,36.0,1019.3,,1,1
2025-05-17 17:00:00,12.0,74,0.0,,320,25.2,36.0,1019.1,,4,3
2025-05-17 18:00:00,11.6,77,0.0,,310,21.6,31.5,1018.9,,8,4
2025-05-17 19:00:00,11.7,81,0.0,,300,18.0,29.0,1018.4,,8,4
2025-05-17 20:00:00,12.1,79,0.0,,310,18.0,29.0,1018.3,,8,4
2025-05-17 21:00:00,11.9,80,0.0,,330,18.0,25.9,1018.4,,8,4
2025-05-17 22:00:00,11.6,82,0.0,,330,14.4,25.0,1018.1,,8,4
2025-05-17 23:00:00,11.4,82,0.0,,320,21.6,32.0,1018.0,,8,4
2025-05-18 00:00:00,11.4,81,0.0,,340,18.0,24.1,1018.0,,8,4
2025-05-18 01:00:00,11.2,82,0.0,,330,18.0,30.0,1017.7,,8,4
2025-05-18 02:00:00,11.3,79,0.0,,320,14.4,22.0,1017.4,,8,4
2025-05-18 03:00:00,10.9,82,0.0,,310,7.2,18.5,1017.2,,8,4
2025-05-18 04:00:00,11.1,80,0.0,,340,10.8,18.0,1017.3,,8,4
2025-05-18 05:00:00,11.2,78,0.0,,350,10.8,18.0,1017.6,,8,4
2025-05-18 06:00:00,11.5,77,0.0,,10,10.8,20.4,1017.9,,8,4
2025-05-18 07:00:00,13.1,74,0.0,,310,10.8,18.0,1017.5,,7,4
2025-05-18 08:00:00,13.4,74,0.0,,360,10.8,22.0,1018.1,,8,4
2025-05-18 09:00:00,14.6,72,0.0,,340,14.4,22.2,1018.1,,8,4
2025-05-18 10:00:00,15.0,71,0.0,,310,14.8,26.0,1018.0,,8,4
2025-05-18 11:00:00,15.7,64,0.0,,340,10.8,22.0,1017.9,,4,3
2025-05-18 12:00:00,17.2,60,0.0,,320,14.4,24.1,1017.7,,3,2
2025-05-18 13:00:00,16.4,65,0.0,,330,21.6,30.0,1017.6,,8,4
2025-05-18 14:00:00,16.6,67,0.0,,320,21.6,36.0,1017.8,,8,4
2025-05-18 15:00:00,17.5,61,0.0,,330,25.2,27.8,1017.7,,3,2
2025-05-18 16:00:00,16.8,65,0.0,,320,25.2,36.0,1017.5,,6,3
2025-05-18 17:00:00,17.9,60,0.0,,360,18.0,32.0,1017.5,,8,4
2025-05-18 18:00:00,16.4,56,0.0,,30,18.0,27.8,1017.9,,1,1
2025-05-18 19:00:00,15.0,65,0.0,,20,14.4,25.0,1018.5,,6,3
2025-05-18 20:00:00,13.4,77,0.0,,10,14.4,22.0,1019.1,,7,4
2025-05-18 21:00:00,12.6,83,0.0,,10,10.8,20.4,1019.4,,7,4
2025-05-18 22:00:00,11.8,88,0.0,,360,10.8,18.0,1019.6,,8,4
2025-05-18 23:00:00,10.9,91,0.0,,360,10.8,14.0,1019.8,,1,1
2025-05-19 00:00:00,10.4,92,0.0,,20,7.2,13.0,1019.9,,0,1
2025-05-19 01:00:00,10.0,89,0.0,,20,7.2,11.0,1019.9,,0,1
2025-05-19 02:00:00,9.7,87,0.0,,20,7.2,11.0,1020.1,,0,1
2025-05-19 03:00:00,8.3,90,0.0,,10,7.2,11.1,1020.1,,0,1
2025-05-19 04:00:00,8.1,95,0.0,,330,3.6,7.0,1020.4,,0,1
2025-05-19 05:00:00,10.8,91,0.0,,30,7.2,11.0,1020.5,,0,1
2025-05-19 06:00:00,13.1,81,0.0,,40,10.8,14.8,1020.6,,0,1
2025-05-19 07:00:00,14.7,74,0.0,,50,10.8,18.0,1020.9,,0,1
2025-05-19 08:00:00,15.8,66,0.0,,80,11.2,22.0,1021.1,,1,1
2025-05-19 09:00:00,16.9,51,0.0,,70,10.8,20.4,1021.4,,0,1
2025-05-19 10:00:00,17.6,42,0.0,,60,14.4,25.0,1021.3,,0,1
2025-05-19 11:00:00,18.6,38,0.0,,50,18.0,25.0,1021.1,,0,1
2025-05-19 12:00:00,18.6,43,0.0,,50,10.8,27.8,1020.7,,0,1
2025-05-19 13:00:00,19.5,43,0.0,,50,14.4,30.0,1020.2,,0,1
2025-05-19 14:00:00,20.2,45,0.0,,50,18.0,32.0,1019.9,,0,1
2025-05-19 15:00:00,19.9,47,0.0,,50,18.0,29.6,1019.7,,0,1
2025-05-19 16:00:00,20.1,47,0.0,,40,21.6,29.0,1019.4,,0,1
2025-05-19 17:00:00,19.6,49,0.0,,30,25.2,36.0,1019.1,,0,1
2025-05-19 18:00:00,18.7,53,0.0,,30,21.6,33.3,1019.2,,0,1
2025-05-19 19:00:00,17.2,56,0.0,,40,21.6,36.0,1019.4,,0,1
2025-05-19 20:00:00,15.7,61,0.0,,20,18.0,29.0,1019.9,,0,1
2025-05-19 21:00:00,14.6,70,0.0,,20,18.0,27.8,1020.1,,0,1
2025-05-19 22:00:00,13.6,76,0.0,,30,10.8,22.0,1020.1,,0,1
2025-05-19 23:00:00,13.0,81,0.0,,40,10.8,18.0,1020.0,,0,1
2025-05-20 00:00:00,12.7,82,0.0,,30,10.8,20.4,1019.8,,0,1
2025-05-20 01:00:00,12.1,82,0.0,,20,10.8,15.0,1019.9,,0,1
2025-05-20 02:00:00,11.3,77,0.0,,20,10.8,14.0,1019.7,,0,1
2025-05-20 03:00:00,10.6,77,0.0,,20,10.8,14.8,1019.4,,0,1
2025-05-20 04:00:00,8.4,84,0.0,,340,7.2,14.0,1019.3,,0,1
2025-05-20 05:00:00,12.3,72,0.0,,10,7.2,11.0,1019.3,,0,1
2025-05-20 06:00:00,14.4,69,0.0,,10,7.2,16.7,1019.4,,1,1
2025-05-20 07:00:00,15.6,61,0.0,,360,7.2,14.0,1019.6,,0,1
2025-05-20 08:00:00,16.6,53,0.0,,340,10.8,18.0,1019.8,,2,2
2025-05-20 09:00:00,17.7,46,0.0,,330,14.4,24.1,1019.7,,3,2
2025-05-20 10:00:00,19.4,44,0.0,,10,10.8,25.0,1019.5,,1,1
2025-05-20 11:00:00,20.0,51,0.0,,10,14.4,32.0,1019.1,,0,1
2025-05-20 12:00:00,19.9,42,0.0,,320,25.2,27.8,1018.9,,0,1
2025-05-20 13:00:00,19.6,43,0.0,,320,25.2,35.0,1018.7,,8,4
2025-05-20 14:00:00,18.4,56,0.0,,320,25.2,36.0,1018.7,,8,4
2025-05-20 15:00:00,16.8,57,0.0,,320,25.2,35.2,1018.8,,0,1
2025-05-20 16:00:00,17.2,62,0.0,,330,18.0,36.0,1018.5,,0,1
2025-05-20 17:00:00,16.4,63,0.0,,340,18.0,29.0,1018.2,,0,1
2025-05-20 18:00:00,15.5,69,0.0,,320,18.0,29.6,1018.2,,0,1
2025-05-20 19:00:00,13.7,77,0.0,,320,18.0,25.0,1018.1,,0,1
2025-05-20 20:00:00,12.1,85,0.0,,320,14.4,25.0,1018.3,,4,3
2025-05-20 21:00:00,11.3,89,0.0,,320,7.2,18.5,1018.1,,4,3
2025-05-20 22:00:00,10.2,92,0.0,,310,7.2,11.0,1018.0,,0,1
2025-05-20 23:00:00,9.4,94,0.0,,310,7.2,11.0,1017.6,,7,4
2025-05-21 00:00:00,9.1,95,0.0,,310,7.2,11.1,1017.2,,6,3
2025-05-21 01:00:00,9.0,95,0.0,,280,7.6,8.0,1016.7,,7,4
2025-05-21 02:00:00,9.1,97,0.0,,270,7.2,11.0,1016.1,,8,4
2025-05-21 03:00:00,9.1,96,0.0,,280,7.2,11.1,1015.9,,8,4
2025-05-21 04:00:00,9.8,95,0.0,,270,7.2,11.0,1015.6,,8,4
2025-05-21 05:00:00,10.9,91,0.0,,300,7.2,14.0,1015.4,,8,4
2025-05-21 06:00:00,12.8,83,0.0,,290,14.4,18.5,1015.4,,8,4
2025-05-21 07:00:00,14.4,71,0.0,,300,18.0,25.0,1015.5,,8,4
2025-05-21 08:00:00,15.3,68,0.0,,290,14.4,25.0,1015.2,,8,4
2025-05-21 09:00:00,15.6,68,0.0,,290,18.0,29.6,1015.2,,8,4
2025-05-21 10:00:00,15.9,66,0.0,,300,21.6,29.0,1015.1,,8,4
2025-05-21 11:00:00,15.1,67,0.0,,300,18.0,32.0,1015.2,,8,4
2025-05-21 12:00:00,14.5,66,0.0,,300,21.6,33.3,1015.1,,8,4
2025-05-21 13:00:00,14.5,62,0.0,,320,21.6,36.0,1014.8,,8,4
2025-05-21 14:00:00,14.9,62,0.0,,330,25.2,36.0,1014.8,,8,4
2025-05-21 15:00:00,14.1,59,0.0,,320,25.2,35.2,1014.7,,8,4
2025-05-21 16:00:00,13.0,62,0.0,,320,25.2,40.0,1014.3,,8,4
2025-05-21 17:00:00,12.9,61,0.0,,330,21.6,36.0,1014.2,,8,4
2025-05-21 18:00:00,12.7,60,0.0,,330,25.2,33.3,1014.1,,8,4
2025-05-21 19:00:00,12.2,62,0.0,,350,21.6,36.0,1014.4,,8,4
2025-05-21 20:00:00,11.9,63,0.0,,340,18.0,29.0,1014.8,,8,4
2025-05-21 21:00:00,11.2,69,0.0,,330,14.4,24.1,1014.8,,8,4
2025-05-21 22:00:00,10.4,73,0.0,,340,14.4,22.0,1014.8,,4,3
2025-05-21 23:00:00,9.5,78,0.0,,340,10.8,22.0,1015.0,,1,1
2025-05-22 00:00:00,9.0,80,0.0,,350,10.8,22.2,1014.9,,2,2
2025-05-22 01:00:00,9.1,80,0.0,,340,7.2,14.0,1014.7,,4,3
2025-05-22 02:00:00,9.8,76,0.0,,330,10.8,14.0,1014.4,,8,4
2025-05-22 03:00:00,10.4,74,0.0,,320,14.4,22.2,1014.2,,8,4
2025-05-22 04:00:00,10.7,69,0.0,,330,14.4,25.0,1014.3,,8,4
2025-05-22 05:00:00,9.7,79,0.2,,340,21.6,40.0,1014.7,,8,17
2025-05-22 06:00:00,10.7,65,0.0,,350,25.2,31.5,1015.2,,7,8
2025-05-22 07:00:00,11.2,58,0.0,,340,25.2,43.0,1015.6,,7,4
2025-05-22 08:00:00,12.5,48,0.0,,360,25.2,40.0,1015.9,,0,1
2025-05-22 09:00:00,13.5,47,0.0,,330,25.2,38.9,1016.0,,1,1
2025-05-22 10:00:00,12.5,53,0.0,,320,28.8,43.0,1016.3,,2,2
2025-05-22 11:00:00,14.3,50,0.0,,330,28.8,43.0,1016.5,,6,3
2025-05-22 12:00:00,12.8,54,0.0,,340,28.8,44.5,1016.9,,7,17
2025-05-22 13:00:00,14.4,45,0.0,,310,28.8,42.0,1016.6,,5,8
2025-05-22 14:00:00,13.1,53,0.0,,330,25.2,47.0,1017.0,,4,3
2025-05-22 15:00:00,12.5,55,0.0,,340,22.3,44.5,1017.2,,7,8
2025-05-22 16:00:00,11.8,65,0.0,,340,21.6,43.0,1017.5,,7,17
2025-05-22 17:00:00,12.0,55,0.0,,320,18.0,40.0,1017.4,,1,8
2025-05-22 18:00:00,12.5,52,0.0,,300,28.8,37.0,1017.5,,7,4
2025-05-22 19:00:00,10.7,58,0.0,,310,25.2,40.0,1017.9,,6,17
2025-05-22 20:00:00,10.0,61,0.0,,330,14.4,32.0,1017.9,,8,8
2025-05-22 21:00:00,9.7,66,0.0,,300,18.0,27.8,1017.9,,1,1
2025-05-22 22:00:00,8.0,80,0.1,,280,10.8,40.0,1017.6,,0,8
2025-05-22 23:00:00,8.2,78,0.0,,290,14.4,22.0,1017.3,,1,1
2025-05-23 00:00:00,8.1,79,0.4,,300,21.6,25.9,1017.2,,8,17
2025-05-23 01:00:00,7.8,81,0.8,,300,14.8,26.0,1016.9,,1,8
2025-05-23 02:00:00,7.0,85,0.2,,290,10.8,36.0,1016.8,,0,7
2025-05-23 03:00:00,7.8,80,0.1,,300,14.4,25.9,1016.4,,1,8
2025-05-23 04:00:00,7.8,78,0.0,,300,14.4,25.0,1016.4,,5,8
2025-05-23 05:00:00,8.8,83,0.6,,310,14.4,29.0,1016.4,,2,8
2025-05-23 06:00:00,10.0,74,0.1,,330,10.8,37.0,1016.7,,4,3
2025-05-23 07:00:00,9.7,72,0.0,,320,28.8,43.0,1016.8,,6,8
2025-05-23 08:00:00,11.8,64,0.0,,310,28.8,43.0,1017.0,,5,8
2025-05-23 09:00:00,11.1,71,0.0,,300,25.2,40.8,1017.2,,8,17
2025-05-23 10:00:00,10.5,73,0.2,,330,28.8,43.0,1017.6,,8,17
2025-05-23 11:00:00,11.8,66,0.4,,300,32.4,43.0,1017.4,,8,8
2025-05-23 12:00:00,11.6,74,0.3,,300,21.6,44.5,1017.8,,8,17
2025-05-23 13:00:00,13.0,62,0.0,,310,32.4,42.0,1017.8,,8,8
2025-05-23 14:00:00,13.4,61,0.1,,280,28.8,42.6,1017.9,,8,4
2025-05-23 15:00:00,13.0,62,0.0,,300,28.8,42.6,1017.9,,8,4
2025-05-23 16:00:00,13.2,53,0.0,,300,28.8,43.0,1017.8,,8,8
2025-05-23 17:00:00,12.4,61,0.0,,290,21.6,40.0,1018.0,,4,3
2025-05-23 18:00:00,11.7,61,0.0,,290,21.6,31.5,1018.1,,4,3
2025-05-23 19:00:00,10.9,64,0.0,,280,14.4,25.0,1018.3,,2,2
2025-05-23 20:00:00,9.6,70,0.0,,270,14.4,22.0,1018.3,,0,1
2025-05-23 21:00:00,9.6,70,0.0,,240,14.4,20.4,1018.2,,0,1
2025-05-23 22:00:00,7.9,77,0.0,,190,10.8,18.0,1017.6,,2,2
2025-05-23 23:00:00,7.6,82,0.0,,180,10.8,14.0,1017.1,,0,1
2025-05-24 00:00:00,8.3,81,0.0,,180,14.4,18.5,1016.5,,2,2
2025-05-24 01:00:00,8.7,81,0.0,,190,14.4,25.0,1015.5,,8,4
2025-05-24 02:00:00,8.5,83,0.0,,180,14.4,25.0,1014.9,,7,4
2025-05-24 03:00:00,8.3,82,0.0,,170,10.8,22.2,1014.2,,8,4
2025-05-24 04:00:00,9.1,79,0.0,,180,10.8,14.0,1013.6,,8,4
2025-05-24 05:00:00,10.6,73,0.0,,190,14.4,18.0,1013.1,,8,4
2025-05-24 06:00:00,11.9,70,0.0,,200,18.0,29.6,1012.7,,8,4
2025-05-24 07:00:00,13.0,73,0.0,,230,25.2,36.0,1012.5,,8,4
2025-05-24 08:00:00,14.3,76,0.0,,220,21.6,32.0,1012.5,,8,4
2025-05-24 09:00:00,15.1,74,0.0,,230,21.6,35.2,1012.6,,8,4
2025-05-24 10:00:00,14.0,87,0.1,,210,28.8,40.0,1012.5,,8,8
2025-05-24 11:00:00,13.5,88,0.4,,190,25.2,40.0,1011.9,,8,8
2025-05-24 12:00:00,13.1,92,0.4,,190,25.2,37.0,1011.8,,8,8
2025-05-24 13:00:00,12.6,94,2.0,,180,25.2,40.0,1011.5,,8,8
2025-05-24 14:00:00,12.9,94,0.9,,190,25.2,36.0,1011.1,,8,8
2025-05-24 15:00:00,13.4,97,2.0,,190,18.0,38.9,1010.6,,8,8
2025-05-24 16:00:00,14.5,97,0.3,,220,18.0,29.0,1010.3,,8,7
2025-05-24 17:00:00,15.2,95,0.1,,230,18.0,29.0,1010.1,,8,17
2025-05-24 18:00:00,15.8,93,0.0,,240,18.0,35.2,1010.1,,8,8
2025-05-24 19:00:00,15.9,91,0.0,,220,21.6,29.0,1009.9,,8,4
2025-05-24 20:00:00,15.1,92,0.0,,220,21.6,36.0,1010.2,,8,4
2025-05-24 21:00:00,14.8,94,0.0,,220,25.2,38.9,1009.9,,8,4
2025-05-24 22:00:00,14.9,94,0.0,,210,21.6,36.0,1009.7,,8,4
2025-05-24 23:00:00,14.9,94,0.0,,210,21.6,29.0,1009.4,,8,4
2025-05-25 00:00:00,14.6,94,0.0,,230,25.2,38.9,1009.3,,8,4
2025-05-25 01:00:00,14.3,94,0.0,,220,25.2,36.0,1008.8,,8,7
2025-05-25 02:00:00,14.4,93,0.0,,220,25.2,36.0,1008.3,,8,7
2025-05-25 03:00:00,14.7,91,0.0,,220,21.6,40.8,1007.6,,8,4
2025-05-25 04:00:00,14.5,88,0.1,,230,32.4,47.0,1007.3,,8,8
2025-05-25 05:00:00,14.0,92,0.4,,230,32.4,47.0,1007.2,,8,8
2025-05-25 06:00:00,14.0,92,0.2,,230,28.8,44.5,1007.1,,8,8
2025-05-25 07:00:00,14.5,93,1.0,,230,25.2,40.0,1006.8,,8,8
2025-05-25 08:00:00,15.3,91,0.3,,230,28.8,50.0,1006.9,,8,8
2025-05-25 09:00:00,15.5,88,0.0,,240,39.6,51.8,1006.6,,8,4
2025-05-25 10:00:00,16.7,80,0.0,,240,39.6,54.0,1006.8,,7,4
2025-05-25 11:00:00,16.8,77,0.0,,250,43.2,61.0,1007.6,,7,4
2025-05-25 12:00:00,18.0,74,0.0,,250,43.2,30.0,1007.6,,8,4
2025-05-25 13:00:00,17.8,72,0.0,,250,43.2,61.0,1008.1,,8,4
2025-05-25 14:00:00,18.1,70,0.0,,250,42.5,57.0,1008.4,,8,4
2025-05-25 15:00:00,15.5,81,0.0,,270,39.6,44.5,1009.3,,8,4
2025-05-25 16:00:00,14.5,80,0.0,,300,18.0,40.0,1010.2,,8,8
2025-05-25 17:00:00,15.3,71,0.0,,270,7.2,18.0,1010.3,,8,4
2025-05-25 18:00:00,16.6,62,0.0,,270,10.8,31.5,1010.7,,4,3
2025-05-25 19:00:00,15.6,65,0.0,,240,10.8,22.0,1011.2,,7,4
2025-05-25 20:00:00,15.1,75,0.0,,240,14.4,22.0,1011.8,,8,4
2025-05-25 21:00:00,14.7,78,0.0,,250,3.6,20.4,1011.9,,8,4
2025-05-25 22:00:00,14.2,80,0.0,,190,7.2,8.0,1012.0,,8,4
2025-05-25 23:00:00,13.9,80,0.0,,230,10.8,14.0,1012.0,,8,4
2025-05-26 00:00:00,13.8,83,0.0,,220,10.8,20.4,1012.1,,8,4
2025-05-26 01:00:00,13.9,79,0.0,,230,18.0,26.0,1012.0,,8,4
2025-05-26 02:00:00,13.6,78,0.0,,260,14.4,29.0,1012.4,,7,4
2025-05-26 03:00:00,13.0,80,0.0,,220,14.4,24.1,1012.9,,8,4
2025-05-26 04:00:00,13.2,76,0.0,,250,18.0,25.0,1013.0,,8,4
2025-05-26 05:00:00,13.1,77,0.0,,250,21.6,29.0,1013.7,,4,3
2025-05-26 06:00:00,13.7,75,0.0,,260,21.6,31.5,1014.5,,8,4
2025-05-26 07:00:00,14.1,73,0.0,,250,25.2,32.0,1014.8,,4,3
2025-05-26 08:00:00,14.5,69,0.0,,260,21.6,36.0,1015.5,,8,4
2025-05-26 09:00:00,15.2,68,0.0,,260,25.2,38.9,1015.8,,8,4
2025-05-26 10:00:00,15.2,66,0.0,,250,28.8,40.0,1016.2,,8,4
2025-05-26 11:00:00,16.7,57,0.0,,240,32.4,43.0,1016.4,,8,4
2025-05-26 12:00:00,17.3,54,0.0,,250,32.4,44.5,1016.6,,7,4
2025-05-26 13:00:00,18.0,46,0.0,,240,35.3,50.0,1016.4,,7,4
2025-05-26 14:00:00,17.8,48,0.0,,260,32.4,50.0,1016.5,,7,4
2025-05-26 15:00:00,17.7,47,0.0,,260,35.3,46.3,1016.4,,8,4
2025-05-26 16:00:00,18.2,45,0.0,,250,31.7,54.0,1016.2,,8,4
2025-05-26 17:00:00,16.9,54,0.0,,240,31.7,50.0,1015.9,,8,4
2025-05-26 18:00:00,16.0,56,0.0,,240,36.0,46.3,1015.9,,8,4
2025-05-26 19:00:00,15.7,59,0.0,,230,31.7,46.0,1015.9,,8,4
2025-05-26 20:00:00,15.2,63,0.0,,230,31.7,46.0,1015.7,,8,4
2025-05-26 21:00:00,15.1,63,0.0,,230,29.5,40.8,1015.6,,8,4
2025-05-26 22:00:00,14.9,63,0.0,,230,29.5,50.0,1015.2,,8,4
2025-05-26 23:00:00,14.7,65,0.0,,220,29.5,50.0,1014.6,,8,4
2025-05-27 00:00:00,14.1,72,0.0,,230,36.0,44.5,1014.2,,8,7
2025-05-27 01:00:00,13.2,81,0.0,,210,31.7,50.0,1013.7,,8,7
2025-05-27 02:00:00,13.2,76,0.0,,210,31.7,42.0,1013.0,,8,8
2025-05-27 03:00:00,13.6,76,0.0,,210,32.4,48.2,1012.4,,8,4
2025-05-27 04:00:00,13.6,79,0.0,,220,36.0,54.0,1012.1,,8,17
2025-05-27 05:00:00,13.6,83,0.3,,220,36.0,50.0,1012.0,,8,8
2025-05-27 06:00:00,13.0,92,1.8,,210,32.4,50.0,1012.2,,8,7
2025-05-27 07:00:00,14.0,88,0.1,,220,27.7,47.0,1012.5,,8,8
2025-05-27 08:00:00,13.6,96,3.0,,220,28.8,47.0,1012.9,,8,8
2025-05-27 09:00:00,15.1,86,0.4,,240,36.0,27.0,1013.0,,8,8
2025-05-27 10:00:00,15.8,82,0.0,,250,28.8,54.0,1013.3,,8,4
2025-05-27 11:00:00,16.3,76,0.0,,250,32.4,43.0,1013.4,,7,4
2025-05-27 12:00:00,17.1,72,0.0,,250,32.4,50.0,1013.4,,8,4
2025-05-27 13:00:00,17.2,67,0.0,,250,36.0,50.0,1013.5,,8,4
2025-05-27 14:00:00,16.0,74,0.0,,240,39.6,58.0,1013.6,,8,17
2025-05-27 15:00:00,13.1,76,0.5,,220,36.0,50.0,1013.2,,8,8
2025-05-27 16:00:00,12.2,91,3.0,,180,18.0,40.0,1011.5,,8,8
2025-05-27 17:00:00,13.1,96,3.0,,190,21.6,32.0,1010.8,,8,8
2025-05-27 18:00:00,14.9,93,2.0,,240,39.6,53.7,1010.3,,8,8
2025-05-27 19:00:00,15.0,93,1.0,,240,36.0,50.0,1010.0,,8,8
2025-05-27 20:00:00,15.2,89,0.0,,240,36.0,50.0,1009.9,,8,8
2025-05-27 21:00:00,15.3,87,0.0,,240,46.8,30.0,1009.9,,8,4
2025-05-27 22:00:00,15.3,87,0.0,,240,43.2,65.0,1009.6,,8,4
2025-05-27 23:00:00,15.2,87,0.0,,240,39.6,61.0,1009.7,,8,4
2025-05-28 00:00:00,15.3,87,0.0,,240,39.6,30.0,1009.4,,8,4
2025-05-28 01:00:00,15.2,88,0.0,,240,38.9,61.0,1009.5,,8,4
2025-05-28 02:00:00,15.2,87,0.0,,240,36.0,54.0,1009.4,,8,4
2025-05-28 03:00:00,14.9,89,0.0,,250,32.4,48.2,1009.6,,8,4
2025-05-28 04:00:00,14.6,91,0.0,,250,32.4,47.0,1009.7,,8,4
2025-05-28 05:00:00,15.0,90,0.1,,250,28.8,50.0,1010.0,,8,8
2025-05-28 06:00:00,15.1,89,0.0,,250,28.8,42.6,1010.4,,8,4
2025-05-28 07:00:00,15.4,87,0.0,,250,28.8,40.0,1011.0,,8,4
2025-05-28 08:00:00,15.3,91,0.0,,260,25.2,43.0,1011.5,,8,17
2025-05-28 09:00:00,15.6,86,0.0,,260,28.8,38.9,1011.9,,8,8
2025-05-28 10:00:00,15.4,90,0.5,,250,28.8,42.0,1012.5,,8,17
2025-05-28 11:00:00,15.7,87,0.2,,270,32.4,42.0,1013.0,,8,8
2025-05-28 12:00:00,13.9,91,0.0,,330,18.0,37.0,1013.8,,8,8
2025-05-28 13:00:00,13.6,88,0.1,,310,14.4,25.0,1014.8,,8,8
2025-05-28 14:00:00,15.9,73,0.0,,300,25.2,32.0,1015.5,,3,2
2025-05-28 15:00:00,16.3,71,0.0,,310,21.6,33.3,1016.4,,0,1
2025-05-28 16:00:00,15.7,67,0.0,,310,25.2,36.0,1017.4,,0,1
2025-05-28 17:00:00,15.5,70,0.0,,300,21.6,32.0,1018.1,,0,1
2025-05-28 18:00:00,15.0,72,0.0,,310,18.0,25.9,1019.1,,1,1
2025-05-28 19:00:00,13.9,76,0.0,,310,10.8,25.0,1019.7,,0,1
2025-05-28 20:00:00,12.7,83,0.0,,290,10.8,15.0,1020.3,,0,1
2025-05-28 21:00:00,11.8,87,0.0,,270,10.8,16.7,1020.8,,2,2
2025-05-28 22:00:00,11.3,90,0.0,,280,10.8,18.0,1021.1,,8,4
2025-05-28 23:00:00,11.3,91,0.0,,260,7.2,15.0,1021.1,,8,4
2025-05-29 00:00:00,10.1,95,0.0,,200,3.6,11.1,1021.2,,8,4
2025-05-29 01:00:00,10.6,95,0.0,,250,7.2,11.0,1021.2,,8,4
2025-05-29 02:00:00,10.7,95,0.0,,180,7.2,11.0,1020.9,,8,4
2025-05-29 03:00:00,10.6,95,0.0,,150,3.6,11.1,1021.3,,8,4
2025-05-29 04:00:00,10.9,95,0.0,,140,7.2,11.0,1020.9,,8,4
2025-05-29 05:00:00,11.6,93,0.0,,150,7.2,11.0,1020.6,,8,4
2025-05-29 06:00:00,12.4,92,0.0,,160,10.8,18.5,1020.4,,8,7
2025-05-29 07:00:00,13.3,93,0.3,,170,10.8,14.0,1020.9,,8,8
2025-05-29 08:00:00,13.7,95,0.5,,170,14.4,22.0,1020.5,,8,8
2025-05-29 09:00:00,14.7,92,0.4,,180,18.0,33.3,1020.0,,8,8
2025-05-29 10:00:00,14.9,91,0.1,,190,18.0,29.0,1019.7,,8,8
2025-05-29 11:00:00,15.3,85,0.0,,200,21.6,32.0,1019.4,,8,4
2025-05-29 12:00:00,15.9,81,0.0,,210,25.2,42.6,1018.9,,8,4
2025-05-29 13:00:00,16.7,79,0.0,,220,28.8,42.0,1018.6,,8,4
2025-05-29 14:00:00,17.5,80,0.0,,220,32.4,40.0,1018.2,,8,4
2025-05-29 15:00:00,18.9,77,0.0,,240,32.4,48.2,1018.0,,8,4
2025-05-29 16:00:00,18.8,76,0.0,,220,36.0,50.0,1017.7,,7,4
2025-05-29 17:00:00,18.8,77,0.0,,230,32.4,47.0,1017.6,,8,4
2025-05-29 18:00:00,17.8,80,0.0,,220,28.8,46.3,1017.6,,8,4
2025-05-29 19:00:00,16.7,84,0.0,,230,25.2,40.0,1017.9,,1,1
2025-05-29 20:00:00,16.1,86,0.0,,230,28.8,36.0,1018.2,,0,1
2025-05-29 21:00:00,15.3,89,0.0,,240,22.3,40.8,1018.6,,1,1
2025-05-29 22:00:00,15.3,91,0.0,,230,18.0,32.0,1018.7,,8,4
2025-05-29 23:00:00,15.5,89,0.0,,230,25.2,36.0,1018.6,,8,4
2025-05-30 00:00:00,15.3,90,0.0,,240,21.6,33.3,1018.7,,7,4
2025-05-30 01:00:00,14.8,91,0.0,,240,18.0,31.0,1018.8,,8,4
2025-05-30 02:00:00,14.4,93,0.0,,230,21.6,30.0,1018.4,,8,4
2025-05-30 03:00:00,13.9,96,0.0,,230,14.4,31.5,1018.5,,8,4
2025-05-30 04:00:00,14.4,95,0.0,,230,18.4,30.0,1018.5,,8,4
2025-05-30 05:00:00,14.8,94,0.0,,230,21.6,32.0,1018.9,,8,4
2025-05-30 06:00:00,15.5,91,0.0,,240,18.0,33.3,1019.1,,8,4
2025-05-30 07:00:00,16.0,89,0.0,,230,18.0,32.0,1019.4,,8,4
2025-05-30 08:00:00,16.6,86,0.0,,220,21.6,32.0,1019.8,,8,4
2025-05-30 09:00:00,17.7,83,0.0,,220,21.6,38.9,1019.8,,8,4
2025-05-30 10:00:00,18.4,80,0.0,,230,18.0,32.0,1019.6,,7,4
2025-05-30 11:00:00,19.3,77,0.0,,230,28.8,35.0,1019.4,,6,3
2025-05-30 12:00:00,19.5,74,0.0,,230,21.6,38.9,1019.4,,7,4
2025-05-30 13:00:00,21.0,68,0.0,,240,25.2,36.0,1019.3,,2,2
2025-05-30 14:00:00,20.6,66,0.0,,250,28.8,50.0,1019.4,,0,1
2025-05-30 15:00:00,20.9,65,0.0,,260,25.2,35.2,1019.5,,0,1
2025-05-30 16:00:00,20.1,68,0.0,,260,29.5,39.0,1019.5,,4,3
2025-05-30 17:00:00,19.7,66,0.0,,260,21.6,36.0,1019.1,,8,4
2025-05-30 18:00:00,19.3,68,0.0,,290,14.4,25.9,1019.1,,8,4
2025-05-30 19:00:00,17.6,76,0.0,,300,14.4,18.0,1019.1,,8,4
2025-05-30 20:00:00,16.4,81,0.0,,290,10.8,15.0,1019.0,,8,4
2025-05-30 21:00:00,15.0,87,0.0,,320,7.2,14.8,1019.0,,8,4
2025-05-30 22:00:00,13.8,91,0.0,,310,3.6,8.0,1018.9,,8,4
2025-05-30 23:00:00,13.7,94,0.0,,140,3.6,4.0,1018.8,,8,4
2025-05-31 00:00:00,13.1,94,0.0,,190,7.2,11.1,1018.7,,8,4
2025-05-31 01:00:00,12.8,94,0.0,,170,3.6,8.0,1018.5,,6,3
2025-05-31 02:00:00,12.4,97,0.0,,190,3.6,7.0,1018.4,,5,3
2025-05-31 03:00:00,12.7,96,0.0,,170,7.2,11.1,1018.1,,8,4
2025-05-31 04:00:00,13.0,96,0.0,,180,10.8,14.0,1018.0,,4,3
2025-05-31 05:00:00,14.6,93,0.0,,190,7.2,11.0,1017.9,,8,4
2025-05-31 06:00:00,16.8,85,0.0,,190,7.2,13.0,1018.1,,8,4
2025-05-31 07:00:00,17.9,80,0.0,,200,10.8,14.0,1018.1,,8,4
2025-05-31 08:00:00,19.2,75,0.0,,190,7.2,11.0,1018.1,,8,4
2025-05-31 09:00:00,21.0,66,0.0,,220,7.2,18.5,1018.1,,8,4
2025-05-31 10:00:00,21.7,65,0.0,,200,7.2,14.0,1017.9,,8,4
2025-05-31 11:00:00,23.2,59,0.0,,230,7.2,14.0,1017.5,,8,4
2025-05-31 12:00:00,23.9,54,0.0,,130,7.6,20.4,1017.1,,8,4
2025-05-31 13:00:00,24.9,51,0.0,,230,11.2,18.0,1017.0,,8,4
2025-05-31 14:00:00,25.2,47,0.0,,240,14.4,25.0,1016.3,,0,1
2025-05-31 15:00:00,25.4,48,0.0,,230,10.8,24.1,1015.5,,0,1
2025-05-31 16:00:00,24.4,60,0.0,,310,14.4,18.0,1015.3,,0,1
2025-05-31 17:00:00,22.8,61,0.0,,280,11.2,22.0,1015.0,,7,4
2025-05-31 18:00:00,22.2,63,0.0,,310,7.6,18.5,1014.6,,7,4
2025-05-31 19:00:00,21.4,65,0.0,,320,7.6,15.0,1014.6,,8,4
2025-05-31 20:00:00,20.6,69,0.0,,330,7.6,15.0,1014.3,,8,4
2025-05-31 21:00:00,19.8,66,0.0,,280,7.6,14.8,1014.3,,8,4
2025-05-31 22:00:00,18.9,69,0.0,,210,7.6,11.0,1013.9,,8,4
2025-05-31 23:00:00,19.1,68,0.0,,230,11.2,18.0,1013.5,,8,4
2025-06-01 00:00:00,18.6,67,0.0,,210,10.8,20.4,1013.2,,7,4
2025-06-01 01:00:00,18.4,67,0.0,,220,18.4,26.0,1012.7,,8,4
2025-06-01 02:00:00,16.4,74,0.0,,220,14.8,26.0,1012.6,,8,4
2025-06-01 03:00:00,14.9,86,0.0,,210,11.2,22.2,1012.3,,1,1
2025-06-01 04:00:00,15.4,87,0.0,,240,18.0,26.0,1012.4,,6,3
2025-06-01 05:00:00,15.9,87,0.0,,240,21.6,30.0,1012.4,,8,4
2025-06-01 06:00:00,17.0,80,0.0,,260,18.0,27.8,1012.6,,6,3
2025-06-01 07:00:00,17.6,72,0.0,,280,21.6,31.0,1013.1,,7,4
2025-06-01 08:00:00,17.8,68,0.0,,280,22.3,30.0,1013.3,,8,4
2025-06-01 09:00:00,18.2,62,0.0,,270,18.0,33.3,1013.5,,8,4
2025-06-01 10:00:00,18.6,66,0.0,,260,22.3,31.0,1013.6,,8,4
2025-06-01 11:00:00,18.7,66,0.0,,260,25.9,35.0,1013.6,,8,4
2025-06-01 12:00:00,17.9,68,0.0,,250,28.8,37.0,1013.8,,8,4
2025-06-01 13:00:00,18.8,64,0.0,,240,25.2,39.0,1013.7,,8,4
2025-06-01 14:00:00,18.5,61,0.0,,260,36.0,50.0,1014.0,,8,4
2025-06-01 15:00:00,18.8,58,0.0,,260,32.4,42.6,1013.7,,5,3
2025-06-01 16:00:00,18.3,61,0.0,,250,32.4,47.0,1013.6,,8,4
2025-06-01 17:00:00,18.1,63,0.0,,240,28.8,47.0,1013.3,,8,4
2025-06-01 18:00:00,17.5,64,0.0,,250,21.6,38.9,1013.4,,8,4
2025-06-01 19:00:00,16.6,60,0.0,,250,25.2,36.0,1013.4,,8,4
2025-06-01 20:00:00,15.4,71,0.0,,250,18.0,29.0,1013.6,,8,4
2025-06-01 21:00:00,15.0,73,0.0,,240,21.6,29.6,1013.7,,2,2
2025-06-01 22:00:00,13.9,75,0.0,,220,14.4,29.0,1013.8,,0,1
2025-06-01 23:00:00,13.6,82,0.0,,220,14.4,22.0,1013.7,,0,1
2025-06-02 00:00:00,13.5,85,0.0,,220,18.0,24.1,1013.6,,0,1
2025-06-02 01:00:00,13.6,87,0.0,,230,14.4,22.0,1013.6,,8,4
2025-06-02 02:00:00,13.5,87,0.0,,220,14.4,22.0,1013.4,,8,4
2025-06-02 03:00:00,14.3,84,0.0,,230,18.0,22.2,1013.4,,8,4
2025-06-02 04:00:00,14.5,84,0.0,,240,14.4,29.0,1013.6,,8,4
2025-06-02 05:00:00,14.9,81,0.0,,250,14.4,22.0,1014.2,,8,4
2025-06-02 06:00:00,15.2,76,0.0,,270,14.4,25.9,1014.5,,8,4
2025-06-02 07:00:00,15.7,69,0.0,,280,18.0,25.0,1015.0,,8,4
2025-06-02 08:00:00,15.7,71,0.0,,280,18.0,25.0,1015.5,,8,8
2025-06-02 09:00:00,16.0,73,0.0,,280,18.0,31.5,1015.9,,8,17
2025-06-02 10:00:00,17.0,62,0.0,,290,18.0,29.0,1016.3,,8,8
2025-06-02 11:00:00,17.4,59,0.0,,280,21.6,32.0,1016.5,,2,2
2025-06-02 12:00:00,17.9,54,0.0,,270,25.2,37.0,1016.7,,1,1
2025-06-02 13:00:00,17.8,58,0.0,,270,25.2,39.0,1016.7,,1,1
2025-06-02 14:00:00,17.5,59,0.0,,280,25.2,36.0,1016.8,,2,2
2025-06-02 15:00:00,17.2,59,0.0,,300,21.6,35.2,1016.5,,2,2
2025-06-02 16:00:00,17.4,54,0.0,,310,21.6,32.0,1016.6,,0,1
2025-06-02 17:00:00,16.7,58,0.0,,300,18.0,29.0,1016.3,,1,1
2025-06-02 18:00:00,16.2,61,0.0,,280,14.4,24.1,1016.4,,0,1
2025-06-02 19:00:00,15.1,67,0.0,,280,10.8,22.0,1016.6,,0,1
2025-06-02 20:00:00,14.3,69,0.0,,260,7.2,14.0,1016.8,,0,1
2025-06-02 21:00:00,12.6,76,0.0,,178,4.0,13.0,1016.5,,0,1
2025-06-02 22:00:00,11.5,84,0.0,,110,3.6,7.0,1015.9,,0,1
2025-06-02 23:00:00,11.1,85,0.0,,140,10.8,14.0,1015.3,,0,1
2025-06-03 00:00:00,10.8,85,0.0,,150,10.8,13.0,1014.6,,0,1
2025-06-03 01:00:00,10.8,84,0.0,,150,10.8,15.0,1014.1,,0,1
2025-06-03 02:00:00,11.0,82,0.0,,150,14.4,18.0,1013.3,,0,1
2025-06-03 03:00:00,10.7,81,0.0,,160,18.0,18.5,1012.7,,8,4
2025-06-03 04:00:00,10.6,78,0.0,,180,14.4,25.0,1012.3,,8,4
2025-06-03 05:00:00,11.4,76,0.0,,180,14.4,22.0,1012.0,,0,1
2025-06-03 06:00:00,13.9,66,0.0,,190,14.4,25.9,1011.5,,8,4
2025-06-03 07:00:00,16.0,57,0.0,,180,21.6,29.0,1011.0,,8,4
2025-06-03 08:00:00,17.5,54,0.0,,190,25.2,35.0,1010.5,,7,4
2025-06-03 09:00:00,19.5,51,0.0,,200,25.2,37.0,1009.9,,8,4
2025-06-03 10:00:00,21.1,40,0.0,,210,36.0,47.0,1009.2,,6,3
2025-06-03 11:00:00,21.2,39,0.0,,210,39.6,61.0,1009.0,,7,4
2025-06-03 12:00:00,22.0,40,0.0,,210,36.0,48.2,1008.7,,8,4
2025-06-03 13:00:00,22.7,36,0.0,,220,39.6,54.0,1008.2,,6,3
2025-06-03 14:00:00,20.9,49,0.0,,260,32.4,50.0,1007.9,,8,4
2025-06-03 15:00:00,19.8,50,0.0,,240,28.8,48.2,1007.9,,8,4
2025-06-03 16:00:00,19.0,48,0.0,,250,29.5,42.0,1007.9,,8,4
2025-06-03 17:00:00,18.4,45,0.0,,240,29.5,50.0,1007.8,,8,4
2025-06-03 18:00:00,17.1,66,0.0,,240,32.4,44.5,1007.6,,8,7
2025-06-03 19:00:00,16.4,78,0.0,,240,28.8,43.0,1007.6,,8,7
2025-06-03 20:00:00,16.0,81,0.0,,230,28.8,43.0,1007.5,,8,7
2025-06-03 21:00:00,15.5,83,0.7,,220,21.6,37.0,1007.4,,8,8
2025-06-03 22:00:00,16.1,78,0.0,,210,18.0,32.0,1007.3,,8,4
2025-06-03 23:00:00,16.2,76,0.0,,220,21.6,36.0,1006.8,,8,4
2025-06-04 00:00:00,15.8,82,0.0,,240,18.0,31.5,1006.6,,8,8
2025-06-04 01:00:00,15.4,86,0.0,,260,14.4,22.0,1006.0,,8,4
2025-06-04 02:00:00,14.8,93,0.1,,240,14.4,22.0,1005.7,,8,17
2025-06-04 03:00:00,13.9,96,0.2,,290,10.8,29.6,1005.5,,8,17
2025-06-04 04:00:00,14.0,96,3.0,,250,21.6,32.0,1005.5,,8,8
2025-06-04 05:00:00,13.2,91,0.1,,230,25.2,36.0,1005.7,,8,7
2025-06-04 06:00:00,13.8,92,0.0,,220,21.6,27.8,1005.8,,8,7
2025-06-04 07:00:00,14.8,86,0.0,,250,18.0,29.0,1005.8,,8,4
2025-06-04 08:00:00,15.4,77,0.0,,250,25.2,36.0,1006.2,,6,3
2025-06-04 09:00:00,16.3,70,0.0,,250,25.2,35.2,1006.5,,0,1
2025-06-04 10:00:00,17.7,61,0.0,,250,28.8,40.0,1006.7,,8,4
2025-06-04 11:00:00,18.0,58,0.0,,260,28.8,40.0,1006.7,,8,4
2025-06-04 12:00:00,17.7,58,0.0,,250,25.2,42.6,1006.9,,5,3
2025-06-04 13:00:00,18.7,52,0.0,,240,25.2,43.0,1006.7,,6,3
2025-06-04 14:00:00,18.9,49,0.0,,250,28.8,40.0,1006.9,,2,2
2025-06-04 15:00:00,18.1,49,0.0,,260,32.4,42.6,1007.0,,8,4
2025-06-04 16:00:00,18.3,48,0.0,,250,28.8,43.0,1007.2,,8,4
2025-06-04 17:00:00,17.1,54,0.0,,250,28.8,43.0,1007.2,,1,1
2025-06-04 18:00:00,16.2,58,0.0,,250,28.8,37.0,1007.4,,7,4
2025-06-04 19:00:00,15.8,59,0.0,,240,25.2,40.0,1007.6,,8,4
2025-06-04 20:00:00,15.2,67,0.0,,240,21.6,32.0,1007.9,,7,4
2025-06-04 21:00:00,14.0,71,0.0,,220,18.0,25.9,1008.2,,6,3
2025-06-04 22:00:00,13.6,70,0.0,,230,14.4,25.0,1007.9,,0,1
2025-06-04 23:00:00,13.0,76,0.0,,200,14.4,22.0,1008.0,,0,1
2025-06-05 00:00:00,12.9,78,0.0,,190,14.4,24.1,1007.8,,7,4
2025-06-05 01:00:00,12.1,80,0.0,,190,14.8,22.0,1007.5,,0,1
2025-06-05 02:00:00,11.7,82,0.0,,180,14.4,22.0,1007.4,,8,4
2025-06-05 03:00:00,12.3,80,0.0,,180,14.4,25.9,1007.4,,8,4
2025-06-05 04:00:00,12.4,81,0.0,,180,18.0,25.0,1007.4,,8,4
2025-06-05 05:00:00,13.2,80,0.0,,190,18.0,26.0,1007.5,,8,4
2025-06-05 06:00:00,14.3,77,0.0,,180,21.6,31.5,1007.2,,7,4
2025-06-05 07:00:00,16.0,70,0.0,,210,28.8,35.0,1007.1,,8,4
2025-06-05 08:00:00,16.5,69,0.0,,200,29.5,42.0,1006.9,,8,4
2025-06-05 09:00:00,16.6,66,0.0,,190,28.8,37.0,1006.7,,8,4
2025-06-05 10:00:00,16.7,70,0.0,,190,25.2,40.0,1006.4,,8,7
2025-06-05 11:00:00,15.5,82,2.0,,200,32.4,47.0,1006.2,,8,8
2025-06-05 12:00:00,14.4,90,1.6,,240,25.2,42.6,1006.5,,8,8
2025-06-05 13:00:00,16.5,83,0.7,,220,25.2,40.0,1006.4,,8,8
2025-06-05 14:00:00,17.1,70,0.0,,230,32.4,43.0,1006.1,,6,3
2025-06-05 15:00:00,16.6,79,0.2,,210,18.0,40.8,1005.9,,8,8
2025-06-05 16:00:00,18.0,68,0.0,,210,25.2,40.0,1005.3,,6,3
2025-06-05 17:00:00,18.0,64,0.0,,210,21.6,36.0,1004.7,,8,4
2025-06-05 18:00:00,17.2,73,0.0,,190,21.6,31.5,1004.5,,8,8
2025-06-05 19:00:00,16.2,74,0.1,,190,25.2,40.0,1004.0,,8,7
2025-06-05 20:00:00,14.6,94,0.2,,180,25.2,40.0,1003.5,,8,8
2025-06-05 21:00:00,14.8,96,0.3,,180,21.6,33.3,1002.7,,8,8
2025-06-05 22:00:00,15.0,95,0.9,,190,25.2,36.0,1001.7,,8,8
2025-06-05 23:00:00,15.1,96,3.0,,210,18.0,36.0,1001.2,,8,8
2025-06-06 00:00:00,14.1,90,2.0,,240,21.6,37.0,1001.2,,8,8
2025-06-06 01:00:00,14.1,92,2.0,,240,25.2,36.0,1001.3,,8,17
2025-06-06 02:00:00,14.5,91,2.0,,240,25.2,40.0,1001.6,,8,8
2025-06-06 03:00:00,14.1,87,2.0,,250,32.4,38.9,1002.4,,8,8
2025-06-06 04:00:00,14.1,87,2.0,,250,28.8,43.0,1002.8,,7,8
2025-06-06 05:00:00,14.3,84,2.0,,250,32.4,43.0,1003.5,,7,4
2025-06-06 06:00:00,14.5,83,0.2,,240,28.8,46.3,1004.5,,8,4
2025-06-06 07:00:00,14.9,80,2.0,,240,32.4,43.0,1005.5,,6,3
2025-06-06 08:00:00,15.4,76,2.0,,250,36.0,50.0,1006.4,,7,4
2025-06-06 09:00:00,15.8,74,2.0,,240,36.0,30.0,1007.1,,7,4
2025-06-06 10:00:00,16.6,65,2.0,,250,39.6,54.0,1007.6,,3,2
2025-06-06 11:00:00,18.0,61,2.0,,240,43.2,58.0,1007.8,,5,3
2025-06-06 12:00:00,18.3,59,1.9,,240,36.0,51.8,1008.1,,6,3
2025-06-06 13:00:00,18.3,53,2.0,,240,39.6,54.0,1008.2,,7,4
2025-06-06 14:00:00,17.6,62,2.0,,240,46.8,61.0,1008.5,,8,4
2025-06-06 15:00:00,17.1,66,2.0,,240,39.6,50.0,1008.5,,8,4
2025-06-06 16:00:00,16.8,68,2.0,,240,36.0,58.0,1008.5,,8,17
2025-06-06 17:00:00,16.9,69,2.0,,250,32.4,43.0,1008.7,,8,8
2025-06-06 18:00:00,16.0,75,1.9,,260,25.2,40.8,1008.9,,8,4
2025-06-06 19:00:00,15.6,76,2.0,,250,28.8,40.0,1009.0,,8,4
2025-06-06 20:00:00,15.0,76,2.0,,250,18.0,32.0,1009.2,,8,4
2025-06-06 21:00:00,14.1,76,2.0,,230,14.4,29.6,1009.2,,8,4
2025-06-06 22:00:00,14.1,72,2.0,,240,21.6,29.0,1009.1,,8,4
2025-06-06 23:00:00,13.6,82,2.0,,220,14.4,25.0,1008.8,,8,4
2025-06-07 00:00:00,13.5,80,1.9,,220,14.4,25.9,1008.5,,8,4
2025-06-07 01:00:00,13.6,80,2.0,,220,14.4,22.0,1008.1,,8,4
2025-06-07 02:00:00,13.1,81,2.0,,200,14.4,22.0,1007.7,,8,4
2025-06-07 03:00:00,13.2,80,2.0,,200,21.6,25.9,1007.4,,8,4
2025-06-07 04:00:00,12.9,83,2.0,,180,14.4,25.0,1006.9,,8,8
2025-06-07 05:00:00,12.2,89,2.0,,180,18.0,25.0,1006.7,,8,8
2025-06-07 06:00:00,12.4,92,1.9,,210,14.4,25.9,1006.9,,8,8
2025-06-07 07:00:00,12.5,95,2.0,,240,10.8,25.0,1006.8,,8,8
2025-06-07 08:00:00,12.4,94,2.0,,250,10.8,18.0,1006.8,,8,8
2025-06-07 09:00:00,13.3,88,0.5,,230,18.0,29.6,1006.7,,8,8
2025-06-07 10:00:00,14.0,87,0.4,,210,18.0,29.0,1006.7,,8,8
2025-06-07 11:00:00,14.3,86,1.1,,210,18.0,29.0,1006.4,,8,8
2025-06-07 12:00:00,14.9,78,0.4,,240,25.2,35.2,1006.4,,8,17
2025-06-07 13:00:00,15.5,79,0.1,,250,32.4,42.0,1006.3,,8,8
2025-06-07 14:00:00,15.8,74,0.2,,240,32.4,47.0,1006.6,,8,4
2025-06-07 15:00:00,15.9,75,0.0,,250,32.4,40.8,1006.7,,8,4
2025-06-07 16:00:00,16.2,72,0.0,,260,28.8,47.0,1006.7,,4,3
2025-06-07 17:00:00,15.9,74,0.0,,250,25.2,50.0,1006.8,,6,3
2025-06-07 18:00:00,15.3,74,0.0,,240,21.6,35.2,1006.7,,8,4
2025-06-07 19:00:00,15.0,74,0.0,,240,18.0,32.0,1006.4,,8,4
2025-06-07 20:00:00,14.3,78,0.0,,190,7.2,25.0,1005.7,,8,4
2025-06-07 21:00:00,13.7,92,1.4,,180,10.8,25.9,1005.5,,8,17
2025-06-07 22:00:00,13.7,96,2.4,,140,7.2,25.0,1004.4,,8,7
2025-06-07 23:00:00,13.5,97,0.9,,150,10.8,25.0,1002.9,,8,17
2025-06-08 00:00:00,13.9,92,1.0,,200,25.2,24.1,1001.9,,8,8
2025-06-08 01:00:00,12.3,92,0.6,,280,32.4,50.0,1002.5,,8,8
2025-06-08 02:00:00,12.0,89,0.0,,280,28.8,43.0,1003.7,,8,17
2025-06-08 03:00:00,11.7,90,0.0,,280,21.6,29.6,1004.8,,8,17
2025-06-08 04:00:00,11.7,90,0.1,,260,14.4,29.0,1005.7,,8,8
2025-06-08 05:00:00,12.4,89,0.4,,280,14.4,36.0,1007.0,,8,17
2025-06-08 06:00:00,12.6,85,1.1,,290,14.4,40.8,1007.9,,8,8
2025-06-08 07:00:00,13.6,83,0.1,,290,21.6,32.0,1008.8,,7,4
2025-06-08 08:00:00,14.0,82,0.0,,290,25.2,43.0,1009.8,,7,17
2025-06-08 09:00:00,12.4,84,0.6,,290,25.2,48.2,1011.0,,8,17
2025-06-08 10:00:00,13.0,81,1.5,,290,32.4,54.0,1012.0,,8,17
2025-06-08 11:00:00,14.0,82,0.5,,280,37.1,58.0,1012.9,,6,8
2025-06-08 12:00:00,13.7,79,1.7,,278,40.0,29.0,1014.0,,8,4
2025-06-08 13:00:00,12.1,86,0.8,,273,40.0,58.0,1015.2,,8,17
2025-06-08 14:00:00,13.5,78,0.6,,281,40.0,54.0,1015.8,,8,8
2025-06-08 15:00:00,13.6,75,0.1,,290,36.0,53.7,1017.0,,8,8
2025-06-08 16:00:00,13.8,71,2.6,,290,36.0,50.0,1017.7,,1,1
2025-06-08 17:00:00,13.7,67,0.0,,280,28.8,47.0,1018.2,,2,2
2025-06-08 18:00:00,13.6,69,0.2,,280,22.3,38.9,1019.0,,8,4
2025-06-08 19:00:00,12.9,71,0.0,,270,18.0,36.0,1019.2,,2,2
2025-06-08 20:00:00,12.5,72,0.0,,240,14.4,22.0,1019.6,,5,3
2025-06-08 21:00:00,11.2,81,0.0,,210,10.8,25.9,1019.6,,2,2
2025-06-08 22:00:00,11.9,82,0.0,,190,10.8,14.0,1019.6,,8,4
2025-06-08 23:00:00,11.5,90,0.0,,240,10.8,29.0,1019.9,,8,17
2025-06-09 00:00:00,10.6,94,0.0,,200,7.2,20.4,1019.8,,8,8
2025-06-09 01:00:00,10.6,94,0.0,,220,10.8,15.0,1020.0,,8,4
2025-06-09 02:00:00,10.4,94,0.0,,220,10.8,18.0,1020.0,,6,3
2025-06-09 03:00:00,11.2,94,0.0,,220,14.4,20.4,1020.2,,8,8
2025-06-09 04:00:00,10.2,97,0.0,,190,10.8,14.0,1020.5,,1,1
2025-06-09 05:00:00,11.5,96,0.0,,210,10.8,14.0,1020.6,,5,3
2025-06-09 06:00:00,13.2,92,0.0,,210,14.4,22.2,1020.9,,0,1
2025-06-09 07:00:00,14.5,84,0.0,,230,14.4,18.0,1021.5,,0,1
2025-06-09 08:00:00,15.7,77,0.0,,240,18.0,25.0,1021.8,,7,4
2025-06-09 09:00:00,16.5,74,0.0,,240,21.6,31.5,1021.6,,7,4
2025-06-09 10:00:00,16.7,73,0.0,,250,21.6,32.0,1022.0,,7,4
2025-06-09 11:00:00,17.3,71,0.0,,250,25.2,36.0,1022.0,,8,4
2025-06-09 12:00:00,17.2,71,0.0,,260,25.2,35.2,1022.0,,7,4
2025-06-09 13:00:00,17.6,66,0.0,,270,28.8,39.0,1022.0,,8,4
2025-06-09 14:00:00,17.9,67,0.0,,260,25.2,40.0,1022.0,,3,2
2025-06-09 15:00:00,17.9,58,0.0,,270,25.9,35.2,1021.9,,3,2
2025-06-09 16:00:00,17.5,61,0.0,,260,21.6,32.0,1021.5,,8,4
2025-06-09 17:00:00,17.6,60,0.0,,250,21.6,29.0,1021.0,,8,4
2025-06-09 18:00:00,16.8,60,0.0,,250,21.6,31.5,1020.8,,8,4
2025-06-09 19:00:00,16.2,66,0.0,,230,14.8,26.0,1020.4,,8,4
2025-06-09 20:00:00,15.3,71,0.0,,210,14.4,25.0,1019.9,,8,4
2025-06-09 21:00:00,14.8,71,0.0,,210,14.4,24.1,1019.5,,8,4
2025-06-09 22:00:00,14.9,67,0.4,,210,18.4,26.0,1019.1,,8,4
2025-06-09 23:00:00,14.5,70,0.4,,210,14.4,22.0,1018.6,,8,4
2025-06-10 00:00:00,14.4,74,0.0,,200,18.0,25.9,1017.4,,8,4
2025-06-10 01:00:00,14.6,72,0.0,,210,21.6,30.0,1016.8,,8,4
2025-06-10 02:00:00,14.1,72,0.0,,220,25.2,32.0,1015.8,,8,4
2025-06-10 03:00:00,13.7,77,0.0,,220,21.6,33.3,1014.9,,8,4
2025-06-10 04:00:00,13.7,80,0.0,,210,25.2,36.0,1014.3,,8,4
2025-06-10 05:00:00,14.0,83,0.0,,210,22.3,35.0,1014.0,,8,4
2025-06-10 06:00:00,14.9,82,0.0,,230,25.2,23.0,1013.6,,8,4
2025-06-10 07:00:00,14.2,90,0.4,,240,25.2,47.0,1013.6,,8,8
2025-06-10 08:00:00,14.2,92,0.4,,240,32.4,43.0,1013.4,,8,8
2025-06-10 09:00:00,14.8,90,0.6,,240,32.4,29.0,1013.5,,8,8
2025-06-10 10:00:00,15.3,86,2.0,,250,32.4,54.0,1013.6,,8,4
2025-06-10 11:00:00,16.1,82,2.0,,240,35.3,50.0,1013.7,,8,4
2025-06-10 12:00:00,16.9,81,0.1,,250,39.6,30.0,1013.7,,8,4
2025-06-10 13:00:00,18.0,78,0.0,,260,39.6,58.0,1014.1,,8,4
2025-06-10 14:00:00,16.6,70,0.0,,290,36.0,61.0,1015.1,,8,8
2025-06-10 15:00:00,16.1,76,0.0,,300,36.0,25.0,1015.8,,6,3
2025-06-10 16:00:00,16.3,73,0.0,,310,32.4,47.0,1016.5,,4,3
2025-06-10 17:00:00,16.0,73,0.0,,310,28.8,43.0,1017.4,,4,3
2025-06-10 18:00:00,14.8,76,0.0,,310,21.6,38.9,1018.2,,5,3
2025-06-10 19:00:00,14.0,77,0.0,,310,18.0,32.0,1018.6,,4,3
2025-06-10 20:00:00,12.9,82,0.0,,300,10.8,29.0,1019.5,,4,3
2025-06-10 21:00:00,12.2,83,0.0,,300,10.8,20.4,1020.1,,6,3
2025-06-10 22:00:00,11.1,87,0.0,,310,7.2,14.0,1020.4,,6,3
2025-06-10 23:00:00,10.4,90,0.0,,280,7.2,7.0,1020.8,,6,3
2025-06-11 00:00:00,10.3,91,0.0,,270,7.2,11.1,1021.3,,4,3
2025-06-11 01:00:00,9.4,95,0.0,,310,3.6,7.0,1021.3,,4,3
2025-06-11 02:00:00,9.4,95,0.0,,310,3.6,7.0,1021.5,,4,3
2025-06-11 03:00:00,8.3,99,0.0,,330,3.6,7.4,1021.8,,2,2
2025-06-11 04:00:00,8.3,99,0.0,,60,3.6,4.0,1021.9,,1,1
2025-06-11 05:00:00,9.3,96,0.0,,190,3.6,7.0,1022.3,,6,3
2025-06-11 06:00:00,13.4,83,0.0,,110,3.6,9.3,1022.7,,4,3
2025-06-11 07:00:00,14.2,72,0.0,,340,3.6,11.0,1023.2,,7,4
2025-06-11 08:00:00,15.0,66,0.0,,20,3.6,11.0,1023.4,,8,4
2025-06-11 09:00:00,15.6,63,0.0,,20,3.6,13.0,1023.7,,7,4
2025-06-11 10:00:00,16.9,60,0.0,,260,3.6,11.0,1023.4,,8,4
2025-06-11 11:00:00,16.9,58,0.0,,50,7.6,15.0,1023.2,,8,4
2025-06-11 12:00:00,18.2,54,0.0,,100,10.8,18.5,1023.1,,1,1
2025-06-11 13:00:00,18.5,56,0.0,,70,3.6,26.0,1022.8,,0,1
2025-06-11 14:00:00,19.0,55,0.0,,60,14.4,22.0,1022.4,,0,1
2025-06-11 15:00:00,19.2,56,0.0,,80,14.4,24.1,1022.0,,0,1
2025-06-11 16:00:00,19.1,60,0.0,,60,18.0,29.0,1021.5,,0,1
2025-06-11 17:00:00,18.9,62,0.0,,70,21.6,29.0,1021.2,,0,1
2025-06-11 18:00:00,18.4,64,0.0,,60,18.0,25.9,1020.9,,0,1
2025-06-11 19:00:00,17.5,68,0.0,,60,18.0,29.0,1020.8,,0,1
2025-06-11 20:00:00,16.5,73,0.0,,70,14.4,25.0,1021.1,,1,1
2025-06-11 21:00:00,15.3,81,0.0,,71,7.0,24.1,1021.2,,1,1
2025-06-11 22:00:00,14.7,81,0.0,,77,11.0,14.0,1021.0,,0,1
2025-06-11 23:00:00,14.9,75,0.0,,74,18.0,25.0,1020.9,,0,1
2025-06-12 00:00:00,13.9,81,0.0,,77,18.0,25.9,1020.6,,1,1
2025-06-12 01:00:00,13.3,82,0.0,,80,18.0,26.0,1020.2,,0,1
2025-06-12 02:00:00,13.1,83,0.0,,78,18.0,29.0,1019.9,,0,1
2025-06-12 03:00:00,12.7,85,0.0,,80,21.6,29.6,1019.4,,0,1
2025-06-12 04:00:00,12.8,84,0.0,,80,18.0,29.0,1019.5,,0,1
2025-06-12 05:00:00,13.9,76,0.0,,100,18.0,29.0,1019.5,,0,1
2025-06-12 06:00:00,14.9,73,0.0,,100,21.6,31.5,1019.2,,0,1
2025-06-12 07:00:00,16.7,68,0.0,,90,21.6,32.0,1018.8,,0,1
2025-06-12 08:00:00,18.9,60,0.0,,90,21.6,32.0,1018.2,,0,1
2025-06-12 09:00:00,20.6,57,0.0,,80,21.6,35.2,1017.5,,0,1
2025-06-12 10:00:00,21.9,52,0.0,,90,21.6,32.0,1017.3,,0,1
2025-06-12 11:00:00,24.1,45,0.0,,90,28.8,40.0,1016.4,,0,1
2025-06-12 12:00:00,25.3,39,0.0,,100,28.8,26.0,1015.9,,0,1
2025-06-12 13:00:00,26.5,34,0.0,,120,28.8,50.0,1015.7,,0,1
2025-06-12 14:00:00,26.9,35,0.0,,120,25.2,43.0,1015.4,,3,2
2025-06-12 15:00:00,27.0,36,0.0,,120,25.2,37.0,1015.1,,6,3
2025-06-12 16:00:00,27.0,40,0.0,,130,25.2,40.0,1014.9,,8,4
2025-06-12 17:00:00,26.9,41,0.0,,120,25.2,40.0,1014.4,,8,4
2025-06-12 18:00:00,26.6,41,0.0,,120,21.6,31.5,1014.7,,6,3
2025-06-12 19:00:00,25.7,43,0.0,,120,18.0,29.0,1015.2,,1,1
2025-06-12 20:00:00,24.0,51,0.0,,100,18.0,25.0,1015.7,,0,1
2025-06-12 21:00:00,22.9,53,0.0,,100,18.0,24.1,1016.1,,0,1
2025-06-12 22:00:00,21.8,56,0.0,,110,14.4,25.0,1016.4,,0,1
2025-06-12 23:00:00,20.8,59,0.0,,110,10.8,22.0,1016.5,,2,2
2025-06-13 00:00:00,20.0,63,0.0,,120,7.2,20.4,1016.8,,0,1
2025-06-13 01:00:00,19.0,66,0.0,,110,3.6,7.0,1017.0,,7,4
2025-06-13 02:00:00,18.8,68,0.0,,120,7.2,7.0,1017.2,,4,3
2025-06-13 03:00:00,17.8,73,0.0,,90,7.2,13.0,1017.3,,0,1
2025-06-13 04:00:00,16.9,78,0.0,,80,3.6,7.0,1017.9,,0,1
2025-06-13 05:00:00,19.7,69,0.0,,80,3.6,4.0,1018.4,,0,1
2025-06-13 06:00:00,21.2,64,0.0,,180,3.6,9.3,1019.1,,6,3
2025-06-13 07:00:00,23.5,57,0.0,,230,3.6,7.0,1019.3,,5,3
2025-06-13 08:00:00,24.8,53,0.0,,10,7.2,14.0,1019.5,,7,4
2025-06-13 09:00:00,26.6,48,0.0,,60,7.2,14.8,1019.6,,8,4
2025-06-13 10:00:00,28.0,46,0.0,,50,7.2,14.0,1019.9,,8,4
2025-06-13 11:00:00,28.2,49,0.0,,80,14.4,18.0,1019.8,,8,4
2025-06-13 12:00:00,29.0,47,0.0,,40,10.8,20.4,1019.4,,2,2
2025-06-13 13:00:00,30.1,49,0.0,,60,14.4,18.0,1019.2,,6,3
2025-06-13 14:00:00,30.2,48,0.0,,60,10.8,18.0,1018.9,,6,3
2025-06-13 15:00:00,31.0,48,0.0,,60,14.4,22.2,1018.6,,8,4
2025-06-13 16:00:00,31.2,47,0.0,,60,14.4,22.0,1018.2,,0,1
2025-06-13 17:00:00,30.9,48,0.0,,60,14.4,18.0,1017.7,,0,1
2025-06-13 18:00:00,30.0,51,0.0,,60,10.8,27.8,1017.4,,0,1
2025-06-13 19:00:00,29.1,50,0.0,,70,14.4,22.0,1017.0,,5,3
2025-06-13 20:00:00,28.1,50,0.0,,90,14.4,22.0,1017.2,,8,4
2025-06-13 21:00:00,26.9,53,0.0,,80,14.4,27.8,1017.2,,8,4
2025-06-13 22:00:00,25.9,54,0.0,,90,18.0,25.0,1016.7,,8,4
2025-06-13 23:00:00,24.9,54,0.0,,90,18.0,29.0,1016.1,,8,4
2025-06-14 00:00:00,24.0,57,0.0,,90,18.0,31.5,1015.6,,8,4
2025-06-14 01:00:00,23.2,60,0.0,,100,21.6,26.0,1014.7,,8,4
2025-06-14 02:00:00,21.7,77,1.0,,220,28.8,43.0,1016.9,,8,17
2025-06-14 03:00:00,19.3,88,3.0,,340,14.4,25.9,1015.4,,8,8
2025-06-14 04:00:00,18.9,93,0.0,,150,7.2,14.0,1015.2,,8,4
2025-06-14 05:00:00,19.4,91,0.0,,70,7.2,14.0,1014.7,,8,4
2025-06-14 06:00:00,20.8,86,0.0,,90,7.2,22.2,1014.7,,8,4
2025-06-14 07:00:00,22.7,80,0.0,,160,10.8,14.0,1015.4,,8,4
2025-06-14 08:00:00,25.2,67,0.0,,170,14.4,22.0,1015.5,,8,4
2025-06-14 09:00:00,26.6,59,0.0,,190,18.0,29.6,1015.6,,8,4
2025-06-14 10:00:00,26.8,60,0.0,,200,18.0,32.0,1015.8,,8,4
2025-06-14 11:00:00,26.6,55,0.0,,210,18.0,36.0,1016.2,,8,4
2025-06-14 12:00:00,25.6,64,0.0,,260,14.4,35.2,1016.8,,8,4
2025-06-14 13:00:00,24.3,70,0.0,,260,18.0,25.0,1017.0,,8,7
2025-06-14 14:00:00,23.3,69,0.0,,260,25.2,32.0,1017.7,,8,7
2025-06-14 15:00:00,22.7,69,0.0,,250,25.2,37.0,1017.8,,8,4
2025-06-14 16:00:00,23.8,62,0.0,,260,25.2,32.0,1017.7,,7,4
2025-06-14 17:00:00,20.7,71,0.0,,270,18.0,36.0,1017.9,,8,4
2025-06-14 18:00:00,20.7,59,0.0,,240,21.6,31.5,1018.3,,8,4
2025-06-14 19:00:00,20.1,54,0.0,,260,25.2,40.0,1018.7,,6,3
2025-06-14 20:00:00,18.9,60,0.0,,250,18.0,40.0,1019.4,,8,4
2025-06-14 21:00:00,18.4,58,0.0,,230,18.0,27.8,1020.0,,8,4
2025-06-14 22:00:00,18.4,55,0.0,,240,21.6,32.0,1019.9,,8,4
2025-06-14 23:00:00,17.7,62,0.0,,240,7.2,29.0,1019.4,,8,4
2025-06-15 00:00:00,17.5,64,0.0,,240,14.4,25.9,1018.8,,8,4
2025-06-15 01:00:00,17.0,68,0.0,,250,14.4,25.0,1018.6,,5,3
2025-06-15 02:00:00,16.3,74,0.0,,230,14.4,22.0,1018.8,,8,4
2025-06-15 03:00:00,16.6,73,0.0,,250,18.0,25.9,1019.0,,8,4
2025-06-15 04:00:00,16.2,75,0.0,,240,18.0,25.0,1019.2,,8,4
2025-06-15 05:00:00,16.3,77,0.0,,250,21.6,25.0,1019.5,,8,4
2025-06-15 06:00:00,16.7,78,0.0,,240,21.6,25.9,1019.9,,6,3
2025-06-15 07:00:00,17.9,74,0.0,,260,18.0,29.0,1020.1,,4,3
2025-06-15 08:00:00,18.8,70,0.0,,270,18.0,29.0,1020.3,,7,4
2025-06-15 09:00:00,19.7,66,0.0,,270,18.0,31.5,1020.6,,3,2
2025-06-15 10:00:00,21.0,59,0.0,,260,25.2,32.0,1020.8,,1,1
2025-06-15 11:00:00,20.0,62,0.0,,270,28.8,40.0,1021.2,,8,4
2025-06-15 12:00:00,20.9,58,0.0,,260,25.2,35.2,1021.5,,8,4
2025-06-15 13:00:00,20.4,58,0.0,,280,25.9,35.0,1021.6,,2,2
2025-06-15 14:00:00,20.2,61,0.0,,270,21.6,32.0,1021.9,,8,4
2025-06-15 15:00:00,19.2,64,0.0,,280,21.6,35.2,1022.1,,5,3
2025-06-15 16:00:00,19.1,63,0.0,,280,21.6,29.0,1022.2,,3,2
2025-06-15 17:00:00,18.8,66,0.0,,280,18.0,32.0,1022.5,,2,2
2025-06-15 18:00:00,18.8,66,0.0,,280,14.4,27.8,1023.0,,3,2
2025-06-15 19:00:00,17.8,70,0.0,,280,14.4,22.0,1023.3,,0,1
2025-06-15 20:00:00,17.2,74,0.0,,260,10.8,18.0,1024.2,,0,1
2025-06-15 21:00:00,17.0,77,0.0,,250,10.8,18.5,1024.7,,8,4
2025-06-15 22:00:00,17.0,77,0.0,,230,7.2,14.0,1024.7,,8,4
2025-06-15 23:00:00,16.8,79,0.0,,240,10.8,18.0,1024.7,,8,4
2025-06-16 00:00:00,16.6,78,0.0,,260,10.8,13.0,1024.8,,8,4
2025-06-16 01:00:00,15.2,84,0.0,,270,7.2,15.0,1024.9,,1,1
2025-06-16 02:00:00,14.8,86,0.0,,250,3.6,7.0,1024.9,,0,1
2025-06-16 03:00:00,14.7,90,0.0,,210,7.2,13.0,1025.0,,0,1
2025-06-16 04:00:00,14.7,92,0.0,,200,7.2,11.0,1025.2,,0,1
2025-06-16 05:00:00,16.6,89,0.0,,250,10.8,18.0,1025.7,,1,1
2025-06-16 06:00:00,17.8,82,0.0,,270,7.2,16.7,1025.9,,0,1
2025-06-16 07:00:00,18.9,72,0.0,,310,7.2,14.0,1026.5,,0,1
2025-06-16 08:00:00,19.8,68,0.0,,320,10.8,18.0,1027.0,,3,2
2025-06-16 09:00:00,20.2,64,0.0,,300,10.8,24.1,1027.0,,8,4
2025-06-16 10:00:00,21.1,57,0.0,,300,14.4,25.0,1027.3,,0,1
2025-06-16 11:00:00,21.5,57,0.0,,290,18.0,25.0,1027.5,,1,1
2025-06-16 12:00:00,21.0,56,0.0,,300,18.0,29.6,1027.7,,2,2
2025-06-16 13:00:00,20.7,57,0.0,,310,18.0,31.0,1027.8,,4,3
2025-06-16 14:00:00,21.0,56,0.0,,290,18.0,29.0,1027.9,,1,1
2025-06-16 15:00:00,20.2,59,0.0,,310,18.0,29.6,1027.7,,1,1
2025-06-16 16:00:00,19.9,57,0.0,,320,18.0,25.0,1027.6,,2,2
2025-06-16 17:00:00,19.6,59,0.0,,300,18.0,25.0,1027.6,,0,1
2025-06-16 18:00:00,18.8,61,0.0,,300,10.8,22.2,1027.7,,2,2
2025-06-16 19:00:00,18.3,64,0.0,,290,10.8,14.0,1027.4,,0,1
2025-06-16 20:00:00,17.2,71,0.0,,300,10.8,14.0,1027.7,,0,1
2025-06-16 21:00:00,15.8,77,0.0,,312,7.0,11.1,1027.8,,3,2
2025-06-16 22:00:00,15.3,81,0.0,,300,3.6,7.0,1027.9,,8,4
2025-06-16 23:00:00,14.9,83,0.0,,310,3.6,7.0,1027.9,,3,2
2025-06-17 00:00:00,13.2,88,0.0,,140,3.6,7.4,1027.2,,0,1
2025-06-17 01:00:00,12.8,92,0.0,,140,3.6,8.0,1026.9,,0,1
2025-06-17 02:00:00,12.8,91,0.0,,150,3.6,7.0,1026.7,,3,2
2025-06-17 03:00:00,12.9,94,0.0,,130,3.6,9.3,1026.3,,2,2
2025-06-17 04:00:00,13.1,91,0.0,,160,7.2,11.0,1026.4,,1,1
2025-06-17 05:00:00,14.9,86,0.0,,170,7.2,11.0,1026.2,,4,3
2025-06-17 06:00:00,16.8,74,0.0,,190,10.8,14.8,1026.3,,0,1
2025-06-17 07:00:00,18.6,70,0.0,,220,14.4,18.0,1026.6,,0,1
2025-06-17 08:00:00,20.2,66,0.0,,210,10.8,25.0,1026.4,,3,1
2025-06-17 09:00:00,22.2,54,0.0,,240,14.4,24.1,1026.4,,0,1
2025-06-17 10:00:00,23.3,50,0.0,,260,18.0,32.0,1026.2,,0,1
2025-06-17 11:00:00,24.5,40,0.0,,250,21.6,36.0,1026.0,,5,3
2025-06-17 12:00:00,24.7,40,0.0,,260,21.6,29.6,1025.4,,8,4
2025-06-17 13:00:00,23.9,42,0.0,,250,25.2,39.0,1025.3,,8,4
2025-06-17 14:00:00,23.9,41,0.0,,270,28.8,40.0,1025.4,,8,4
2025-06-17 15:00:00,22.4,49,0.0,,270,21.6,29.6,1025.1,,8,4
2025-06-17 16:00:00,22.7,54,0.0,,270,14.4,25.0,1024.5,,8,4
2025-06-17 17:00:00,22.6,54,0.0,,290,18.0,25.0,1024.1,,8,4
2025-06-17 18:00:00,21.9,51,0.0,,270,10.8,22.2,1023.9,,8,4
2025-06-17 19:00:00,21.8,50,0.0,,270,7.2,14.0,1023.6,,8,4
2025-06-17 20:00:00,20.4,58,0.0,,280,10.8,14.0,1023.8,,4,3
2025-06-17 21:00:00,18.2,69,0.0,,310,7.2,14.8,1023.9,,4,3
2025-06-17 22:00:00,16.9,75,0.0,,230,7.2,11.0,1023.7,,4,3
2025-06-17 23:00:00,17.3,70,0.0,,260,7.2,14.0,1023.7,,8,4
2025-06-18 00:00:00,16.1,78,0.0,,320,3.6,11.1,1023.5,,8,4
2025-06-18 01:00:00,15.4,81,0.0,,210,7.2,8.0,1023.0,,7,4
2025-06-18 02:00:00,15.4,83,0.0,,200,7.2,7.0,1022.8,,8,4
2025-06-18 03:00:00,14.1,87,0.0,,150,7.2,11.1,1022.8,,8,4
2025-06-18 04:00:00,14.7,87,0.0,,160,7.2,11.0,1022.7,,8,4
2025-06-18 05:00:00,16.8,82,0.0,,180,10.8,11.0,1022.8,,8,4
2025-06-18 06:00:00,19.0,76,0.0,,230,10.8,14.8,1022.8,,8,4
2025-06-18 07:00:00,20.3,74,0.0,,250,10.8,22.0,1023.1,,2,2
2025-06-18 08:00:00,21.6,68,0.0,,280,10.8,18.0,1023.4,,8,4
2025-06-18 09:00:00,22.4,63,0.0,,290,10.8,22.2,1023.6,,8,4
2025-06-18 10:00:00,23.5,56,0.0,,290,10.8,22.0,1023.6,,6,3
2025-06-18 11:00:00,23.8,52,0.0,,320,18.0,32.0,1023.9,,0,1
2025-06-18 12:00:00,23.3,53,0.0,,310,21.6,27.8,1024.2,,4,3
2025-06-18 13:00:00,23.2,57,0.0,,310,14.4,29.0,1024.5,,7,4
2025-06-18 14:00:00,23.4,51,0.0,,310,18.0,29.0,1024.4,,8,4
2025-06-18 15:00:00,23.2,54,0.0,,320,18.0,31.5,1024.3,,8,4
2025-06-18 16:00:00,22.8,55,0.0,,320,21.6,29.0,1024.2,,5,3
2025-06-18 17:00:00,21.3,59,0.0,,310,21.6,32.0,1024.5,,1,1
2025-06-18 18:00:00,20.9,62,0.0,,350,14.4,25.9,1024.4,,0,1
2025-06-18 19:00:00,20.2,64,0.0,,340,10.8,22.0,1024.5,,0,1
2025-06-18 20:00:00,19.1,68,0.0,,340,10.8,18.0,1025.0,,0,1
2025-06-18 21:00:00,18.0,70,0.0,,30,7.2,16.7,1025.2,,0,1
2025-06-18 22:00:00,17.5,72,0.0,,360,7.2,7.0,1025.3,,0,1
2025-06-18 23:00:00,16.2,80,0.0,,330,7.2,7.0,1025.8,,0,1
2025-06-19 00:00:00,15.9,82,0.0,,350,3.6,11.1,1025.8,,0,1
2025-06-19 01:00:00,15.2,87,0.0,,330,3.6,8.0,1025.9,,0,1
2025-06-19 02:00:00,14.1,89,0.0,,10,3.6,7.0,1026.0,,0,1
2025-06-19 03:00:00,13.9,91,0.0,,360,3.6,7.4,1026.2,,0,1
2025-06-19 04:00:00,13.7,90,0.0,,360,3.6,7.0,1026.3,,0,1
2025-06-19 05:00:00,16.3,81,0.0,,50,3.6,7.0,1026.4,,1,1
2025-06-19 06:00:00,17.9,72,0.0,,60,7.2,13.0,1026.8,,8,4
2025-06-19 07:00:00,19.1,61,0.0,,20,7.2,14.0,1027.3,,8,4
2025-06-19 08:00:00,19.6,58,0.0,,70,3.6,14.0,1027.2,,8,4
2025-06-19 09:00:00,19.8,59,0.0,,80,7.2,18.5,1027.4,,8,4
2025-06-19 10:00:00,20.3,60,0.0,,80,10.8,18.0,1027.6,,8,4
2025-06-19 11:00:00,21.3,57,0.0,,60,14.4,22.0,1027.5,,6,3
2025-06-19 12:00:00,21.2,55,0.0,,50,10.8,22.2,1027.6,,8,4
2025-06-19 13:00:00,21.9,51,0.0,,70,11.2,22.0,1027.5,,8,4
2025-06-19 14:00:00,22.4,53,0.0,,20,10.8,18.0,1027.4,,6,3
2025-06-19 15:00:00,22.4,51,0.0,,50,10.8,24.1,1027.1,,0,1
2025-06-19 16:00:00,22.7,50,0.0,,70,14.4,22.0,1026.9,,0,1
2025-06-19 17:00:00,22.5,50,0.0,,60,14.4,25.0,1026.6,,0,1
2025-06-19 18:00:00,21.7,53,0.0,,80,14.4,24.1,1026.4,,0,1
2025-06-19 19:00:00,20.9,54,0.0,,70,10.8,22.0,1026.4,,0,1
2025-06-19 20:00:00,19.4,62,0.0,,50,10.8,18.0,1026.6,,0,1
2025-06-19 21:00:00,18.2,69,0.0,,10,7.2,22.2,1026.9,,0,1
2025-06-19 22:00:00,17.8,70,0.0,,40,10.8,18.0,1026.8,,0,1
2025-06-19 23:00:00,17.3,65,0.0,,70,14.4,22.0,1027.1,,0,1
2025-06-20 00:00:00,16.5,64,0.0,,80,14.4,16.7,1027.3,,0,1
2025-06-20 01:00:00,15.3,66,0.0,,70,10.8,18.0,1027.4,,0,1
2025-06-20 02:00:00,14.9,66,0.0,,90,7.2,14.0,1027.4,,0,1
2025-06-20 03:00:00,14.5,68,0.0,,90,10.8,18.5,1027.0,,0,1
2025-06-20 04:00:00,14.1,72,0.0,,80,10.8,14.0,1027.0,,0,1
2025-06-20 05:00:00,15.6,65,0.0,,100,10.8,18.0,1027.1,,0,1
2025-06-20 06:00:00,16.8,61,0.0,,110,14.4,20.4,1027.4,,3,2
2025-06-20 07:00:00,18.2,55,0.0,,110,14.4,22.0,1027.5,,0,1
2025-06-20 08:00:00,19.3,51,0.0,,110,14.4,22.0,1027.5,,8,4
2025-06-20 09:00:00,20.8,48,0.0,,130,11.2,22.2,1027.4,,0,1
2025-06-20 10:00:00,22.4,44,0.0,,70,7.2,18.0,1027.0,,8,4
2025-06-20 11:00:00,23.0,44,0.0,,140,7.2,18.0,1026.7,,8,4
2025-06-20 12:00:00,24.0,42,0.0,,60,10.8,22.2,1026.4,,8,4
2025-06-20 13:00:00,24.3,39,0.0,,40,10.8,26.0,1026.2,,4,3
2025-06-20 14:00:00,23.9,43,0.0,,90,14.4,25.0,1025.7,,8,4
2025-06-20 15:00:00,24.8,41,0.0,,70,14.4,24.1,1025.3,,8,4
2025-06-20 16:00:00,24.8,41,0.0,,60,18.0,25.0,1024.8,,7,4
2025-06-20 17:00:00,23.1,47,0.0,,60,14.4,29.0,1024.3,,8,4
2025-06-20 18:00:00,23.2,47,0.0,,60,18.0,22.2,1023.8,,8,4
2025-06-20 19:00:00,22.2,54,0.0,,60,14.4,22.0,1023.7,,8,4
2025-06-20 20:00:00,21.1,61,0.0,,60,10.8,18.0,1023.8,,8,4
2025-06-20 21:00:00,19.3,68,0.0,,70,7.2,16.7,1024.1,,8,4
2025-06-20 22:00:00,19.6,59,0.0,,90,7.2,11.0,1024.2,,8,4
2025-06-20 23:00:00,18.3,63,0.0,,90,10.8,14.0,1024.0,,8,4
2025-06-21 00:00:00,17.5,67,0.0,,80,10.8,14.8,1023.5,,8,4
2025-06-21 01:00:00,17.5,69,0.0,,100,10.8,15.0,1023.2,,7,4
2025-06-21 02:00:00,16.1,73,0.0,,80,7.2,14.0,1022.5,,8,4
2025-06-21 03:00:00,15.7,75,0.0,,80,3.6,13.0,1022.3,,6,3
2025-06-21 04:00:00,15.6,74,0.0,,100,10.8,14.0,1022.1,,6,3
2025-06-21 05:00:00,17.6,67,0.0,,60,7.2,14.0,1022.4,,8,4
2025-06-21 06:00:00,19.9,58,0.0,,100,10.8,14.8,1022.1,,0,1
2025-06-21 07:00:00,20.7,55,0.0,,120,14.4,18.0,1022.1,,0,1
2025-06-21 08:00:00,22.6,50,0.0,,140,10.8,22.0,1021.9,,0,1
2025-06-21 09:00:00,25.0,42,0.0,,140,14.4,20.4,1021.6,,0,1
2025-06-21 10:00:00,26.6,37,0.0,,140,14.4,22.0,1021.4,,0,1
2025-06-21 11:00:00,27.9,33,0.0,,130,14.4,25.0,1020.9,,0,1
2025-06-21 12:00:00,29.2,31,0.0,,150,14.4,25.9,1020.4,,0,1
2025-06-21 13:00:00,29.6,28,0.0,,130,14.4,29.0,1019.7,,2,2
2025-06-21 14:00:00,30.1,25,0.0,,130,18.0,25.0,1019.3,,5,3
2025-06-21 15:00:00,30.4,23,0.0,,160,14.4,24.1,1018.8,,0,1
2025-06-21 16:00:00,30.5,24,0.0,,180,14.4,25.0,1018.5,,4,3
2025-06-21 17:00:00,29.9,22,0.0,,150,10.8,22.0,1018.2,,8,4
2025-06-21 18:00:00,29.7,24,0.0,,150,7.2,20.4,1018.0,,4,3
2025-06-21 19:00:00,28.6,30,0.0,,110,7.2,11.0,1017.8,,8,4
2025-06-21 20:00:00,25.1,45,0.0,,70,3.6,11.0,1017.8,,0,1
2025-06-21 21:00:00,22.2,57,0.0,,82,7.0,16.7,1017.4,,7,4
2025-06-21 22:00:00,22.8,50,0.0,,110,10.8,14.0,1016.8,,8,4
2025-06-21 23:00:00,21.7,50,0.0,,110,10.8,14.0,1016.6,,7,4
2025-06-22 00:00:00,22.3,46,0.0,,130,10.8,16.7,1016.2,,0,1
2025-06-22 01:00:00,21.4,50,0.0,,140,11.2,18.0,1015.8,,2,2
2025-06-22 02:00:00,21.0,53,0.0,,140,14.4,18.0,1015.0,,2,2
2025-06-22 03:00:00,20.1,59,0.0,,160,10.8,20.4,1014.4,,0,1
2025-06-22 04:00:00,19.9,64,0.0,,160,10.8,18.0,1014.0,,0,1
2025-06-22 05:00:00,21.3,62,0.0,,160,10.8,18.0,1013.4,,0,1
2025-06-22 06:00:00,23.7,54,0.0,,170,14.4,24.1,1013.0,,1,1
2025-06-22 07:00:00,25.5,51,0.0,,180,18.0,29.0,1013.0,,8,4
2025-06-22 08:00:00,26.7,50,0.0,,210,21.6,29.0,1013.0,,8,4
2025-06-22 09:00:00,24.4,59,0.0,,260,39.6,33.3,1014.4,,8,4
2025-06-22 10:00:00,23.2,64,0.0,,280,7.2,40.0,1013.6,,8,4
2025-06-22 11:00:00,22.7,72,0.0,,160,10.8,18.0,1012.8,,8,7
2025-06-22 12:00:00,23.1,64,0.0,,230,18.0,38.9,1013.6,,8,7
2025-06-22 13:00:00,24.5,57,0.0,,270,25.2,39.0,1014.0,,6,3
2025-06-22 14:00:00,25.3,43,0.0,,240,25.2,36.0,1013.6,,8,4
2025-06-22 15:00:00,24.3,49,0.0,,260,28.8,40.8,1013.0,,8,4
2025-06-22 16:00:00,23.6,51,0.0,,250,32.4,47.0,1012.5,,8,4
2025-06-22 17:00:00,21.7,59,0.0,,250,36.0,50.0,1012.4,,8,4
2025-06-22 18:00:00,21.3,61,0.0,,240,32.4,28.0,1012.2,,8,4
2025-06-22 19:00:00,20.7,61,0.0,,240,32.4,50.0,1011.9,,8,4
2025-06-22 20:00:00,20.0,65,0.0,,240,32.4,54.0,1011.8,,8,4
2025-06-22 21:00:00,19.2,69,0.0,,240,36.0,42.6,1011.7,,3,2
2025-06-22 22:00:00,19.6,64,0.0,,230,32.4,54.0,1011.0,,8,4
2025-06-22 23:00:00,19.5,64,0.0,,230,36.0,47.0,1010.9,,7,4
2025-06-23 00:00:00,19.5,67,0.0,,240,32.4,30.0,1010.4,,8,4
2025-06-23 01:00:00,18.8,73,0.0,,240,32.4,54.0,1009.7,,8,4
2025-06-23 02:00:00,18.4,72,0.0,,240,32.4,50.0,1009.2,,8,4
2025-06-23 03:00:00,18.1,74,0.0,,230,32.4,42.6,1008.6,,8,4
2025-06-23 04:00:00,18.0,76,0.0,,230,36.0,47.0,1008.3,,8,17
2025-06-23 05:00:00,17.1,88,0.2,,230,28.8,50.0,1008.1,,8,8
2025-06-23 06:00:00,18.2,81,0.0,,250,32.4,30.0,1007.8,,8,4
2025-06-23 07:00:00,18.6,78,0.0,,240,39.6,58.0,1007.9,,8,4
2025-06-23 08:00:00,19.4,71,0.0,,250,43.2,68.0,1007.9,,7,4
2025-06-23 09:00:00,18.5,57,0.0,,290,28.8,31.0,1009.4,,8,8
2025-06-23 10:00:00,18.4,62,0.0,,280,36.0,58.0,1010.3,,8,4
2025-06-23 11:00:00,18.8,56,0.0,,300,36.0,50.0,1011.2,,2,2
2025-06-23 12:00:00,19.3,50,0.0,,270,36.0,53.7,1012.1,,3,2
2025-06-23 13:00:00,19.2,47,0.0,,280,39.6,57.0,1012.7,,4,3
2025-06-23 14:00:00,19.8,48,0.0,,280,32.4,54.0,1013.1,,4,3
2025-06-23 15:00:00,20.1,45,0.0,,270,35.3,48.2,1013.3,,4,3
2025-06-23 16:00:00,20.0,46,0.0,,270,31.7,50.0,1013.4,,5,3
2025-06-23 17:00:00,19.7,44,0.0,,250,31.7,46.0,1013.4,,7,4
2025-06-23 18:00:00,19.1,49,0.0,,250,28.8,44.5,1013.7,,4,3
2025-06-23 19:00:00,18.7,53,0.0,,250,25.9,39.0,1013.6,,8,4
2025-06-23 20:00:00,18.4,57,0.0,,240,22.3,35.0,1013.7,,8,4
2025-06-23 21:00:00,18.3,62,0.0,,250,18.4,29.6,1013.7,,8,4
2025-06-23 22:00:00,17.9,70,0.0,,240,22.3,31.0,1013.3,,8,4
2025-06-23 23:00:00,17.3,78,0.0,,240,22.3,35.0,1013.3,,8,4
2025-06-24 00:00:00,16.5,81,0.0,,230,21.6,25.9,1012.9,,0,1
2025-06-24 01:00:00,15.9,85,0.0,,230,18.0,32.0,1012.7,,1,1
2025-06-24 02:00:00,15.8,85,0.0,,220,18.0,25.0,1012.2,,2,2
2025-06-24 03:00:00,15.3,88,0.0,,220,18.0,27.8,1011.8,,5,3
2025-06-24 04:00:00,15.3,86,0.0,,230,14.4,26.0,1011.8,,1,1
2025-06-24 05:00:00,16.2,70,0.0,,240,14.4,22.0,1011.6,,4,3
2025-06-24 06:00:00,17.7,60,0.0,,270,21.6,33.3,1012.0,,8,4
2025-06-24 07:00:00,17.9,62,0.0,,250,21.6,36.0,1012.0,,8,4
2025-06-24 08:00:00,18.0,61,0.0,,230,25.2,36.0,1012.0,,8,4
2025-06-24 09:00:00,19.0,60,0.0,,240,31.7,46.3,1012.0,,8,4
2025-06-24 10:00:00,19.3,59,0.0,,220,31.7,46.0,1011.7,,8,4
2025-06-24 11:00:00,18.2,68,0.0,,220,39.6,54.0,1012.0,,8,4
2025-06-24 12:00:00,17.3,84,0.0,,240,36.0,51.8,1011.9,,8,4
2025-06-24 13:00:00,18.0,78,0.0,,240,36.0,54.0,1011.6,,8,4
2025-06-24 14:00:00,18.9,74,0.0,,240,36.0,58.0,1011.2,,8,4
2025-06-24 15:00:00,19.3,76,0.0,,250,32.4,55.5,1011.5,,8,4
2025-06-24 16:00:00,20.7,72,0.0,,240,36.0,50.0,1011.2,,8,4
2025-06-24 17:00:00,22.0,68,0.0,,230,28.8,43.0,1010.4,,5,3
2025-06-24 18:00:00,21.6,69,0.0,,220,28.8,51.8,1010.3,,7,4
2025-06-24 19:00:00,20.6,74,0.0,,230,32.4,47.0,1010.5,,8,4
2025-06-24 20:00:00,19.9,76,0.0,,230,25.2,43.0,1010.4,,8,4
2025-06-24 21:00:00,19.0,80,0.0,,220,25.2,40.8,1010.5,,0,1
2025-06-24 22:00:00,18.5,85,0.0,,230,21.6,32.0,1010.3,,0,1
2025-06-24 23:00:00,18.2,86,0.0,,230,21.6,32.0,1010.3,,0,1
2025-06-25 00:00:00,18.1,86,0.0,,240,25.2,35.2,1010.1,,3,2
2025-06-25 01:00:00,17.8,88,0.0,,240,18.0,35.0,1010.4,,1,1
2025-06-25 02:00:00,17.9,89,0.0,,240,25.2,36.0,1010.6,,3,2
2025-06-25 03:00:00,17.8,89,0.0,,250,21.6,27.8,1010.7,,5,3
2025-06-25 04:00:00,17.6,90,0.0,,250,18.0,36.0,1010.9,,6,3
2025-06-25 05:00:00,18.4,86,0.0,,260,18.0,29.0,1010.9,,0,1
2025-06-25 06:00:00,19.6,78,0.0,,260,18.0,29.6,1011.5,,2,2
2025-06-25 07:00:00,20.3,74,0.0,,260,21.6,32.0,1011.9,,2,2
2025-06-25 08:00:00,19.9,74,0.0,,270,18.0,29.0,1012.4,,8,4
2025-06-25 09:00:00,19.7,74,0.0,,280,18.0,29.6,1013.1,,8,4
2025-06-25 10:00:00,20.2,74,0.0,,260,18.0,25.0,1013.3,,8,4
2025-06-25 11:00:00,20.7,71,0.0,,240,18.0,25.0,1013.7,,8,4
2025-06-25 12:00:00,21.2,70,0.0,,280,18.0,29.6,1013.8,,8,4
2025-06-25 13:00:00,21.1,70,0.0,,270,18.0,30.0,1013.9,,8,4
2025-06-25 14:00:00,21.5,68,0.0,,270,14.4,32.0,1013.6,,8,4
2025-06-25 15:00:00,22.4,65,0.0,,280,10.8,25.9,1013.3,,4,3
2025-06-25 16:00:00,23.7,59,0.0,,280,7.2,18.0,1012.8,,8,4
2025-06-25 17:00:00,23.5,60,0.0,,310,7.2,14.0,1012.5,,6,3
2025-06-25 18:00:00,22.5,65,0.0,,320,10.8,18.5,1012.2,,8,4
2025-06-25 19:00:00,22.1,67,0.0,,320,7.2,11.0,1011.9,,8,4
2025-06-25 20:00:00,21.1,70,0.0,,10,7.2,11.0,1011.3,,0,1
2025-06-25 21:00:00,19.5,79,0.0,,90,7.2,14.8,1011.8,,0,1
2025-06-25 22:00:00,19.0,81,0.0,,100,7.2,11.0,1011.5,,1,1
2025-06-25 23:00:00,18.7,83,0.0,,90,7.2,11.0,1011.1,,8,4
2025-06-26 00:00:00,19.0,81,0.0,,70,7.2,16.7,1010.7,,8,4
2025-06-26 01:00:00,19.4,81,0.0,,140,7.2,11.0,1011.2,,8,4
2025-06-26 02:00:00,18.9,87,0.2,,140,10.8,25.0,1010.2,,8,17
2025-06-26 03:00:00,18.3,93,0.4,,60,7.2,18.5,1008.1,,8,7
2025-06-26 04:00:00,18.5,94,0.0,,130,10.8,14.0,1008.3,,8,7
2025-06-26 05:00:00,18.8,95,0.0,,200,14.4,18.0,1009.0,,8,17
2025-06-26 06:00:00,19.3,94,0.0,,210,14.4,22.2,1008.9,,8,8
2025-06-26 07:00:00,19.6,94,0.2,,220,18.0,29.0,1009.1,,8,8
2025-06-26 08:00:00,20.0,92,0.6,,230,21.6,29.0,1009.1,,8,8
2025-06-26 09:00:00,20.4,87,0.0,,230,21.6,35.2,1009.4,,8,7
2025-06-26 10:00:00,20.3,80,0.0,,230,25.2,36.0,1010.0,,8,7
2025-06-26 11:00:00,20.3,80,0.0,,250,25.2,40.0,1010.3,,8,4
2025-06-26 12:00:00,20.7,77,0.0,,250,32.4,44.5,1011.1,,8,4
2025-06-26 13:00:00,21.0,72,0.0,,250,36.0,54.0,1012.0,,8,4
2025-06-26 14:00:00,20.4,74,0.0,,240,32.4,54.0,1012.3,,8,4
2025-06-26 15:00:00,22.1,69,0.0,,240,39.6,31.0,1012.5,,8,4
2025-06-26 16:00:00,22.4,69,0.0,,240,39.6,61.0,1012.6,,8,4
2025-06-26 17:00:00,22.1,72,0.0,,250,32.4,50.0,1012.9,,8,4
2025-06-26 18:00:00,21.7,64,0.0,,240,39.6,32.0,1013.2,,8,4
2025-06-26 19:00:00,20.8,63,0.0,,230,28.8,58.0,1013.6,,8,4
2025-06-26 20:00:00,20.1,67,0.0,,240,25.2,47.0,1014.9,,8,4
2025-06-26 21:00:00,18.6,80,0.0,,260,25.2,38.9,1016.0,,7,4
2025-06-26 22:00:00,17.9,83,0.0,,250,18.0,32.0,1016.6,,7,4
2025-06-26 23:00:00,16.9,88,0.0,,270,14.4,25.0,1017.0,,2,2
2025-06-27 00:00:00,16.1,81,0.0,,290,7.2,27.8,1017.0,,8,4
2025-06-27 01:00:00,15.5,77,0.0,,270,7.2,11.0,1017.6,,8,4
2025-06-27 02:00:00,15.7,71,0.0,,270,10.8,14.0,1018.1,,8,4
2025-06-27 03:00:00,15.7,71,0.0,,310,7.2,22.2,1018.5,,8,4
2025-06-27 04:00:00,14.8,81,1.0,,300,10.8,14.0,1019.5,,8,17
2025-06-27 05:00:00,14.0,88,2.0,,270,7.2,11.0,1019.9,,8,8
2025-06-27 06:00:00,14.7,81,0.0,,200,3.6,16.7,1020.0,,8,8
2025-06-27 07:00:00,14.8,84,0.0,,190,10.8,11.0,1020.7,,8,4
2025-06-27 08:00:00,15.7,78,0.0,,190,10.8,18.0,1021.1,,8,4
2025-06-27 09:00:00,16.9,72,0.0,,210,14.4,25.9,1021.4,,8,4
2025-06-27 10:00:00,18.6,62,0.0,,260,25.2,40.0,1021.6,,8,4
2025-06-27 11:00:00,19.1,61,0.0,,260,32.4,43.0,1021.8,,2,2
2025-06-27 12:00:00,19.7,60,0.0,,250,28.8,35.2,1022.0,,7,4
2025-06-27 13:00:00,20.3,59,0.0,,230,25.2,39.0,1022.0,,7,4
2025-06-27 14:00:00,20.8,56,0.0,,230,18.0,36.0,1021.5,,8,4
2025-06-27 15:00:00,21.7,55,0.0,,250,21.6,38.9,1021.7,,8,4
2025-06-27 16:00:00,22.3,54,0.0,,260,25.2,32.0,1021.7,,8,4
2025-06-27 17:00:00,22.5,63,0.0,,230,21.6,43.0,1020.9,,8,4
2025-06-27 18:00:00,22.6,65,0.0,,250,25.2,35.2,1021.3,,8,4
2025-06-27 19:00:00,21.4,70,0.0,,240,25.2,47.0,1021.3,,3,2
2025-06-27 20:00:00,20.9,74,0.0,,230,25.2,36.0,1021.2,,0,1
2025-06-27 21:00:00,20.4,76,0.0,,230,25.2,33.3,1021.3,,0,1
2025-06-27 22:00:00,20.0,77,0.0,,230,21.6,40.0,1021.2,,0,1
2025-06-27 23:00:00,19.6,79,0.0,,230,21.6,36.0,1021.1,,3,2
2025-06-28 00:00:00,19.0,80,0.0,,230,18.0,31.5,1021.1,,0,1
2025-06-28 01:00:00,18.8,81,0.0,,240,18.4,31.0,1021.3,,0,1
2025-06-28 02:00:00,18.5,83,0.0,,240,21.6,32.0,1021.3,,0,1
2025-06-28 03:00:00,18.3,84,0.0,,240,21.6,31.5,1021.3,,0,1
2025-06-28 04:00:00,18.2,85,0.0,,240,21.6,32.0,1021.6,,0,1
2025-06-28 05:00:00,18.9,83,0.0,,240,21.6,32.0,1021.7,,2,2
2025-06-28 06:00:00,19.9,80,0.0,,240,25.2,35.2,1022.2,,2,2
2025-06-28 07:00:00,21.5,75,0.0,,240,22.3,35.0,1022.9,,6,3
2025-06-28 08:00:00,22.0,72,0.0,,240,21.6,36.0,1023.3,,8,4
2025-06-28 09:00:00,22.8,70,0.0,,230,25.2,38.9,1023.5,,8,4
2025-06-28 10:00:00,21.7,74,0.0,,260,25.9,31.0,1024.0,,8,4
2025-06-28 11:00:00,23.4,70,0.0,,260,25.2,40.0,1024.0,,8,4
2025-06-28 12:00:00,23.3,70,0.0,,260,28.8,38.9,1024.0,,8,4
2025-06-28 13:00:00,24.8,66,0.0,,250,28.8,42.0,1023.7,,6,3
2025-06-28 14:00:00,24.9,64,0.0,,260,29.5,39.0,1023.7,,7,4
2025-06-28 15:00:00,25.5,63,0.0,,250,28.8,38.9,1023.6,,6,3
2025-06-28 16:00:00,25.7,62,0.0,,250,25.9,42.0,1023.4,,6,3
2025-06-28 17:00:00,25.4,62,0.0,,250,29.5,39.0,1023.2,,0,1
2025-06-28 18:00:00,24.3,68,0.0,,260,21.6,38.9,1023.2,,0,1
2025-06-28 19:00:00,23.7,69,0.0,,260,18.4,30.0,1023.3,,6,3
2025-06-28 20:00:00,22.3,73,0.0,,240,18.4,35.0,1023.3,,0,1
2025-06-28 21:00:00,21.4,76,0.0,,230,14.8,31.5,1023.5,,0,1
2025-06-28 22:00:00,20.9,80,0.0,,230,18.4,30.0,1023.3,,0,1
2025-06-28 23:00:00,20.3,83,0.0,,230,14.8,26.0,1023.5,,0,1
2025-06-29 00:00:00,20.2,83,0.0,,230,14.4,25.9,1023.4,,0,1
2025-06-29 01:00:00,19.7,85,0.0,,230,18.4,26.0,1023.0,,0,1
2025-06-29 02:00:00,19.8,84,0.0,,250,18.4,26.0,1022.9,,0,1
2025-06-29 03:00:00,19.2,88,0.0,,250,14.8,20.4,1022.8,,0,1
2025-06-29 04:00:00,18.8,89,0.0,,270,11.2,22.0,1023.3,,0,1
2025-06-29 05:00:00,19.5,83,0.0,,280,14.8,18.0,1023.5,,0,1
2025-06-29 06:00:00,21.0,74,0.0,,290,10.8,20.4,1023.9,,0,1
2025-06-29 07:00:00,21.8,70,0.0,,290,11.2,15.0,1024.2,,0,1
2025-06-29 08:00:00,23.4,63,0.0,,320,11.2,18.0,1024.5,,0,1
2025-06-29 09:00:00,23.8,60,0.0,,300,18.0,22.2,1024.6,,1,1
2025-06-29 10:00:00,24.4,61,0.0,,300,14.4,25.0,1024.9,,0,1
2025-06-29 11:00:00,25.0,58,0.0,,290,10.8,22.0,1024.9,,2,2
2025-06-29 12:00:00,25.4,56,0.0,,300,7.2,25.9,1024.9,,3,2
2025-06-29 13:00:00,25.4,56,0.0,,290,14.4,26.0,1024.8,,1,1
2025-06-29 14:00:00,25.5,54,0.0,,320,14.4,25.0,1024.9,,0,1
2025-06-29 15:00:00,25.3,55,0.0,,310,18.0,27.8,1024.8,,0,1
2025-06-29 16:00:00,24.3,59,0.0,,330,18.0,29.0,1024.7,,0,1
2025-06-29 17:00:00,23.9,60,0.0,,330,18.0,29.0,1024.6,,0,1
2025-06-29 18:00:00,23.0,60,0.0,,330,18.0,25.9,1024.4,,0,1
2025-06-29 19:00:00,22.4,61,0.0,,360,14.4,25.0,1024.1,,0,1
2025-06-29 20:00:00,20.3,68,0.0,,40,10.8,22.0,1024.2,,0,1
2025-06-29 21:00:00,19.1,66,0.0,,40,14.4,18.5,1024.5,,1,1
2025-06-29 22:00:00,18.7,67,0.0,,40,7.2,18.0,1024.3,,0,1
2025-06-29 23:00:00,18.1,73,0.0,,50,7.2,11.0,1024.1,,0,1
2025-06-30 00:00:00,17.5,73,0.0,,90,10.8,16.7,1023.9,,0,1
2025-06-30 01:00:00,16.7,78,0.0,,90,7.2,15.0,1023.5,,0,1
2025-06-30 02:00:00,16.0,82,0.0,,80,7.2,11.0,1023.4,,0,1
2025-06-30 03:00:00,15.6,82,0.0,,80,7.2,14.8,1023.1,,2,2
2025-06-30 04:00:00,15.9,81,0.0,,80,7.2,14.0,1022.8,,8,4
2025-06-30 05:00:00,17.4,74,0.0,,80,7.2,14.0,1022.8,,0,1
2025-06-30 06:00:00,19.0,66,0.0,,90,10.8,18.5,1022.6,,0,1
2025-06-30 07:00:00,20.9,57,0.0,,70,10.8,14.0,1022.4,,0,1
2025-06-30 08:00:00,22.5,56,0.0,,90,7.2,14.0,1022.2,,6,3
2025-06-30 09:00:00,23.9,57,0.0,,80,10.8,22.2,1021.7,,1,1
2025-06-30 10:00:00,24.5,57,0.0,,80,14.4,25.0,1021.2,,0,1
2025-06-30 11:00:00,26.0,54,0.0,,110,10.8,25.0,1020.7,,6,3
2025-06-30 12:00:00,27.5,50,0.0,,60,14.4,24.1,1020.3,,1,1
2025-06-30 13:00:00,28.4,47,0.0,,40,14.4,30.0,1019.6,,0,1
2025-06-30 14:00:00,29.1,44,0.0,,70,14.4,25.0,1019.0,,0,1
2025-06-30 15:00:00,29.7,40,0.0,,60,14.4,25.9,1018.3,,0,1
2025-06-30 16:00:00,29.6,39,0.0,,50,14.4,25.0,1017.8,,0,1
2025-06-30 17:00:00,29.1,39,0.0,,50,14.4,18.0,1017.2,,0,1
2025-06-30 18:00:00,28.8,40,0.0,,50,10.8,24.1,1016.7,,0,1
2025-06-30 19:00:00,27.9,41,0.0,,40,7.2,18.0,1016.5,,0,1
2025-06-30 20:00:00,26.1,47,0.0,,50,7.2,11.0,1016.6,,0,1
2025-06-30 21:00:00,25.0,51,0.0,,90,10.8,20.4,1016.7,,0,1
2025-06-30 22:00:00,24.4,47,0.0,,100,10.8,18.0,1016.5,,0,1
2025-06-30 23:00:00,23.8,45,0.0,,120,18.0,25.0,1016.3,,0,1
2025-07-01 00:00:00,22.7,48,0.0,,110,14.4,18.5,1016.2,,0,1
2025-07-01 01:00:00,22.2,50,0.0,,110,10.8,18.0,1015.9,,0,1
2025-07-01 02:00:00,20.9,55,0.0,,110,3.6,18.0,1015.8,,0,1
2025-07-01 03:00:00,20.4,57,0.0,,90,3.6,14.8,1015.5,,0,1
2025-07-01 04:00:00,20.2,58,0.0,,100,3.6,7.0,1015.5,,0,1
2025-07-01 05:00:00,22.0,56,0.0,,120,7.2,11.0,1015.5,,0,1
2025-07-01 06:00:00,23.4,53,0.0,,160,7.2,14.8,1015.5,,0,1
2025-07-01 07:00:00,25.6,51,0.0,,150,7.2,11.0,1015.5,,0,1
2025-07-01 08:00:00,28.6,45,0.0,,160,10.8,14.0,1015.4,,0,1
2025-07-01 09:00:00,30.6,43,0.0,,130,10.8,18.5,1015.3,,0,1
2025-07-01 10:00:00,32.2,40,0.0,,150,10.8,18.0,1015.1,,8,4
2025-07-01 11:00:00,33.3,39,0.0,,150,10.8,25.0,1014.8,,0,1
2025-07-01 12:00:00,33.6,38,0.0,,190,10.8,24.1,1014.7,,0,1
2025-07-01 13:00:00,34.8,32,0.0,,190,14.4,32.0,1014.5,,0,1
2025-07-01 14:00:00,35.0,31,0.0,,150,18.0,29.0,1014.2,,0,1
2025-07-01 15:00:00,35.3,31,0.0,,170,14.4,24.1,1013.7,,0,1
2025-07-01 16:00:00,35.6,31,0.0,,180,18.0,25.0,1013.3,,2,2
2025-07-01 17:00:00,35.1,32,0.0,,160,14.4,25.0,1013.0,,0,1
2025-07-01 18:00:00,33.9,36,0.0,,160,14.4,22.2,1012.7,,0,1
2025-07-01 19:00:00,32.8,41,0.0,,170,7.2,14.0,1012.5,,8,4
2025-07-01 20:00:00,29.1,49,0.0,,270,21.6,29.0,1013.2,,4,3
2025-07-01 21:00:00,26.0,60,0.0,,270,14.4,18.5,1014.1,,0,1
2025-07-01 22:00:00,24.6,62,0.0,,270,14.4,18.0,1014.0,,0,1
2025-07-01 23:00:00,23.1,67,0.0,,270,10.8,22.0,1014.0,,0,1
2025-07-02 00:00:00,22.1,71,0.0,,270,7.2,18.5,1013.5,,0,1
2025-07-02 01:00:00,21.1,74,0.0,,220,7.2,11.0,1013.3,,0,1
2025-07-02 02:00:00,20.5,78,0.0,,220,7.2,11.0,1013.5,,0,1
2025-07-02 03:00:00,20.7,79,0.0,,310,10.8,13.0,1013.6,,5,3
2025-07-02 04:00:00,20.6,81,0.0,,280,14.4,25.0,1014.8,,6,3
2025-07-02 05:00:00,20.9,81,0.0,,350,3.6,29.0,1013.4,,6,3
2025-07-02 06:00:00,23.4,74,0.0,,120,3.6,14.8,1013.4,,6,3
2025-07-02 07:00:00,25.7,60,0.0,,90,3.6,7.0,1013.7,,8,4
2025-07-02 08:00:00,26.4,60,0.0,,210,10.8,18.0,1014.0,,1,1
2025-07-02 09:00:00,28.7,54,0.0,,320,7.6,18.5,1013.7,,0,1
2025-07-02 10:00:00,29.7,50,0.0,,200,7.2,18.0,1013.5,,0,1
2025-07-02 11:00:00,32.1,33,0.0,,230,10.8,25.0,1013.3,,0,1
2025-07-02 12:00:00,32.0,40,0.0,,270,21.6,27.8,1013.2,,0,1
2025-07-02 13:00:00,25.6,61,0.0,,290,32.4,50.0,1015.3,,8,4
2025-07-02 14:00:00,26.5,58,0.0,,320,25.2,43.0,1014.6,,8,4
2025-07-02 15:00:00,20.9,86,2.7,,240,21.6,35.2,1015.9,,8,17
2025-07-02 16:00:00,21.2,88,0.3,,270,18.0,43.0,1015.5,,8,8
2025-07-02 17:00:00,19.0,94,0.0,,280,25.9,47.0,1016.0,,8,17
2025-07-02 18:00:00,18.1,91,0.4,,300,25.2,22.0,1016.1,,8,8
2025-07-02 19:00:00,17.9,84,0.0,,290,18.0,40.0,1018.0,,8,4
2025-07-02 20:00:00,17.3,85,0.0,,300,18.4,30.0,1018.5,,7,4
2025-07-02 21:00:00,16.8,85,0.0,,300,22.3,35.2,1019.2,,7,4
2025-07-02 22:00:00,16.2,86,0.0,,310,18.4,35.0,1020.1,,1,1
2025-07-02 23:00:00,16.4,84,0.0,,310,18.4,26.0,1020.6,,8,4
2025-07-03 00:00:00,15.7,83,0.0,,300,18.0,33.3,1021.0,,4,3
2025-07-03 01:00:00,15.4,77,0.0,,300,18.4,30.0,1021.3,,2,2
2025-07-03 02:00:00,15.2,79,0.0,,300,18.4,30.0,1021.8,,8,4
2025-07-03 03:00:00,15.1,79,0.0,,310,22.3,29.6,1022.2,,8,4
2025-07-03 04:00:00,14.7,80,0.0,,310,18.4,30.0,1022.9,,8,4
2025-07-03 05:00:00,15.3,79,0.0,,310,18.4,26.0,1023.6,,2,2
2025-07-03 06:00:00,16.3,77,0.0,,310,21.6,31.5,1024.4,,7,4
2025-07-03 07:00:00,16.6,75,0.0,,300,25.2,32.0,1025.4,,7,4
2025-07-03 08:00:00,17.0,71,0.0,,310,21.6,32.0,1026.1,,0,1
2025-07-03 09:00:00,18.4,63,0.0,,300,21.6,35.2,1026.8,,1,1
2025-07-03 10:00:00,20.0,58,0.0,,307,18.0,29.0,1027.3,,4,3
2025-07-03 11:00:00,19.5,55,0.0,,320,14.4,29.0,1027.5,,2,2
2025-07-03 12:00:00,19.9,55,0.0,,300,18.0,33.3,1027.9,,4,3
2025-07-03 13:00:00,19.9,56,0.0,,300,21.6,31.0,1028.0,,3,2
2025-07-03 14:00:00,19.8,55,0.0,,310,14.4,32.0,1028.2,,2,2
2025-07-03 15:00:00,19.9,53,0.0,,310,18.0,33.3,1028.1,,2,2
2025-07-03 16:00:00,19.8,49,0.0,,310,22.3,30.0,1028.0,,0,1
2025-07-03 17:00:00,19.1,49,0.0,,310,21.6,29.0,1027.9,,0,1
2025-07-03 18:00:00,18.6,53,0.0,,320,14.4,25.9,1027.7,,0,1
2025-07-03 19:00:00,17.1,60,0.0,,320,10.8,22.0,1027.8,,5,3
2025-07-03 20:00:00,16.3,64,0.0,,310,3.6,11.0,1027.9,,8,4
2025-07-03 21:00:00,15.6,69,0.0,,300,7.2,11.1,1028.1,,8,4
2025-07-03 22:00:00,15.0,72,0.0,,300,3.6,11.0,1028.4,,8,4
2025-07-03 23:00:00,14.2,78,0.0,,300,3.6,7.0,1028.4,,0,1
2025-07-04 00:00:00,13.6,79,0.0,,300,3.6,7.4,1028.4,,0,1
2025-07-04 01:00:00,13.4,82,0.0,,0,0.0,8.0,1028.3,,0,1
2025-07-04 02:00:00,13.4,78,0.0,,190,3.6,7.0,1027.9,,6,3
2025-07-04 03:00:00,14.3,73,0.0,,200,10.8,9.3,1027.6,,8,4
2025-07-04 04:00:00,12.7,84,0.0,,130,7.2,11.0,1027.6,,0,1
2025-07-04 05:00:00,14.6,83,0.0,,170,7.2,11.0,1027.5,,7,4
2025-07-04 06:00:00,17.3,68,0.0,,190,11.2,18.5,1027.7,,4,3
2025-07-04 07:00:00,19.2,52,0.0,,200,14.4,22.0,1027.8,,0,1
2025-07-04 08:00:00,21.2,44,0.0,,220,25.2,32.0,1027.5,,0,1
2025-07-04 09:00:00,22.0,43,0.0,,220,21.6,29.6,1027.2,,6,3
2025-07-04 10:00:00,23.0,47,0.0,,250,25.2,36.0,1027.2,,5,3
2025-07-04 11:00:00,24.1,42,0.0,,260,21.6,40.0,1026.7,,5,3
2025-07-04 12:00:00,24.1,38,0.0,,270,25.2,35.2,1026.4,,7,4
2025-07-04 13:00:00,24.4,34,0.0,,270,25.2,39.0,1025.9,,8,4
2025-07-04 14:00:00,23.6,34,0.0,,270,25.2,36.0,1025.5,,8,4
2025-07-04 15:00:00,23.2,35,0.0,,260,25.2,37.0,1024.7,,8,4
2025-07-04 16:00:00,23.1,35,0.0,,250,25.2,36.0,1024.2,,8,4
2025-07-04 17:00:00,23.2,36,0.0,,260,21.6,36.0,1023.3,,8,4
2025-07-04 18:00:00,22.6,27,0.0,,240,25.2,35.2,1022.8,,4,3
2025-07-04 19:00:00,21.7,37,0.0,,240,21.6,36.0,1022.1,,0,1
2025-07-04 20:00:00,20.4,42,0.0,,240,21.6,29.0,1021.6,,3,2
2025-07-04 21:00:00,17.9,58,0.0,,200,14.4,31.5,1021.0,,2,2
2025-07-04 22:00:00,18.3,55,0.0,,210,18.0,25.0,1020.5,,8,4
2025-07-04 23:00:00,18.1,58,0.0,,210,14.4,22.0,1019.8,,8,4
2025-07-05 00:00:00,18.0,60,0.0,,210,18.0,27.8,1019.1,,8,4
2025-07-05 01:00:00,18.5,60,0.0,,210,18.0,26.0,1018.3,,8,4
2025-07-05 02:00:00,18.3,67,0.0,,210,14.4,22.0,1017.6,,8,4
2025-07-05 03:00:00,18.1,68,0.0,,220,14.4,29.6,1017.0,,8,4
2025-07-05 04:00:00,17.7,74,0.0,,210,14.4,25.0,1016.5,,8,4
2025-07-05 05:00:00,18.3,75,0.0,,220,18.0,29.0,1016.1,,8,4
2025-07-05 06:00:00,18.6,75,0.0,,220,21.6,33.3,1016.0,,8,4
2025-07-05 07:00:00,19.8,64,0.0,,240,32.4,43.0,1015.6,,8,4
2025-07-05 08:00:00,19.2,70,0.0,,250,28.8,50.0,1015.5,,8,17
2025-07-05 09:00:00,18.7,67,0.0,,260,32.4,42.6,1015.5,,8,8
2025-07-05 10:00:00,19.2,69,0.0,,240,25.2,43.0,1015.4,,8,8
2025-07-05 11:00:00,20.4,60,0.0,,250,28.8,47.0,1015.2,,8,4
2025-07-05 12:00:00,21.0,59,0.0,,240,28.8,44.5,1015.0,,8,4
2025-07-05 13:00:00,20.8,61,0.0,,240,28.8,42.0,1014.8,,8,4
2025-07-05 14:00:00,21.1,62,0.0,,240,28.8,47.0,1014.3,,8,4
2025-07-05 15:00:00,21.4,60,0.0,,240,32.4,44.5,1013.7,,8,4
2025-07-05 16:00:00,21.3,65,0.0,,230,25.2,40.0,1012.9,,8,4
2025-07-05 17:00:00,20.2,74,0.0,,230,32.4,43.0,1012.7,,8,4
2025-07-05 18:00:00,18.0,93,1.0,,220,25.2,46.3,1012.2,,8,8
2025-07-05 19:00:00,18.0,93,0.6,,220,21.6,36.0,1011.8,,8,7
2025-07-05 20:00:00,18.3,89,0.0,,230,25.2,36.0,1011.3,,8,7
2025-07-05 21:00:00,17.6,95,0.4,,220,25.2,42.6,1010.9,,8,7
2025-07-05 22:00:00,17.9,93,0.1,,220,18.0,32.0,1010.5,,8,17
2025-07-05 23:00:00,18.0,92,0.0,,220,18.0,25.0,1009.9,,8,8
2025-07-06 00:00:00,18.2,89,0.0,,230,28.8,37.0,1009.5,,8,4
2025-07-06 01:00:00,18.1,89,0.0,,230,21.6,40.0,1009.0,,8,4
2025-07-06 02:00:00,18.2,89,0.0,,230,21.6,36.0,1008.5,,8,4
2025-07-06 03:00:00,18.2,89,0.0,,230,21.6,31.5,1008.0,,8,8
2025-07-06 04:00:00,18.0,92,0.1,,230,18.0,25.0,1007.5,,8,8
2025-07-06 05:00:00,18.3,90,0.0,,220,14.4,25.0,1007.1,,8,17
2025-07-06 06:00:00,18.7,88,0.0,,230,18.0,29.6,1006.9,,7,8
2025-07-06 07:00:00,19.0,83,0.0,,250,21.6,29.0,1006.5,,8,4
2025-07-06 08:00:00,19.5,80,0.0,,270,18.0,29.0,1006.2,,8,4
2025-07-06 09:00:00,19.6,78,0.0,,280,14.4,25.9,1005.7,,8,4
2025-07-06 10:00:00,18.5,89,0.8,,200,14.4,22.0,1005.8,,8,17
2025-07-06 11:00:00,17.5,94,2.0,,220,21.6,29.0,1005.6,,8,8
2025-07-06 12:00:00,17.4,94,2.8,,220,21.6,24.1,1005.2,,8,8
2025-07-06 13:00:00,18.1,92,0.4,,200,14.4,25.0,1005.0,,8,8
2025-07-06 14:00:00,18.1,90,1.0,,210,14.4,25.0,1005.2,,8,8
2025-07-06 15:00:00,17.0,90,6.0,,200,14.4,22.2,1004.9,,8,17
2025-07-06 16:00:00,17.5,92,0.4,,160,10.8,14.0,1004.6,,8,8
2025-07-06 17:00:00,16.3,92,0.3,,180,14.4,22.0,1004.5,,8,7
2025-07-06 18:00:00,17.6,93,0.2,,180,10.8,20.4,1004.2,,6,7
2025-07-06 19:00:00,17.6,94,0.0,,180,7.2,14.0,1004.1,,7,4
2025-07-06 20:00:00,17.7,86,0.0,,270,10.8,18.0,1003.9,,8,4
2025-07-06 21:00:00,17.2,89,0.0,,250,10.8,14.8,1004.1,,4,3
2025-07-06 22:00:00,17.0,90,0.0,,240,10.8,14.0,1003.7,,8,4
2025-07-06 23:00:00,15.5,94,1.0,,330,10.8,25.0,1003.9,,8,17
2025-07-07 00:00:00,14.9,95,0.0,,300,7.2,14.8,1003.5,,1,8
2025-07-07 01:00:00,14.7,96,0.0,,0,0.0,11.0,1003.7,,8,4
2025-07-07 02:00:00,15.3,96,0.0,,300,7.2,7.0,1003.5,,8,4
2025-07-07 03:00:00,15.7,93,1.0,,290,10.8,16.7,1003.0,,8,8
2025-07-07 04:00:00,15.3,93,0.2,,340,18.0,36.0,1003.1,,8,7
2025-07-07 05:00:00,15.2,87,0.0,,340,14.4,29.0,1003.4,,4,7
2025-07-07 06:00:00,15.7,87,0.0,,350,14.4,25.9,1003.8,,8,4
2025-07-07 07:00:00,15.6,86,0.0,,360,21.6,32.0,1004.4,,8,4
2025-07-07 08:00:00,17.4,78,0.0,,350,14.4,32.0,1004.9,,6,3
2025-07-07 09:00:00,18.0,72,0.0,,360,21.6,37.0,1005.4,,7,4
2025-07-07 10:00:00,15.5,85,0.0,,350,25.2,43.0,1006.4,,8,8
2025-07-07 11:00:00,17.5,69,0.0,,330,25.2,36.0,1006.5,,8,8
2025-07-07 12:00:00,18.5,63,0.0,,330,28.8,44.5,1006.9,,8,4
2025-07-07 13:00:00,19.0,63,0.0,,320,28.8,42.0,1007.3,,3,2
2025-07-07 14:00:00,18.8,60,0.0,,320,32.4,47.0,1007.8,,5,3
2025-07-07 15:00:00,17.5,62,0.0,,330,32.4,48.2,1008.7,,8,4
2025-07-07 16:00:00,17.6,59,0.0,,320,28.8,47.0,1009.1,,4,3
2025-07-07 17:00:00,16.3,64,0.0,,320,28.8,43.0,1009.7,,5,3
2025-07-07 18:00:00,16.1,69,0.0,,310,25.2,44.5,1010.0,,3,2
2025-07-07 19:00:00,15.6,67,0.0,,310,28.8,40.0,1010.4,,8,4
2025-07-07 20:00:00,15.0,72,0.0,,310,14.4,32.0,1010.5,,8,4
2025-07-07 21:00:00,14.2,75,0.0,,300,10.8,27.8,1010.6,,1,1
2025-07-07 22:00:00,13.6,75,0.0,,300,14.4,18.0,1010.6,,6,3
2025-07-07 23:00:00,12.8,76,0.0,,280,7.2,14.0,1010.2,,1,1
2025-07-08 00:00:00,12.8,79,0.0,,290,7.2,20.4,1010.2,,8,4
2025-07-08 01:00:00,13.8,77,0.0,,270,10.8,15.0,1010.0,,8,4
2025-07-08 02:00:00,12.8,79,3.0,,290,21.6,47.0,1010.6,,8,17
2025-07-08 03:00:00,11.9,89,0.5,,260,10.8,18.5,1010.9,,8,8
2025-07-08 04:00:00,11.9,92,0.4,,270,10.8,14.0,1011.2,,8,7
2025-07-08 05:00:00,11.8,89,2.0,,80,3.6,18.0,1011.5,,8,17
2025-07-08 06:00:00,13.0,88,0.5,,130,3.6,18.5,1011.8,,4,8
2025-07-08 07:00:00,15.5,80,0.0,,280,3.6,14.0,1012.1,,4,3
2025-07-08 08:00:00,16.2,72,0.0,,310,21.6,29.0,1012.6,,8,4
2025-07-08 09:00:00,16.6,69,0.0,,310,25.2,29.6,1013.0,,4,3
2025-07-08 10:00:00,16.2,72,0.0,,310,18.0,36.0,1013.6,,8,8
2025-07-08 11:00:00,17.4,73,0.0,,310,25.2,40.0,1014.1,,7,4
2025-07-08 12:00:00,17.3,68,0.0,,310,28.8,40.8,1014.6,,8,4
2025-07-08 13:00:00,18.2,69,0.0,,310,29.5,39.0,1015.0,,8,4
2025-07-08 14:00:00,17.1,72,0.0,,310,28.8,40.0,1015.8,,8,8
2025-07-08 15:00:00,16.2,80,0.0,,300,25.2,42.6,1016.5,,8,4
2025-07-08 16:00:00,16.7,73,0.0,,310,25.2,36.0,1016.6,,8,8
2025-07-08 17:00:00,16.6,76,0.0,,300,25.2,40.0,1016.7,,8,4
2025-07-08 18:00:00,16.1,78,0.0,,310,25.2,35.2,1017.2,,8,4
2025-07-08 19:00:00,16.0,80,0.0,,300,18.0,32.0,1017.4,,8,4
2025-07-08 20:00:00,15.7,81,0.0,,310,14.4,29.0,1017.8,,8,4
2025-07-08 21:00:00,15.0,84,0.0,,300,10.8,24.1,1018.2,,1,1
2025-07-08 22:00:00,14.3,88,0.0,,270,7.2,14.0,1018.6,,1,1
2025-07-08 23:00:00,15.1,87,0.0,,280,7.2,11.0,1018.8,,8,4
2025-07-09 00:00:00,15.3,86,0.0,,260,10.8,14.8,1018.9,,8,4
2025-07-09 01:00:00,14.9,86,0.0,,290,7.2,15.0,1019.1,,8,4
2025-07-09 02:00:00,14.4,86,0.0,,260,10.8,11.0,1019.0,,8,4
2025-07-09 03:00:00,15.2,84,0.0,,270,14.4,14.8,1019.2,,8,4
2025-07-09 04:00:00,15.0,84,0.0,,270,7.2,18.0,1019.3,,8,8
2025-07-09 05:00:00,15.5,81,0.0,,290,10.8,14.0,1019.8,,8,4
2025-07-09 06:00:00,16.4,78,0.0,,300,14.4,18.5,1020.0,,8,4
2025-07-09 07:00:00,17.2,73,0.0,,300,14.4,22.0,1020.4,,8,4
2025-07-09 08:00:00,18.1,63,0.0,,310,7.2,18.0,1020.7,,6,3
2025-07-09 09:00:00,18.7,62,0.0,,300,7.2,22.2,1020.9,,0,1
2025-07-09 10:00:00,19.9,56,0.0,,280,7.2,22.0,1021.1,,1,1
2025-07-09 11:00:00,20.6,51,0.0,,280,10.8,22.0,1021.3,,2,2
2025-07-09 12:00:00,21.5,37,0.0,,320,14.4,25.9,1021.3,,0,1
2025-07-09 13:00:00,21.6,40,0.0,,320,14.8,30.0,1021.6,,8,4
2025-07-09 14:00:00,21.9,49,0.0,,330,10.8,25.0,1021.6,,5,3
2025-07-09 15:00:00,22.0,48,0.0,,320,14.4,27.8,1021.8,,3,2
2025-07-09 16:00:00,21.9,50,0.0,,310,14.4,25.0,1021.9,,8,4
2025-07-09 17:00:00,21.7,47,0.0,,310,10.8,18.0,1021.8,,8,4
2025-07-09 18:00:00,20.9,48,0.0,,320,10.8,22.2,1022.0,,8,4
2025-07-09 19:00:00,20.1,52,0.0,,310,7.2,14.0,1022.0,,8,4
2025-07-09 20:00:00,18.5,58,0.0,,340,7.2,11.0,1022.0,,3,2
2025-07-09 21:00:00,18.0,67,0.0,,330,3.6,13.0,1022.2,,8,4
2025-07-09 22:00:00,18.0,67,0.0,,300,3.6,7.0,1022.3,,8,4
2025-07-09 23:00:00,17.6,69,0.0,,310,3.6,7.0,1022.4,,7,4
2025-07-10 00:00:00,15.9,80,0.0,,350,3.6,7.4,1022.4,,0,1
2025-07-10 01:00:00,15.3,81,0.0,,300,7.2,7.0,1022.3,,1,1
2025-07-10 02:00:00,14.7,79,0.0,,270,3.6,7.0,1022.1,,0,1
2025-07-10 03:00:00,13.5,90,0.0,,150,3.6,5.5,1022.1,,0,1
2025-07-10 04:00:00,13.5,92,0.0,,70,3.6,7.0,1022.3,,0,1
2025-07-10 05:00:00,15.8,83,0.0,,120,3.6,4.0,1022.2,,8,4
2025-07-10 06:00:00,17.5,76,0.0,,80,3.6,9.3,1022.5,,8,4
2025-07-10 07:00:00,18.6,76,0.0,,80,3.6,7.0,1022.8,,8,4
2025-07-10 08:00:00,20.3,68,0.0,,120,3.6,11.0,1022.9,,1,1
2025-07-10 09:00:00,20.7,64,0.0,,330,3.6,18.5,1023.0,,8,4
2025-07-10 10:00:00,21.7,61,0.0,,320,3.6,14.0,1022.9,,8,4
2025-07-10 11:00:00,21.7,62,0.0,,10,7.2,14.0,1022.9,,8,4
2025-07-10 12:00:00,23.1,60,0.0,,340,10.8,22.2,1022.8,,8,4
2025-07-10 13:00:00,23.1,57,0.0,,350,11.2,22.0,1022.7,,4,3
2025-07-10 14:00:00,23.6,56,0.0,,330,14.8,26.0,1022.6,,7,4
2025-07-10 15:00:00,23.6,56,0.0,,330,18.0,27.8,1022.5,,8,4
2025-07-10 16:00:00,23.2,59,0.0,,360,14.8,30.0,1022.3,,8,4
2025-07-10 17:00:00,23.0,63,0.0,,340,18.4,30.0,1022.1,,2,2
2025-07-10 18:00:00,22.5,62,0.0,,30,14.4,25.9,1022.2,,1,1
2025-07-10 19:00:00,21.1,64,0.0,,10,14.4,26.0,1022.3,,0,1
2025-07-10 20:00:00,19.9,70,0.0,,30,11.2,22.0,1022.5,,0,1
2025-07-10 21:00:00,18.9,76,0.0,,20,7.6,16.7,1022.5,,0,1
2025-07-10 22:00:00,18.2,80,0.0,,10,7.6,15.0,1022.6,,0,1
2025-07-10 23:00:00,17.4,84,0.0,,20,3.6,15.0,1022.3,,1,1
2025-07-11 00:00:00,16.8,86,0.0,,10,3.6,9.3,1022.1,,0,1
2025-07-11 01:00:00,15.8,90,0.0,,310,7.6,8.0,1021.8,,2,2
2025-07-11 02:00:00,15.2,93,0.0,,320,3.6,8.0,1021.8,,0,1
2025-07-11 03:00:00,15.3,94,0.0,,320,3.6,9.3,1021.6,,8,4
2025-07-11 04:00:00,16.1,93,0.0,,330,7.6,11.0,1021.7,,8,4
2025-07-11 05:00:00,17.8,85,0.0,,360,7.6,11.0,1021.5,,2,2
2025-07-11 06:00:00,18.3,84,0.0,,350,14.4,14.8,1021.7,,8,4
2025-07-11 07:00:00,19.0,80,0.0,,10,11.2,18.0,1021.7,,8,4
2025-07-11 08:00:00,20.1,74,0.0,,330,7.2,22.0,1021.6,,8,4
2025-07-11 09:00:00,20.7,72,0.0,,350,10.8,22.2,1021.6,,8,4
2025-07-11 10:00:00,20.9,70,0.0,,10,10.8,22.0,1021.4,,8,4
2025-07-11 11:00:00,22.7,64,0.0,,70,10.8,22.0,1021.3,,6,3
2025-07-11 12:00:00,23.2,57,0.0,,40,14.4,25.9,1020.8,,2,2
2025-07-11 13:00:00,24.3,55,0.0,,20,14.4,22.0,1020.3,,8,4
2025-07-11 14:00:00,24.6,55,0.0,,340,14.4,29.0,1020.1,,8,4
2025-07-11 15:00:00,23.9,57,0.0,,320,21.6,29.6,1019.9,,1,1
2025-07-11 16:00:00,23.8,55,0.0,,330,18.0,32.0,1019.8,,0,1
2025-07-11 17:00:00,23.6,57,0.0,,340,14.4,29.0,1019.4,,1,1
2025-07-11 18:00:00,22.6,63,0.0,,330,18.0,29.6,1018.9,,0,1
2025-07-11 19:00:00,21.2,68,0.0,,330,14.4,25.0,1018.9,,0,1
2025-07-11 20:00:00,19.5,77,0.0,,340,14.4,22.0,1018.7,,0,1
2025-07-11 21:00:00,18.5,84,0.0,,350,10.8,20.4,1018.7,,0,1
2025-07-11 22:00:00,17.9,86,0.0,,340,10.8,18.0,1018.6,,0,1
2025-07-11 23:00:00,16.9,89,0.0,,330,7.2,11.0,1018.3,,1,1
2025-07-12 00:00:00,17.8,78,0.0,,360,10.8,14.8,1018.0,,8,4
2025-07-12 01:00:00,17.7,80,0.0,,360,7.2,18.0,1017.9,,8,4
2025-07-12 02:00:00,17.8,81,0.0,,10,10.8,22.0,1017.8,,8,4
2025-07-12 03:00:00,17.7,80,0.0,,20,14.4,13.0,1017.5,,8,4
2025-07-12 04:00:00,17.7,80,0.0,,10,10.8,25.0,1017.2,,8,4
2025-07-12 05:00:00,17.4,79,0.0,,10,14.4,22.0,1017.3,,8,4
2025-07-12 06:00:00,17.7,79,0.0,,350,10.8,18.5,1017.0,,8,4
2025-07-12 07:00:00,18.2,76,0.0,,340,10.8,22.0,1016.9,,4,3
2025-07-12 08:00:00,19.6,72,0.0,,350,14.4,22.0,1016.9,,2,2
2025-07-12 09:00:00,21.2,66,0.0,,350,14.8,25.9,1016.5,,8,4
2025-07-12 10:00:00,22.2,63,0.0,,350,10.8,22.0,1016.1,,8,4
2025-07-12 11:00:00,23.5,61,0.0,,320,14.4,25.0,1015.9,,8,4
2025-07-12 12:00:00,24.1,59,0.0,,300,18.0,31.5,1015.8,,8,4
2025-07-12 13:00:00,24.9,56,0.0,,330,18.0,30.0,1015.3,,8,4
2025-07-12 14:00:00,24.8,44,0.0,,320,18.0,32.0,1014.8,,4,3
2025-07-12 15:00:00,24.6,43,0.0,,330,21.6,35.2,1014.7,,4,3
2025-07-12 16:00:00,24.4,54,0.0,,330,21.6,32.0,1014.2,,0,1
2025-07-12 17:00:00,23.0,63,0.0,,320,21.6,32.0,1013.7,,0,1
2025-07-12 18:00:00,21.7,68,0.0,,310,18.0,31.5,1013.4,,0,1
2025-07-12 19:00:00,20.3,79,0.0,,330,21.6,29.0,1013.5,,8,4
2025-07-12 20:00:00,19.1,83,0.0,,330,14.4,29.0,1013.0,,6,3
2025-07-12 21:00:00,18.5,86,0.0,,330,14.4,22.2,1013.1,,8,4
2025-07-12 22:00:00,17.8,89,0.0,,330,10.8,18.0,1013.3,,8,4
2025-07-12 23:00:00,18.0,89,0.0,,300,7.2,18.0,1012.9,,8,4
2025-07-13 00:00:00,18.1,88,0.0,,310,10.8,14.8,1012.7,,8,4
2025-07-13 01:00:00,18.4,85,0.0,,340,7.2,11.0,1012.5,,8,4
2025-07-13 02:00:00,18.6,81,0.0,,20,10.8,14.0,1012.2,,8,4
2025-07-13 03:00:00,18.0,83,0.0,,350,3.6,13.0,1011.8,,0,1
2025-07-13 04:00:00,18.3,84,0.0,,340,3.6,11.0,1011.8,,8,4
2025-07-13 05:00:00,18.4,85,0.0,,350,7.2,11.0,1011.8,,8,4
2025-07-13 06:00:00,19.4,82,0.0,,10,7.2,14.8,1011.7,,8,4
2025-07-13 07:00:00,20.3,78,0.0,,50,10.8,18.0,1011.6,,8,4
2025-07-13 08:00:00,22.0,66,0.0,,40,10.8,18.0,1011.6,,7,4
2025-07-13 09:00:00,22.0,63,0.0,,90,7.2,18.5,1011.4,,8,4
2025-07-13 10:00:00,23.0,61,0.0,,90,3.6,14.0,1011.4,,8,4
2025-07-13 11:00:00,23.6,59,0.0,,220,7.2,14.0,1011.3,,7,4
2025-07-13 12:00:00,19.4,90,5.9,,310,10.8,20.4,1011.7,,8,17
2025-07-13 13:00:00,20.4,88,0.0,,310,10.8,18.0,1011.4,,8,8
2025-07-13 14:00:00,21.1,82,0.0,,340,14.4,22.0,1011.2,,8,4
2025-07-13 15:00:00,20.9,82,0.0,,320,14.4,24.1,1011.2,,8,4
2025-07-13 16:00:00,21.8,80,0.0,,350,10.8,18.0,1010.9,,8,4
2025-07-13 17:00:00,22.8,68,0.0,,360,10.8,18.0,1010.9,,8,4
2025-07-13 18:00:00,22.0,67,0.0,,360,7.2,20.4,1010.8,,8,4
2025-07-13 19:00:00,21.2,66,0.0,,40,10.8,14.0,1011.1,,8,4
2025-07-13 20:00:00,20.2,74,0.0,,20,7.2,14.0,1011.5,,7,4
2025-07-13 21:00:00,19.3,79,0.0,,30,7.2,14.8,1011.4,,8,4
2025-07-13 22:00:00,19.2,82,0.0,,20,7.2,11.0,1011.6,,8,4
2025-07-13 23:00:00,18.6,84,0.0,,30,7.2,14.0,1011.8,,1,1
2025-07-14 00:00:00,18.0,89,0.0,,30,10.8,9.3,1011.9,,0,1
2025-07-14 01:00:00,17.3,93,0.0,,30,3.6,11.0,1011.9,,7,4
2025-07-14 02:00:00,17.3,93,0.0,,356,4.0,7.0,1011.8,,5,3
2025-07-14 03:00:00,17.4,93,0.0,,60,3.6,7.4,1011.5,,8,4
2025-07-14 04:00:00,16.5,95,0.0,,300,3.6,7.0,1011.8,,8,4
2025-07-14 05:00:00,17.4,94,0.0,,0,0.0,4.0,1012.2,,6,3
2025-07-14 06:00:00,19.6,84,0.0,,0,0.0,9.3,1012.6,,8,4
2025-07-14 07:00:00,21.1,78,0.0,,70,3.6,7.0,1012.7,,8,4
2025-07-14 08:00:00,21.8,71,0.0,,160,3.6,11.0,1012.9,,8,4
2025-07-14 09:00:00,22.3,71,0.0,,110,3.6,18.5,1013.1,,8,4
2025-07-14 10:00:00,23.1,65,0.0,,190,10.8,18.0,1013.5,,8,4
2025-07-14 11:00:00,23.6,64,0.0,,210,10.8,18.0,1013.8,,8,4
2025-07-14 12:00:00,23.2,64,0.0,,270,21.6,27.8,1014.2,,8,4
2025-07-14 13:00:00,23.1,71,0.0,,260,21.6,31.0,1014.5,,8,4
2025-07-14 14:00:00,22.4,69,0.0,,250,32.4,40.0,1014.9,,8,4
2025-07-14 15:00:00,23.4,64,0.0,,240,36.0,38.9,1014.6,,8,4
2025-07-14 16:00:00,23.5,55,0.0,,250,32.4,50.0,1014.5,,1,1
2025-07-14 17:00:00,22.8,56,0.0,,250,32.4,50.0,1014.5,,8,4
2025-07-14 18:00:00,21.1,64,0.0,,240,28.8,42.6,1014.8,,8,4
2025-07-14 19:00:00,20.9,66,0.0,,240,28.8,50.0,1015.0,,8,4
2025-07-14 20:00:00,20.0,71,0.0,,240,25.2,43.0,1015.3,,8,4
2025-07-14 21:00:00,19.5,71,0.0,,240,28.8,35.2,1015.4,,8,4
2025-07-14 22:00:00,19.2,62,0.0,,240,25.2,47.0,1015.5,,8,4
2025-07-14 23:00:00,19.3,61,0.0,,230,21.6,40.0,1015.6,,8,4
2025-07-15 00:00:00,18.7,70,0.0,,240,28.8,35.2,1015.8,,8,17
2025-07-15 01:00:00,18.3,73,0.0,,230,21.6,36.0,1015.8,,8,8
2025-07-15 02:00:00,18.2,76,0.0,,240,25.2,36.0,1015.6,,8,4
2025-07-15 03:00:00,17.9,77,0.0,,250,25.2,27.8,1015.5,,5,3
2025-07-15 04:00:00,17.7,78,0.0,,250,21.6,32.0,1015.7,,6,3
2025-07-15 05:00:00,18.1,72,0.0,,250,18.0,29.0,1016.0,,7,4
2025-07-15 06:00:00,18.9,65,0.0,,250,21.6,29.6,1016.4,,1,1
2025-07-15 07:00:00,19.6,58,0.0,,270,21.6,32.0,1016.8,,7,4
2025-07-15 08:00:00,20.6,53,0.0,,260,18.0,32.0,1016.9,,0,1
2025-07-15 09:00:00,20.1,56,0.0,,260,25.2,35.2,1017.0,,6,3
2025-07-15 10:00:00,21.0,55,0.0,,240,25.2,36.0,1017.3,,5,3
2025-07-15 11:00:00,21.9,49,0.0,,260,28.8,43.0,1017.3,,2,2
2025-07-15 12:00:00,22.3,40,0.0,,260,32.4,26.0,1017.3,,2,2
2025-07-15 13:00:00,22.4,42,0.0,,250,32.4,46.0,1017.3,,7,4
2025-07-15 14:00:00,21.7,46,0.0,,250,32.4,50.0,1017.1,,7,4
2025-07-15 15:00:00,21.6,49,0.0,,260,28.8,40.8,1016.7,,8,4
2025-07-15 16:00:00,20.7,51,0.0,,240,28.8,47.0,1016.4,,8,4
2025-07-15 17:00:00,20.4,51,0.0,,240,31.7,46.0,1016.1,,8,4
2025-07-15 18:00:00,20.1,53,0.0,,240,29.5,37.0,1015.7,,4,3
2025-07-15 19:00:00,20.0,55,0.0,,240,25.9,39.0,1015.5,,7,4
2025-07-15 20:00:00,19.3,61,0.0,,240,22.3,35.0,1015.3,,8,4
2025-07-15 21:00:00,19.0,63,0.0,,220,22.3,31.5,1015.1,,8,4
2025-07-15 22:00:00,18.9,59,0.0,,220,25.9,35.0,1014.6,,8,4
2025-07-15 23:00:00,18.4,61,0.0,,210,25.2,39.0,1014.0,,8,8
2025-07-16 00:00:00,15.5,85,0.5,,220,25.2,29.6,1013.3,,8,8
2025-07-16 01:00:00,15.2,92,5.0,,200,28.8,39.0,1012.3,,8,8
2025-07-16 02:00:00,14.7,94,4.0,,230,10.8,35.0,1012.3,,8,8
2025-07-16 03:00:00,15.1,96,0.3,,190,14.8,25.9,1011.9,,8,8
2025-07-16 04:00:00,14.7,96,1.2,,180,14.4,18.0,1011.6,,8,17
2025-07-16 05:00:00,15.6,94,0.5,,200,14.4,22.0,1011.4,,8,17
2025-07-16 06:00:00,15.8,93,0.6,,300,7.2,29.6,1011.5,,8,17
2025-07-16 07:00:00,17.1,89,0.8,,270,14.4,22.0,1011.7,,8,8
2025-07-16 08:00:00,17.5,80,0.0,,280,21.6,29.0,1012.0,,8,4
2025-07-16 09:00:00,17.2,86,0.8,,290,21.6,35.2,1012.3,,8,8
2025-07-16 10:00:00,17.8,86,0.7,,260,25.2,36.0,1012.2,,8,17
2025-07-16 11:00:00,18.2,85,3.0,,280,25.2,40.0,1012.6,,8,8
2025-07-16 12:00:00,18.8,79,0.0,,300,32.4,37.0,1012.9,,8,4
2025-07-16 13:00:00,19.1,80,0.0,,290,28.8,42.0,1013.2,,8,4
2025-07-16 14:00:00,19.5,76,0.0,,300,28.8,43.0,1013.5,,7,4
2025-07-16 15:00:00,19.3,74,0.0,,300,28.8,35.2,1013.9,,4,3
2025-07-16 16:00:00,19.2,74,0.0,,320,25.2,36.0,1014.3,,5,3
2025-07-16 17:00:00,19.1,75,0.0,,310,21.6,36.0,1014.8,,4,3
2025-07-16 18:00:00,18.6,78,0.0,,300,21.6,33.3,1015.2,,3,2
2025-07-16 19:00:00,17.9,80,0.0,,310,18.0,25.0,1015.5,,0,1
2025-07-16 20:00:00,17.2,82,0.0,,330,14.4,22.0,1016.3,,0,1
2025-07-16 21:00:00,16.3,87,0.0,,320,7.2,20.4,1016.5,,0,1
2025-07-16 22:00:00,15.8,90,0.0,,300,7.2,11.0,1017.1,,0,1
2025-07-16 23:00:00,15.4,92,0.0,,300,7.2,11.0,1017.3,,4,3
2025-07-17 00:00:00,14.9,93,0.0,,320,7.2,9.3,1017.3,,1,1
2025-07-17 01:00:00,14.5,94,0.0,,350,3.6,7.0,1017.3,,0,1
2025-07-17 02:00:00,13.8,94,0.0,,270,3.6,7.0,1017.4,,0,5
2025-07-17 03:00:00,13.6,98,0.0,,0,0.0,9.3,1017.4,,6,3
2025-07-17 04:00:00,13.1,97,0.0,,0,0.0,4.0,1017.6,,6,3
2025-07-17 05:00:00,15.0,92,0.0,,300,7.2,11.0,1017.8,,5,3
2025-07-17 06:00:00,17.4,82,0.0,,300,10.8,14.8,1018.0,,0,1
2025-07-17 07:00:00,18.5,76,0.0,,300,14.4,22.0,1018.1,,4,3
2025-07-17 08:00:00,19.3,68,0.0,,290,14.4,22.0,1018.3,,4,3
2025-07-17 09:00:00,20.0,66,0.0,,300,14.8,24.1,1018.4,,2,2
2025-07-17 10:00:00,20.5,64,0.0,,310,14.8,26.0,1018.1,,4,3
2025-07-17 11:00:00,21.3,55,0.0,,310,10.8,25.0,1018.2,,3,2
2025-07-17 12:00:00,21.8,57,0.0,,310,18.0,27.8,1018.2,,0,1
2025-07-17 13:00:00,21.8,58,0.0,,310,18.0,26.0,1018.1,,0,1
2025-07-17 14:00:00,21.6,54,0.0,,300,14.4,25.0,1017.9,,2,2
2025-07-17 15:00:00,21.9,53,0.0,,310,10.8,27.8,1017.6,,2,2
2025-07-17 16:00:00,21.8,54,0.0,,300,10.8,22.0,1017.5,,0,1
2025-07-17 17:00:00,21.9,51,0.0,,300,10.8,18.0,1017.0,,0,1
2025-07-17 18:00:00,21.5,50,0.0,,330,10.8,20.4,1016.9,,0,1
2025-07-17 19:00:00,20.2,57,0.0,,320,10.8,14.0,1016.8,,6,3
2025-07-17 20:00:00,18.8,65,0.0,,350,7.2,11.0,1016.8,,8,4
2025-07-17 21:00:00,17.5,73,0.0,,330,7.2,11.1,1016.9,,8,4
2025-07-17 22:00:00,15.9,82,0.0,,50,7.2,7.0,1016.6,,8,4
2025-07-17 23:00:00,15.8,85,0.0,,0,0.0,7.0,1016.5,,7,4
2025-07-18 00:00:00,14.8,90,0.0,,0,0.0,5.5,1016.3,,8,4
2025-07-18 01:00:00,14.8,92,0.0,,20,3.6,4.0,1015.9,,8,4
2025-07-18 02:00:00,14.1,94,0.0,,20,3.6,4.0,1015.5,,8,4
2025-07-18 03:00:00,14.3,95,0.0,,20,3.6,7.4,1015.5,,7,4
2025-07-18 04:00:00,14.5,98,0.0,,120,3.6,7.0,1015.5,,8,4
2025-07-18 05:00:00,16.5,92,0.0,,110,7.2,11.0,1015.3,,8,4
2025-07-18 06:00:00,17.5,86,0.0,,130,7.2,11.1,1015.6,,8,4
2025-07-18 07:00:00,18.4,82,0.0,,150,7.2,18.0,1015.7,,8,4
2025-07-18 08:00:00,19.7,78,0.0,,150,7.2,14.0,1015.6,,8,4
2025-07-18 09:00:00,20.7,72,0.0,,130,7.2,14.8,1015.4,,8,4
2025-07-18 10:00:00,22.4,63,0.0,,150,7.2,14.0,1015.0,,8,4
2025-07-18 11:00:00,23.5,56,0.0,,110,7.2,14.0,1014.7,,8,4
2025-07-18 12:00:00,24.7,50,0.0,,220,7.2,16.7,1014.6,,8,4
2025-07-18 13:00:00,24.4,56,0.0,,180,7.2,15.0,1014.4,,8,4
2025-07-18 14:00:00,25.0,54,0.0,,320,3.6,11.0,1014.1,,8,4
2025-07-18 15:00:00,26.1,53,0.0,,360,3.6,16.7,1013.8,,7,4
2025-07-18 16:00:00,25.5,54,0.0,,110,7.2,14.0,1013.3,,8,4
2025-07-18 17:00:00,25.3,56,0.0,,80,10.8,18.0,1013.0,,8,4
2025-07-18 18:00:00,25.2,57,0.0,,80,10.8,16.7,1012.7,,0,1
2025-07-18 19:00:00,23.9,61,0.0,,80,10.8,18.0,1012.7,,0,1
2025-07-18 20:00:00,22.1,68,0.0,,80,10.8,18.0,1012.8,,0,1
2025-07-18 21:00:00,20.5,75,0.0,,80,7.2,14.8,1012.7,,4,3
2025-07-18 22:00:00,19.7,78,0.0,,90,7.2,11.0,1012.4,,6,3
2025-07-18 23:00:00,20.0,78,0.0,,90,10.8,14.0,1012.0,,8,4
2025-07-19 00:00:00,19.7,81,0.0,,100,14.4,16.7,1011.6,,8,4
2025-07-19 01:00:00,19.3,83,0.0,,110,10.8,22.0,1011.1,,8,4
2025-07-19 02:00:00,18.6,86,0.0,,100,7.2,18.0,1010.9,,1,1
2025-07-19 03:00:00,18.1,88,0.0,,90,10.8,18.5,1010.5,,5,3
2025-07-19 04:00:00,18.2,88,0.0,,90,10.8,18.0,1010.1,,1,1
2025-07-19 05:00:00,18.9,85,0.0,,90,14.4,22.0,1009.8,,0,1
2025-07-19 06:00:00,20.9,76,0.0,,100,18.0,22.2,1009.4,,8,4
2025-07-19 07:00:00,22.6,70,0.0,,100,14.4,25.0,1009.2,,8,4
2025-07-19 08:00:00,23.5,66,0.0,,90,14.4,25.0,1008.6,,7,4
2025-07-19 09:00:00,25.0,64,0.0,,90,14.4,27.8,1007.8,,8,4
2025-07-19 10:00:00,26.3,58,0.0,,80,21.6,29.0,1007.4,,8,4
2025-07-19 11:00:00,27.2,52,0.0,,100,21.6,29.0,1006.9,,6,3
2025-07-19 12:00:00,28.4,49,0.0,,110,18.0,31.5,1006.0,,8,4
2025-07-19 13:00:00,28.4,46,0.0,,120,21.6,35.0,1005.4,,8,4
2025-07-19 14:00:00,28.6,43,0.0,,120,22.3,35.0,1004.9,,8,4
2025-07-19 15:00:00,28.6,44,0.0,,120,18.4,29.6,1004.7,,8,4
2025-07-19 16:00:00,25.2,66,0.3,,100,14.4,40.0,1004.4,,8,17
2025-07-19 17:00:00,24.5,72,0.1,,160,7.2,32.0,1004.1,,8,8
2025-07-19 18:00:00,22.6,78,0.3,,140,14.4,25.9,1004.3,,8,8
2025-07-19 19:00:00,22.5,78,0.0,,140,14.4,25.0,1004.7,,8,7
2025-07-19 20:00:00,21.8,83,0.0,,140,10.8,18.0,1004.9,,8,8
2025-07-19 21:00:00,21.9,84,0.0,,190,7.2,20.4,1005.2,,8,8
2025-07-19 22:00:00,21.5,80,0.0,,210,10.8,14.0,1005.3,,8,4
2025-07-19 23:00:00,21.1,81,0.0,,210,10.8,18.0,1005.5,,8,4
2025-07-20 00:00:00,19.9,88,0.0,,210,10.8,18.5,1005.1,,7,4
2025-07-20 01:00:00,19.5,90,0.0,,190,7.2,18.0,1005.1,,8,4
2025-07-20 02:00:00,18.6,93,0.0,,160,10.8,11.0,1005.0,,8,4
2025-07-20 03:00:00,18.5,89,0.0,,210,7.2,14.8,1004.6,,8,4
2025-07-20 04:00:00,18.0,92,0.0,,130,7.2,7.0,1004.5,,8,4
2025-07-20 05:00:00,18.8,93,0.0,,160,3.6,7.0,1004.6,,8,4
2025-07-20 06:00:00,19.5,93,0.0,,120,7.2,16.7,1004.4,,8,7
2025-07-20 07:00:00,20.5,89,0.0,,120,10.8,14.0,1004.2,,8,8
2025-07-20 08:00:00,21.3,85,0.0,,130,10.8,18.0,1004.1,,8,4
2025-07-20 09:00:00,23.0,78,0.0,,130,14.4,24.1,1003.5,,8,4
2025-07-20 10:00:00,24.6,70,0.0,,150,14.8,26.0,1003.3,,8,4
2025-07-20 11:00:00,25.8,63,0.0,,160,18.0,29.0,1003.0,,7,4
2025-07-20 12:00:00,24.8,60,0.0,,170,21.6,29.6,1002.7,,8,4
2025-07-20 13:00:00,23.4,71,0.5,,190,10.8,31.0,1002.6,,8,8
2025-07-20 14:00:00,20.2,90,2.9,,250,21.6,36.0,1003.2,,8,17
2025-07-20 15:00:00,20.0,87,0.1,,320,10.8,27.8,1002.7,,8,7
2025-07-20 16:00:00,19.9,87,0.0,,300,10.8,25.0,1002.8,,8,8
2025-07-20 17:00:00,20.3,85,0.0,,350,3.6,14.0,1002.6,,8,4
2025-07-20 18:00:00,20.4,87,0.0,,100,7.2,20.4,1003.0,,8,4
2025-07-20 19:00:00,20.5,85,0.0,,140,7.2,11.0,1002.9,,4,3
2025-07-20 20:00:00,19.4,85,0.0,,190,7.2,18.0,1003.4,,8,4
2025-07-20 21:00:00,18.5,88,0.0,,150,10.8,18.5,1003.5,,0,1
2025-07-20 22:00:00,18.1,90,0.0,,160,10.8,18.0,1003.5,,4,3
2025-07-20 23:00:00,18.6,89,0.0,,150,7.2,18.0,1003.2,,8,4
2025-07-21 00:00:00,18.0,89,0.0,,180,10.8,16.7,1002.6,,2,2
2025-07-21 01:00:00,17.1,93,0.0,,160,10.8,11.0,1002.6,,0,1
2025-07-21 02:00:00,16.7,93,0.0,,150,14.4,18.0,1002.8,,0,1
2025-07-21 03:00:00,16.1,92,0.0,,170,10.8,18.5,1002.7,,0,1
2025-07-21 04:00:00,15.5,91,0.0,,160,10.8,18.0,1002.4,,0,1
2025-07-21 05:00:00,16.2,90,0.0,,150,10.8,18.0,1002.7,,0,1
2025-07-21 06:00:00,17.8,82,0.0,,140,14.4,22.2,1002.5,,0,1
2025-07-21 07:00:00,19.5,76,0.0,,140,18.0,25.0,1002.5,,0,1
2025-07-21 08:00:00,20.8,70,0.0,,150,21.6,29.0,1002.3,,1,1
2025-07-21 09:00:00,21.0,65,0.0,,170,25.2,33.3,1002.4,,4,3
2025-07-21 10:00:00,22.6,61,0.0,,160,25.9,39.0,1002.0,,5,3
2025-07-21 11:00:00,22.7,60,0.0,,170,25.2,40.0,1001.6,,7,4
2025-07-21 12:00:00,21.8,60,0.0,,210,14.4,35.2,1001.6,,8,4
2025-07-21 13:00:00,21.1,76,3.0,,160,18.0,46.0,1001.7,,8,8
2025-07-21 14:00:00,20.7,76,0.0,,210,7.2,22.0,1001.7,,8,8
2025-07-21 15:00:00,21.4,71,0.0,,120,10.8,29.6,1001.6,,8,4
2025-07-21 16:00:00,17.7,84,1.0,,160,21.6,36.0,1001.8,,8,17
2025-07-21 17:00:00,19.0,84,0.6,,150,7.2,18.0,1001.8,,8,8
2025-07-21 18:00:00,16.1,88,3.4,,320,7.2,22.2,1002.5,,8,17
2025-07-21 19:00:00,16.4,90,0.2,,170,3.6,11.0,1002.7,,8,7
2025-07-21 20:00:00,16.8,93,0.2,,190,10.8,11.0,1003.4,,8,8
2025-07-21 21:00:00,16.7,94,3.0,,170,7.2,22.2,1003.8,,8,8
2025-07-21 22:00:00,16.6,96,0.5,,160,7.2,11.0,1004.1,,8,8
2025-07-21 23:00:00,16.7,97,0.1,,180,7.2,11.0,1004.1,,8,8
2025-07-22 00:00:00,16.9,95,0.0,,230,10.8,22.2,1004.1,,8,4
2025-07-22 01:00:00,16.6,96,0.0,,220,10.8,18.0,1004.3,,8,4
2025-07-22 02:00:00,16.9,95,0.0,,220,14.4,18.0,1004.6,,8,4
2025-07-22 03:00:00,16.8,96,0.0,,210,10.8,25.9,1004.8,,8,4
2025-07-22 04:00:00,17.1,93,0.0,,230,14.4,22.0,1005.2,,8,4
2025-07-22 05:00:00,17.6,93,0.0,,230,14.4,22.0,1005.7,,8,4
2025-07-22 06:00:00,18.1,89,0.0,,230,14.4,25.9,1006.0,,8,4
2025-07-22 07:00:00,19.4,82,0.0,,250,21.6,32.0,1006.6,,7,4
2025-07-22 08:00:00,20.2,80,0.0,,250,25.2,36.0,1007.0,,4,3
2025-07-22 09:00:00,20.3,78,0.0,,250,28.8,33.3,1007.5,,7,4
2025-07-22 10:00:00,20.3,77,0.0,,260,28.8,40.0,1007.9,,8,4
2025-07-22 11:00:00,21.1,74,0.0,,250,28.8,40.0,1008.2,,5,3
2025-07-22 12:00:00,21.1,75,0.0,,260,32.4,40.8,1008.6,,6,3
2025-07-22 13:00:00,21.5,73,0.0,,270,31.7,42.0,1009.1,,6,3
2025-07-22 14:00:00,21.4,72,0.0,,270,28.8,43.0,1009.3,,6,3
2025-07-22 15:00:00,21.6,70,0.0,,270,28.8,40.8,1009.5,,5,3
2025-07-22 16:00:00,21.1,73,0.0,,280,28.8,43.0,1009.7,,4,3
2025-07-22 17:00:00,21.0,73,0.0,,270,25.2,40.0,1010.0,,6,3
2025-07-22 18:00:00,20.4,78,0.0,,270,25.2,35.2,1010.4,,6,3
2025-07-22 19:00:00,19.9,79,0.0,,270,21.6,32.0,1010.5,,0,1
2025-07-22 20:00:00,19.2,83,0.0,,270,21.6,32.0,1010.8,,0,1
2025-07-22 21:00:00,18.6,88,0.0,,260,10.8,25.9,1010.9,,2,2
2025-07-22 22:00:00,19.0,89,0.0,,250,14.4,22.0,1010.9,,3,2
2025-07-22 23:00:00,19.0,89,0.0,,250,14.4,22.0,1010.7,,7,4
2025-07-23 00:00:00,18.3,92,0.0,,280,10.8,18.5,1010.7,,4,3
2025-07-23 01:00:00,18.3,89,0.0,,260,10.8,18.0,1010.9,,7,4
2025-07-23 02:00:00,18.0,88,0.0,,270,10.8,18.0,1010.7,,8,4
2025-07-23 03:00:00,17.3,90,0.0,,260,7.2,16.7,1010.6,,8,4
2025-07-23 04:00:00,17.8,88,0.0,,270,7.2,11.0,1010.6,,8,4
2025-07-23 05:00:00,18.8,85,0.0,,270,10.8,14.0,1010.6,,8,4
2025-07-23 06:00:00,19.0,85,0.0,,280,10.8,20.4,1010.6,,8,4
2025-07-23 07:00:00,19.9,80,0.0,,260,10.8,18.0,1010.7,,7,4
2025-07-23 08:00:00,20.5,77,0.0,,260,14.4,22.0,1011.0,,7,4
2025-07-23 09:00:00,20.1,81,0.0,,310,14.4,25.9,1011.3,,8,4
2025-07-23 10:00:00,20.2,80,0.2,,280,18.0,25.0,1011.7,,8,8
2025-07-23 11:00:00,22.0,71,0.0,,280,21.6,32.0,1011.7,,7,4
2025-07-23 12:00:00,21.9,70,0.0,,300,18.0,29.6,1011.8,,8,4
2025-07-23 13:00:00,21.3,71,0.0,,310,18.0,30.0,1011.9,,8,4
2025-07-23 14:00:00,22.4,66,0.0,,310,21.6,29.0,1011.8,,5,3
2025-07-23 15:00:00,21.2,72,0.0,,320,18.0,29.6,1012.0,,5,3
2025-07-23 16:00:00,20.9,75,0.0,,310,21.6,29.0,1012.3,,7,4
2025-07-23 17:00:00,20.4,74,0.0,,310,14.4,25.0,1012.2,,8,4
2025-07-23 18:00:00,20.2,74,0.0,,320,14.4,25.9,1012.3,,7,4
2025-07-23 19:00:00,19.8,78,0.0,,320,14.4,22.0,1012.3,,4,3
2025-07-23 20:00:00,18.4,86,0.0,,310,10.8,18.0,1012.8,,7,4
2025-07-23 21:00:00,18.0,86,0.0,,330,10.8,16.7,1012.8,,1,1
2025-07-23 22:00:00,17.2,90,0.0,,300,3.6,14.0,1012.9,,7,4
2025-07-23 23:00:00,17.0,90,0.0,,290,7.2,7.0,1013.0,,3,2
2025-07-24 00:00:00,17.1,92,0.0,,280,7.2,11.1,1013.0,,7,4
2025-07-24 01:00:00,16.9,92,0.0,,270,10.8,15.0,1012.9,,0,1
2025-07-24 02:00:00,17.0,93,0.0,,290,10.8,14.0,1013.0,,7,4
2025-07-24 03:00:00,17.1,90,0.0,,260,10.8,11.1,1013.2,,7,4
2025-07-24 04:00:00,16.6,88,0.0,,300,10.8,14.0,1013.0,,5,3
2025-07-24 05:00:00,17.1,87,0.0,,270,14.4,18.0,1012.7,,0,1
2025-07-24 06:00:00,18.6,84,0.0,,270,14.4,14.8,1013.1,,0,1
2025-07-24 07:00:00,19.4,82,0.0,,270,10.8,18.0,1013.3,,5,3
2025-07-24 08:00:00,19.5,80,0.0,,270,10.8,22.0,1013.5,,8,4
2025-07-24 09:00:00,21.0,73,0.0,,270,7.0,20.4,1013.0,,8,4
2025-07-24 10:00:00,21.4,69,0.0,,270,10.8,20.4,1014.2,,7,4
2025-07-24 11:00:00,22.3,65,0.0,,270,10.8,22.0,1014.1,,6,3
2025-07-24 12:00:00,23.2,62,0.0,,290,10.8,24.1,1014.3,,5,3
2025-07-24 13:00:00,23.1,61,0.0,,280,14.8,22.0,1014.4,,8,4
2025-07-24 14:00:00,23.8,58,0.0,,290,14.4,25.0,1014.3,,6,3
2025-07-24 15:00:00,23.0,61,0.1,,310,14.8,25.9,1014.6,,7,4
2025-07-24 16:00:00,23.0,62,0.0,,300,14.4,25.0,1014.7,,0,1
2025-07-24 17:00:00,22.1,67,0.0,,320,18.0,25.0,1014.8,,0,1
2025-07-24 18:00:00,21.0,71,0.0,,340,10.8,24.1,1015.1,,3,2
2025-07-24 19:00:00,19.9,77,0.0,,330,14.4,22.0,1015.6,,4,3
2025-07-24 20:00:00,19.2,81,0.0,,330,10.8,22.0,1015.9,,7,4
2025-07-24 21:00:00,18.7,84,0.0,,300,3.6,16.7,1016.4,,8,4
2025-07-24 22:00:00,18.4,86,0.0,,270,7.2,7.0,1016.5,,0,1
2025-07-24 23:00:00,18.6,89,0.0,,280,7.2,11.0,1016.7,,5,3
2025-07-25 00:00:00,19.0,91,0.0,,310,7.2,13.0,1016.6,,8,4
2025-07-25 01:00:00,19.0,89,0.0,,340,7.2,11.0,1016.3,,8,4
2025-07-25 02:00:00,18.9,87,0.0,,340,10.8,18.0,1016.4,,8,4
2025-07-25 03:00:00,18.8,88,0.0,,340,10.8,14.8,1016.5,,8,4
2025-07-25 04:00:00,17.9,90,0.0,,330,14.4,22.0,1016.7,,8,8
2025-07-25 05:00:00,17.8,96,0.1,,330,10.8,22.0,1016.7,,8,8
2025-07-25 06:00:00,18.0,93,0.0,,340,10.8,18.5,1017.1,,8,4
2025-07-25 07:00:00,18.5,86,0.0,,350,10.8,22.0,1017.5,,8,4
2025-07-25 08:00:00,19.3,82,0.0,,340,10.8,18.0,1017.8,,8,4
2025-07-25 09:00:00,20.2,79,0.0,,340,14.4,22.2,1017.8,,8,4
2025-07-25 10:00:00,20.1,80,0.0,,340,18.0,25.0,1018.2,,8,4
2025-07-25 11:00:00,19.6,78,0.0,,340,14.4,25.0,1018.4,,8,4
2025-07-25 12:00:00,21.1,70,0.0,,320,14.4,25.9,1018.2,,8,4
2025-07-25 13:00:00,21.1,70,0.0,,330,14.4,22.0,1018.1,,8,4
2025-07-25 14:00:00,22.3,62,0.0,,310,7.2,18.0,1018.0,,8,4
2025-07-25 15:00:00,22.0,64,0.0,,330,14.4,27.8,1018.1,,7,4
2025-07-25 16:00:00,22.6,63,0.0,,330,14.4,25.0,1017.7,,7,4
2025-07-25 17:00:00,21.7,65,0.0,,310,14.4,29.0,1017.6,,0,1
2025-07-25 18:00:00,21.2,67,0.0,,300,10.8,20.4,1017.6,,0,1
2025-07-25 19:00:00,20.9,68,0.0,,300,3.6,14.0,1017.8,,8,4
2025-07-25 20:00:00,19.7,73,0.0,,300,10.8,14.0,1018.1,,8,4
2025-07-25 21:00:00,18.4,80,0.0,,290,7.2,11.1,1018.3,,2,2
2025-07-25 22:00:00,17.5,84,0.0,,290,3.6,11.0,1018.3,,8,4
2025-07-25 23:00:00,16.7,86,0.0,,290,3.6,7.0,1018.1,,0,1
2025-07-26 00:00:00,15.9,91,0.0,,150,3.6,7.4,1017.8,,0,1
2025-07-26 01:00:00,16.9,88,0.0,,160,3.6,7.0,1017.3,,8,4
2025-07-26 02:00:00,15.9,94,0.0,,160,10.8,14.0,1017.0,,5,3
2025-07-26 03:00:00,15.6,93,0.0,,140,3.6,7.4,1016.8,,8,4
2025-07-26 04:00:00,16.1,94,0.0,,160,10.8,11.0,1016.3,,8,4
2025-07-26 05:00:00,17.2,92,0.0,,170,10.8,14.0,1016.1,,8,4
2025-07-26 06:00:00,19.2,81,0.0,,180,10.8,14.8,1015.9,,8,4
2025-07-26 07:00:00,20.6,73,0.0,,190,18.0,22.0,1016.0,,1,1
2025-07-26 08:00:00,22.3,68,0.0,,220,14.4,25.0,1015.5,,6,3
2025-07-26 09:00:00,22.8,65,0.0,,230,21.6,24.1,1015.4,,7,4
2025-07-26 10:00:00,22.2,74,0.0,,280,21.6,29.0,1015.5,,8,4
2025-07-26 11:00:00,23.5,61,0.0,,260,25.2,36.0,1015.5,,8,4
2025-07-26 12:00:00,24.3,56,0.0,,260,25.2,29.6,1015.5,,8,4
2025-07-26 13:00:00,23.9,56,0.0,,260,21.6,35.0,1015.5,,8,4
2025-07-26 14:00:00,23.2,66,0.0,,270,21.6,36.0,1015.0,,8,4
2025-07-26 15:00:00,22.1,71,0.0,,270,25.2,29.6,1014.8,,8,4
2025-07-26 16:00:00,21.1,76,0.0,,260,25.2,32.0,1014.7,,8,4
2025-07-26 17:00:00,21.6,76,0.0,,270,21.6,32.0,1014.4,,8,4
2025-07-26 18:00:00,20.3,80,0.0,,280,21.6,25.9,1014.5,,8,4
2025-07-26 19:00:00,20.2,84,0.0,,280,14.4,25.0,1014.4,,8,4
2025-07-26 20:00:00,19.9,83,0.0,,290,18.0,22.0,1014.8,,8,4
2025-07-26 21:00:00,19.5,86,0.0,,320,14.4,22.2,1015.2,,8,8
2025-07-26 22:00:00,18.6,92,0.1,,320,14.4,18.0,1015.4,,8,7
2025-07-26 23:00:00,17.3,91,4.0,,330,14.4,25.0,1015.5,,8,8
2025-07-27 00:00:00,17.1,89,0.0,,340,14.4,16.7,1015.3,,8,8
2025-07-27 01:00:00,16.5,88,0.0,,360,7.6,18.0,1014.9,,8,8
2025-07-27 02:00:00,15.5,93,0.0,,320,3.6,7.0,1015.1,,1,1
2025-07-27 03:00:00,15.3,96,0.0,,300,3.6,13.0,1014.8,,8,4
2025-07-27 04:00:00,15.4,94,0.0,,320,3.6,7.0,1014.6,,8,4
2025-07-27 05:00:00,16.2,92,0.0,,30,3.6,7.0,1014.4,,7,4
2025-07-27 06:00:00,17.5,83,0.0,,360,7.2,14.8,1014.4,,8,4
2025-07-27 07:00:00,18.0,80,0.0,,350,10.8,14.0,1014.7,,8,4
2025-07-27 08:00:00,19.0,75,0.0,,360,10.8,22.0,1015.0,,7,4
2025-07-27 09:00:00,19.1,72,0.0,,350,10.8,24.1,1014.9,,8,4
2025-07-27 10:00:00,19.9,66,0.0,,330,10.8,22.0,1014.7,,8,4
2025-07-27 11:00:00,20.5,62,0.0,,330,14.4,22.0,1014.6,,8,4
2025-07-27 12:00:00,21.0,58,0.0,,330,18.0,29.6,1014.5,,7,4
2025-07-27 13:00:00,21.1,62,0.0,,320,21.6,31.0,1014.4,,8,4
2025-07-27 14:00:00,21.5,59,0.0,,310,25.2,36.0,1014.2,,8,4
2025-07-27 15:00:00,20.9,59,0.0,,310,25.2,33.3,1014.5,,8,4
2025-07-27 16:00:00,20.1,65,0.0,,340,21.6,32.0,1014.4,,8,4
2025-07-27 17:00:00,19.5,66,0.0,,320,21.6,32.0,1014.4,,8,4
2025-07-27 18:00:00,19.0,68,0.0,,330,21.6,33.3,1014.5,,8,4
2025-07-27 19:00:00,18.0,68,0.0,,330,18.0,29.0,1015.0,,8,4
2025-07-27 20:00:00,17.2,72,0.0,,340,14.4,25.0,1015.3,,8,4
2025-07-27 21:00:00,16.2,79,0.0,,320,7.2,22.2,1015.4,,8,4
2025-07-27 22:00:00,15.8,80,0.0,,300,7.2,11.0,1015.6,,1,1
2025-07-27 23:00:00,16.1,80,0.0,,300,10.8,14.0,1015.6,,8,4
2025-07-28 00:00:00,16.1,84,0.0,,330,10.8,14.8,1015.5,,8,4
2025-07-28 01:00:00,15.8,86,0.0,,310,14.4,22.0,1015.5,,8,4
2025-07-28 02:00:00,15.6,86,0.0,,320,14.4,32.0,1015.4,,8,8
2025-07-28 03:00:00,15.8,89,0.0,,340,7.2,14.8,1015.5,,8,4
2025-07-28 04:00:00,15.9,85,0.0,,300,7.2,11.0,1015.8,,8,4
2025-07-28 05:00:00,16.4,79,0.0,,310,10.8,18.0,1016.0,,8,4
2025-07-28 06:00:00,16.7,79,0.0,,310,10.8,20.4,1016.3,,7,4
2025-07-28 07:00:00,18.2,75,0.0,,300,14.4,22.0,1016.5,,4,3
2025-07-28 08:00:00,18.9,64,0.0,,310,21.6,29.0,1016.8,,8,4
2025-07-28 09:00:00,19.6,70,0.0,,290,21.6,27.8,1016.8,,5,3
2025-07-28 10:00:00,18.3,67,0.0,,330,21.6,43.0,1017.5,,8,7
2025-07-28 11:00:00,19.6,67,0.0,,310,25.2,36.0,1017.5,,8,4
2025-07-28 12:00:00,19.5,73,0.4,,310,25.2,35.2,1017.6,,8,8
2025-07-28 13:00:00,20.8,61,0.0,,300,28.8,39.0,1017.7,,2,2
2025-07-28 14:00:00,20.0,73,0.0,,300,28.8,40.0,1017.9,,7,17
2025-07-28 15:00:00,20.9,61,0.0,,300,28.8,37.0,1018.0,,6,8
2025-07-28 16:00:00,20.4,62,0.0,,300,28.8,40.0,1018.0,,4,3
2025-07-28 17:00:00,19.0,70,0.0,,310,21.6,36.0,1018.4,,4,3
2025-07-28 18:00:00,19.0,68,0.0,,310,16.6,31.5,1018.5,,0,1
2025-07-28 19:00:00,17.8,74,0.0,,310,14.4,25.0,1018.7,,0,1
2025-07-28 20:00:00,17.3,76,0.0,,300,11.2,18.0,1019.0,,1,1
2025-07-28 21:00:00,16.7,80,0.0,,270,10.8,18.5,1018.9,,2,2
2025-07-28 22:00:00,16.7,81,0.0,,260,14.4,18.0,1019.0,,6,3
2025-07-28 23:00:00,17.2,79,0.0,,270,14.4,25.0,1018.8,,8,4
2025-07-29 00:00:00,17.1,79,0.0,,270,10.8,14.8,1018.8,,8,4
2025-07-29 01:00:00,17.0,78,0.0,,270,7.2,14.0,1018.6,,8,4
2025-07-29 02:00:00,16.2,80,0.0,,268,7.0,14.0,1018.1,,7,4
2025-07-29 03:00:00,16.4,77,0.0,,263,11.0,11.1,1017.7,,8,4
2025-07-29 04:00:00,15.6,81,0.0,,286,7.0,11.0,1017.5,,2,2
2025-07-29 05:00:00,15.9,81,0.0,,320,7.2,11.0,1017.6,,8,4
2025-07-29 06:00:00,17.5,68,0.0,,360,7.2,14.8,1017.6,,8,4
2025-07-29 07:00:00,18.5,62,0.0,,350,10.8,18.0,1017.6,,8,4
2025-07-29 08:00:00,19.7,58,0.0,,360,10.8,18.0,1017.6,,7,4
2025-07-29 09:00:00,20.8,46,0.0,,310,14.4,20.4,1017.4,,5,3
2025-07-29 10:00:00,20.5,50,0.0,,330,10.8,25.0,1017.2,,7,4
2025-07-29 11:00:00,20.8,44,0.0,,320,18.4,26.0,1017.1,,7,4
2025-07-29 12:00:00,21.3,43,0.0,,320,14.4,27.8,1017.0,,8,4
2025-07-29 13:00:00,21.2,46,0.0,,300,14.8,26.0,1016.8,,8,4
2025-07-29 14:00:00,21.8,42,0.0,,310,18.0,29.0,1016.6,,8,4
2025-07-29 15:00:00,21.1,47,0.0,,310,18.4,29.6,1016.7,,8,4
2025-07-29 16:00:00,20.6,50,0.0,,320,21.6,32.0,1016.6,,8,4
2025-07-29 17:00:00,19.5,60,0.0,,320,14.4,32.0,1016.6,,8,4
2025-07-29 18:00:00,18.9,62,0.0,,310,14.4,25.9,1016.5,,8,4
2025-07-29 19:00:00,18.4,66,0.0,,310,11.2,18.0,1016.7,,8,4
2025-07-29 20:00:00,17.5,72,0.0,,300,7.6,18.0,1016.9,,1,1
2025-07-29 21:00:00,17.4,71,0.0,,300,3.6,16.7,1016.7,,8,4
2025-07-29 22:00:00,17.3,73,0.0,,270,7.6,11.0,1016.6,,8,4
2025-07-29 23:00:00,17.0,75,0.0,,280,7.6,11.0,1016.5,,8,4
2025-07-30 00:00:00,16.0,78,0.0,,280,7.2,11.1,1016.3,,2,2
2025-07-30 01:00:00,15.6,79,0.0,,270,14.4,15.0,1016.0,,0,1
2025-07-30 02:00:00,14.7,83,0.0,,270,7.6,15.0,1015.7,,1,1
2025-07-30 03:00:00,14.9,83,0.0,,270,11.2,13.0,1015.6,,0,1
2025-07-30 04:00:00,15.4,82,0.0,,280,11.2,15.0,1015.8,,6,3
2025-07-30 05:00:00,15.2,86,0.0,,300,3.6,8.0,1015.9,,0,1
2025-07-30 06:00:00,17.3,71,0.0,,300,10.8,20.4,1015.8,,1,1
2025-07-30 07:00:00,18.2,68,0.0,,310,18.4,30.0,1016.2,,6,3
2025-07-30 08:00:00,18.9,63,0.0,,310,21.6,31.0,1016.3,,8,4
2025-07-30 09:00:00,19.3,58,0.0,,300,22.3,31.5,1016.4,,4,3
2025-07-30 10:00:00,20.0,54,0.0,,290,21.6,35.0,1016.4,,8,4
2025-07-30 11:00:00,20.4,51,0.0,,290,28.8,35.0,1016.5,,4,4
2025-07-30 12:00:00,21.8,48,0.0,,290,28.8,38.9,1016.5,,2,4
2025-07-30 13:00:00,21.4,51,0.0,,300,25.2,35.0,1016.8,,2,4
2025-07-30 14:00:00,21.4,53,0.0,,300,29.5,42.0,1016.8,,8,4
2025-07-30 15:00:00,21.0,55,0.0,,300,28.8,37.0,1016.6,,7,4
2025-07-30 16:00:00,20.7,58,0.0,,290,25.9,42.0,1016.5,,8,4
2025-07-30 17:00:00,19.7,55,0.0,,280,22.3,35.0,1016.3,,8,4
2025-07-30 18:00:00,19.5,63,0.0,,300,21.6,35.2,1016.3,,8,4
2025-07-30 19:00:00,18.9,67,0.0,,270,25.2,35.0,1016.4,,8,4
2025-07-30 20:00:00,18.1,70,0.0,,270,22.3,35.0,1016.5,,2,2
2025-07-30 21:00:00,18.5,70,0.0,,260,18.4,24.1,1016.3,,8,4
2025-07-30 22:00:00,18.7,71,0.0,,260,14.8,26.0,1016.0,,8,4
2025-07-30 23:00:00,18.7,73,0.0,,250,18.4,26.0,1015.5,,8,4
2025-07-31 00:00:00,18.9,77,0.0,,260,10.8,20.4,1015.1,,8,4
2025-07-31 01:00:00,19.3,80,0.0,,280,14.8,22.0,1014.5,,8,4
2025-07-31 02:00:00,19.0,77,0.0,,300,18.4,31.0,1014.4,,8,4
2025-07-31 03:00:00,18.7,76,0.0,,300,14.4,16.7,1014.0,,8,4
2025-07-31 04:00:00,17.9,78,0.0,,310,10.8,22.0,1013.9,,8,4
2025-07-31 05:00:00,17.7,78,0.0,,310,7.6,15.0,1014.1,,8,4
2025-07-31 06:00:00,18.5,75,0.0,,300,11.2,18.5,1014.1,,8,4
2025-07-31 07:00:00,19.0,75,0.0,,280,10.8,18.0,1014.4,,8,4
2025-07-31 08:00:00,20.7,65,0.0,,290,14.4,25.0,1014.3,,8,4
2025-07-31 09:00:00,21.0,65,0.0,,270,14.4,29.6,1014.3,,7,4
2025-07-31 10:00:00,22.4,65,0.0,,270,21.6,32.0,1014.1,,6,3
2025-07-31 11:00:00,20.9,67,0.0,,280,25.2,36.0,1014.2,,8,4
2025-07-31 12:00:00,21.4,66,0.0,,280,28.8,35.2,1014.0,,7,4
2025-07-31 13:00:00,21.1,69,0.0,,260,28.8,39.0,1013.9,,8,4
2025-07-31 14:00:00,20.3,71,0.0,,260,28.8,40.0,1013.9,,8,4
2025-07-31 15:00:00,20.3,73,0.0,,260,25.2,37.0,1013.5,,8,4
2025-07-31 16:00:00,20.3,71,0.0,,260,25.2,36.0,1013.1,,8,4
2025-07-31 17:00:00,17.8,84,0.0,,320,21.6,36.0,1013.0,,8,17
2025-07-31 18:00:00,18.1,86,0.1,,280,14.4,31.5,1013.0,,8,8
2025-07-31 19:00:00,17.6,75,0.0,,300,18.0,32.0,1013.0,,7,4
2025-07-31 20:00:00,17.2,78,0.0,,300,10.8,25.0,1012.9,,4,3
2025-07-31 21:00:00,16.7,80,0.0,,290,10.8,22.2,1012.9,,8,4
2025-07-31 22:00:00,16.4,84,0.0,,290,10.8,14.0,1012.6,,8,4
2025-07-31 23:00:00,15.6,87,0.0,,270,10.8,14.0,1012.3,,0,1
2025-08-01 00:00:00,16.7,86,0.0,,270,10.8,18.5,1012.3,,8,4
2025-08-01 01:00:00,16.6,93,1.0,,270,7.2,14.0,1011.8,,8,17
2025-08-01 02:00:00,16.6,95,2.0,,310,7.2,14.0,1011.5,,8,8
2025-08-01 03:00:00,15.8,97,0.0,,290,7.2,20.4,1011.4,,8,8
2025-08-01 04:00:00,15.8,96,0.0,,280,7.2,11.0,1011.3,,8,4
2025-08-01 05:00:00,15.9,92,1.0,,290,18.0,25.0,1011.2,,8,17
2025-08-01 06:00:00,16.5,91,0.2,,270,7.2,22.2,1011.0,,8,17
2025-08-01 07:00:00,16.8,88,0.6,,310,18.0,29.0,1011.1,,8,17
2025-08-01 08:00:00,18.2,86,0.1,,290,21.6,29.0,1011.2,,8,17
2025-08-01 09:00:00,16.9,86,0.3,,300,21.6,29.6,1011.4,,8,17
2025-08-01 10:00:00,18.8,77,0.0,,300,32.4,40.0,1011.2,,8,8
2025-08-01 11:00:00,18.9,76,0.0,,320,28.8,47.0,1011.5,,8,4
2025-08-01 12:00:00,18.5,76,0.0,,310,32.4,35.2,1011.6,,8,4
2025-08-01 13:00:00,19.9,67,0.0,,320,25.2,35.0,1011.8,,8,8
2025-08-01 14:00:00,20.2,66,0.0,,300,32.4,43.0,1011.9,,8,4
2025-08-01 15:00:00,19.6,69,0.0,,310,28.8,37.0,1012.0,,7,4
2025-08-01 16:00:00,19.2,67,0.0,,320,28.8,43.0,1012.1,,7,4
2025-08-01 17:00:00,18.4,73,0.0,,310,28.8,40.0,1012.0,,6,3
2025-08-01 18:00:00,17.4,79,0.0,,310,21.6,37.0,1012.2,,7,8
2025-08-01 19:00:00,16.5,89,0.4,,300,18.0,32.0,1012.3,,8,8
2025-08-01 20:00:00,16.2,90,0.6,,310,14.4,36.0,1012.5,,8,8
2025-08-01 21:00:00,16.1,87,0.2,,290,14.4,29.6,1012.4,,6,8
2025-08-01 22:00:00,16.0,85,0.0,,280,18.0,25.0,1012.1,,3,2
2025-08-01 23:00:00,15.9,93,0.8,,280,18.0,25.0,1011.8,,7,17
2025-08-02 00:00:00,16.4,91,0.4,,260,18.0,27.8,1011.3,,8,8
2025-08-02 01:00:00,16.4,91,2.0,,260,21.6,36.0,1010.5,,8,17
2025-08-02 02:00:00,16.3,93,1.1,,300,7.2,36.0,1010.6,,8,8
2025-08-02 03:00:00,16.4,92,0.9,,330,18.0,25.9,1010.7,,8,8
2025-08-02 04:00:00,16.5,93,0.5,,330,18.0,25.0,1010.8,,8,8
2025-08-02 05:00:00,15.8,90,1.4,,340,14.4,25.0,1011.1,,8,8
2025-08-02 06:00:00,16.2,94,2.6,,350,14.4,31.5,1011.5,,8,8
2025-08-02 07:00:00,16.2,93,0.3,,340,10.8,22.0,1012.0,,8,8
2025-08-02 08:00:00,15.3,93,3.0,,350,25.2,40.0,1012.9,,8,17
2025-08-02 09:00:00,16.8,88,1.0,,360,14.4,37.0,1013.2,,8,7
2025-08-02 10:00:00,18.8,72,0.0,,340,28.8,43.0,1013.6,,7,7
2025-08-02 11:00:00,18.8,70,0.0,,330,25.2,43.0,1014.0,,8,8
2025-08-02 12:00:00,19.1,71,0.0,,320,25.2,40.8,1014.4,,8,8
2025-08-02 13:00:00,18.6,70,0.0,,310,28.8,46.0,1015.0,,8,4
2025-08-02 14:00:00,17.9,73,0.0,,320,28.8,40.0,1015.3,,8,4
2025-08-02 15:00:00,18.1,70,0.0,,320,25.2,42.6,1015.6,,8,4
2025-08-02 16:00:00,16.3,80,0.3,,310,21.6,40.0,1016.1,,8,8
2025-08-02 17:00:00,16.5,78,0.1,,310,25.2,32.0,1016.2,,8,8
2025-08-02 18:00:00,16.2,80,0.0,,310,21.6,33.3,1016.3,,8,8
2025-08-02 19:00:00,14.8,90,0.4,,330,10.8,36.0,1016.7,,8,8
2025-08-02 20:00:00,14.9,91,0.3,,290,3.6,14.0,1016.6,,8,8
2025-08-02 21:00:00,15.7,78,0.0,,280,14.4,24.1,1016.9,,8,4
2025-08-02 22:00:00,15.8,73,0.0,,300,14.4,25.0,1016.9,,8,4
2025-08-02 23:00:00,15.8,75,0.0,,290,14.4,22.0,1017.0,,8,17
2025-08-03 00:00:00,15.8,77,0.0,,270,14.4,20.4,1017.0,,8,8
2025-08-03 01:00:00,15.9,74,0.0,,270,14.4,22.0,1017.0,,8,4
2025-08-03 02:00:00,16.0,75,0.0,,270,14.4,22.0,1016.7,,8,4
2025-08-03 03:00:00,16.8,75,0.0,,250,18.0,16.7,1016.4,,8,4
2025-08-03 04:00:00,17.4,75,0.0,,260,14.4,25.0,1015.9,,8,4
2025-08-03 05:00:00,17.1,75,0.0,,270,18.0,29.0,1015.8,,3,2
2025-08-03 06:00:00,18.4,70,0.0,,260,18.0,24.1,1015.8,,0,1
2025-08-03 07:00:00,18.7,69,0.0,,280,25.2,36.0,1015.8,,1,1
2025-08-03 08:00:00,19.3,68,0.0,,280,25.2,40.0,1016.1,,0,1
2025-08-03 09:00:00,19.6,68,0.0,,270,28.8,35.2,1016.6,,4,3
2025-08-03 10:00:00,19.9,65,0.0,,270,28.8,47.0,1016.6,,7,4
2025-08-03 11:00:00,20.2,63,0.0,,260,32.4,47.0,1016.7,,6,3
2025-08-03 12:00:00,20.3,67,0.0,,260,32.4,40.8,1016.7,,8,4
2025-08-03 13:00:00,20.8,65,0.0,,250,28.8,42.0,1016.6,,8,4
2025-08-03 14:00:00,20.2,66,0.0,,250,32.4,43.0,1016.6,,8,4
2025-08-03 15:00:00,20.4,62,0.0,,250,28.8,42.6,1016.3,,8,4
2025-08-03 16:00:00,19.8,68,0.0,,240,28.8,43.0,1016.3,,8,4
2025-08-03 17:00:00,19.6,76,0.0,,250,28.8,40.0,1016.3,,8,8
2025-08-03 18:00:00,18.4,90,0.6,,250,28.8,38.9,1016.1,,8,8
2025-08-03 19:00:00,18.3,95,2.0,,240,21.6,36.0,1015.8,,8,8
2025-08-03 20:00:00,19.1,94,0.1,,260,21.6,32.0,1016.1,,8,8
2025-08-03 21:00:00,19.1,94,0.0,,260,18.0,33.3,1016.2,,8,4
2025-08-03 22:00:00,19.0,94,0.0,,260,18.0,25.0,1016.3,,8,4
2025-08-03 23:00:00,18.6,95,0.0,,230,14.4,22.0,1015.9,,8,4
2025-08-04 00:00:00,19.0,94,0.2,,280,14.4,24.1,1015.9,,8,8
2025-08-04 01:00:00,18.1,95,0.0,,260,10.8,18.0,1015.8,,6,3
2025-08-04 02:00:00,17.2,96,0.0,,250,7.2,11.0,1015.8,,4,3
2025-08-04 03:00:00,16.0,98,0.0,,200,7.2,16.7,1015.9,,5,3
2025-08-04 04:00:00,15.9,99,0.0,,220,3.6,11.0,1016.1,,8,4
2025-08-04 05:00:00,16.6,99,0.0,,200,3.6,11.0,1016.2,,8,4
2025-08-04 06:00:00,17.7,96,0.0,,150,3.6,16.7,1016.4,,8,4
2025-08-04 07:00:00,19.2,90,0.0,,120,3.6,7.0,1016.2,,8,4
2025-08-04 08:00:00,20.0,87,0.0,,220,14.4,18.0,1015.9,,8,4
2025-08-04 09:00:00,20.3,72,0.0,,240,25.2,27.8,1016.0,,8,4
2025-08-04 10:00:00,21.2,64,0.0,,250,21.6,32.0,1016.0,,8,4
2025-08-04 11:00:00,22.7,57,0.0,,230,25.2,36.0,1015.3,,8,4
2025-08-04 12:00:00,22.4,65,0.0,,210,36.0,42.6,1014.6,,8,4
2025-08-04 13:00:00,22.4,57,0.0,,210,28.8,50.0,1014.2,,8,8
2025-08-04 14:00:00,22.9,64,0.0,,220,43.2,61.0,1013.7,,8,8
2025-08-04 15:00:00,22.4,73,0.0,,230,39.6,51.8,1013.1,,8,17
2025-08-04 16:00:00,22.1,75,0.0,,230,36.0,58.0,1012.6,,8,8
2025-08-04 17:00:00,21.4,78,0.0,,240,39.6,61.0,1012.6,,8,8
2025-08-04 18:00:00,20.5,84,0.0,,240,39.6,30.0,1012.3,,8,7
2025-08-04 19:00:00,19.5,89,0.2,,230,43.2,58.0,1012.4,,8,8
2025-08-04 20:00:00,19.6,91,0.1,,230,28.8,58.0,1012.6,,8,7
2025-08-04 21:00:00,17.3,90,5.0,,290,14.4,42.6,1013.3,,8,8
2025-08-04 22:00:00,17.7,85,0.0,,270,14.4,22.0,1013.9,,8,8
2025-08-04 23:00:00,17.3,89,0.0,,270,10.8,22.0,1014.1,,8,8
2025-08-05 00:00:00,17.2,84,0.0,,270,14.4,31.5,1014.2,,8,4
2025-08-05 01:00:00,16.5,84,0.0,,280,7.2,15.0,1014.3,,8,4
2025-08-05 02:00:00,15.9,80,0.0,,290,7.2,14.0,1014.5,,8,4
2025-08-05 03:00:00,16.2,72,0.0,,280,14.4,25.9,1014.6,,8,4
2025-08-05 04:00:00,16.1,69,0.0,,290,14.4,25.0,1015.0,,8,4
2025-08-05 05:00:00,15.3,73,0.0,,280,14.4,22.0,1015.5,,1,1
2025-08-05 06:00:00,16.6,71,0.0,,280,14.4,31.5,1016.0,,0,1
2025-08-05 07:00:00,17.6,66,0.0,,270,25.2,32.0,1016.3,,1,1
2025-08-05 08:00:00,17.9,63,0.0,,280,28.8,40.0,1016.8,,4,3
2025-08-05 09:00:00,17.9,66,0.0,,260,32.4,44.5,1017.3,,3,2
2025-08-05 10:00:00,18.2,62,0.0,,270,36.0,47.0,1017.9,,6,3
2025-08-05 11:00:00,18.3,60,0.0,,290,36.0,50.0,1018.6,,6,3
2025-08-05 12:00:00,18.2,63,0.0,,270,39.6,48.2,1019.1,,3,2
2025-08-05 13:00:00,17.6,65,0.0,,280,36.0,50.0,1019.7,,8,17
2025-08-05 14:00:00,18.6,65,0.9,,277,29.0,50.0,1020.2,,4,8
2025-08-05 15:00:00,18.7,61,0.0,,260,32.4,48.2,1020.4,,7,4
2025-08-05 16:00:00,14.5,80,4.9,,290,28.8,54.0,1021.1,,8,17
2025-08-05 17:00:00,17.3,78,2.0,,260,18.0,47.0,1021.2,,1,8
2025-08-05 18:00:00,17.8,74,0.0,,270,21.6,40.8,1021.5,,8,3
2025-08-05 19:00:00,17.3,73,0.0,,270,14.4,29.0,1021.5,,3,2
2025-08-05 20:00:00,16.9,76,0.0,,320,18.0,32.0,1022.4,,7,8
2025-08-05 21:00:00,16.0,76,0.0,,260,10.8,29.6,1022.7,,3,2
2025-08-05 22:00:00,16.0,76,0.0,,310,7.2,32.0,1023.0,,8,17
2025-08-05 23:00:00,14.8,84,0.3,,310,18.0,43.0,1023.3,,7,7
2025-08-06 00:00:00,14.5,84,0.0,,270,7.2,20.4,1023.2,,2,7
2025-08-06 01:00:00,14.7,82,0.0,,300,7.2,15.0,1023.3,,0,1
2025-08-06 02:00:00,15.0,78,0.0,,270,10.8,14.0,1023.4,,1,1
2025-08-06 03:00:00,14.5,81,0.0,,270,10.8,16.7,1023.4,,1,1
2025-08-06 04:00:00,14.4,82,0.0,,270,10.8,18.0,1023.4,,0,8
2025-08-06 05:00:00,14.9,78,0.0,,260,10.8,14.0,1023.4,,0,1
2025-08-06 06:00:00,16.5,75,0.0,,260,10.8,22.2,1023.7,,0,1
2025-08-06 07:00:00,17.6,71,0.0,,260,18.0,25.0,1024.0,,1,1
2025-08-06 08:00:00,18.2,68,0.0,,250,18.0,32.0,1024.0,,0,1
2025-08-06 09:00:00,18.3,67,0.0,,270,25.2,31.5,1024.1,,5,3
2025-08-06 10:00:00,18.6,62,0.0,,260,25.2,36.0,1024.4,,7,4
2025-08-06 11:00:00,19.2,59,0.0,,260,25.2,40.0,1024.4,,6,3
2025-08-06 12:00:00,19.5,63,0.0,,280,25.9,35.2,1024.3,,4,3
2025-08-06 13:00:00,19.5,58,0.0,,270,21.6,31.0,1023.9,,2,2
2025-08-06 14:00:00,19.7,54,0.0,,260,21.6,32.0,1023.7,,2,2
2025-08-06 15:00:00,19.5,55,0.0,,270,21.6,31.5,1023.3,,0,1
2025-08-06 16:00:00,19.7,57,0.0,,270,14.4,29.0,1022.5,,0,1
2025-08-06 17:00:00,19.1,58,0.0,,270,14.4,25.0,1022.2,,7,4
2025-08-06 18:00:00,18.1,65,0.0,,310,7.2,22.2,1021.8,,8,4
2025-08-06 19:00:00,17.4,71,0.0,,340,7.2,11.0,1021.4,,8,4
2025-08-06 20:00:00,16.4,76,0.0,,70,3.6,7.0,1021.5,,8,4
2025-08-06 21:00:00,15.3,83,0.0,,110,3.6,11.1,1021.0,,8,4
2025-08-06 22:00:00,15.0,79,0.0,,120,3.6,11.0,1020.4,,8,4
2025-08-06 23:00:00,15.0,79,0.0,,140,10.8,14.0,1019.9,,8,4
2025-08-07 00:00:00,15.2,81,0.0,,150,10.8,11.1,1019.4,,8,4
2025-08-07 01:00:00,15.0,82,0.0,,150,10.8,15.0,1018.8,,8,4
2025-08-07 02:00:00,14.9,84,0.0,,140,10.8,14.0,1018.2,,8,4
2025-08-07 03:00:00,14.2,85,0.0,,140,3.6,14.8,1017.8,,8,4
2025-08-07 04:00:00,14.0,85,0.0,,160,7.2,7.0,1017.3,,6,3
2025-08-07 05:00:00,14.4,85,0.0,,160,10.8,14.0,1016.9,,6,3
2025-08-07 06:00:00,16.2,77,0.0,,190,14.4,20.4,1016.7,,8,4
2025-08-07 07:00:00,17.3,75,0.0,,200,14.4,22.0,1016.7,,8,4
2025-08-07 08:00:00,19.6,69,0.0,,200,18.0,25.0,1016.1,,8,4
2025-08-07 09:00:00,20.8,65,0.0,,220,18.0,29.6,1015.9,,8,4
2025-08-07 10:00:00,22.5,56,0.0,,240,21.6,29.0,1015.9,,8,4
2025-08-07 11:00:00,22.2,57,0.0,,250,25.2,36.0,1015.8,,8,4
2025-08-07 12:00:00,21.7,62,0.0,,250,25.2,37.0,1016.2,,8,4
2025-08-07 13:00:00,22.1,60,0.0,,250,25.2,39.0,1016.0,,8,4
2025-08-07 14:00:00,21.1,58,0.0,,240,28.8,43.0,1015.9,,8,4
2025-08-07 15:00:00,21.5,53,0.0,,210,21.6,38.9,1015.3,,8,4
2025-08-07 16:00:00,23.1,52,0.0,,220,21.6,32.0,1015.0,,8,4
2025-08-07 17:00:00,21.8,55,0.0,,210,21.6,40.0,1015.1,,8,4
2025-08-07 18:00:00,20.5,66,0.0,,230,21.6,37.0,1015.2,,8,8
2025-08-07 19:00:00,20.3,67,0.0,,210,18.0,36.0,1014.7,,8,17
2025-08-07 20:00:00,19.8,68,0.0,,210,18.0,25.0,1014.6,,8,8
2025-08-07 21:00:00,18.4,78,0.0,,200,10.8,29.6,1014.5,,8,4
2025-08-07 22:00:00,18.9,71,0.0,,210,18.0,22.0,1014.2,,8,4
2025-08-07 23:00:00,17.9,74,0.0,,210,10.8,25.0,1014.2,,8,4
2025-08-08 00:00:00,17.7,75,0.0,,220,10.8,22.2,1014.3,,8,4
2025-08-08 01:00:00,18.1,73,0.0,,230,10.8,22.0,1014.2,,8,4
2025-08-08 02:00:00,18.6,74,0.0,,240,18.0,25.0,1014.3,,8,4
2025-08-08 03:00:00,18.4,83,0.0,,240,14.4,22.2,1014.1,,8,4
2025-08-08 04:00:00,18.8,85,0.0,,240,14.4,25.0,1014.9,,8,4
2025-08-08 05:00:00,19.1,87,0.0,,250,14.4,22.0,1015.2,,8,4
2025-08-08 06:00:00,19.5,84,0.0,,250,14.4,24.1,1015.5,,8,4
2025-08-08 07:00:00,20.0,81,0.0,,260,14.4,25.0,1016.1,,7,4
2025-08-08 08:00:00,20.2,78,0.0,,270,18.0,25.0,1016.6,,8,4
2025-08-08 09:00:00,20.9,76,0.0,,280,21.6,27.8,1017.4,,8,4
2025-08-08 10:00:00,21.7,66,0.0,,280,18.0,25.0,1017.6,,6,3
2025-08-08 11:00:00,23.0,60,0.0,,260,18.4,31.0,1018.1,,8,4
2025-08-08 12:00:00,22.8,56,0.0,,250,18.0,29.6,1018.5,,8,4
2025-08-08 13:00:00,22.8,60,0.0,,290,14.8,30.0,1018.8,,8,4
2025-08-08 14:00:00,22.8,61,0.0,,300,14.4,25.0,1019.1,,7,4
2025-08-08 15:00:00,22.9,60,0.0,,280,10.8,25.9,1019.3,,8,4
2025-08-08 16:00:00,22.4,59,0.0,,280,10.8,22.0,1019.3,,8,4
2025-08-08 17:00:00,22.0,62,0.0,,290,14.4,22.0,1019.5,,6,3
2025-08-08 18:00:00,21.2,67,0.0,,290,10.8,20.4,1019.8,,4,3
2025-08-08 19:00:00,19.8,74,0.0,,310,7.2,14.0,1020.2,,0,1
2025-08-08 20:00:00,18.7,80,0.0,,290,7.2,11.0,1020.5,,0,1
2025-08-08 21:00:00,17.2,88,0.0,,60,3.6,11.1,1020.5,,0,1
2025-08-08 22:00:00,16.4,92,0.0,,0,0.0,4.0,1020.4,,0,1
2025-08-08 23:00:00,15.7,94,0.0,,70,3.6,4.0,1020.5,,0,1
2025-08-09 00:00:00,15.0,96,0.0,,0,0.0,5.5,1020.2,,1,1
2025-08-09 01:00:00,14.7,96,0.0,,70,3.6,4.0,1020.0,,0,1
2025-08-09 02:00:00,14.2,98,0.0,,0,0.0,4.0,1019.8,,0,1
2025-08-09 03:00:00,13.5,98,0.0,,70,3.6,7.4,1019.5,,8,4
2025-08-09 04:00:00,12.6,99,0.0,,170,3.6,7.0,1019.3,,8,4
2025-08-09 05:00:00,13.4,98,0.0,,160,7.2,7.0,1019.5,,8,4
2025-08-09 06:00:00,14.6,97,0.0,,160,7.2,11.1,1019.4,,8,4
2025-08-09 07:00:00,17.1,88,0.0,,190,7.2,11.0,1019.5,,2,2
2025-08-09 08:00:00,19.9,68,0.0,,230,14.4,22.0,1019.6,,7,4
2025-08-09 09:00:00,21.0,66,0.0,,200,18.0,24.1,1019.2,,8,4
2025-08-09 10:00:00,22.4,61,0.0,,210,18.0,29.0,1019.0,,8,4
2025-08-09 11:00:00,22.7,61,0.0,,240,18.0,29.0,1019.1,,8,4
2025-08-09 12:00:00,22.7,57,0.0,,270,25.2,33.3,1019.4,,8,4
2025-08-09 13:00:00,22.9,61,0.0,,270,22.3,35.0,1019.9,,6,3
2025-08-09 14:00:00,22.1,55,0.0,,280,25.2,35.0,1020.2,,8,4
2025-08-09 15:00:00,21.3,61,0.0,,280,25.2,35.2,1020.8,,7,4
2025-08-09 16:00:00,21.3,54,0.0,,270,25.2,36.0,1021.3,,2,2
2025-08-09 17:00:00,20.5,56,0.0,,280,18.0,32.0,1021.5,,0,1
2025-08-09 18:00:00,19.9,59,0.0,,270,14.4,27.8,1022.1,,0,1
2025-08-09 19:00:00,19.1,66,0.0,,270,14.4,18.0,1022.7,,0,1
2025-08-09 20:00:00,18.5,70,0.0,,270,10.8,18.0,1023.1,,0,1
2025-08-09 21:00:00,18.2,73,0.0,,240,10.8,18.5,1023.4,,0,1
2025-08-09 22:00:00,16.9,80,0.0,,230,10.8,18.0,1023.7,,1,1
2025-08-09 23:00:00,15.4,86,0.0,,190,10.8,14.0,1024.0,,0,1
2025-08-10 00:00:00,15.0,86,0.0,,170,7.2,13.0,1024.1,,0,1
2025-08-10 01:00:00,14.4,90,0.0,,160,7.2,11.0,1024.2,,0,1
2025-08-10 02:00:00,14.6,91,0.0,,170,7.2,7.0,1024.5,,2,2
2025-08-10 03:00:00,14.5,91,0.0,,180,7.2,7.4,1024.7,,0,1
2025-08-10 04:00:00,14.4,94,0.0,,210,7.2,11.0,1024.9,,0,1
2025-08-10 05:00:00,14.2,96,0.0,,0,0.0,7.0,1025.7,,0,1
2025-08-10 06:00:00,16.7,90,0.0,,0,0.0,9.3,1026.3,,0,1
2025-08-10 07:00:00,19.9,71,0.0,,10,3.6,11.0,1027.0,,0,1
2025-08-10 08:00:00,20.8,67,0.0,,320,7.2,14.0,1027.6,,0,1
2025-08-10 09:00:00,21.5,56,0.0,,310,10.8,18.5,1028.1,,7,4
2025-08-10 10:00:00,22.3,47,0.0,,300,11.2,22.0,1028.5,,5,3
2025-08-10 11:00:00,22.9,49,0.0,,300,10.8,22.0,1028.6,,0,1
2025-08-10 12:00:00,23.1,46,0.0,,290,14.4,24.1,1028.6,,0,1
2025-08-10 13:00:00,23.6,44,0.0,,310,11.2,26.0,1028.6,,0,1
2025-08-10 14:00:00,22.9,46,0.0,,330,14.4,25.0,1028.7,,0,1
2025-08-10 15:00:00,22.8,47,0.0,,330,10.8,25.9,1028.5,,0,1
2025-08-10 16:00:00,22.7,45,0.0,,360,10.8,25.0,1028.0,,0,1
2025-08-10 17:00:00,22.4,47,0.0,,350,7.2,25.0,1027.6,,0,1
2025-08-10 18:00:00,21.2,59,0.0,,50,10.8,20.4,1027.7,,0,1
2025-08-10 19:00:00,19.5,67,0.0,,60,10.8,22.0,1027.4,,0,1
2025-08-10 20:00:00,18.2,72,0.0,,70,10.8,18.0,1027.7,,0,1
2025-08-10 21:00:00,17.7,73,0.0,,50,7.2,14.8,1027.7,,0,1
2025-08-10 22:00:00,16.6,76,0.0,,60,3.6,11.0,1027.8,,0,1
2025-08-10 23:00:00,16.2,80,0.0,,60,3.6,7.0,1027.7,,0,1
2025-08-11 00:00:00,15.5,84,0.0,,70,7.2,9.3,1027.4,,0,1
2025-08-11 01:00:00,15.2,83,0.0,,80,7.2,11.0,1027.0,,0,1
2025-08-11 02:00:00,14.9,84,0.0,,90,7.2,11.0,1026.8,,0,1
2025-08-11 03:00:00,14.8,83,0.0,,100,7.2,7.4,1026.3,,0,1
2025-08-11 04:00:00,14.2,85,0.0,,100,7.2,11.0,1025.8,,0,1
2025-08-11 05:00:00,14.7,86,0.0,,0,0.0,7.0,1025.4,,0,1
2025-08-11 06:00:00,16.9,78,0.0,,140,3.6,9.3,1025.3,,0,1
2025-08-11 07:00:00,19.9,68,0.0,,0,0.0,7.0,1025.5,,0,1
2025-08-11 08:00:00,21.7,59,0.0,,150,3.6,11.0,1025.5,,0,1
2025-08-11 09:00:00,23.3,52,0.0,,80,7.2,13.0,1024.9,,2,2
2025-08-11 10:00:00,24.8,49,0.0,,60,7.6,11.0,1024.7,,0,1
2025-08-11 11:00:00,25.8,47,0.0,,10,7.2,14.0,1024.3,,0,1
2025-08-11 12:00:00,26.0,48,0.0,,50,7.2,18.5,1023.8,,6,3
2025-08-11 13:00:00,26.1,46,0.0,,90,7.6,22.0,1023.2,,0,1
2025-08-11 14:00:00,26.5,46,0.0,,60,7.2,22.0,1022.7,,0,1
2025-08-11 15:00:00,26.7,46,0.0,,50,14.4,22.2,1022.3,,0,1
2025-08-11 16:00:00,26.5,46,0.0,,60,14.8,26.0,1021.7,,0,1
2025-08-11 17:00:00,25.6,50,0.0,,70,18.4,22.0,1021.3,,0,1
2025-08-11 18:00:00,24.4,52,0.0,,60,14.4,25.9,1021.2,,3,2
2025-08-11 19:00:00,23.0,58,0.0,,40,14.8,22.0,1021.0,,8,4
2025-08-11 20:00:00,21.9,62,0.0,,50,11.2,22.0,1020.9,,8,4
2025-08-11 21:00:00,21.2,66,0.0,,50,14.8,24.1,1020.7,,5,3
2025-08-11 22:00:00,20.9,71,0.0,,60,14.8,22.0,1020.6,,8,4
2025-08-11 23:00:00,20.6,68,0.0,,60,14.8,22.0,1020.5,,6,3
2025-08-12 00:00:00,19.9,70,0.0,,80,14.4,20.4,1019.8,,8,4
2025-08-12 01:00:00,19.8,71,0.0,,80,14.8,22.0,1019.4,,8,4
2025-08-12 02:00:00,19.9,71,0.0,,80,14.8,26.0,1018.9,,8,4
2025-08-12 03:00:00,18.4,77,0.0,,80,11.2,16.7,1018.3,,8,4
2025-08-12 04:00:00,18.4,78,0.0,,60,11.2,15.0,1018.4,,8,4
2025-08-12 05:00:00,18.7,76,0.0,,70,10.8,18.0,1017.8,,8,4
2025-08-12 06:00:00,18.9,76,0.0,,80,7.2,18.5,1017.8,,8,4
2025-08-12 07:00:00,19.9,68,0.0,,10,3.6,18.0,1017.6,,8,4
2025-08-12 08:00:00,21.7,63,0.0,,110,7.2,18.0,1017.4,,8,4
2025-08-12 09:00:00,22.9,56,0.0,,110,3.6,20.4,1017.5,,8,4
2025-08-12 10:00:00,24.9,52,0.0,,110,14.4,18.0,1016.8,,8,4
2025-08-12 11:00:00,26.7,46,0.0,,90,14.4,18.0,1016.2,,8,4
2025-08-12 12:00:00,28.2,41,0.0,,70,18.0,22.2,1015.5,,0,1
2025-08-12 13:00:00,28.8,43,0.0,,50,18.0,26.0,1015.0,,3,2
2025-08-12 14:00:00,29.2,40,0.0,,40,18.0,25.0,1014.5,,0,1
2025-08-12 15:00:00,29.5,43,0.0,,60,14.4,24.1,1014.0,,0,1
2025-08-12 16:00:00,29.7,40,0.0,,40,14.4,22.0,1013.8,,0,1
2025-08-12 17:00:00,29.2,44,0.0,,50,14.4,18.0,1013.5,,0,1
2025-08-12 18:00:00,28.0,47,0.0,,30,10.8,22.2,1013.5,,8,4
2025-08-12 19:00:00,26.5,52,0.0,,40,10.8,18.0,1013.6,,1,1
2025-08-12 20:00:00,25.1,59,0.0,,50,10.8,18.0,1013.8,,7,4
2025-08-12 21:00:00,24.3,61,0.0,,50,14.4,20.4,1013.5,,0,1
2025-08-12 22:00:00,22.2,70,0.0,,60,7.2,18.0,1013.4,,0,1
2025-08-12 23:00:00,21.8,70,0.0,,360,3.6,11.0,1013.3,,0,1
2025-08-13 00:00:00,20.5,75,0.0,,330,7.2,14.8,1013.3,,0,1
2025-08-13 01:00:00,19.5,82,0.0,,0,0.0,11.0,1013.4,,0,1
2025-08-13 02:00:00,18.7,86,0.0,,0,0.0,4.0,1013.4,,1,1
2025-08-13 03:00:00,18.1,90,0.0,,40,3.6,7.4,1013.2,,1,1
2025-08-13 04:00:00,18.1,93,0.0,,40,3.6,4.0,1013.2,,0,1
2025-08-13 05:00:00,18.3,92,0.0,,40,3.6,4.0,1013.7,,2,2
2025-08-13 06:00:00,20.7,84,0.0,,0,0.0,7.4,1014.1,,2,2
2025-08-13 07:00:00,23.3,69,0.0,,180,3.6,7.0,1014.6,,0,1
2025-08-13 08:00:00,26.3,56,0.0,,340,3.6,11.0,1014.5,,1,1
2025-08-13 09:00:00,27.9,52,0.0,,310,3.6,16.7,1014.9,,0,1
2025-08-13 10:00:00,29.4,49,0.0,,230,7.2,14.0,1015.2,,0,1
2025-08-13 11:00:00,28.4,59,0.0,,280,10.8,18.0,1015.2,,3,2
2025-08-13 12:00:00,30.0,57,0.0,,310,10.8,22.2,1015.0,,7,4
2025-08-13 13:00:00,29.3,58,0.0,,290,11.2,18.0,1015.0,,5,3
2025-08-13 14:00:00,28.9,61,0.0,,270,14.4,22.0,1015.1,,8,4
2025-08-13 15:00:00,25.9,67,0.0,,290,14.4,25.9,1015.5,,4,3
2025-08-13 16:00:00,25.6,67,0.0,,300,14.4,25.0,1015.3,,8,4
2025-08-13 17:00:00,25.3,69,0.0,,260,10.8,25.0,1015.6,,8,4
2025-08-13 18:00:00,24.0,72,0.0,,340,3.6,18.5,1015.6,,8,4
2025-08-13 19:00:00,23.6,75,0.0,,40,3.6,7.0,1015.7,,8,4
2025-08-13 20:00:00,22.8,76,0.0,,310,7.2,11.0,1016.5,,8,4
2025-08-13 21:00:00,22.1,75,0.0,,320,7.2,11.1,1016.4,,8,4
2025-08-13 22:00:00,21.2,80,0.0,,160,3.6,11.0,1016.5,,8,4
2025-08-13 23:00:00,21.8,80,0.0,,180,3.6,7.0,1016.8,,8,4
2025-08-14 00:00:00,22.5,80,0.0,,240,7.2,11.1,1017.4,,8,8
2025-08-14 01:00:00,22.6,79,0.0,,280,3.6,11.0,1016.8,,8,17
2025-08-14 02:00:00,24.1,71,0.0,,290,10.8,25.0,1016.4,,8,7
2025-08-14 03:00:00,22.7,76,0.0,,340,3.6,9.3,1015.8,,8,7
2025-08-14 04:00:00,22.1,81,0.0,,80,3.6,7.0,1016.8,,8,8
2025-08-14 05:00:00,21.7,85,0.4,,360,3.6,32.0,1016.9,,8,8
2025-08-14 06:00:00,21.2,88,0.0,,0,0.0,11.1,1017.4,,8,8
2025-08-14 07:00:00,22.8,83,0.0,,120,10.8,18.0,1017.5,,8,4
2025-08-14 08:00:00,24.5,75,0.0,,150,18.0,25.0,1017.3,,0,1
2025-08-14 09:00:00,26.4,63,0.0,,130,14.4,14.8,1017.6,,0,1
2025-08-14 10:00:00,27.7,55,0.0,,130,22.3,30.0,1017.7,,0,1
2025-08-14 11:00:00,29.7,50,0.0,,160,14.4,29.0,1017.6,,0,1
2025-08-14 12:00:00,30.4,48,0.0,,180,21.6,24.1,1017.5,,0,1
2025-08-14 13:00:00,26.1,67,0.0,,260,21.6,39.0,1018.0,,0,1
2025-08-14 14:00:00,25.4,68,0.0,,270,21.6,32.0,1018.3,,0,1
2025-08-14 15:00:00,25.2,66,0.0,,270,21.6,31.5,1018.6,,0,1
2025-08-14 16:00:00,24.1,68,0.0,,270,21.6,36.0,1018.8,,0,1
2025-08-14 17:00:00,22.3,75,0.0,,290,21.6,29.0,1019.1,,0,1
2025-08-14 18:00:00,21.6,76,0.0,,290,14.4,25.9,1019.8,,1,1
2025-08-14 19:00:00,20.6,80,0.0,,310,10.8,18.0,1020.4,,1,1
2025-08-14 20:00:00,19.8,84,0.0,,310,7.2,11.0,1021.0,,0,1
2025-08-14 21:00:00,19.2,87,0.0,,300,3.6,14.8,1021.4,,8,4
2025-08-14 22:00:00,18.8,90,0.0,,280,7.2,11.0,1021.7,,6,3
2025-08-14 23:00:00,18.1,92,0.0,,260,7.2,11.0,1021.7,,8,4
2025-08-15 00:00:00,18.3,92,0.0,,270,10.8,7.4,1022.1,,0,1
2025-08-15 01:00:00,17.5,97,0.0,,280,3.6,11.0,1022.1,,6,3
2025-08-15 02:00:00,17.5,97,0.0,,270,3.6,11.0,1022.1,,4,3
2025-08-15 03:00:00,17.5,96,0.0,,0,0.0,5.5,1022.2,,4,3
2025-08-15 04:00:00,17.5,94,0.0,,220,7.2,7.0,1022.3,,0,1
2025-08-15 05:00:00,17.6,94,0.0,,220,3.6,7.0,1022.4,,0,1
2025-08-15 06:00:00,19.9,90,0.0,,240,7.2,9.3,1022.9,,0,1
2025-08-15 07:00:00,21.9,80,0.0,,270,7.2,11.0,1023.2,,8,4
2025-08-15 08:00:00,23.6,71,0.0,,280,10.8,14.0,1023.6,,8,4
2025-08-15 09:00:00,25.0,64,0.0,,260,7.6,16.7,1023.7,,8,4
2025-08-15 10:00:00,25.8,61,0.0,,280,14.8,22.0,1023.9,,8,4
2025-08-15 11:00:00,25.7,61,0.0,,290,14.4,25.0,1024.0,,8,4
2025-08-15 12:00:00,26.3,57,0.0,,300,11.2,24.1,1024.0,,8,4
2025-08-15 13:00:00,26.5,52,0.0,,320,18.4,30.0,1023.7,,4,3
2025-08-15 14:00:00,26.9,51,0.0,,320,21.6,29.0,1023.9,,5,3
2025-08-15 15:00:00,26.3,52,0.0,,310,21.6,29.6,1024.0,,0,1
2025-08-15 16:00:00,24.4,63,0.0,,320,25.2,32.0,1024.1,,0,1
2025-08-15 17:00:00,22.4,73,0.0,,350,21.6,32.0,1024.2,,0,1
2025-08-15 18:00:00,20.4,79,0.0,,340,18.0,27.8,1024.3,,0,1
2025-08-15 19:00:00,19.4,82,0.0,,330,14.4,22.0,1024.4,,0,1
2025-08-15 20:00:00,19.2,82,0.0,,330,18.0,25.0,1024.8,,8,4
2025-08-15 21:00:00,19.1,81,0.0,,350,18.0,22.2,1024.9,,8,4
2025-08-15 22:00:00,19.2,80,0.0,,360,14.4,29.0,1025.0,,8,4
2025-08-15 23:00:00,18.8,83,0.0,,20,14.4,25.0,1025.1,,8,4
2025-08-16 00:00:00,18.8,85,0.0,,360,14.4,22.2,1025.2,,8,4
2025-08-16 01:00:00,19.0,83,0.0,,350,10.8,22.0,1025.1,,8,4
2025-08-16 02:00:00,19.0,82,0.0,,350,14.4,22.0,1025.2,,8,4
2025-08-16 03:00:00,18.7,84,0.0,,340,14.4,24.1,1025.2,,8,4
2025-08-16 04:00:00,18.9,80,0.0,,10,10.8,22.0,1025.2,,8,4
2025-08-16 05:00:00,18.6,83,0.0,,350,10.8,29.0,1025.5,,8,4
2025-08-16 06:00:00,18.6,80,0.0,,10,14.4,22.2,1025.8,,8,4
2025-08-16 07:00:00,18.8,74,0.0,,20,14.4,29.0,1026.1,,8,4
2025-08-16 08:00:00,19.0,75,0.0,,340,18.0,25.0,1026.5,,8,4
2025-08-16 09:00:00,19.2,71,0.0,,20,18.0,29.6,1026.7,,8,4
2025-08-16 10:00:00,19.2,69,0.0,,360,14.4,29.0,1026.9,,8,4
2025-08-16 11:00:00,19.6,67,0.0,,350,14.4,25.0,1026.9,,8,4
2025-08-16 12:00:00,20.6,62,0.0,,360,14.4,29.6,1026.6,,8,4
2025-08-16 13:00:00,20.7,61,0.0,,20,14.4,30.0,1026.4,,8,4
2025-08-16 14:00:00,21.6,53,0.0,,360,10.8,29.0,1026.0,,3,2
2025-08-16 15:00:00,21.5,54,0.0,,20,14.4,29.6,1025.8,,8,4
2025-08-16 16:00:00,21.2,50,0.0,,360,18.0,29.0,1025.5,,8,4
2025-08-16 17:00:00,19.8,56,0.0,,20,18.0,32.0,1025.4,,4,3
2025-08-16 18:00:00,18.6,58,0.0,,20,18.0,29.6,1025.6,,1,1
2025-08-16 19:00:00,17.0,64,0.0,,20,18.0,32.0,1025.5,,1,1
2025-08-16 20:00:00,16.2,67,0.0,,360,10.8,25.0,1025.6,,1,1
2025-08-16 21:00:00,15.4,72,0.0,,340,10.8,24.1,1025.4,,4,3
2025-08-16 22:00:00,14.9,75,0.0,,340,10.8,14.0,1025.4,,1,1
2025-08-16 23:00:00,13.8,80,0.0,,320,7.2,14.0,1025.4,,1,1
2025-08-17 00:00:00,13.4,84,0.0,,340,7.2,16.7,1025.3,,2,2
2025-08-17 01:00:00,13.2,85,0.0,,340,7.2,7.0,1025.2,,2,2
2025-08-17 02:00:00,14.5,81,0.0,,350,7.2,14.0,1024.7,,1,1
2025-08-17 03:00:00,14.0,83,0.0,,340,7.2,14.8,1024.3,,0,1
2025-08-17 04:00:00,13.9,83,0.0,,350,7.2,11.0,1023.9,,0,1
2025-08-17 05:00:00,13.3,87,0.0,,330,7.2,7.0,1023.9,,1,1
2025-08-17 06:00:00,16.4,73,0.0,,360,10.8,14.8,1024.0,,3,2
2025-08-17 07:00:00,16.9,73,0.0,,10,10.8,18.0,1024.1,,8,4
2025-08-17 08:00:00,17.4,74,0.0,,340,10.8,22.0,1024.0,,8,4
2025-08-17 09:00:00,18.0,76,0.0,,330,10.8,22.2,1024.1,,8,4
2025-08-17 10:00:00,19.0,74,0.0,,330,14.4,22.0,1023.8,,8,4
2025-08-17 11:00:00,19.5,73,0.0,,330,14.4,25.0,1023.5,,8,4
2025-08-17 12:00:00,19.0,77,0.0,,330,18.0,25.9,1023.3,,8,4
2025-08-17 13:00:00,19.8,74,0.0,,350,10.8,26.0,1023.2,,8,4
2025-08-17 14:00:00,19.1,74,0.0,,350,18.0,25.0,1022.9,,8,4
2025-08-17 15:00:00,19.1,74,0.0,,340,14.4,25.9,1022.7,,8,4
2025-08-17 16:00:00,18.7,78,0.0,,340,14.4,22.0,1022.7,,8,4
2025-08-17 17:00:00,18.4,78,0.0,,360,14.4,22.0,1022.5,,8,4
2025-08-17 18:00:00,17.7,82,0.0,,20,14.4,22.2,1022.4,,8,8
2025-08-17 19:00:00,17.2,85,0.0,,10,10.8,22.0,1022.3,,8,4
2025-08-17 20:00:00,17.4,81,0.0,,10,10.8,18.0,1022.4,,8,4
2025-08-17 21:00:00,17.2,81,0.0,,20,14.4,16.7,1022.3,,8,4
2025-08-17 22:00:00,17.1,83,0.0,,10,10.8,18.0,1022.5,,8,4
2025-08-17 23:00:00,16.0,88,0.0,,10,7.2,18.0,1022.4,,6,3
2025-08-18 00:00:00,16.2,88,0.0,,360,7.2,14.8,1022.3,,8,4
2025-08-18 01:00:00,16.3,88,0.0,,40,3.6,11.0,1022.1,,8,4
2025-08-18 02:00:00,15.9,93,0.0,,80,3.6,7.0,1022.3,,8,8
2025-08-18 03:00:00,15.8,94,0.0,,10,7.2,13.0,1022.0,,8,7
2025-08-18 04:00:00,15.9,94,0.0,,10,7.2,11.0,1022.0,,8,4
2025-08-18 05:00:00,16.2,91,0.0,,20,7.2,11.0,1021.9,,8,4
2025-08-18 06:00:00,16.9,87,0.0,,30,7.2,13.0,1021.8,,8,4
2025-08-18 07:00:00,17.7,85,0.0,,40,7.2,11.0,1022.0,,8,4
2025-08-18 08:00:00,18.8,79,0.0,,90,10.8,14.0,1022.1,,8,4
2025-08-18 09:00:00,19.5,74,0.0,,70,10.8,20.4,1022.1,,8,4
2025-08-18 10:00:00,20.2,69,0.0,,80,10.8,18.0,1021.9,,8,4
2025-08-18 11:00:00,20.7,61,0.0,,60,14.4,22.0,1021.7,,8,4
2025-08-18 12:00:00,22.2,54,0.0,,70,10.8,22.2,1021.4,,8,4
2025-08-18 13:00:00,22.5,54,0.0,,50,7.2,22.0,1021.0,,8,4
2025-08-18 14:00:00,23.3,52,0.0,,70,14.4,22.0,1020.4,,1,1
2025-08-18 15:00:00,23.9,50,0.0,,60,14.4,24.1,1019.8,,0,1
2025-08-18 16:00:00,24.0,50,0.0,,70,14.4,25.0,1019.4,,0,1
2025-08-18 17:00:00,23.1,55,0.0,,50,14.4,25.0,1019.2,,0,1
2025-08-18 18:00:00,21.9,62,0.0,,30,18.0,25.9,1018.9,,0,1
2025-08-18 19:00:00,20.2,73,0.0,,40,14.4,29.0,1019.0,,0,1
2025-08-18 20:00:00,19.4,80,0.0,,40,18.0,25.0,1019.0,,0,1
2025-08-18 21:00:00,19.0,83,0.0,,40,18.0,24.1,1018.7,,0,1
2025-08-18 22:00:00,18.7,85,0.0,,40,14.4,29.0,1018.5,,0,1
2025-08-18 23:00:00,18.5,85,0.0,,50,14.4,25.0,1018.2,,0,1
2025-08-19 00:00:00,18.3,84,0.0,,50,10.8,20.4,1018.0,,0,1
2025-08-19 01:00:00,17.6,83,0.0,,50,10.8,18.0,1017.9,,0,1
2025-08-19 02:00:00,17.4,80,0.0,,50,10.8,18.0,1017.5,,0,1
2025-08-19 03:00:00,17.2,78,0.0,,60,14.4,16.7,1017.3,,0,1
2025-08-19 04:00:00,16.8,82,0.0,,50,10.8,18.0,1016.8,,0,1
2025-08-19 05:00:00,17.1,79,0.0,,50,14.4,22.0,1016.6,,0,1
2025-08-19 06:00:00,18.3,78,0.0,,40,10.8,20.4,1016.8,,0,1
2025-08-19 07:00:00,19.7,73,0.0,,60,18.0,29.0,1016.5,,0,1
2025-08-19 08:00:00,21.2,63,0.0,,60,18.0,25.0,1016.2,,0,1
2025-08-19 09:00:00,21.9,60,0.0,,60,14.4,25.9,1016.4,,0,1
2025-08-19 10:00:00,22.9,57,0.0,,50,18.0,25.0,1015.9,,0,1
2025-08-19 11:00:00,23.7,51,0.0,,70,18.0,29.0,1015.7,,0,1
2025-08-19 12:00:00,24.7,49,0.0,,60,18.0,29.6,1015.2,,0,1
2025-08-19 13:00:00,24.7,49,0.0,,40,18.4,31.0,1014.9,,7,4
2025-08-19 14:00:00,24.8,53,0.0,,20,18.4,30.0,1014.5,,8,4
2025-08-19 15:00:00,24.7,53,0.0,,30,14.4,31.5,1014.4,,8,4
2025-08-19 16:00:00,23.4,60,0.0,,20,22.3,35.0,1014.3,,0,1
2025-08-19 17:00:00,22.1,65,0.0,,10,22.3,31.0,1014.5,,0,1
2025-08-19 18:00:00,19.8,72,0.0,,20,21.6,31.5,1014.6,,4,3
2025-08-19 19:00:00,18.0,78,0.0,,20,20.5,32.0,1014.7,,8,4
2025-08-19 20:00:00,17.2,79,0.0,,20,14.8,30.0,1015.0,,8,4
2025-08-19 21:00:00,16.6,79,0.0,,30,18.4,29.6,1014.8,,6,3
2025-08-19 22:00:00,16.9,78,0.0,,20,14.8,26.0,1014.7,,8,4
2025-08-19 23:00:00,16.8,76,0.0,,20,14.8,30.0,1014.8,,8,4
2025-08-20 00:00:00,16.8,76,0.0,,30,14.4,24.1,1014.6,,8,4
2025-08-20 01:00:00,17.1,75,0.0,,20,11.2,22.0,1014.5,,8,4
2025-08-20 02:00:00,17.3,75,0.0,,20,14.8,18.0,1014.3,,8,4
2025-08-20 03:00:00,17.0,75,0.0,,20,14.8,22.2,1014.2,,8,4
2025-08-20 04:00:00,16.8,70,0.0,,10,14.8,26.0,1014.1,,8,4
2025-08-20 05:00:00,16.7,70,0.0,,10,11.2,26.0,1014.0,,8,4
2025-08-20 06:00:00,16.5,74,0.0,,350,10.8,22.2,1014.2,,8,4
2025-08-20 07:00:00,17.2,69,0.0,,360,14.8,22.0,1014.2,,8,4
2025-08-20 08:00:00,17.9,62,0.0,,10,14.4,26.0,1014.3,,8,4
2025-08-20 09:00:00,19.1,59,0.0,,20,14.4,25.9,1014.4,,8,4
2025-08-20 10:00:00,20.0,55,0.0,,20,14.4,25.0,1014.3,,7,4
2025-08-20 11:00:00,22.0,52,0.0,,50,18.0,29.0,1013.9,,4,3
2025-08-20 12:00:00,21.6,56,0.0,,60,14.4,27.8,1013.6,,7,4
2025-08-20 13:00:00,22.9,52,0.0,,60,14.4,30.0,1013.3,,8,4
2025-08-20 14:00:00,23.0,50,0.0,,40,14.4,25.0,1012.9,,8,4
2025-08-20 15:00:00,23.4,50,0.0,,60,14.4,31.5,1012.6,,8,4
2025-08-20 16:00:00,23.8,51,0.0,,20,18.0,29.0,1012.4,,8,4
2025-08-20 17:00:00,22.8,50,0.0,,20,25.2,36.0,1012.3,,8,4
2025-08-20 18:00:00,20.9,49,0.0,,40,18.0,31.5,1012.6,,8,4
2025-08-20 19:00:00,19.4,52,0.0,,40,21.6,36.0,1012.9,,8,4
2025-08-20 20:00:00,18.2,61,0.0,,30,21.6,36.0,1013.3,,8,4
2025-08-20 21:00:00,17.3,68,0.0,,20,18.0,29.6,1013.6,,8,4
2025-08-20 22:00:00,16.8,72,0.0,,30,14.4,25.0,1013.7,,8,4
2025-08-20 23:00:00,16.1,76,0.0,,10,10.8,22.0,1014.0,,8,4
2025-08-21 00:00:00,15.8,79,0.0,,10,7.2,24.1,1013.7,,8,4
2025-08-21 01:00:00,14.6,84,0.0,,340,10.8,15.0,1013.5,,8,4
2025-08-21 02:00:00,14.6,83,0.0,,340,10.8,18.0,1013.0,,8,4
2025-08-21 03:00:00,14.4,86,0.0,,340,10.8,24.1,1012.8,,7,4
2025-08-21 04:00:00,14.2,88,0.0,,340,7.2,14.0,1012.8,,1,1
2025-08-21 05:00:00,14.9,86,0.0,,350,10.8,14.0,1013.0,,2,2
2025-08-21 06:00:00,16.8,76,0.0,,360,10.8,24.1,1013.2,,2,2
2025-08-21 07:00:00,17.8,68,0.0,,10,18.0,29.0,1013.5,,8,4
2025-08-21 08:00:00,19.3,62,0.0,,20,18.0,32.0,1013.7,,0,1
2025-08-21 09:00:00,19.2,57,0.0,,30,21.6,33.3,1014.2,,2,2
2025-08-21 10:00:00,20.0,53,0.0,,360,21.6,32.0,1014.4,,8,4
2025-08-21 11:00:00,19.0,60,0.0,,20,25.2,36.0,1014.8,,8,4
2025-08-21 12:00:00,20.8,54,0.0,,30,25.2,35.2,1015.0,,7,4
2025-08-21 13:00:00,19.7,52,0.0,,20,25.2,42.0,1015.5,,7,4
2025-08-21 14:00:00,19.7,49,0.0,,360,21.6,36.0,1015.6,,8,4
2025-08-21 15:00:00,18.7,52,0.0,,10,25.2,33.3,1015.9,,8,4
2025-08-21 16:00:00,18.2,51,0.0,,20,21.6,36.0,1016.2,,8,4
2025-08-21 17:00:00,17.3,54,0.0,,10,21.6,40.0,1016.5,,8,4
2025-08-21 18:00:00,16.9,53,0.0,,360,14.4,33.3,1016.8,,8,4
2025-08-21 19:00:00,16.5,62,0.0,,350,18.0,25.0,1017.5,,8,4
2025-08-21 20:00:00,15.8,64,0.0,,10,14.4,29.0,1017.9,,3,2
2025-08-21 21:00:00,15.2,68,0.0,,360,14.4,20.4,1018.3,,0,1
2025-08-21 22:00:00,15.7,61,0.0,,330,14.4,22.0,1018.6,,8,4
2025-08-21 23:00:00,15.0,70,0.0,,350,14.4,25.0,1019.0,,6,3
2025-08-22 00:00:00,15.4,63,0.0,,20,7.2,16.7,1019.1,,8,4
2025-08-22 01:00:00,15.3,67,0.0,,30,10.8,22.0,1018.8,,8,4
2025-08-22 02:00:00,15.3,69,0.0,,340,10.8,18.0,1019.0,,8,4
2025-08-22 03:00:00,15.0,74,0.0,,10,10.8,13.0,1018.8,,7,4
2025-08-22 04:00:00,14.9,70,0.0,,360,7.2,18.0,1018.7,,8,4
2025-08-22 05:00:00,14.4,73,0.0,,110,3.6,29.0,1018.7,,8,4
2025-08-22 06:00:00,15.1,71,0.0,,60,3.6,16.7,1019.2,,8,4
2025-08-22 07:00:00,14.7,80,0.0,,290,18.0,25.0,1019.5,,8,17
2025-08-22 08:00:00,15.8,72,0.1,,330,14.4,25.0,1019.8,,8,8
2025-08-22 09:00:00,16.8,70,0.0,,350,10.8,25.9,1020.1,,8,4
2025-08-22 10:00:00,18.0,54,0.0,,330,21.6,32.0,1020.0,,8,4
2025-08-22 11:00:00,18.4,52,0.0,,310,18.0,29.0,1019.9,,8,4
2025-08-22 12:00:00,18.4,51,0.0,,310,21.6,31.5,1019.8,,8,4
2025-08-22 13:00:00,18.2,50,0.0,,300,21.6,31.0,1019.7,,8,4
2025-08-22 14:00:00,17.8,58,0.0,,340,21.6,32.0,1019.7,,8,4
2025-08-22 15:00:00,17.7,58,0.0,,320,18.0,31.5,1019.6,,8,4
2025-08-22 16:00:00,17.2,58,0.0,,340,14.4,25.0,1019.6,,8,4
2025-08-22 17:00:00,15.2,79,0.1,,320,14.4,32.0,1019.9,,8,8
2025-08-22 18:00:00,16.0,69,0.0,,290,7.2,22.2,1019.5,,8,8
2025-08-22 19:00:00,15.8,71,0.0,,260,7.2,11.0,1019.4,,8,17
2025-08-22 20:00:00,15.2,72,0.0,,210,14.4,18.0,1019.2,,8,8
2025-08-22 21:00:00,15.4,74,0.0,,220,18.0,13.0,1018.8,,8,4
2025-08-22 22:00:00,15.5,74,0.0,,230,14.4,25.0,1018.6,,8,4
2025-08-22 23:00:00,14.7,92,3.0,,360,18.0,32.0,1018.9,,8,17
2025-08-23 00:00:00,14.4,96,4.0,,320,7.2,9.3,1018.6,,8,8
2025-08-23 01:00:00,14.6,92,0.0,,300,3.6,11.0,1018.4,,8,17
2025-08-23 02:00:00,14.6,90,0.1,,340,3.6,11.0,1018.3,,8,17
2025-08-23 03:00:00,14.4,87,0.0,,10,3.6,9.3,1018.2,,8,8
2025-08-23 04:00:00,14.3,89,0.0,,320,3.6,7.0,1018.2,,7,4
2025-08-23 05:00:00,13.6,88,0.0,,320,7.2,11.0,1018.3,,4,3
2025-08-23 06:00:00,13.6,82,0.0,,330,7.2,16.7,1018.8,,7,4
2025-08-23 07:00:00,14.7,77,0.0,,50,3.6,11.0,1019.1,,8,8
2025-08-23 08:00:00,15.8,69,0.0,,320,7.2,11.0,1019.5,,8,4
2025-08-23 09:00:00,16.7,59,0.0,,340,14.4,25.9,1020.0,,8,4
2025-08-23 10:00:00,16.7,61,0.0,,330,14.4,29.0,1020.4,,8,4
2025-08-23 11:00:00,17.8,52,0.0,,330,18.0,29.0,1020.3,,7,4
2025-08-23 12:00:00,17.4,59,0.0,,350,18.0,27.8,1020.4,,8,4
2025-08-23 13:00:00,17.7,56,0.0,,340,18.0,35.0,1020.7,,8,4
2025-08-23 14:00:00,17.6,59,0.0,,340,21.6,32.0,1020.7,,8,4
2025-08-23 15:00:00,18.2,52,0.0,,310,18.0,27.8,1020.8,,7,4
2025-08-23 16:00:00,17.4,56,0.0,,360,18.0,29.0,1020.8,,8,4
2025-08-23 17:00:00,16.8,60,0.0,,320,21.6,29.0,1020.8,,6,3
2025-08-23 18:00:00,16.6,57,0.0,,340,18.0,24.1,1021.0,,5,3
2025-08-23 19:00:00,15.1,65,0.0,,340,7.2,22.0,1021.2,,0,1
2025-08-23 20:00:00,14.1,71,0.0,,340,3.6,14.0,1021.3,,0,1
2025-08-23 21:00:00,13.0,77,0.0,,20,3.6,11.1,1021.6,,0,1
2025-08-23 22:00:00,11.9,88,0.0,,70,3.6,7.0,1021.6,,1,1
2025-08-23 23:00:00,11.8,85,0.0,,70,3.6,4.0,1021.7,,6,3
2025-08-24 00:00:00,12.4,87,0.0,,300,3.6,3.7,1021.8,,8,4
2025-08-24 01:00:00,11.8,86,0.0,,300,3.6,4.0,1021.5,,8,4
2025-08-24 02:00:00,11.3,89,0.0,,0,0.0,4.0,1021.5,,8,4
2025-08-24 03:00:00,10.0,94,0.0,,0,0.0,3.7,1021.4,,0,1
2025-08-24 04:00:00,9.8,90,0.0,,250,3.6,4.0,1021.2,,0,1
2025-08-24 05:00:00,10.0,87,0.0,,220,3.6,7.0,1021.3,,0,1
2025-08-24 06:00:00,12.5,84,0.0,,260,3.6,7.4,1021.5,,0,1
2025-08-24 07:00:00,15.5,70,0.0,,210,10.8,11.0,1021.9,,0,1
2025-08-24 08:00:00,17.7,58,0.0,,320,3.6,14.0,1021.8,,1,1
2025-08-24 09:00:00,16.6,61,0.0,,350,7.2,16.7,1022.2,,8,4
2025-08-24 10:00:00,19.0,52,0.0,,360,10.8,22.0,1022.0,,1,1
2025-08-24 11:00:00,19.3,49,0.0,,330,18.0,25.0,1022.0,,7,4
2025-08-24 12:00:00,19.5,47,0.0,,10,10.8,22.2,1021.9,,3,2
2025-08-24 13:00:00,19.3,50,0.0,,340,14.4,22.0,1021.6,,5,3
2025-08-24 14:00:00,20.5,47,0.0,,310,14.8,26.0,1021.3,,7,4
2025-08-24 15:00:00,20.3,52,0.0,,320,18.0,24.1,1021.0,,7,4
2025-08-24 16:00:00,19.0,56,0.0,,310,20.5,29.0,1021.0,,3,2
2025-08-24 17:00:00,20.0,52,0.0,,330,9.4,25.0,1020.6,,0,1
2025-08-24 18:00:00,18.2,63,0.0,,320,14.4,18.5,1020.6,,0,1
2025-08-24 19:00:00,16.6,72,0.0,,320,7.2,18.0,1020.8,,0,1
2025-08-24 20:00:00,16.0,74,0.0,,320,3.6,11.0,1021.0,,1,1
2025-08-24 21:00:00,14.7,80,0.0,,310,3.6,5.5,1021.0,,0,1
2025-08-24 22:00:00,13.4,88,0.0,,311,4.0,4.0,1020.8,,0,1
2025-08-24 23:00:00,12.5,92,0.0,,105,7.0,7.0,1020.8,,0,1
2025-08-25 00:00:00,12.3,91,0.0,,167,7.0,3.7,1020.6,,0,1
2025-08-25 01:00:00,12.3,91,0.0,,170,4.0,8.0,1020.5,,8,4
2025-08-25 02:00:00,11.3,95,0.0,,169,4.0,4.0,1020.3,,5,3
2025-08-25 03:00:00,11.6,95,0.0,,179,4.0,5.5,1020.1,,7,4
2025-08-25 04:00:00,11.6,94,0.0,,150,4.0,7.0,1019.9,,8,4
2025-08-25 05:00:00,11.0,93,0.0,,161,11.0,11.0,1020.0,,8,4
2025-08-25 06:00:00,12.0,89,0.0,,181,7.0,9.3,1020.3,,8,4
2025-08-25 07:00:00,14.8,75,0.0,,161,11.0,18.0,1020.3,,8,4
2025-08-25 08:00:00,16.7,68,0.0,,175,11.0,22.0,1020.1,,7,4
2025-08-25 09:00:00,18.8,58,0.0,,189,14.0,16.7,1020.0,,7,4
2025-08-25 10:00:00,20.4,49,0.0,,226,7.0,18.0,1019.7,,8,4
2025-08-25 11:00:00,21.4,48,0.0,,162,7.0,18.0,1019.4,,8,4
2025-08-25 12:00:00,22.9,45,0.0,,186,7.0,16.7,1018.8,,7,4
2025-08-25 13:00:00,22.5,46,0.0,,140,8.0,22.0,1018.3,,6,3
2025-08-25 14:00:00,23.0,45,0.0,,171,7.0,18.0,1017.7,,8,4
2025-08-25 15:00:00,22.6,47,0.0,,190,8.0,16.7,1017.1,,7,4
2025-08-25 16:00:00,23.2,43,0.0,,101,7.0,18.0,1016.3,,1,1
2025-08-25 17:00:00,22.9,44,0.0,,90,8.0,18.0,1016.0,,2,2
2025-08-25 18:00:00,21.7,49,0.0,,125,11.0,14.8,1015.8,,6,3
2025-08-25 19:00:00,19.8,58,0.0,,95,11.0,11.0,1015.5,,0,1
2025-08-25 20:00:00,18.0,66,0.0,,85,11.0,14.0,1015.6,,0,1
2025-08-25 21:00:00,16.4,75,0.0,,80,11.0,11.1,1015.5,,0,1
2025-08-25 22:00:00,15.6,78,0.0,,89,11.0,11.0,1015.1,,7,4
2025-08-25 23:00:00,16.3,69,0.0,,116,7.0,14.0,1014.8,,8,4
2025-08-26 00:00:00,15.8,69,0.0,,136,11.0,13.0,1014.4,,8,4
2025-08-26 01:00:00,14.9,72,0.0,,130,11.0,18.0,1013.7,,8,4
2025-08-26 02:00:00,14.9,71,0.0,,128,11.0,18.0,1013.2,,0,1
2025-08-26 03:00:00,14.4,72,0.0,,132,11.0,14.8,1012.7,,0,1
2025-08-26 04:00:00,14.8,70,0.0,,125,14.0,18.0,1011.8,,0,1
2025-08-26 05:00:00,14.0,75,0.0,,115,11.0,22.0,1011.5,,6,3
2025-08-26 06:00:00,15.7,67,0.0,,137,14.0,18.5,1011.1,,8,4
2025-08-26 07:00:00,16.3,65,0.0,,138,14.0,25.0,1010.6,,8,4
2025-08-26 08:00:00,18.4,61,0.0,,152,14.0,18.0,1010.3,,8,4
2025-08-26 09:00:00,21.6,52,0.0,,140,14.0,25.9,1010.0,,6,3
2025-08-26 10:00:00,23.6,45,0.0,,158,18.0,22.0,1009.5,,8,4
2025-08-26 11:00:00,24.6,44,0.0,,160,18.0,29.0,1008.9,,8,4
2025-08-26 12:00:00,25.0,43,0.0,,151,22.0,29.6,1008.3,,8,4
2025-08-26 13:00:00,26.7,38,0.0,,146,22.0,32.0,1007.8,,8,4
2025-08-26 14:00:00,26.5,39,0.0,,133,18.0,36.0,1007.1,,8,4
2025-08-26 15:00:00,27.2,34,0.0,,152,22.0,29.6,1006.7,,8,4
2025-08-26 16:00:00,24.5,49,0.0,,264,25.0,40.0,1006.9,,8,4
2025-08-26 17:00:00,23.1,57,0.0,,251,25.0,40.0,1007.1,,8,4
2025-08-26 18:00:00,21.6,70,0.0,,245,22.0,27.8,1007.3,,8,4
2025-08-26 19:00:00,20.7,76,0.0,,245,22.0,36.0,1007.6,,8,4
2025-08-26 20:00:00,20.5,71,0.0,,246,18.0,32.0,1007.7,,8,4
2025-08-26 21:00:00,19.9,70,0.0,,240,18.0,22.2,1007.6,,7,4
2025-08-26 22:00:00,18.9,83,0.0,,240,14.0,25.0,1007.8,,7,4
2025-08-26 23:00:00,17.6,86,0.0,,222,14.0,22.0,1007.9,,8,4
2025-08-27 00:00:00,17.0,89,0.0,,195,11.0,22.2,1007.8,,8,4
2025-08-27 01:00:00,16.2,91,0.0,,210,8.0,15.0,1007.5,,8,4
2025-08-27 02:00:00,16.6,90,0.0,,194,11.0,18.0,1007.5,,8,4
2025-08-27 03:00:00,16.6,90,0.0,,201,14.0,22.2,1007.5,,8,4
2025-08-27 04:00:00,16.2,91,0.0,,201,14.0,22.0,1007.6,,6,3
2025-08-27 05:00:00,16.0,93,0.0,,193,14.0,22.0,1007.6,,8,4
2025-08-27 06:00:00,15.5,94,0.0,,158,11.0,24.1,1007.8,,4,3
2025-08-27 07:00:00,17.3,88,0.0,,184,18.0,22.0,1008.3,,6,3
2025-08-27 08:00:00,19.4,79,0.0,,195,18.0,29.0,1008.2,,7,4
2025-08-27 09:00:00,20.4,74,0.0,,206,22.0,29.6,1008.5,,8,4
2025-08-27 10:00:00,21.6,67,0.0,,196,22.0,29.0,1008.2,,7,4
2025-08-27 11:00:00,22.1,61,0.0,,197,22.0,36.0,1007.9,,7,4
2025-08-27 12:00:00,22.5,57,0.0,,194,18.0,31.5,1007.9,,8,4
2025-08-27 13:00:00,23.3,51,0.0,,220,22.0,35.0,1007.6,,8,4
2025-08-27 14:00:00,22.3,60,0.0,,257,11.0,29.0,1007.2,,8,4
2025-08-27 15:00:00,22.3,59,0.0,,286,7.0,27.8,1006.7,,7,4
2025-08-27 16:00:00,23.1,58,0.0,,315,11.0,18.0,1006.5,,4,3
2025-08-27 17:00:00,23.3,57,0.0,,279,4.0,11.0,1006.1,,8,4
2025-08-27 18:00:00,22.3,61,0.0,,358,4.0,16.7,1006.2,,8,4
2025-08-27 19:00:00,20.7,69,0.0,,302,11.0,11.0,1006.6,,8,4
2025-08-27 20:00:00,20.2,65,0.0,,278,11.0,22.0,1006.7,,8,4
2025-08-27 21:00:00,18.7,75,0.0,,66,4.0,9.3,1006.4,,8,4
2025-08-27 22:00:00,17.8,83,0.0,,77,7.0,7.0,1006.0,,8,4
2025-08-27 23:00:00,17.9,81,0.0,,62,4.0,7.0,1005.6,,8,4
2025-08-28 00:00:00,17.1,84,0.0,,6,4.0,11.1,1005.0,,8,4
2025-08-28 01:00:00,16.3,86,0.0,,100,8.0,8.0,1005.0,,7,4
2025-08-28 02:00:00,16.5,87,0.0,,48,4.0,7.0,1004.8,,8,4
2025-08-28 03:00:00,16.7,85,0.0,,73,7.0,11.1,1004.2,,8,4
2025-08-28 04:00:00,17.5,85,0.0,,91,11.0,11.0,1003.5,,8,4
2025-08-28 05:00:00,17.3,83,0.0,,132,11.0,14.0,1003.6,,8,4
2025-08-28 06:00:00,17.1,83,0.0,,152,11.0,14.8,1003.2,,8,4
2025-08-28 07:00:00,17.9,79,0.0,,163,7.0,14.0,1003.2,,7,4
2025-08-28 08:00:00,18.7,74,0.0,,179,14.0,18.0,1003.6,,8,4
2025-08-28 09:00:00,19.3,73,0.0,,200,14.0,24.1,1003.3,,8,17
2025-08-28 10:00:00,19.4,77,0.2,,238,11.0,22.0,1003.1,,8,8
2025-08-28 11:00:00,21.1,71,0.0,,216,11.0,22.0,1002.7,,6,3
2025-08-28 12:00:00,17.9,76,0.1,,287,14.0,29.6,1003.0,,8,17
2025-08-28 13:00:00,18.0,88,0.5,,250,18.0,30.0,1003.1,,8,8
2025-08-28 14:00:00,19.0,76,0.1,,250,18.0,32.0,1003.0,,3,8
2025-08-28 15:00:00,20.2,69,0.0,,259,18.0,31.5,1002.8,,1,1
2025-08-28 16:00:00,20.1,66,0.0,,241,25.0,36.0,1003.0,,4,3
2025-08-28 17:00:00,20.1,61,0.0,,240,22.0,36.0,1002.8,,2,2
2025-08-28 18:00:00,18.9,64,0.0,,247,22.0,27.8,1002.9,,2,2
2025-08-28 19:00:00,16.9,74,0.0,,220,14.0,29.0,1003.2,,2,2
2025-08-28 20:00:00,15.5,79,0.0,,179,11.0,22.0,1003.1,,7,4
2025-08-28 21:00:00,14.7,81,0.0,,171,11.0,20.4,1002.7,,0,1
2025-08-28 22:00:00,14.7,82,0.0,,161,11.0,14.0,1002.6,,8,4
2025-08-28 23:00:00,14.8,82,0.0,,184,18.0,18.0,1002.0,,2,2
2025-08-29 00:00:00,14.8,82,0.0,,178,14.0,20.4,1001.7,,0,1
2025-08-29 01:00:00,14.9,81,0.0,,174,14.0,22.0,1001.9,,0,1
2025-08-29 02:00:00,15.0,79,0.0,,177,18.0,25.0,1001.6,,6,3
2025-08-29 03:00:00,13.9,81,0.0,,170,14.0,22.2,1001.2,,0,1
2025-08-29 04:00:00,13.3,82,0.0,,163,14.0,18.0,1000.5,,0,1
2025-08-29 05:00:00,12.8,83,0.0,,154,7.0,18.0,1000.2,,0,1
2025-08-29 06:00:00,14.1,82,0.0,,151,11.0,25.9,1000.3,,8,4
2025-08-29 07:00:00,16.0,76,0.0,,169,18.0,29.0,1000.1,,8,4
2025-08-29 08:00:00,17.5,71,0.0,,172,22.0,32.0,999.8,,8,4
2025-08-29 09:00:00,19.2,64,0.0,,176,25.0,37.0,999.6,,0,1
2025-08-29 10:00:00,20.7,58,0.0,,183,29.0,43.0,999.3,,5,3
2025-08-29 11:00:00,21.4,51,0.0,,176,32.0,47.0,999.0,,7,4
2025-08-29 12:00:00,22.0,48,0.0,,178,29.0,40.8,998.5,,8,4
2025-08-29 13:00:00,22.1,51,0.0,,180,30.0,46.0,998.3,,8,4
2025-08-29 14:00:00,19.8,60,0.0,,198,22.0,54.0,998.4,,8,4
2025-08-29 15:00:00,19.9,63,0.0,,179,32.0,35.2,998.4,,8,4
2025-08-29 16:00:00,19.2,69,0.0,,176,25.0,47.0,998.4,,8,4
2025-08-29 17:00:00,16.7,88,1.9,,180,22.0,50.0,998.5,,8,7
2025-08-29 18:00:00,17.0,88,0.0,,164,11.0,33.3,998.5,,8,7
2025-08-29 19:00:00,16.2,90,0.0,,142,14.0,18.0,998.9,,8,4
2025-08-29 20:00:00,16.2,90,0.0,,141,18.0,25.0,999.2,,8,4
2025-08-29 21:00:00,16.2,89,0.0,,176,18.0,25.9,999.7,,7,4
2025-08-29 22:00:00,15.7,89,0.0,,176,14.0,22.0,999.9,,8,4
2025-08-29 23:00:00,15.5,91,0.0,,192,11.0,22.0,1000.3,,7,8
2025-08-30 00:00:00,15.7,90,0.2,,195,14.0,24.1,1000.6,,8,7
2025-08-30 01:00:00,15.0,93,0.0,,187,14.0,18.0,1000.9,,6,7
2025-08-30 02:00:00,15.2,92,0.0,,195,14.0,22.0,1001.4,,8,4
2025-08-30 03:00:00,15.5,91,0.0,,207,18.0,24.1,1001.9,,8,4
2025-08-30 04:00:00,15.4,91,0.8,,197,18.0,29.0,1002.4,,8,17
2025-08-30 05:00:00,14.9,88,2.9,,205,18.0,32.0,1002.7,,8,8
2025-08-30 06:00:00,15.3,93,0.0,,200,14.0,24.1,1003.6,,8,8
2025-08-30 07:00:00,16.2,91,1.2,,169,11.0,14.0,1004.0,,8,8
2025-08-30 08:00:00,17.3,91,0.0,,210,18.0,25.0,1004.6,,8,8
2025-08-30 09:00:00,19.2,82,0.0,,213,22.0,31.5,1005.4,,6,3
2025-08-30 10:00:00,19.1,77,3.1,,252,22.0,36.0,1006.0,,8,8
2025-08-30 11:00:00,20.2,72,0.0,,225,25.0,36.0,1006.2,,6,3
2025-08-30 12:00:00,19.7,70,0.0,,229,25.0,37.0,1006.6,,7,4
2025-08-30 13:00:00,21.0,63,0.0,,239,25.0,36.0,1006.7,,7,4
2025-08-30 14:00:00,21.2,61,0.0,,230,25.0,40.0,1006.7,,5,3
2025-08-30 15:00:00,20.8,61,0.0,,214,25.0,37.0,1006.8,,8,4
2025-08-30 16:00:00,21.3,64,0.0,,202,18.0,32.0,1006.8,,7,4
2025-08-30 17:00:00,20.3,67,0.0,,194,22.0,32.0,1006.6,,7,17
2025-08-30 18:00:00,18.9,78,0.3,,206,14.0,29.6,1006.7,,8,8
2025-08-30 19:00:00,18.4,78,0.0,,155,11.0,18.0,1006.7,,8,4
2025-08-30 20:00:00,18.8,72,0.0,,165,18.0,22.0,1006.8,,8,4
2025-08-30 21:00:00,19.1,67,0.0,,166,22.0,27.8,1006.4,,8,4
2025-08-30 22:00:00,18.5,71,0.0,,171,22.0,29.0,1006.3,,8,7
2025-08-30 23:00:00,18.3,73,0.0,,161,18.0,29.0,1005.7,,8,17
2025-08-31 00:00:00,18.5,70,0.0,,165,22.0,33.3,1005.5,,8,8
2025-08-31 01:00:00,17.7,78,0.0,,174,25.0,40.0,1005.3,,8,8
2025-08-31 02:00:00,18.0,77,0.0,,169,22.0,29.0,1005.1,,8,8
2025-08-31 03:00:00,18.0,79,0.0,,183,22.0,31.5,1005.3,,8,8
2025-08-31 04:00:00,17.1,93,0.3,,179,18.0,36.0,1005.4,,8,8
2025-08-31 05:00:00,17.4,93,0.0,,180,22.0,29.0,1005.5,,8,8
2025-08-31 06:00:00,17.1,96,0.1,,170,22.0,27.8,1005.8,,8,8
2025-08-31 07:00:00,18.0,95,0.0,,174,18.0,29.0,1006.3,,6,3
2025-08-31 08:00:00,19.6,82,0.0,,204,25.0,32.0,1006.6,,7,4
2025-08-31 09:00:00,19.4,75,0.0,,229,22.0,29.6,1007.2,,8,4
2025-08-31 10:00:00,20.8,66,0.0,,233,18.0,29.0,1007.2,,3,2
2025-08-31 11:00:00,21.4,61,0.0,,212,22.0,29.0,1007.4,,8,4
2025-08-31 12:00:00,22.2,61,0.0,,199,18.0,31.5,1007.0,,8,4
2025-08-31 13:00:00,22.2,63,0.0,,167,22.0,29.0,1006.9,,8,4
2025-08-31 14:00:00,22.1,65,0.0,,170,18.0,29.0,1006.5,,8,4
2025-08-31 15:00:00,21.2,72,0.0,,177,18.0,25.9,1006.5,,8,8
2025-08-31 16:00:00,19.8,86,0.0,,150,14.0,29.0,1006.3,,8,8
2025-08-31 17:00:00,18.0,87,0.0,,294,14.0,29.0,1006.2,,8,4
2025-08-31 18:00:00,18.0,87,0.0,,252,11.0,22.2,1006.6,,8,4
2025-08-31 19:00:00,16.8,89,0.0,,226,7.0,14.0,1006.7,,8,4
2025-08-31 20:00:00,16.7,89,0.0,,189,7.0,14.0,1006.8,,8,4
2025-08-31 21:00:00,17.0,91,0.0,,191,4.0,13.0,1006.8,,8,4
2025-08-31 22:00:00,16.4,96,0.0,,142,7.0,11.0,1006.9,,8,4
2025-08-31 23:00:00,16.4,96,0.0,,160,4.0,11.0,1006.9,,8,4
2025-09-01 00:00:00,16.7,94,0.0,,148,7.0,13.0,1006.3,,8,4
2025-09-01 01:00:00,16.8,94,0.0,,136,11.0,14.0,1005.8,,8,4
2025-09-01 02:00:00,16.8,94,0.0,,136,11.0,14.0,1005.8,,8,4
2025-09-01 03:00:00,16.5,95,0.0,,163,7.0,14.8,1005.5,,8,4
2025-09-01 04:00:00,16.1,91,0.0,,154,11.0,14.0,1005.5,,8,4
2025-09-01 05:00:00,15.6,91,0.0,,155,11.0,14.0,1005.3,,8,4
2025-09-01 06:00:00,16.2,90,0.0,,179,14.0,16.7,1005.6,,8,4
2025-09-01 07:00:00,16.5,89,0.0,,193,14.0,18.0,1005.8,,8,4
2025-09-01 08:00:00,17.0,89,0.0,,199,18.0,25.0,1005.9,,8,4
2025-09-01 09:00:00,18.0,83,0.0,,220,18.0,27.8,1006.0,,8,4
2025-09-01 10:00:00,18.9,78,0.0,,207,22.0,29.0,1006.1,,8,4
2025-09-01 11:00:00,21.5,62,0.0,,206,25.0,36.0,1005.9,,2,2
2025-09-01 12:00:00,22.2,51,0.0,,216,29.0,35.2,1006.2,,2,2
2025-09-01 13:00:00,22.8,49,0.0,,215,29.0,40.0,1006.4,,2,2
2025-09-01 14:00:00,22.0,47,0.0,,200,25.0,43.0,1006.1,,1,1
2025-09-01 15:00:00,22.4,48,0.0,,192,25.0,35.2,1005.8,,2,2
2025-09-01 16:00:00,22.7,46,0.0,,196,22.0,36.0,1005.7,,4,3
2025-09-01 17:00:00,21.8,50,0.0,,214,18.0,36.0,1005.7,,8,8
2025-09-01 18:00:00,20.8,51,0.0,,202,22.0,29.6,1005.8,,6,3
2025-09-01 19:00:00,19.1,58,0.0,,193,14.0,25.0,1006.0,,4,3
2025-09-01 20:00:00,19.6,64,0.0,,238,11.0,22.0,1006.6,,7,4
2025-09-01 21:00:00,16.8,87,1.3,,226,7.0,20.4,1007.0,,8,17
2025-09-01 22:00:00,15.7,89,0.0,,198,7.0,14.0,1006.8,,0,8
2025-09-01 23:00:00,15.8,89,0.0,,177,11.0,18.0,1006.8,,5,3
2025-09-02 00:00:00,15.4,88,0.0,,189,11.0,20.4,1006.5,,8,4
2025-09-02 01:00:00,15.4,86,0.0,,202,14.0,18.0,1006.7,,8,4
2025-09-02 02:00:00,15.1,88,0.0,,182,11.0,22.0,1006.6,,8,8
2025-09-02 03:00:00,15.2,90,0.0,,178,14.0,24.1,1006.5,,8,4
2025-09-02 04:00:00,15.3,91,0.0,,181,18.0,22.0,1006.5,,8,4
2025-09-02 05:00:00,14.9,90,0.0,,182,14.0,22.0,1006.6,,8,4
2025-09-02 06:00:00,15.3,88,0.0,,204,25.0,25.9,1007.0,,8,4
2025-09-02 07:00:00,16.2,84,0.0,,196,22.0,36.0,1007.3,,0,1
2025-09-02 08:00:00,16.2,81,0.0,,204,25.0,32.0,1007.5,,6,3
2025-09-02 09:00:00,17.7,73,0.0,,201,25.0,33.3,1007.8,,3,2
2025-09-02 10:00:00,19.5,66,0.0,,207,25.0,36.0,1007.6,,0,1
2025-09-02 11:00:00,21.0,57,0.0,,208,25.0,40.0,1007.4,,7,4
2025-09-02 12:00:00,21.3,51,0.0,,206,29.0,38.9,1007.2,,1,1
2025-09-02 13:00:00,21.2,51,0.0,,228,25.0,36.0,1006.9,,6,3
2025-09-02 14:00:00,20.5,52,0.0,,204,25.0,40.0,1006.7,,5,3
2025-09-02 15:00:00,20.9,47,0.0,,183,25.0,33.3,1006.4,,0,1
2025-09-02 16:00:00,21.1,47,0.0,,178,22.0,36.0,1006.3,,6,3
2025-09-02 17:00:00,17.8,73,0.1,,191,29.0,47.0,1007.0,,8,8
2025-09-02 18:00:00,17.3,75,0.1,,173,22.0,29.6,1006.4,,8,8
2025-09-02 19:00:00,17.0,75,0.0,,156,18.0,29.0,1006.3,,8,4
2025-09-02 20:00:00,16.7,77,0.0,,151,22.0,32.0,1006.1,,8,4
2025-09-02 21:00:00,16.4,78,0.0,,143,18.0,29.6,1005.6,,7,4
2025-09-02 22:00:00,16.8,76,0.0,,154,22.0,32.0,1005.1,,8,4
2025-09-02 23:00:00,17.0,76,0.0,,168,25.0,36.0,1004.8,,8,4
2025-09-03 00:00:00,16.6,81,0.0,,163,22.0,33.3,1004.4,,8,4
2025-09-03 01:00:00,16.7,85,0.0,,167,25.0,36.0,1004.1,,8,4
2025-09-03 02:00:00,16.6,86,0.0,,171,25.0,36.0,1003.8,,8,4
2025-09-03 03:00:00,16.8,86,0.0,,167,25.0,35.2,1003.6,,8,4
2025-09-03 04:00:00,16.7,87,0.0,,170,22.0,32.0,1003.2,,8,4
2025-09-03 05:00:00,17.2,86,0.0,,179,22.0,32.0,1003.1,,8,4
2025-09-03 06:00:00,17.2,85,0.1,,179,25.0,38.9,1003.1,,8,8
2025-09-03 07:00:00,17.3,85,0.0,,174,25.0,43.0,1002.9,,8,17
2025-09-03 08:00:00,16.5,94,1.1,,171,32.0,43.0,1002.6,,8,8
2025-09-03 09:00:00,17.4,91,0.0,,169,36.0,46.3,1002.4,,8,8
2025-09-03 10:00:00,18.8,84,0.0,,176,36.0,47.0,1002.5,,8,4
2025-09-03 11:00:00,20.2,79,0.0,,181,32.0,50.0,1002.2,,8,8
2025-09-03 12:00:00,21.7,71,0.0,,179,40.0,53.7,1001.3,,8,8
2025-09-03 13:00:00,22.5,69,0.0,,188,47.0,65.0,1001.5,,8,4
2025-09-03 14:00:00,21.0,77,0.4,,173,36.0,65.0,1001.2,,8,8
2025-09-03 15:00:00,21.6,75,0.0,,201,36.0,57.4,1001.2,,8,8
2025-09-03 16:00:00,22.4,71,0.0,,178,32.0,50.0,1000.4,,7,8
2025-09-03 17:00:00,21.8,72,0.1,,186,29.0,50.0,1000.6,,8,8
2025-09-03 18:00:00,20.5,76,0.0,,188,40.0,53.7,1001.1,,8,8
2025-09-03 19:00:00,18.8,82,0.0,,190,31.0,50.0,1001.7,,0,1
2025-09-03 20:00:00,18.5,84,0.0,,189,25.0,36.0,1001.9,,0,1
2025-09-03 21:00:00,18.6,89,0.0,,177,22.0,48.2,1002.6,,8,17
2025-09-03 22:00:00,18.2,89,0.2,,206,25.0,36.0,1003.3,,4,8
2025-09-03 23:00:00,17.8,85,0.0,,213,29.0,43.0,1004.3,,6,3
2025-09-04 00:00:00,17.7,85,0.0,,209,22.0,38.9,1004.9,,6,3
2025-09-04 01:00:00,17.3,86,0.0,,207,25.0,32.0,1005.3,,8,4
2025-09-04 02:00:00,17.0,84,0.0,,206,29.0,40.0,1005.9,,8,4
2025-09-04 03:00:00,16.8,85,0.0,,210,25.0,37.0,1006.4,,8,8
2025-09-04 04:00:00,16.1,87,0.0,,194,22.0,36.0,1006.9,,4,3
2025-09-04 05:00:00,15.5,88,0.0,,196,18.0,32.0,1007.4,,3,2
2025-09-04 06:00:00,16.1,86,0.0,,195,25.0,35.2,1008.0,,2,2
2025-09-04 07:00:00,16.7,85,0.0,,187,25.0,32.0,1008.4,,3,2
2025-09-04 08:00:00,17.6,80,0.0,,190,29.0,40.0,1008.7,,8,4
2025-09-04 09:00:00,19.0,72,0.0,,193,29.0,38.9,1009.3,,6,3
2025-09-04 10:00:00,20.7,62,0.0,,195,29.0,43.0,1009.6,,3,2
2025-09-04 11:00:00,20.4,61,0.0,,181,32.0,47.0,1009.8,,6,3
2025-09-04 12:00:00,21.4,54,0.0,,192,29.0,42.6,1009.3,,8,4
2025-09-04 13:00:00,21.0,58,0.0,,190,30.0,42.0,1009.2,,8,4
2025-09-04 14:00:00,21.6,56,0.0,,200,30.0,46.0,1008.8,,8,4
2025-09-04 15:00:00,22.4,56,0.0,,190,29.0,37.0,1008.4,,7,4
2025-09-04 16:00:00,21.8,56,0.0,,189,36.0,47.0,1008.6,,8,4
2025-09-04 17:00:00,18.8,73,0.0,,245,22.0,50.0,1009.3,,8,4
2025-09-04 18:00:00,18.8,74,0.0,,235,14.0,29.6,1009.6,,7,4
2025-09-04 19:00:00,18.3,73,0.0,,238,18.0,32.0,1010.3,,8,4
2025-09-04 20:00:00,17.3,75,0.0,,214,22.0,29.0,1011.0,,8,4
2025-09-04 21:00:00,16.7,77,0.0,,213,18.0,24.1,1011.4,,8,4
2025-09-04 22:00:00,16.3,79,0.0,,213,18.0,29.0,1011.8,,8,4
2025-09-04 23:00:00,16.6,81,0.0,,208,18.0,25.0,1012.1,,8,4
2025-09-05 00:00:00,15.5,86,0.0,,213,14.0,22.2,1012.5,,6,3
2025-09-05 01:00:00,15.0,86,0.0,,210,11.0,18.0,1012.8,,8,4
2025-09-05 02:00:00,15.4,80,0.0,,255,11.0,18.0,1013.3,,1,1
2025-09-05 03:00:00,15.2,81,0.0,,253,11.0,18.5,1014.2,,1,1
2025-09-05 04:00:00,14.5,83,0.0,,252,7.0,14.0,1014.7,,0,1
2025-09-05 05:00:00,13.7,85,0.0,,238,11.0,14.0,1015.4,,1,1
2025-09-05 06:00:00,14.4,84,0.0,,212,11.0,18.5,1016.1,,0,1
2025-09-05 07:00:00,17.0,74,0.0,,215,11.0,14.0,1017.0,,0,1
2025-09-05 08:00:00,19.2,66,0.0,,260,11.0,18.0,1017.7,,0,1
2025-09-05 09:00:00,18.8,63,0.0,,277,22.0,27.8,1018.5,,2,2
2025-09-05 10:00:00,19.4,59,0.0,,281,25.0,32.0,1018.9,,6,3
2025-09-05 11:00:00,20.1,56,0.0,,281,18.0,32.0,1019.2,,1,1
2025-09-05 12:00:00,18.2,74,0.1,,308,11.0,33.3,1020.1,,8,17
2025-09-05 13:00:00,20.5,59,0.0,,273,22.0,32.0,1020.4,,5,8
2025-09-05 14:00:00,20.5,57,0.0,,284,22.0,36.0,1020.9,,5,3
2025-09-05 15:00:00,19.7,58,0.0,,274,22.0,33.3,1021.2,,4,3
2025-09-05 16:00:00,19.1,64,0.0,,274,18.0,29.0,1021.7,,1,1
2025-09-05 17:00:00,18.7,64,0.0,,268,18.0,25.0,1022.0,,0,1
2025-09-05 18:00:00,17.5,71,0.0,,271,14.0,20.4,1022.4,,0,1
2025-09-05 19:00:00,16.4,76,0.0,,284,7.0,18.0,1023.1,,8,4
2025-09-05 20:00:00,14.5,86,0.0,,294,4.0,7.0,1023.4,,0,1
2025-09-05 21:00:00,13.6,91,0.0,,141,4.0,11.1,1023.5,,0,1
2025-09-05 22:00:00,12.9,96,0.0,,137,4.0,4.0,1023.7,,0,1
2025-09-05 23:00:00,11.8,97,0.0,,114,4.0,7.0,1023.8,,0,1
2025-09-06 00:00:00,12.5,94,0.0,,155,7.0,5.5,1023.9,,0,1
2025-09-06 01:00:00,11.6,96,0.0,,128,4.0,11.0,1023.9,,0,1
2025-09-06 02:00:00,11.8,97,0.0,,141,4.0,7.0,1024.0,,6,3
2025-09-06 03:00:00,11.0,99,0.0,,0,0.0,7.4,1023.9,,5,3
2025-09-06 04:00:00,10.6,99,0.0,,134,4.0,7.0,1023.9,,2,2
2025-09-06 05:00:00,9.7,98,0.0,,82,4.0,7.0,1024.1,,8,5
2025-09-06 06:00:00,12.3,99,0.0,,95,4.0,9.3,1024.3,,6,5
2025-09-06 07:00:00,14.9,86,0.0,,133,11.0,18.0,1024.4,,2,2
2025-09-06 08:00:00,17.2,77,0.0,,141,11.0,18.0,1024.3,,4,3
2025-09-06 09:00:00,18.5,69,0.0,,142,11.0,18.5,1023.9,,8,4
2025-09-06 10:00:00,19.9,60,0.0,,118,11.0,22.0,1023.5,,8,4
2025-09-06 11:00:00,21.1,52,0.0,,118,14.0,22.0,1023.2,,5,3
2025-09-06 12:00:00,21.7,49,0.0,,118,11.0,24.1,1022.8,,8,4
2025-09-06 13:00:00,22.0,48,0.0,,119,14.0,25.0,1022.2,,8,4
2025-09-06 14:00:00,22.5,46,0.0,,127,14.0,25.0,1021.7,,8,4
2025-09-06 15:00:00,22.5,46,0.0,,116,18.0,27.8,1021.0,,8,4
2025-09-06 16:00:00,22.2,49,0.0,,125,14.0,25.0,1020.8,,8,4
2025-09-06 17:00:00,21.5,53,0.0,,106,11.0,22.0,1020.1,,8,4
2025-09-06 18:00:00,20.4,57,0.0,,96,14.0,25.9,1019.9,,8,4
2025-09-06 19:00:00,19.3,60,0.0,,97,14.0,22.0,1019.6,,8,4
2025-09-06 20:00:00,18.7,63,0.0,,99,18.0,29.0,1019.2,,8,4
2025-09-06 21:00:00,18.2,64,0.0,,99,18.0,24.1,1019.4,,8,4
2025-09-06 22:00:00,17.5,66,0.0,,99,18.0,29.0,1019.2,,8,4
2025-09-06 23:00:00,17.2,66,0.0,,100,22.0,25.0,1018.9,,8,4
2025-09-07 00:00:00,16.7,67,0.0,,104,14.0,25.9,1018.6,,8,4
2025-09-07 01:00:00,16.1,69,0.0,,116,18.0,25.0,1018.1,,4,3
2025-09-07 02:00:00,15.5,72,0.0,,113,18.0,25.0,1017.7,,2,2
2025-09-07 03:00:00,15.3,72,0.0,,112,18.0,24.1,1017.1,,1,1
2025-09-07 04:00:00,14.9,74,0.0,,111,18.0,25.0,1016.7,,8,4
2025-09-07 05:00:00,14.7,74,0.0,,112,18.0,25.0,1016.5,,8,4
2025-09-07 06:00:00,15.6,71,0.0,,115,22.0,24.1,1016.1,,8,4
2025-09-07 07:00:00,17.4,67,0.0,,115,25.0,32.0,1016.1,,8,4
2025-09-07 08:00:00,18.7,63,0.0,,118,22.0,36.0,1015.6,,5,3
2025-09-07 09:00:00,20.9,56,0.0,,124,25.0,31.5,1015.1,,8,4
2025-09-07 10:00:00,22.4,51,0.0,,117,29.0,40.0,1014.3,,8,4
2025-09-07 11:00:00,23.9,48,0.0,,122,25.0,40.0,1013.7,,8,4
2025-09-07 12:00:00,25.3,45,0.0,,132,25.0,37.0,1013.1,,8,4
2025-09-07 13:00:00,26.2,39,0.0,,130,30.0,42.0,1012.7,,8,4
2025-09-07 14:00:00,26.8,38,0.0,,132,29.0,47.0,1011.9,,8,4
2025-09-07 15:00:00,27.1,38,0.0,,126,29.0,38.9,1011.4,,8,4
2025-09-07 16:00:00,26.8,38,0.0,,132,29.0,43.0,1011.5,,2,2
2025-09-07 17:00:00,25.9,43,0.0,,128,25.0,40.0,1011.4,,8,4
2025-09-07 18:00:00,24.2,47,0.0,,125,25.0,33.3,1011.4,,5,3
2025-09-07 19:00:00,22.6,53,0.0,,113,14.0,29.0,1011.9,,0,1
2025-09-07 20:00:00,22.1,55,0.0,,111,18.0,25.0,1012.0,,0,1
2025-09-07 21:00:00,22.2,55,0.0,,123,22.0,25.9,1011.8,,8,4
2025-09-07 22:00:00,21.9,56,0.0,,140,14.0,29.0,1011.7,,8,4
2025-09-07 23:00:00,20.0,65,0.0,,177,7.0,22.0,1012.3,,8,4
2025-09-08 00:00:00,19.4,69,0.0,,211,4.0,20.4,1012.5,,8,4
2025-09-08 01:00:00,19.1,74,0.0,,220,8.0,11.0,1013.2,,8,4
2025-09-08 02:00:00,19.6,79,0.0,,284,7.0,14.0,1013.2,,8,7
2025-09-08 03:00:00,19.1,89,0.6,,214,4.0,16.7,1013.2,,7,8
2025-09-08 04:00:00,19.0,94,1.0,,194,7.0,14.0,1013.6,,8,8
2025-09-08 05:00:00,19.4,89,0.6,,237,11.0,18.0,1014.0,,8,8
2025-09-08 06:00:00,19.2,86,0.2,,255,14.0,16.7,1014.3,,8,8
2025-09-08 07:00:00,19.3,88,0.0,,290,11.0,22.0,1014.3,,8,4
2025-09-08 08:00:00,19.7,83,0.0,,268,25.0,29.0,1015.4,,8,4
2025-09-08 09:00:00,20.3,78,0.0,,271,25.0,25.9,1015.9,,8,4
2025-09-08 10:00:00,20.9,72,0.0,,262,18.0,29.0,1016.2,,3,2
2025-09-08 11:00:00,21.8,68,0.0,,274,25.0,32.0,1016.7,,4,3
2025-09-08 12:00:00,21.7,64,0.0,,290,22.0,33.3,1016.9,,2,2
2025-09-08 13:00:00,21.2,63,0.0,,290,22.0,31.0,1017.1,,2,2
2025-09-08 14:00:00,20.3,66,0.0,,294,18.0,29.0,1017.3,,8,4
2025-09-08 15:00:00,20.8,60,0.0,,292,14.0,27.8,1017.6,,6,3
2025-09-08 16:00:00,20.9,57,0.0,,280,15.0,22.0,1017.7,,8,4
2025-09-08 17:00:00,19.8,63,0.0,,290,15.0,30.0,1017.7,,8,4
2025-09-08 18:00:00,18.7,69,0.0,,277,11.0,16.7,1018.1,,8,4
2025-09-08 19:00:00,17.4,72,0.0,,286,11.0,14.0,1018.5,,8,4
2025-09-08 20:00:00,16.0,78,0.0,,313,4.0,11.0,1018.5,,8,4
2025-09-08 21:00:00,14.8,84,0.0,,337,7.0,5.5,1018.2,,8,4
2025-09-08 22:00:00,14.5,87,0.0,,340,4.0,7.0,1018.2,,8,4
2025-09-08 23:00:00,13.2,91,0.0,,111,7.0,7.0,1018.0,,8,4
2025-09-09 00:00:00,13.7,91,0.0,,115,4.0,5.5,1017.7,,8,4
2025-09-09 01:00:00,13.3,91,0.0,,113,4.0,7.0,1017.6,,8,4
2025-09-09 02:00:00,13.2,92,0.0,,113,4.0,4.0,1017.6,,8,4
2025-09-09 03:00:00,13.6,92,0.0,,311,7.0,5.5,1017.1,,8,4
2025-09-09 04:00:00,13.7,94,0.0,,0,0.0,7.0,1016.6,,8,4
2025-09-09 05:00:00,14.1,93,0.0,,0,0.0,4.0,1016.5,,8,4
2025-09-09 06:00:00,14.7,92,0.0,,307,4.0,9.3,1016.4,,8,4
2025-09-09 07:00:00,15.1,91,0.0,,150,4.0,7.0,1016.9,,8,4
2025-09-09 08:00:00,15.4,81,0.0,,130,11.0,15.0,1017.4,,8,4
2025-09-09 09:00:00,14.9,79,0.0,,139,7.0,14.8,1016.9,,8,8
2025-09-09 10:00:00,13.9,85,0.0,,152,11.0,14.0,1017.5,,8,17
2025-09-09 11:00:00,13.6,90,1.8,,88,7.0,18.0,1017.4,,8,8
2025-09-09 12:00:00,14.0,91,1.0,,74,4.0,16.7,1016.8,,8,8
2025-09-09 13:00:00,14.5,89,0.5,,56,4.0,7.0,1016.6,,7,8
2025-09-09 14:00:00,15.4,81,0.4,,36,11.0,18.0,1016.3,,8,8
2025-09-09 15:00:00,16.2,69,0.0,,40,11.0,18.5,1016.0,,6,3
2025-09-09 16:00:00,16.4,69,0.0,,29,11.0,18.0,1016.0,,2,2
2025-09-09 17:00:00,15.8,72,0.0,,56,11.0,18.0,1015.7,,0,1
2025-09-09 18:00:00,14.9,80,0.0,,107,11.0,13.0,1015.9,,8,4
2025-09-09 19:00:00,12.9,86,0.0,,154,7.0,14.0,1015.9,,8,4
2025-09-09 20:00:00,12.6,92,0.0,,80,4.0,7.0,1015.5,,8,4
2025-09-09 21:00:00,11.8,94,0.0,,156,4.0,5.5,1015.4,,8,4
2025-09-09 22:00:00,10.9,98,0.0,,158,4.0,4.0,1014.7,,2,2
2025-09-09 23:00:00,10.6,97,0.0,,0,0.0,7.0,1013.8,,0,1
2025-09-10 00:00:00,9.2,99,0.0,,147,4.0,5.5,1013.3,,1,1
2025-09-10 01:00:00,9.4,97,0.0,,70,8.0,8.0,1012.8,,8,4
2025-09-10 02:00:00,9.2,97,0.0,,116,7.0,7.0,1012.5,,8,4
2025-09-10 03:00:00,9.8,92,0.0,,150,7.0,11.1,1012.0,,0,1
2025-09-10 04:00:00,10.9,91,0.0,,122,11.0,18.0,1011.6,,0,1
2025-09-10 05:00:00,9.8,96,0.0,,96,7.0,14.0,1011.2,,8,4
2025-09-10 06:00:00,10.8,95,0.0,,106,11.0,13.0,1010.7,,8,4
2025-09-10 07:00:00,12.8,94,0.0,,131,18.0,25.0,1010.3,,7,4
2025-09-10 08:00:00,13.2,91,0.0,,131,14.0,29.0,1010.1,,8,4
2025-09-10 09:00:00,14.3,86,0.0,,137,14.0,24.1,1009.8,,8,4
2025-09-10 10:00:00,16.0,81,0.0,,143,22.0,25.0,1009.0,,8,4
2025-09-10 11:00:00,18.9,70,0.0,,146,22.0,29.0,1007.7,,8,4
2025-09-10 12:00:00,19.5,62,0.0,,146,18.0,31.5,1006.8,,8,4
2025-09-10 13:00:00,20.7,53,0.0,,150,22.0,35.0,1006.1,,1,1
2025-09-10 14:00:00,20.1,55,0.0,,132,18.0,36.0,1005.4,,8,4
2025-09-10 15:00:00,19.7,55,0.0,,137,22.0,31.5,1004.7,,8,4
2025-09-10 16:00:00,19.3,64,0.0,,134,18.0,29.0,1004.3,,8,8
2025-09-10 17:00:00,19.3,61,0.0,,125,22.0,25.0,1003.5,,8,8
2025-09-10 18:00:00,18.6,62,0.0,,170,22.0,27.8,1003.5,,8,8
2025-09-10 19:00:00,16.0,74,0.0,,117,11.0,25.0,1003.0,,6,3
2025-09-10 20:00:00,16.9,75,0.0,,154,11.0,18.0,1002.6,,8,4
2025-09-10 21:00:00,16.8,73,0.0,,185,14.0,27.8,1002.5,,8,4
2025-09-10 22:00:00,16.5,74,0.0,,144,11.0,18.0,1001.8,,8,4
2025-09-10 23:00:00,17.1,71,0.0,,178,18.0,29.0,1001.4,,8,8
2025-09-11 00:00:00,16.7,74,0.0,,172,22.0,27.8,1001.1,,6,3
2025-09-11 01:00:00,15.7,90,0.0,,180,26.0,39.0,1000.6,,8,17
2025-09-11 02:00:00,15.6,93,0.0,,170,22.0,36.0,1000.0,,8,8
2025-09-11 03:00:00,15.6,94,0.2,,187,25.0,33.3,999.9,,8,8
2025-09-11 04:00:00,16.1,90,0.5,,220,22.0,36.0,999.9,,7,8
2025-09-11 05:00:00,16.3,82,0.1,,253,18.0,32.0,1000.7,,8,8
2025-09-11 06:00:00,15.9,81,0.0,,261,14.0,33.3,1001.5,,1,1
2025-09-11 07:00:00,17.0,74,0.0,,247,25.0,32.0,1002.3,,1,1
2025-09-11 08:00:00,17.5,68,0.0,,242,25.0,40.0,1003.0,,2,2
2025-09-11 09:00:00,17.5,66,0.0,,235,29.0,40.8,1003.6,,8,4
2025-09-11 10:00:00,17.9,71,0.1,,229,25.0,47.0,1003.9,,8,8
2025-09-11 11:00:00,18.4,58,0.0,,237,32.0,47.0,1004.1,,8,4
2025-09-11 12:00:00,17.8,64,0.0,,211,32.0,48.2,1004.4,,8,4
2025-09-11 13:00:00,17.7,68,0.0,,214,29.0,47.0,1004.6,,8,8
2025-09-11 14:00:00,16.9,70,0.0,,214,32.0,50.0,1004.7,,8,17
2025-09-11 15:00:00,16.1,79,0.0,,215,29.0,48.2,1004.7,,8,17
2025-09-11 16:00:00,16.4,80,0.3,,208,25.0,40.0,1004.7,,8,8
2025-09-11 17:00:00,15.9,77,0.0,,218,22.0,40.0,1004.8,,4,3
2025-09-11 18:00:00,15.8,75,0.0,,207,25.0,25.0,1005.0,,4,8
2025-09-11 19:00:00,14.0,73,1.2,,227,36.0,68.0,1005.6,,7,17
2025-09-11 20:00:00,14.5,82,0.0,,203,22.0,40.0,1005.6,,7,8
2025-09-11 21:00:00,13.6,84,0.0,,199,25.0,40.8,1006.0,,4,3
2025-09-11 22:00:00,13.1,88,0.4,,197,14.0,40.0,1006.2,,8,17
2025-09-11 23:00:00,13.0,89,0.3,,193,18.0,25.0,1006.1,,2,8
2025-09-12 00:00:00,13.2,88,0.0,,203,25.0,35.2,1006.3,,1,8
2025-09-12 01:00:00,13.3,84,0.1,,202,25.0,36.0,1006.3,,6,8
2025-09-12 02:00:00,13.2,84,0.0,,197,25.0,40.0,1006.7,,6,8
2025-09-12 03:00:00,12.9,86,0.0,,203,32.0,37.0,1006.7,,8,8
2025-09-12 04:00:00,12.9,84,0.0,,206,25.0,40.0,1007.4,,0,1
2025-09-12 05:00:00,12.5,86,0.0,,206,25.0,40.0,1007.8,,1,1
2025-09-12 06:00:00,13.1,85,0.0,,208,29.0,38.9,1008.4,,8,4
2025-09-12 07:00:00,13.6,85,1.0,,210,32.0,47.0,1009.0,,8,17
2025-09-12 08:00:00,14.4,83,0.5,,213,40.0,50.0,1010.0,,8,8
2025-09-12 09:00:00,16.5,79,0.1,,213,32.0,44.5,1010.7,,7,17
2025-09-12 10:00:00,17.0,73,0.2,,217,36.0,58.0,1011.2,,7,8
2025-09-12 11:00:00,17.0,73,0.6,,224,36.0,54.0,1011.9,,6,8
2025-09-12 12:00:00,17.7,67,0.0,,226,40.0,48.2,1012.6,,0,1
2025-09-12 13:00:00,17.7,63,0.0,,228,40.0,50.0,1013.1,,1,1
2025-09-12 14:00:00,18.6,58,0.0,,236,36.0,54.0,1013.3,,2,2
2025-09-12 15:00:00,17.8,61,0.0,,228,29.0,46.3,1013.5,,8,17
2025-09-12 16:00:00,18.3,55,0.0,,220,36.0,54.0,1013.5,,1,8
2025-09-12 17:00:00,17.2,59,0.0,,214,40.0,50.0,1013.8,,8,4
2025-09-12 18:00:00,16.6,61,0.0,,212,25.0,38.9,1014.1,,8,4
2025-09-12 19:00:00,14.5,70,0.0,,190,14.0,43.0,1014.1,,0,1
2025-09-12 20:00:00,13.9,76,0.0,,186,18.0,29.0,1014.1,,8,17
2025-09-12 21:00:00,13.5,78,0.0,,180,18.0,31.5,1013.8,,5,8
2025-09-12 22:00:00,13.2,81,0.0,,180,18.0,29.0,1013.8,,7,4
2025-09-12 23:00:00,13.0,82,0.0,,177,22.0,29.0,1013.4,,0,1
2025-09-13 00:00:00,12.7,84,0.0,,171,22.0,27.8,1013.1,,8,4
2025-09-13 01:00:00,12.4,88,0.0,,180,22.0,30.0,1012.8,,8,4
2025-09-13 02:00:00,12.3,90,0.0,,176,18.0,25.0,1012.6,,8,4
2025-09-13 03:00:00,12.6,91,0.0,,180,18.0,29.6,1012.4,,8,4
2025-09-13 04:00:00,13.0,88,0.0,,174,18.0,29.0,1012.1,,8,4
2025-09-13 05:00:00,12.5,90,0.0,,176,22.0,29.0,1011.6,,8,8
2025-09-13 06:00:00,12.6,91,0.0,,175,22.0,33.3,1011.7,,6,3
2025-09-13 07:00:00,13.4,88,0.0,,171,22.0,32.0,1012.2,,6,3
2025-09-13 08:00:00,15.0,82,0.0,,184,29.0,40.0,1011.7,,1,1
2025-09-13 09:00:00,15.9,77,0.0,,193,32.0,40.8,1011.4,,8,4
2025-09-13 10:00:00,16.8,71,0.0,,200,31.0,46.0,1011.2,,8,8
2025-09-13 11:00:00,17.9,62,0.0,,210,35.0,50.0,1010.7,,8,8
2025-09-13 12:00:00,12.9,88,1.6,,214,25.0,44.5,1011.1,,8,17
2025-09-13 13:00:00,16.2,76,0.0,,211,29.0,40.0,1010.6,,8,8
2025-09-13 14:00:00,16.7,65,0.0,,228,32.0,58.0,1010.3,,8,4
2025-09-13 15:00:00,15.1,78,0.0,,191,25.0,38.9,1010.1,,8,7
2025-09-13 16:00:00,14.6,80,0.0,,180,22.0,30.0,1009.6,,8,7
2025-09-13 17:00:00,14.8,80,0.0,,182,18.0,29.0,1009.4,,8,4
2025-09-13 18:00:00,13.7,83,0.0,,189,18.0,33.3,1009.9,,8,4
2025-09-13 19:00:00,13.0,89,0.0,,169,14.0,25.0,1009.6,,8,4
2025-09-13 20:00:00,12.5,89,0.0,,176,14.0,22.0,1009.8,,8,4
2025-09-13 21:00:00,12.2,91,0.0,,180,22.0,25.9,1009.6,,0,1
2025-09-13 22:00:00,12.4,86,0.2,,223,22.0,29.0,1009.7,,8,8
2025-09-13 23:00:00,12.2,92,0.0,,198,14.0,25.0,1010.0,,4,8
2025-09-14 00:00:00,12.3,93,0.2,,201,22.0,22.2,1009.9,,6,8
2025-09-14 01:00:00,12.3,92,0.3,,208,22.0,36.0,1010.3,,8,7
2025-09-14 02:00:00,12.5,91,0.0,,200,22.0,32.0,1010.8,,4,17
2025-09-14 03:00:00,11.8,94,2.0,,194,14.0,20.4,1011.2,,7,8
2025-09-14 04:00:00,11.6,92,0.0,,208,14.0,22.0,1011.3,,1,1
2025-09-14 05:00:00,11.7,89,0.0,,204,18.0,22.0,1011.7,,3,2
2025-09-14 06:00:00,12.2,91,0.0,,206,18.0,22.2,1012.2,,4,3
2025-09-14 07:00:00,13.5,88,0.0,,209,18.0,25.0,1012.8,,0,1
2025-09-14 08:00:00,15.6,81,0.0,,230,18.0,26.0,1013.2,,0,1
2025-09-14 09:00:00,17.6,76,0.0,,214,18.0,27.8,1013.1,,0,1
2025-09-14 10:00:00,17.7,65,0.0,,234,25.0,36.0,1013.2,,0,1
2025-09-14 11:00:00,18.8,61,0.0,,246,25.0,36.0,1013.5,,5,3
2025-09-14 12:00:00,18.5,58,0.0,,226,22.0,33.3,1013.3,,5,3
2025-09-14 13:00:00,18.8,54,0.0,,220,22.0,35.0,1013.1,,8,4
2025-09-14 14:00:00,19.3,52,0.0,,210,22.0,31.0,1012.4,,8,4
2025-09-14 15:00:00,18.1,55,0.0,,189,22.0,31.5,1012.1,,8,4
2025-09-14 16:00:00,18.0,58,0.0,,183,18.0,29.0,1011.6,,8,4
2025-09-14 17:00:00,16.5,72,0.0,,170,18.0,29.0,1010.7,,8,8
2025-09-14 18:00:00,14.9,81,0.5,,135,14.0,29.6,1009.9,,8,8
2025-09-14 19:00:00,14.5,86,0.4,,131,18.0,25.0,1008.0,,8,8
2025-09-14 20:00:00,14.8,84,0.0,,146,29.0,40.0,1006.7,,8,7
2025-09-14 21:00:00,14.5,94,3.3,,148,29.0,42.6,1005.2,,8,17
2025-09-14 22:00:00,15.3,96,2.9,,166,29.0,43.0,1004.0,,8,8
2025-09-14 23:00:00,16.5,97,0.3,,186,29.0,40.0,1003.0,,8,8
2025-09-15 00:00:00,17.9,94,0.5,,210,29.0,43.0,1002.6,,8,8
2025-09-15 01:00:00,17.3,93,1.8,,247,47.0,79.0,1002.0,,8,8
2025-09-15 02:00:00,17.5,82,0.0,,235,32.0,61.0,1001.9,,5,8
2025-09-15 03:00:00,16.6,82,0.0,,231,36.0,32.0,1001.8,,3,2
2025-09-15 04:00:00,16.8,79,0.0,,238,36.0,58.0,1001.7,,1,1
2025-09-15 05:00:00,16.1,82,0.0,,225,36.0,58.0,1001.8,,5,3
2025-09-15 06:00:00,16.7,72,0.0,,235,36.0,57.4,1002.4,,2,2
2025-09-15 07:00:00,16.8,71,0.0,,235,32.0,61.0,1002.8,,2,17
2025-09-15 08:00:00,17.3,69,0.2,,234,47.0,68.0,1003.3,,5,8
2025-09-15 09:00:00,18.2,68,0.0,,237,40.0,40.0,1003.5,,6,8
2025-09-15 10:00:00,18.0,65,0.0,,242,54.0,79.0,1004.1,,7,4
2025-09-15 11:00:00,17.8,73,0.1,,247,50.0,83.0,1004.5,,7,17
2025-09-15 12:00:00,17.9,71,0.3,,237,47.0,70.4,1004.7,,8,17
2025-09-15 13:00:00,18.8,64,0.0,,230,54.0,80.0,1004.9,,3,8
2025-09-15 14:00:00,19.1,60,0.0,,230,54.0,83.0,1005.0,,7,4
2025-09-15 15:00:00,19.0,60,0.0,,231,50.0,39.0,1005.2,,7,4
2025-09-15 16:00:00,18.3,62,0.0,,229,54.0,79.0,1004.9,,6,3
2025-09-15 17:00:00,16.9,74,0.0,,229,54.0,79.0,1005.1,,8,8
2025-09-15 18:00:00,16.0,79,2.7,,231,43.0,68.5,1005.1,,6,8
2025-09-15 19:00:00,16.4,74,0.0,,232,47.0,68.0,1005.4,,4,8
2025-09-15 20:00:00,16.7,70,0.0,,236,47.0,65.0,1005.7,,8,4
2025-09-15 21:00:00,16.4,73,0.0,,235,43.0,35.0,1005.5,,8,8
2025-09-15 22:00:00,16.0,78,4.8,,243,40.0,68.0,1005.8,,8,8
2025-09-15 23:00:00,16.1,74,0.5,,253,43.0,65.0,1006.4,,8,17
2025-09-16 00:00:00,16.3,70,0.0,,253,47.0,34.0,1006.9,,7,8
2025-09-16 01:00:00,15.9,74,0.0,,255,43.0,83.0,1007.4,,8,7
2025-09-16 02:00:00,15.7,75,0.3,,258,40.0,65.0,1008.0,,8,17
2025-09-16 03:00:00,15.7,73,0.1,,254,43.0,57.4,1008.5,,8,8
2025-09-16 04:00:00,15.6,74,0.4,,259,40.0,58.0,1008.9,,8,8
2025-09-16 05:00:00,15.1,75,0.6,,257,36.0,61.0,1009.6,,8,17
2025-09-16 06:00:00,14.7,78,0.2,,253,36.0,57.4,1010.4,,8,7
2025-09-16 07:00:00,15.1,73,0.0,,254,40.0,54.0,1010.9,,6,17
2025-09-16 08:00:00,15.6,75,0.0,,250,36.0,54.0,1011.5,,8,8
2025-09-16 09:00:00,16.0,73,0.0,,250,39.0,63.0,1012.2,,8,8
2025-09-16 10:00:00,16.1,72,0.1,,255,40.0,58.0,1012.2,,8,8
2025-09-16 11:00:00,14.7,84,1.0,,254,40.0,65.0,1012.8,,8,8
2025-09-16 12:00:00,14.9,80,0.1,,265,47.0,61.1,1013.5,,8,17
2025-09-16 13:00:00,15.8,86,2.0,,270,50.0,65.0,1014.4,,8,8
2025-09-16 14:00:00,15.7,82,0.0,,270,29.0,61.0,1014.9,,8,4
2025-09-16 15:00:00,17.2,70,1.3,,266,43.0,53.7,1015.3,,4,8
2025-09-16 16:00:00,17.1,66,0.0,,267,32.0,54.0,1015.7,,1,1
2025-09-16 17:00:00,16.7,68,0.0,,250,31.0,50.0,1016.1,,6,3
2025-09-16 18:00:00,16.5,69,0.0,,258,29.0,42.6,1016.3,,7,4
2025-09-16 19:00:00,16.8,65,0.0,,257,29.0,47.0,1016.6,,8,4
2025-09-16 20:00:00,16.6,65,0.0,,265,25.0,40.0,1017.1,,8,4
2025-09-16 21:00:00,16.3,68,0.0,,260,18.0,31.5,1017.2,,8,4
2025-09-16 22:00:00,16.6,67,0.0,,248,18.0,25.0,1017.3,,8,4
2025-09-16 23:00:00,15.5,68,0.0,,269,22.0,29.0,1017.5,,7,4
2025-09-17 00:00:00,15.7,69,0.0,,277,22.0,27.8,1017.7,,8,4
2025-09-17 01:00:00,14.2,75,0.0,,280,15.0,26.0,1017.8,,6,3
2025-09-17 02:00:00,14.0,74,0.0,,258,11.0,22.0,1017.6,,1,1
2025-09-17 03:00:00,12.6,80,0.0,,234,11.0,25.9,1017.9,,8,4
2025-09-17 04:00:00,11.3,88,0.0,,206,11.0,14.0,1017.9,,8,4
2025-09-17 05:00:00,11.3,90,0.0,,193,14.0,14.0,1017.8,,8,4
2025-09-17 06:00:00,13.7,87,0.0,,209,14.0,24.1,1018.8,,8,4
2025-09-17 07:00:00,14.1,90,0.0,,205,14.0,18.0,1019.1,,8,17
2025-09-17 08:00:00,14.5,89,0.0,,203,18.0,22.0,1019.4,,8,7
2025-09-17 09:00:00,14.7,91,0.2,,210,22.0,29.6,1019.5,,8,7
2025-09-17 10:00:00,14.8,93,0.9,,206,25.0,32.0,1019.1,,8,8
2025-09-17 11:00:00,14.7,87,1.0,,192,14.0,36.0,1018.8,,8,8
2025-09-17 12:00:00,14.7,93,0.6,,191,25.0,38.9,1018.3,,8,7
2025-09-17 13:00:00,15.5,88,0.0,,198,29.0,40.0,1017.6,,8,7
2025-09-17 14:00:00,15.3,90,0.0,,206,29.0,43.0,1017.5,,8,8
2025-09-17 15:00:00,15.0,93,0.7,,206,25.0,42.6,1017.1,,8,8
2025-09-17 16:00:00,15.0,94,0.9,,195,22.0,36.0,1016.5,,8,8
2025-09-17 17:00:00,15.6,93,1.1,,210,25.0,32.0,1016.3,,8,8
2025-09-17 18:00:00,16.0,96,2.3,,223,25.0,42.6,1016.3,,8,8
2025-09-17 19:00:00,16.4,95,0.8,,223,29.0,43.0,1016.5,,8,8
2025-09-17 20:00:00,16.9,92,0.4,,230,30.0,42.0,1016.5,,8,8
2025-09-17 21:00:00,17.1,92,0.0,,231,36.0,46.3,1016.6,,8,17
2025-09-17 22:00:00,17.2,94,0.5,,232,29.0,43.0,1016.7,,8,8
2025-09-17 23:00:00,17.9,90,0.1,,236,29.0,43.0,1016.9,,8,8
2025-09-18 00:00:00,18.1,89,0.0,,238,29.0,46.3,1017.1,,8,4
2025-09-18 01:00:00,18.2,88,0.1,,237,32.0,50.0,1016.9,,8,8
2025-09-18 02:00:00,18.1,89,0.0,,237,32.0,54.0,1017.1,,8,4
2025-09-18 03:00:00,17.7,93,0.0,,242,29.0,40.8,1017.3,,8,4
2025-09-18 04:00:00,17.7,93,0.2,,246,22.0,47.0,1017.2,,8,8
2025-09-18 05:00:00,17.4,95,0.2,,236,25.0,40.0,1017.3,,8,8
2025-09-18 06:00:00,17.4,96,0.2,,228,22.0,40.8,1017.7,,8,8
2025-09-18 07:00:00,17.6,96,0.6,,233,22.0,32.0,1018.2,,8,8
2025-09-18 08:00:00,18.0,96,0.2,,237,25.0,36.0,1018.7,,8,7
2025-09-18 09:00:00,18.2,94,0.3,,237,25.0,44.5,1019.0,,8,8
2025-09-18 10:00:00,18.9,92,0.0,,227,29.0,43.0,1019.1,,8,4
2025-09-18 11:00:00,19.1,89,0.0,,241,32.0,47.0,1019.6,,8,8
2025-09-18 12:00:00,18.8,92,0.0,,231,32.0,46.3,1019.7,,8,4
2025-09-18 13:00:00,19.9,84,0.0,,230,31.0,46.0,1019.7,,8,4
2025-09-18 14:00:00,20.8,78,0.0,,235,40.0,50.0,1019.9,,8,4
2025-09-18 15:00:00,19.9,81,0.0,,237,40.0,46.3,1020.1,,8,4
2025-09-18 16:00:00,19.7,81,0.0,,235,36.0,58.0,1020.3,,8,4
2025-09-18 17:00:00,19.3,81,0.0,,236,32.0,50.0,1020.6,,8,4
2025-09-18 18:00:00,19.0,81,0.0,,227,32.0,42.6,1020.9,,8,4
2025-09-18 19:00:00,18.8,83,0.0,,225,25.0,43.0,1021.4,,8,4
2025-09-18 20:00:00,19.1,81,0.0,,227,25.0,36.0,1021.7,,8,4
2025-09-18 21:00:00,18.8,81,0.0,,216,29.0,35.2,1021.7,,8,4
2025-09-18 22:00:00,18.4,83,0.0,,220,22.0,40.0,1021.8,,8,4
2025-09-18 23:00:00,17.9,86,0.0,,219,22.0,29.0,1021.9,,8,4
2025-09-19 00:00:00,17.8,86,0.0,,213,22.0,29.6,1021.9,,8,4
2025-09-19 01:00:00,16.6,90,0.0,,215,22.0,29.0,1021.8,,4,3
2025-09-19 02:00:00,15.6,92,0.0,,213,14.0,25.0,1021.7,,1,1
2025-09-19 03:00:00,15.4,93,0.0,,211,14.0,24.1,1021.5,,1,1
2025-09-19 04:00:00,15.2,94,0.0,,204,14.0,22.0,1021.7,,8,4
2025-09-19 05:00:00,14.9,94,0.0,,200,18.0,22.0,1021.8,,1,1
2025-09-19 06:00:00,14.8,96,0.0,,182,14.0,20.4,1022.1,,8,4
2025-09-19 07:00:00,15.9,91,0.0,,178,11.0,18.0,1022.2,,1,1
2025-09-19 08:00:00,17.4,87,0.0,,171,14.0,22.0,1022.2,,6,3
2025-09-19 09:00:00,19.4,80,0.0,,180,18.0,24.1,1022.0,,0,1
2025-09-19 10:00:00,20.6,74,0.0,,189,25.0,29.0,1021.7,,4,3
2025-09-19 11:00:00,22.0,71,0.0,,170,28.0,27.8,1020.0,,4,3
2025-09-19 12:00:00,23.1,67,0.0,,180,28.0,29.6,1019.0,,8,4
2025-09-19 13:00:00,23.9,64,0.0,,180,28.0,29.6,1019.0,,6,3
2025-09-19 14:00:00,24.8,57,0.0,,168,29.0,29.6,1018.8,,4,3
2025-09-19 15:00:00,25.3,54,0.0,,179,22.0,27.8,1018.5,,5,3
2025-09-19 16:00:00,24.6,57,0.0,,173,18.0,32.0,1018.0,,5,3
2025-09-19 17:00:00,23.4,65,0.0,,152,11.0,22.0,1017.5,,8,4
2025-09-19 18:00:00,21.3,71,0.0,,133,11.0,22.2,1017.1,,8,4
2025-09-19 19:00:00,20.7,74,0.0,,126,14.0,18.0,1016.7,,6,3
2025-09-19 20:00:00,19.9,77,0.0,,145,18.0,22.0,1016.6,,0,1
2025-09-19 21:00:00,19.2,76,0.0,,156,14.0,20.4,1016.2,,6,3
2025-09-19 22:00:00,18.5,75,0.0,,152,11.0,14.0,1015.6,,7,4
2025-09-19 23:00:00,18.3,74,0.0,,169,11.0,14.0,1015.6,,8,4
2025-09-20 00:00:00,17.6,75,0.0,,154,11.0,20.4,1015.0,,8,4
2025-09-20 01:00:00,18.4,73,0.0,,180,15.0,18.0,1014.7,,8,4
2025-09-20 02:00:00,17.3,78,0.0,,164,14.0,22.0,1014.0,,8,4
2025-09-20 03:00:00,17.6,79,0.0,,171,11.0,20.4,1013.7,,8,4
2025-09-20 04:00:00,17.5,81,0.0,,165,14.0,18.0,1013.4,,8,4
2025-09-20 05:00:00,17.5,83,0.0,,164,11.0,22.0,1012.8,,8,4
2025-09-20 06:00:00,17.5,84,0.0,,169,11.0,20.4,1012.8,,8,4
2025-09-20 07:00:00,18.3,83,0.0,,170,11.0,18.0,1012.5,,8,4
2025-09-20 08:00:00,18.9,81,0.0,,166,11.0,14.0,1012.4,,8,4
2025-09-20 09:00:00,20.9,75,0.0,,172,14.0,27.8,1012.0,,8,4
2025-09-20 10:00:00,23.0,69,0.0,,189,22.0,29.0,1011.6,,8,4
2025-09-20 11:00:00,21.5,71,0.0,,247,32.0,50.0,1012.8,,8,17
2025-09-20 12:00:00,19.0,84,1.9,,248,18.0,29.6,1012.0,,8,8
2025-09-20 13:00:00,19.0,88,0.7,,206,14.0,25.0,1011.3,,8,8
2025-09-20 14:00:00,19.0,85,0.1,,208,18.0,32.0,1011.6,,8,8
2025-09-20 15:00:00,19.8,86,0.0,,183,18.0,33.3,1010.6,,8,4
2025-09-20 16:00:00,19.7,84,0.0,,173,22.0,32.0,1010.0,,8,4
2025-09-20 17:00:00,19.4,88,0.0,,172,18.0,32.0,1009.6,,8,4
2025-09-20 18:00:00,19.2,90,0.0,,172,22.0,33.3,1009.2,,8,4
2025-09-20 19:00:00,19.4,90,0.0,,170,22.0,31.0,1008.6,,8,4
2025-09-20 20:00:00,19.6,89,0.0,,185,22.0,36.0,1008.4,,8,4
2025-09-20 21:00:00,19.8,87,0.0,,195,25.0,37.0,1008.3,,7,4
2025-09-20 22:00:00,20.2,82,0.1,,214,32.0,43.0,1008.2,,8,17
2025-09-20 23:00:00,19.4,86,0.1,,207,29.0,40.0,1008.1,,8,8
2025-09-21 00:00:00,18.1,77,0.2,,223,36.0,42.6,1007.7,,8,8
2025-09-21 01:00:00,16.4,77,0.0,,220,30.0,46.0,1007.6,,1,1
2025-09-21 02:00:00,15.7,79,0.0,,211,32.0,54.0,1007.6,,8,4
2025-09-21 03:00:00,15.6,79,0.0,,215,32.0,29.0,1007.7,,8,4
2025-09-21 04:00:00,15.6,73,0.0,,245,43.0,65.0,1007.6,,8,4
2025-09-21 05:00:00,14.9,70,0.0,,241,43.0,65.0,1008.0,,8,4
2025-09-21 06:00:00,14.7,73,0.0,,241,36.0,50.0,1008.7,,8,4
2025-09-21 07:00:00,14.2,85,0.0,,270,29.0,54.0,1009.7,,8,8
2025-09-21 08:00:00,14.6,79,0.0,,295,29.0,47.0,1011.4,,8,8
2025-09-21 09:00:00,14.3,81,0.0,,307,29.0,50.0,1012.7,,8,8
2025-09-21 10:00:00,14.2,78,0.1,,323,25.0,36.0,1013.9,,7,17
2025-09-21 11:00:00,14.5,74,0.0,,328,22.0,47.0,1014.9,,8,17
2025-09-21 12:00:00,15.2,69,0.1,,317,25.0,40.8,1015.6,,8,8
2025-09-21 13:00:00,15.2,65,0.0,,310,22.0,35.0,1016.7,,8,4
2025-09-21 14:00:00,15.8,59,0.0,,311,25.0,40.0,1016.8,,7,4
2025-09-21 15:00:00,13.9,76,0.0,,331,25.0,35.2,1016.9,,7,8
2025-09-21 16:00:00,15.4,62,0.0,,334,22.0,36.0,1017.4,,6,8
2025-09-21 17:00:00,14.2,70,0.0,,349,14.0,29.0,1018.2,,7,4
2025-09-21 18:00:00,13.0,73,0.0,,12,7.0,24.1,1018.9,,8,4
2025-09-21 19:00:00,11.0,79,0.0,,0,0.0,11.0,1019.5,,2,2
2025-09-21 20:00:00,11.1,84,0.0,,347,7.0,11.0,1019.8,,0,1
2025-09-21 21:00:00,10.8,86,0.0,,330,4.0,16.7,1020.7,,1,1
2025-09-21 22:00:00,9.9,89,0.0,,354,4.0,7.0,1021.0,,0,1
2025-09-21 23:00:00,10.4,85,0.0,,1,4.0,11.0,1020.9,,0,1
2025-09-22 00:00:00,10.6,84,0.0,,350,11.0,14.8,1021.1,,0,1
2025-09-22 01:00:00,10.1,84,0.0,,350,11.0,15.0,1021.2,,1,1
2025-09-22 02:00:00,10.7,82,0.0,,358,11.0,18.0,1021.2,,8,4
2025-09-22 03:00:00,9.6,86,0.0,,336,11.0,18.5,1021.5,,8,4
2025-09-22 04:00:00,10.4,82,0.0,,29,7.0,14.0,1021.5,,8,4
2025-09-22 05:00:00,9.3,87,0.0,,343,7.0,14.0,1022.0,,0,1
2025-09-22 06:00:00,8.7,90,0.0,,340,7.0,20.4,1022.9,,0,1
2025-09-22 07:00:00,10.6,89,0.0,,336,4.0,14.0,1023.4,,0,1
2025-09-22 08:00:00,12.9,73,0.0,,5,11.0,18.0,1023.9,,5,3
2025-09-22 09:00:00,14.8,63,0.0,,20,18.0,31.5,1024.2,,0,1
2025-09-22 10:00:00,14.6,57,0.0,,26,22.0,40.0,1024.4,,8,4
2025-09-22 11:00:00,14.9,54,0.0,,13,22.0,40.0,1024.3,,7,4
2025-09-22 12:00:00,15.5,52,0.0,,32,22.0,37.0,1024.2,,0,1
2025-09-22 13:00:00,15.4,52,0.0,,30,22.0,39.0,1024.3,,4,3
2025-09-22 14:00:00,15.0,56,0.0,,24,22.0,36.0,1024.2,,3,2
2025-09-22 15:00:00,15.4,51,0.0,,27,22.0,37.0,1024.3,,6,3
2025-09-22 16:00:00,13.8,60,0.0,,12,22.0,36.0,1024.6,,3,8
2025-09-22 17:00:00,13.7,61,0.0,,5,14.0,32.0,1024.8,,8,4
2025-09-22 18:00:00,12.7,64,0.0,,13,14.0,27.8,1024.7,,4,3
2025-09-22 19:00:00,12.1,71,0.0,,12,11.0,25.0,1025.0,,0,1
2025-09-22 20:00:00,11.3,73,0.0,,17,11.0,25.0,1025.5,,0,1
2025-09-22 21:00:00,10.9,76,0.0,,15,7.0,16.7,1025.5,,0,1
2025-09-22 22:00:00,9.7,82,0.0,,26,4.0,11.0,1025.5,,1,1
2025-09-22 23:00:00,9.0,88,0.0,,293,4.0,4.0,1025.5,,8,4
2025-09-23 00:00:00,8.4,89,0.0,,88,4.0,9.3,1025.5,,0,1
2025-09-23 01:00:00,7.7,91,0.0,,321,11.0,11.0,1025.4,,1,1
2025-09-23 02:00:00,7.4,93,0.0,,353,11.0,11.0,1025.4,,0,1
2025-09-23 03:00:00,7.8,91,0.0,,351,4.0,11.1,1025.5,,8,4
2025-09-23 04:00:00,7.9,90,0.0,,8,4.0,11.0,1025.4,,0,1
2025-09-23 05:00:00,8.3,91,0.0,,10,4.0,4.0,1025.6,,3,2
2025-09-23 06:00:00,8.0,93,0.0,,333,7.0,13.0,1025.8,,0,1
2025-09-23 07:00:00,11.8,85,0.0,,1,11.0,14.0,1025.9,,1,1
2025-09-23 08:00:00,14.3,75,0.0,,42,11.0,18.0,1026.2,,1,4
2025-09-23 09:00:00,15.1,72,0.0,,43,14.0,22.2,1026.5,,2,4
2025-09-23 10:00:00,15.2,72,0.0,,42,14.0,25.0,1026.4,,7,2
2025-09-23 11:00:00,15.0,70,0.0,,64,14.0,25.0,1026.3,,0,2
2025-09-23 12:00:00,16.1,68,0.0,,36,11.0,29.6,1026.2,,8,2
2025-09-23 13:00:00,17.1,61,0.0,,31,18.0,29.0,1025.7,,4,3
2025-09-23 14:00:00,16.1,64,0.0,,35,18.0,29.0,1025.5,,8,3
2025-09-23 15:00:00,16.7,54,0.0,,36,22.0,33.3,1025.2,,0,2
2025-09-23 16:00:00,16.4,61,0.0,,17,22.0,36.0,1025.1,,3,1
2025-09-23 17:00:00,15.3,67,0.0,,30,18.0,36.0,1025.3,,0,1
2025-09-23 18:00:00,14.1,72,0.0,,25,18.0,31.5,1025.8,,0,1
2025-09-23 19:00:00,13.5,74,0.0,,31,18.0,29.0,1026.5,,0,1
2025-09-23 20:00:00,12.8,79,0.0,,36,14.0,29.0,1026.6,,0,1
2025-09-23 21:00:00,12.7,75,0.0,,43,14.0,24.1,1027.0,,0,1
2025-09-23 22:00:00,12.6,77,0.0,,42,14.0,22.0,1027.2,,0,1
2025-09-23 23:00:00,12.2,75,0.0,,55,14.0,25.0,1027.3,,0,1
2025-09-24 00:00:00,11.9,77,0.0,,58,18.0,20.4,1027.4,,0,1
2025-09-24 01:00:00,12.0,75,0.0,,50,15.0,22.0,1027.1,,0,1
2025-09-24 02:00:00,11.5,76,0.0,,58,18.0,25.0,1026.9,,8,1
2025-09-24 03:00:00,11.0,76,0.0,,61,14.0,22.2,1026.9,,8,1
2025-09-24 04:00:00,10.7,78,0.0,,58,14.0,25.0,1026.9,,0,2
2025-09-24 05:00:00,10.6,76,0.0,,52,14.0,25.0,1026.7,,0,1
2025-09-24 06:00:00,10.8,77,0.0,,42,14.0,25.9,1027.0,,0,1
2025-09-24 07:00:00,11.7,75,0.0,,49,18.0,29.0,1027.2,,0,1
2025-09-24 08:00:00,12.5,72,0.0,,62,18.0,29.0,1027.7,,0,1
2025-09-24 09:00:00,13.2,70,0.0,,64,22.0,33.3,1028.0,,8,1
2025-09-24 10:00:00,13.7,64,0.0,,65,32.0,47.0,1027.5,,8,2
2025-09-24 11:00:00,14.6,59,0.0,,57,29.0,43.0,1027.1,,2,1
2025-09-24 12:00:00,15.1,57,0.0,,70,31.0,40.8,1026.4,,7,4
2025-09-24 13:00:00,15.2,53,0.0,,50,30.0,46.0,1025.8,,8,4
2025-09-24 14:00:00,15.8,50,0.0,,60,32.0,50.0,1025.4,,8,4
2025-09-24 15:00:00,15.8,51,0.0,,53,22.0,42.6,1025.0,,8,4
2025-09-24 16:00:00,15.2,53,0.0,,58,22.0,43.0,1025.0,,8,4
2025-09-24 17:00:00,14.7,55,0.0,,57,22.0,36.0,1025.1,,8,4
2025-09-24 18:00:00,14.0,60,0.0,,44,18.0,35.2,1025.2,,8,4
2025-09-24 19:00:00,13.9,64,0.0,,46,14.0,25.0,1025.6,,8,4
2025-09-24 20:00:00,13.6,64,0.0,,57,22.0,32.0,1025.6,,8,4
2025-09-24 21:00:00,13.5,65,0.0,,58,22.0,31.5,1025.7,,8,4
2025-09-24 22:00:00,13.0,66,0.0,,61,18.0,32.0,1025.7,,7,4
2025-09-24 23:00:00,12.7,68,0.0,,60,25.0,36.0,1025.5,,8,4
2025-09-25 00:00:00,12.4,65,0.0,,69,25.0,31.5,1025.4,,8,4
2025-09-25 01:00:00,12.0,67,0.0,,64,25.0,40.0,1024.9,,8,4
2025-09-25 02:00:00,11.6,69,0.0,,66,25.0,40.0,1024.8,,8,4
2025-09-25 03:00:00,11.3,70,0.0,,65,25.0,33.3,1024.4,,8,4
2025-09-25 04:00:00,11.1,74,0.0,,53,22.0,36.0,1024.5,,8,4
2025-09-25 05:00:00,10.7,76,0.0,,48,25.0,40.0,1024.4,,8,4
2025-09-25 06:00:00,10.8,75,0.0,,53,29.0,38.9,1024.6,,8,4
2025-09-25 07:00:00,10.8,73,0.0,,59,29.0,47.0,1025.0,,8,4
2025-09-25 08:00:00,11.4,70,0.0,,63,32.0,47.0,1024.9,,8,4
2025-09-25 09:00:00,12.3,67,0.0,,64,29.0,27.0,1024.6,,8,4
2025-09-25 10:00:00,14.1,61,0.0,,64,29.0,50.0,1024.5,,8,4
2025-09-25 11:00:00,14.4,60,0.0,,63,29.0,50.0,1024.0,,8,4
2025-09-25 12:00:00,15.2,52,0.0,,66,36.0,44.5,1023.4,,8,4
2025-09-25 13:00:00,15.3,51,0.0,,60,35.0,54.0,1023.1,,8,4
2025-09-25 14:00:00,15.8,50,0.0,,56,36.0,54.0,1023.0,,8,4
2025-09-25 15:00:00,15.1,43,0.0,,77,32.0,42.6,1023.2,,8,4
2025-09-25 16:00:00,15.4,42,0.0,,80,22.0,50.0,1023.2,,8,4
2025-09-25 17:00:00,14.9,44,0.0,,77,18.0,36.0,1023.4,,8,4
2025-09-25 18:00:00,14.0,53,0.0,,71,14.0,38.9,1023.8,,8,4
2025-09-25 19:00:00,13.5,56,0.0,,86,11.0,29.0,1023.9,,8,4
2025-09-25 20:00:00,13.8,49,0.0,,69,18.0,32.0,1023.8,,8,4
2025-09-25 21:00:00,13.4,51,0.0,,74,18.0,33.3,1024.0,,8,4
2025-09-25 22:00:00,12.8,54,0.0,,77,14.0,29.0,1024.1,,8,4
2025-09-25 23:00:00,12.7,58,0.0,,59,14.0,22.0,1023.7,,8,4
2025-09-26 00:00:00,12.3,56,0.0,,83,14.0,29.6,1023.6,,8,4
2025-09-26 01:00:00,11.6,61,0.0,,76,14.0,29.0,1023.4,,8,4
2025-09-26 02:00:00,10.9,65,0.0,,86,11.0,25.0,1023.1,,6,3
2025-09-26 03:00:00,10.6,69,0.0,,79,18.0,29.6,1022.9,,7,4
2025-09-26 04:00:00,10.5,72,0.0,,82,14.0,29.0,1022.7,,8,4
2025-09-26 05:00:00,11.0,69,0.0,,83,18.0,29.0,1022.8,,8,4
2025-09-26 06:00:00,11.1,70,0.0,,82,18.0,25.9,1022.9,,8,4
2025-09-26 07:00:00,11.5,69,0.0,,84,18.0,29.0,1023.2,,8,4
2025-09-26 08:00:00,11.7,70,0.0,,90,18.0,29.0,1023.5,,8,4
2025-09-26 09:00:00,12.6,69,0.0,,94,14.0,27.8,1023.5,,8,4
2025-09-26 10:00:00,13.2,68,0.0,,102,14.0,25.0,1023.4,,8,4
2025-09-26 11:00:00,13.7,68,0.0,,90,18.0,25.0,1023.3,,8,4
2025-09-26 12:00:00,13.8,68,0.0,,88,14.0,27.8,1023.2,,8,4
2025-09-26 13:00:00,13.8,68,0.0,,90,18.0,26.0,1022.8,,8,4
2025-09-26 14:00:00,14.7,64,0.0,,103,14.0,22.0,1022.4,,8,4
2025-09-26 15:00:00,14.7,65,0.0,,72,7.0,22.2,1022.3,,8,4
2025-09-26 16:00:00,14.1,69,0.0,,48,14.0,18.0,1022.5,,4,3
2025-09-26 17:00:00,13.3,75,0.0,,59,7.0,18.0,1022.7,,7,4
2025-09-26 18:00:00,13.1,76,0.0,,18,7.0,13.0,1022.6,,8,4
2025-09-26 19:00:00,11.4,83,0.0,,80,11.0,14.0,1022.5,,8,4
2025-09-26 20:00:00,10.7,86,0.0,,60,4.0,11.0,1022.6,,8,4
2025-09-26 21:00:00,10.7,86,0.0,,81,11.0,11.1,1022.6,,8,4
2025-09-26 22:00:00,10.4,86,0.0,,65,7.0,11.0,1022.5,,8,4
2025-09-26 23:00:00,10.6,86,0.0,,0,0.0,11.0,1022.1,,8,4
2025-09-27 00:00:00,10.1,89,0.0,,316,4.0,13.0,1021.5,,8,4
2025-09-27 01:00:00,10.2,92,0.0,,350,4.0,8.0,1021.1,,8,4
2025-09-27 02:00:00,11.4,85,0.0,,79,7.0,14.0,1021.2,,8,17
2025-09-27 03:00:00,11.3,88,0.0,,84,4.0,13.0,1021.1,,8,17
2025-09-27 04:00:00,11.0,92,0.2,,79,7.0,11.0,1021.1,,8,7
2025-09-27 05:00:00,10.9,94,0.0,,71,7.0,11.0,1021.0,,8,7
2025-09-27 06:00:00,11.0,92,0.0,,91,7.0,11.1,1021.3,,8,4
2025-09-27 07:00:00,11.4,91,0.0,,88,7.0,11.0,1021.5,,8,4
2025-09-27 08:00:00,12.0,89,0.0,,139,4.0,11.0,1021.6,,8,4
2025-09-27 09:00:00,12.0,89,0.0,,131,7.0,14.8,1021.8,,8,4
2025-09-27 10:00:00,12.9,85,0.0,,130,7.0,11.0,1022.0,,8,4
2025-09-27 11:00:00,13.1,86,0.0,,170,11.0,18.0,1022.0,,8,4
2025-09-27 12:00:00,14.5,80,0.0,,116,11.0,18.5,1021.7,,6,3
2025-09-27 13:00:00,15.2,74,0.0,,140,11.0,18.0,1021.6,,8,4
2025-09-27 14:00:00,15.4,72,0.0,,138,7.0,14.0,1021.7,,8,4
2025-09-27 15:00:00,15.2,75,0.0,,122,4.0,16.7,1021.4,,8,4
2025-09-27 16:00:00,15.2,77,0.0,,145,4.0,11.0,1021.8,,8,4
2025-09-27 17:00:00,14.6,82,0.0,,91,7.0,11.0,1021.7,,7,4
2025-09-27 18:00:00,13.9,84,0.0,,112,7.0,11.1,1021.8,,8,4
2025-09-27 19:00:00,13.7,85,0.0,,97,7.0,11.0,1022.0,,8,4
2025-09-27 20:00:00,13.4,87,0.0,,70,7.0,7.0,1022.3,,8,4
2025-09-27 21:00:00,11.9,91,0.0,,70,4.0,9.3,1022.3,,7,4
2025-09-27 22:00:00,11.6,92,0.0,,111,11.0,14.0,1022.4,,0,1
2025-09-27 23:00:00,11.2,92,0.0,,117,11.0,14.0,1022.3,,0,1
2025-09-28 00:00:00,11.1,90,0.0,,130,11.0,9.3,1022.4,,0,1
2025-09-28 01:00:00,10.5,95,0.0,,62,4.0,11.0,1022.4,,0,1
2025-09-28 02:00:00,10.5,94,0.0,,124,4.0,7.0,1022.4,,0,1
2025-09-28 03:00:00,10.2,95,0.0,,109,4.0,9.3,1022.3,,0,5
2025-09-28 04:00:00,10.2,93,0.0,,119,4.0,11.0,1022.3,,0,1
2025-09-28 05:00:00,10.1,92,0.0,,125,4.0,11.0,1022.1,,0,1
2025-09-28 06:00:00,9.2,95,0.0,,97,11.0,7.4,1022.4,,0,1
2025-09-28 07:00:00,10.4,93,0.0,,144,4.0,11.0,1022.6,,0,1
2025-09-28 08:00:00,13.2,81,0.0,,178,4.0,7.0,1022.6,,0,1
2025-09-28 09:00:00,14.9,70,0.0,,156,11.0,11.1,1022.6,,0,1
2025-09-28 10:00:00,16.7,64,0.0,,164,11.0,18.0,1022.6,,7,4
2025-09-28 11:00:00,17.7,62,0.0,,165,7.0,18.0,1022.6,,8,4
2025-09-28 12:00:00,17.6,60,0.0,,171,14.0,16.7,1022.4,,8,4
2025-09-28 13:00:00,18.5,55,0.0,,170,11.0,22.0,1021.9,,8,4
2025-09-28 14:00:00,18.1,57,0.0,,173,11.0,22.0,1021.6,,7,4
2025-09-28 15:00:00,18.6,51,0.0,,177,7.0,14.8,1021.6,,8,4
2025-09-28 16:00:00,17.9,66,0.0,,239,7.0,14.0,1021.7,,8,4
2025-09-28 17:00:00,15.6,76,0.0,,322,11.0,18.0,1022.1,,8,4
2025-09-28 18:00:00,14.1,83,0.0,,348,4.0,11.1,1022.3,,8,4
2025-09-28 19:00:00,12.7,87,0.0,,340,7.0,11.0,1022.8,,8,4
2025-09-28 20:00:00,12.2,88,0.0,,351,4.0,11.0,1023.0,,8,4
2025-09-28 21:00:00,11.5,90,0.0,,47,4.0,7.4,1023.0,,8,4
2025-09-28 22:00:00,11.3,89,0.0,,336,4.0,7.0,1023.0,,8,4
2025-09-28 23:00:00,10.7,91,0.0,,334,4.0,4.0,1023.0,,8,4
2025-09-29 00:00:00,10.0,92,0.0,,0,0.0,5.5,1023.1,,4,3
2025-09-29 01:00:00,9.0,95,0.0,,320,8.0,11.0,1023.2,,0,1
2025-09-29 02:00:00,8.6,95,0.0,,315,4.0,11.0,1023.1,,0,5
2025-09-29 03:00:00,8.6,97,0.0,,304,4.0,3.7,1022.9,,0,5
2025-09-29 04:00:00,8.1,98,0.0,,322,4.0,7.0,1022.8,,0,5
2025-09-29 05:00:00,8.7,96,0.0,,314,7.0,11.0,1022.9,,0,5
2025-09-29 06:00:00,8.1,97,0.0,,302,7.0,5.5,1023.1,,0,5
2025-09-29 07:00:00,10.5,93,0.0,,307,7.0,11.0,1023.3,,0,1
2025-09-29 08:00:00,15.2,82,0.0,,294,11.0,14.0,1023.3,,6,3
2025-09-29 09:00:00,17.0,71,0.0,,294,11.0,11.1,1023.4,,3,2
2025-09-29 10:00:00,17.6,62,0.0,,319,14.0,22.0,1023.5,,0,1
2025-09-29 11:00:00,17.7,67,0.0,,313,14.0,25.0,1023.4,,5,3
2025-09-29 12:00:00,16.9,69,0.0,,308,18.0,20.4,1023.2,,2,2
2025-09-29 13:00:00,17.9,65,0.0,,320,18.0,26.0,1022.8,,2,2
2025-09-29 14:00:00,17.3,61,0.0,,292,22.0,29.0,1022.9,,1,1
2025-09-29 15:00:00,17.2,62,0.0,,329,22.0,24.1,1023.0,,6,3
2025-09-29 16:00:00,16.3,66,0.0,,320,18.0,25.0,1023.2,,8,4
2025-09-29 17:00:00,15.2,71,0.0,,311,11.0,22.0,1023.4,,8,4
2025-09-29 18:00:00,13.4,81,0.0,,283,4.0,18.5,1023.4,,8,4
2025-09-29 19:00:00,12.4,86,0.0,,300,11.0,11.0,1023.4,,8,4
2025-09-29 20:00:00,12.1,88,0.0,,348,4.0,11.0,1023.5,,8,4
2025-09-29 21:00:00,11.5,90,0.0,,315,4.0,11.1,1023.5,,8,4
2025-09-29 22:00:00,11.4,92,0.0,,0,0.0,4.0,1023.5,,8,4
2025-09-29 23:00:00,11.0,94,0.0,,0,0.0,4.0,1023.5,,8,4
2025-09-30 00:00:00,10.0,95,0.0,,326,4.0,7.4,1023.5,,8,5
2025-09-30 01:00:00,10.2,95,0.0,,350,4.0,8.0,1023.3,,8,5
2025-09-30 02:00:00,10.5,94,0.0,,338,4.0,7.0,1023.1,,8,4
2025-09-30 03:00:00,10.4,94,0.0,,75,4.0,7.4,1023.1,,8,4
2025-09-30 04:00:00,11.0,94,0.0,,307,7.0,7.0,1023.4,,8,4
2025-09-30 05:00:00,10.7,94,0.0,,319,4.0,7.0,1023.7,,8,4
2025-09-30 06:00:00,11.0,95,0.0,,336,4.0,9.3,1024.3,,8,4
2025-09-30 07:00:00,12.2,95,0.0,,1,4.0,7.0,1024.5,,8,4
2025-09-30 08:00:00,15.0,81,0.0,,5,7.0,11.0,1025.0,,8,4
2025-09-30 09:00:00,15.8,74,0.0,,30,11.0,13.0,1025.1,,8,4
2025-09-30 10:00:00,17.4,65,0.0,,41,11.0,18.0,1025.1,,8,4
2025-09-30 11:00:00,18.0,58,0.0,,53,7.0,18.0,1025.2,,8,4
2025-09-30 12:00:00,16.6,69,0.0,,316,11.0,18.5,1025.3,,8,17
2025-09-30 13:00:00,17.1,64,0.0,,320,18.0,22.0,1025.3,,1,8
2025-09-30 14:00:00,17.8,61,0.0,,20,11.0,22.0,1025.5,,8,4
2025-09-30 15:00:00,16.0,76,0.3,,88,7.0,18.5,1025.8,,8,17
2025-09-30 16:00:00,15.2,82,0.2,,78,7.0,14.0,1026.0,,8,17
2025-09-30 17:00:00,15.1,76,0.0,,43,7.0,11.0,1026.3,,7,8
2025-09-30 18:00:00,13.3,84,0.0,,17,7.0,11.1,1026.8,,1,1
2025-09-30 19:00:00,11.9,91,0.0,,41,4.0,11.0,1027.2,,0,1
2025-09-30 20:00:00,10.9,95,0.0,,46,4.0,7.0,1027.4,,1,1
2025-09-30 21:00:00,10.4,97,0.0,,60,4.0,7.4,1027.7,,0,5
2025-09-30 22:00:00,10.0,97,0.0,,54,4.0,4.0,1027.5,,0,5
2025-09-30 23:00:00,9.1,99,0.0,,77,4.0,7.0,1027.6,,1,5
2025-10-01 00:00:00,8.8,99,0.0,,77,4.0,7.4,1027.8,,0,5
2025-10-01 01:00:00,8.2,97,0.0,,77,4.0,7.0,1027.9,,1,5
2025-10-01 02:00:00,8.3,99,0.0,,0,0.0,7.0,1027.8,,0,5
2025-10-01 03:00:00,7.5,98,0.0,,0,0.0,7.4,1027.9,,6,5
2025-10-01 04:00:00,7.9,98,0.0,,77,4.0,7.0,1028.0,,0,5
2025-10-01 05:00:00,6.8,97,0.0,,0,0.0,4.0,1028.5,,8,5
2025-10-01 06:00:00,7.6,96,0.0,,78,7.0,7.4,1028.8,,0,5
2025-10-01 07:00:00,9.3,88,0.0,,103,7.0,11.0,1029.0,,3,2
2025-10-01 08:00:00,11.2,80,0.0,,110,7.0,11.0,1029.4,,7,4
2025-10-01 09:00:00,12.5,79,0.0,,123,7.0,14.8,1029.4,,7,4
2025-10-01 10:00:00,14.4,71,0.0,,123,14.0,22.0,1029.5,,8,4
2025-10-01 11:00:00,15.7,62,0.0,,126,14.0,25.0,1029.5,,8,4
2025-10-01 12:00:00,16.6,50,0.0,,138,14.0,20.4,1029.3,,8,4
2025-10-01 13:00:00,16.6,49,0.0,,160,11.0,26.0,1029.3,,8,4
2025-10-01 14:00:00,17.3,46,0.0,,166,11.0,22.0,1029.1,,8,4
2025-10-01 15:00:00,16.9,46,0.0,,120,11.0,18.5,1028.7,,7,4
2025-10-01 16:00:00,16.0,45,0.0,,118,11.0,18.0,1028.8,,8,4
2025-10-01 17:00:00,13.9,59,0.0,,121,11.0,14.0,1028.9,,8,4
2025-10-01 18:00:00,12.5,65,0.0,,108,7.0,14.8,1029.1,,8,4
2025-10-01 19:00:00,12.6,64,0.0,,111,11.0,14.0,1029.1,,8,4
2025-10-01 20:00:00,12.5,62,0.0,,114,11.0,14.0,1029.1,,8,4
2025-10-01 21:00:00,11.6,65,0.0,,112,11.0,13.0,1029.1,,8,4
2025-10-01 22:00:00,10.8,69,0.0,,127,11.0,18.0,1028.7,,8,4
2025-10-01 23:00:00,11.2,68,0.0,,117,11.0,14.0,1028.7,,8,4
2025-10-02 00:00:00,10.6,73,0.0,,116,11.0,13.0,1028.5,,8,4
2025-10-02 01:00:00,9.2,80,0.0,,100,8.0,18.0,1028.5,,8,4
2025-10-02 02:00:00,9.4,82,0.0,,98,4.0,11.0,1028.0,,8,4
2025-10-02 03:00:00,9.2,81,0.0,,105,7.0,11.1,1027.6,,8,4
2025-10-02 04:00:00,8.6,85,0.0,,108,7.0,11.0,1027.4,,8,4
2025-10-02 05:00:00,8.9,84,0.0,,106,4.0,14.0,1027.3,,8,4
2025-10-02 06:00:00,8.8,86,0.0,,118,11.0,13.0,1027.4,,8,4
2025-10-02 07:00:00,9.4,82,0.0,,133,11.0,18.0,1027.4,,8,4
2025-10-02 08:00:00,10.2,81,0.0,,138,14.0,18.0,1027.4,,8,4
2025-10-02 09:00:00,11.9,74,0.0,,139,14.0,18.5,1027.2,,8,4
2025-10-02 10:00:00,13.3,70,0.0,,154,14.0,22.0,1027.1,,8,4
2025-10-02 11:00:00,14.8,65,0.0,,152,18.0,25.0,1026.6,,8,4
2025-10-02 12:00:00,16.2,62,0.0,,172,22.0,25.9,1025.9,,8,4
2025-10-02 13:00:00,16.9,59,0.0,,180,22.0,31.0,1025.8,,8,4
2025-10-02 14:00:00,17.7,56,0.0,,186,25.0,32.0,1025.2,,8,4
2025-10-02 15:00:00,17.3,57,0.0,,184,22.0,27.8,1024.7,,8,4
2025-10-02 16:00:00,16.9,56,0.0,,173,18.0,29.0,1024.3,,8,4
2025-10-02 17:00:00,16.1,59,0.0,,166,14.0,25.0,1024.1,,8,4
2025-10-02 18:00:00,14.5,62,0.0,,140,14.0,25.9,1024.1,,8,4
2025-10-02 19:00:00,13.6,61,0.0,,142,14.0,22.0,1024.1,,8,4
2025-10-02 20:00:00,12.7,63,0.0,,142,18.0,22.0,1023.5,,8,4
2025-10-02 21:00:00,12.2,64,0.0,,137,18.0,22.2,1022.9,,8,4
2025-10-02 22:00:00,12.0,64,0.0,,143,18.0,25.0,1022.1,,8,4
2025-10-02 23:00:00,11.9,63,0.0,,159,18.0,25.0,1021.6,,8,4
2025-10-03 00:00:00,11.6,65,0.0,,164,18.0,25.9,1021.3,,8,4
2025-10-03 01:00:00,11.3,67,0.0,,151,22.0,29.0,1020.9,,8,4
2025-10-03 02:00:00,11.3,68,0.0,,166,14.0,25.0,1021.0,,8,4
2025-10-03 03:00:00,11.3,68,0.0,,160,18.0,25.9,1020.2,,8,4
2025-10-03 04:00:00,10.8,75,0.1,,156,22.0,29.0,1019.3,,8,17
2025-10-03 05:00:00,10.2,81,0.6,,155,18.0,32.0,1018.9,,8,8
2025-10-03 06:00:00,10.1,79,0.1,,158,18.0,29.6,1018.9,,8,8
2025-10-03 07:00:00,10.4,77,0.0,,153,25.0,32.0,1018.3,,8,4
2025-10-03 08:00:00,10.7,78,0.0,,146,22.0,32.0,1017.6,,8,4
2025-10-03 09:00:00,11.6,73,0.0,,162,25.0,33.3,1017.1,,8,17
2025-10-03 10:00:00,12.0,77,0.0,,156,25.0,36.0,1016.4,,8,17
2025-10-03 11:00:00,12.5,73,0.0,,163,25.0,40.0,1015.7,,8,8
2025-10-03 12:00:00,12.9,73,0.0,,161,25.0,38.9,1015.2,,8,17
2025-10-03 13:00:00,12.9,76,0.0,,140,26.0,35.0,1014.3,,8,8
2025-10-03 14:00:00,13.5,69,0.0,,151,29.0,40.0,1013.4,,8,8
2025-10-03 15:00:00,13.1,72,0.1,,149,29.0,40.8,1012.0,,8,17
2025-10-03 16:00:00,13.6,65,0.0,,159,29.0,43.0,1011.1,,8,8
2025-10-03 17:00:00,12.5,75,0.1,,171,36.0,50.0,1010.6,,8,17
2025-10-03 18:00:00,10.7,87,1.9,,165,36.0,46.3,1009.6,,8,8
2025-10-03 19:00:00,10.3,89,1.7,,168,36.0,58.0,1008.2,,8,8
2025-10-03 20:00:00,10.5,92,2.8,,169,36.0,58.0,1006.9,,8,8
2025-10-03 21:00:00,11.1,92,1.6,,172,40.0,55.5,1004.6,,8,8
2025-10-03 22:00:00,11.9,92,0.6,,175,36.0,58.0,1003.1,,8,8
2025-10-03 23:00:00,12.6,94,0.9,,177,40.0,54.0,1001.0,,8,8
2025-10-04 00:00:00,13.5,94,1.9,,183,36.0,31.0,999.2,,8,8
2025-10-04 01:00:00,14.7,95,0.9,,186,40.0,58.0,997.0,,8,8
2025-10-04 02:00:00,16.0,94,3.6,,195,36.0,58.0,995.4,,8,8
2025-10-04 03:00:00,16.5,96,4.0,,206,40.0,55.5,994.2,,8,8
2025-10-04 04:00:00,14.0,91,4.4,,265,40.0,76.0,994.9,,8,8
2025-10-04 05:00:00,13.6,89,1.9,,250,29.0,54.0,994.4,,8,8
2025-10-04 06:00:00,14.1,90,2.2,,240,29.0,27.0,994.1,,8,8
2025-10-04 07:00:00,14.3,82,0.5,,238,29.0,54.0,993.7,,8,17
2025-10-04 08:00:00,15.0,68,0.0,,258,32.0,54.0,993.9,,8,8
2025-10-04 09:00:00,14.8,65,0.2,,272,54.0,34.0,994.1,,6,8
2025-10-04 10:00:00,14.5,62,0.0,,261,47.0,68.0,995.0,,1,8
2025-10-04 11:00:00,14.9,58,0.0,,259,50.0,72.0,995.4,,4,17
2025-10-04 12:00:00,14.9,60,0.0,,266,50.0,34.0,995.5,,4,8
2025-10-04 13:00:00,13.7,65,0.3,,250,46.0,65.0,995.6,,6,8
2025-10-04 14:00:00,13.5,63,0.2,,253,43.0,76.0,996.0,,8,17
2025-10-04 15:00:00,12.4,68,1.1,,251,47.0,43.0,996.1,,8,8
2025-10-04 16:00:00,11.6,76,0.2,,262,54.0,79.0,996.9,,8,17
2025-10-04 17:00:00,12.1,79,0.5,,262,43.0,68.0,997.4,,8,8
2025-10-04 18:00:00,13.2,74,0.1,,267,43.0,34.0,998.2,,8,8
2025-10-04 19:00:00,13.5,70,0.0,,274,43.0,65.0,999.3,,8,8
2025-10-04 20:00:00,13.9,69,0.0,,267,50.0,72.0,1000.0,,8,17
2025-10-04 21:00:00,13.4,67,0.0,,273,50.0,37.0,1000.7,,7,8
2025-10-04 22:00:00,13.7,66,0.0,,278,47.0,68.0,1001.2,,8,8
2025-10-04 23:00:00,13.3,68,0.0,,272,43.0,68.0,1001.8,,8,8
2025-10-05 00:00:00,12.9,71,0.2,,270,43.0,34.0,1002.4,,8,17
2025-10-05 01:00:00,13.1,70,0.0,,270,42.0,65.0,1002.6,,8,8
2025-10-05 02:00:00,13.0,68,0.0,,275,43.0,61.0,1002.6,,8,8
2025-10-05 03:00:00,12.7,70,0.1,,275,40.0,57.4,1003.1,,8,8
2025-10-05 04:00:00,12.1,73,1.3,,277,40.0,61.0,1003.3,,8,17
2025-10-05 05:00:00,12.1,74,0.4,,279,32.0,58.0,1003.8,,8,17
2025-10-05 06:00:00,11.2,80,3.4,,283,36.0,26.0,1004.9,,8,8
2025-10-05 07:00:00,11.0,80,1.9,,278,32.0,47.0,1005.9,,7,8
2025-10-05 08:00:00,11.6,85,5.6,,274,25.0,54.0,1006.7,,8,8
2025-10-05 09:00:00,13.1,70,0.1,,281,25.0,55.5,1007.6,,8,17
2025-10-05 10:00:00,13.4,69,0.0,,293,32.0,54.0,1008.4,,8,8
2025-10-05 11:00:00,12.6,77,0.9,,283,32.0,50.0,1009.3,,8,17
2025-10-05 12:00:00,12.7,76,1.0,,278,36.0,33.0,1010.1,,8,17
2025-10-05 13:00:00,14.1,70,0.1,,294,40.0,61.0,1010.6,,8,8
2025-10-05 14:00:00,13.5,69,0.0,,279,32.0,54.0,1011.6,,8,17
2025-10-05 15:00:00,12.9,70,0.0,,288,36.0,55.5,1012.5,,8,8
2025-10-05 16:00:00,13.5,67,0.0,,292,22.0,50.0,1013.5,,8,17
2025-10-05 17:00:00,13.2,65,0.0,,287,29.0,43.0,1014.5,,8,8
2025-10-05 18:00:00,12.8,62,0.0,,300,22.0,42.6,1015.3,,1,1
2025-10-05 19:00:00,13.1,59,0.0,,300,22.0,32.0,1016.3,,6,3
2025-10-05 20:00:00,12.3,68,0.0,,290,14.0,40.0,1016.7,,5,8
2025-10-05 21:00:00,13.5,62,0.0,,286,22.0,31.5,1017.1,,8,4
2025-10-05 22:00:00,13.3,62,0.0,,298,18.0,32.0,1017.4,,8,4
2025-10-05 23:00:00,12.5,66,0.0,,297,14.0,29.0,1017.9,,8,4
2025-10-06 00:00:00,12.9,78,0.0,,272,22.0,31.5,1018.1,,8,4
2025-10-06 01:00:00,12.9,79,0.0,,280,18.0,26.0,1018.3,,8,4
2025-10-06 02:00:00,13.6,76,0.0,,281,18.0,29.0,1018.7,,8,4
2025-10-06 03:00:00,13.4,79,0.0,,278,18.0,31.5,1019.1,,8,4
2025-10-06 04:00:00,12.8,92,0.4,,268,14.0,29.0,1019.4,,8,17
2025-10-06 05:00:00,13.4,90,0.1,,269,18.0,25.0,1019.6,,8,8
2025-10-06 06:00:00,14.0,86,0.0,,273,18.0,25.9,1019.9,,8,17
2025-10-06 07:00:00,14.1,85,0.0,,274,18.0,29.0,1020.6,,8,8
2025-10-06 08:00:00,14.5,85,0.0,,272,18.0,25.0,1021.1,,8,8
2025-10-06 09:00:00,14.8,83,0.0,,273,18.0,29.6,1021.6,,8,4
2025-10-06 10:00:00,14.7,83,0.0,,277,18.0,29.0,1021.9,,8,17
2025-10-06 11:00:00,14.9,82,0.0,,283,18.0,29.0,1022.3,,8,8
2025-10-06 12:00:00,15.2,81,0.0,,273,25.0,35.2,1022.0,,8,8
2025-10-06 13:00:00,14.2,90,0.1,,256,18.0,36.0,1022.3,,8,17
2025-10-06 14:00:00,14.1,90,0.3,,261,18.0,29.0,1022.4,,8,8
2025-10-06 15:00:00,13.9,92,0.2,,249,14.0,31.5,1022.6,,8,17
2025-10-06 16:00:00,14.4,87,0.0,,270,14.0,22.0,1022.9,,8,8
2025-10-06 17:00:00,14.3,88,0.0,,277,14.0,22.0,1022.9,,8,4
2025-10-06 18:00:00,14.8,86,0.0,,256,11.0,22.2,1023.2,,8,4
2025-10-06 19:00:00,15.0,85,0.0,,236,14.0,22.0,1023.3,,8,4
2025-10-06 20:00:00,15.2,86,0.0,,238,14.0,22.0,1023.8,,8,4
2025-10-06 21:00:00,15.2,87,0.0,,252,11.0,18.5,1023.8,,8,4
2025-10-06 22:00:00,14.7,91,0.0,,221,11.0,14.0,1023.9,,8,4
2025-10-06 23:00:00,14.8,91,0.0,,224,11.0,14.0,1023.8,,8,4
2025-10-07 00:00:00,14.3,91,0.0,,176,7.0,14.8,1023.6,,8,4
2025-10-07 01:00:00,14.5,92,0.0,,190,11.0,15.0,1023.5,,8,4
2025-10-07 02:00:00,14.7,93,0.0,,208,14.0,22.0,1023.5,,8,4
2025-10-07 03:00:00,13.9,95,0.0,,214,11.0,16.7,1023.3,,8,4
2025-10-07 04:00:00,13.7,97,0.0,,222,11.0,14.0,1023.6,,8,4
2025-10-07 05:00:00,13.6,97,0.0,,176,7.0,18.0,1023.6,,8,4
2025-10-07 06:00:00,13.7,98,0.0,,206,14.0,18.5,1023.7,,8,17
2025-10-07 07:00:00,14.1,98,0.0,,209,14.0,22.0,1024.1,,8,5
2025-10-07 08:00:00,15.1,97,0.0,,212,18.0,25.0,1024.3,,8,5
2025-10-07 09:00:00,16.2,92,0.0,,208,18.0,25.9,1024.2,,8,4
2025-10-07 10:00:00,17.3,84,0.0,,227,22.0,29.0,1024.2,,8,4
2025-10-07 11:00:00,16.8,83,0.0,,251,25.0,40.0,1024.3,,8,4
2025-10-07 12:00:00,16.6,78,0.0,,251,29.0,31.5,1024.2,,8,4
2025-10-07 13:00:00,16.7,77,0.0,,250,26.0,35.0,1024.0,,8,4
2025-10-07 14:00:00,16.0,77,0.0,,255,25.0,36.0,1024.0,,8,4
2025-10-07 15:00:00,15.7,80,0.0,,245,22.0,31.5,1023.8,,8,4
2025-10-07 16:00:00,15.6,81,0.0,,240,18.0,30.0,1023.4,,8,4
2025-10-07 17:00:00,15.5,82,0.0,,250,18.0,30.0,1023.3,,8,4
2025-10-07 18:00:00,15.0,88,0.0,,236,18.0,24.1,1023.5,,8,4
2025-10-07 19:00:00,14.7,93,0.0,,240,18.0,30.0,1023.5,,8,8
2025-10-07 20:00:00,14.5,94,0.0,,233,14.0,22.0,1023.4,,8,8
2025-10-07 21:00:00,14.2,96,0.0,,226,14.0,18.5,1023.2,,8,17
2025-10-07 22:00:00,14.2,94,0.2,,245,11.0,22.0,1023.1,,8,8
2025-10-07 23:00:00,14.1,95,0.0,,222,14.0,18.0,1022.9,,8,8
2025-10-08 00:00:00,14.0,94,0.0,,207,11.0,16.7,1022.5,,8,4
2025-10-08 01:00:00,13.3,96,0.0,,220,11.0,18.0,1022.2,,8,4
2025-10-08 02:00:00,12.7,96,0.0,,212,11.0,18.0,1021.9,,8,4
2025-10-08 03:00:00,13.5,94,0.0,,217,11.0,14.8,1021.6,,8,4
2025-10-08 04:00:00,13.5,94,0.0,,219,14.0,18.0,1021.3,,8,4
2025-10-08 05:00:00,13.6,94,0.0,,217,14.0,22.0,1021.2,,8,4
2025-10-08 06:00:00,13.5,95,0.0,,206,11.0,13.0,1021.3,,8,4
2025-10-08 07:00:00,13.7,96,0.0,,206,11.0,18.0,1021.5,,8,4
2025-10-08 08:00:00,14.9,90,0.0,,235,11.0,14.0,1021.7,,8,4
2025-10-08 09:00:00,15.8,84,0.0,,257,11.0,18.5,1021.9,,8,4
2025-10-08 10:00:00,16.2,80,0.0,,268,14.0,22.0,1021.8,,8,4
2025-10-08 11:00:00,16.2,78,0.0,,281,14.0,22.0,1021.8,,8,4
2025-10-08 12:00:00,16.5,80,0.0,,274,14.0,24.1,1021.6,,8,4
2025-10-08 13:00:00,16.3,75,0.0,,270,18.0,26.0,1021.8,,8,4
2025-10-08 14:00:00,16.2,77,0.0,,291,18.0,25.0,1021.7,,8,4
2025-10-08 15:00:00,15.7,83,0.0,,305,11.0,22.2,1021.7,,8,4
2025-10-08 16:00:00,15.1,88,0.0,,280,14.0,25.0,1021.8,,8,4
2025-10-08 17:00:00,14.8,88,0.0,,271,14.0,18.0,1022.2,,8,4
2025-10-08 18:00:00,14.8,90,0.0,,274,11.0,18.5,1022.4,,8,4
2025-10-08 19:00:00,14.0,92,0.3,,343,18.0,32.0,1022.9,,8,8
2025-10-08 20:00:00,13.3,89,0.0,,339,22.0,40.0,1023.7,,8,4
2025-10-08 21:00:00,13.1,88,0.0,,324,7.0,13.0,1024.0,,8,4
2025-10-08 22:00:00,12.9,89,0.0,,321,7.0,11.0,1023.9,,8,4
2025-10-08 23:00:00,12.5,89,0.0,,305,4.0,7.0,1024.0,,8,4
2025-10-09 00:00:00,12.1,86,0.0,,304,4.0,9.3,1023.8,,8,4
2025-10-09 01:00:00,10.7,87,0.0,,0,0.0,7.0,1023.8,,8,4
2025-10-09 02:00:00,11.5,90,0.0,,0,0.0,7.0,1023.9,,8,4
2025-10-09 03:00:00,11.1,92,0.0,,0,0.0,9.3,1023.8,,7,4
2025-10-09 04:00:00,10.9,94,0.0,,0,0.0,4.0,1024.0,,4,3
2025-10-09 05:00:00,10.0,93,0.0,,0,0.0,7.0,1024.2,,7,4
2025-10-09 06:00:00,8.9,95,0.0,,155,4.0,9.3,1024.5,,1,1
2025-10-09 07:00:00,10.8,90,0.0,,148,4.0,7.0,1025.0,,8,4
2025-10-09 08:00:00,13.6,74,0.0,,185,7.0,11.0,1025.4,,0,1
2025-10-09 09:00:00,14.6,67,0.0,,234,7.0,18.5,1025.6,,0,1
2025-10-09 10:00:00,14.8,68,0.0,,281,11.0,22.0,1025.7,,5,3
2025-10-09 11:00:00,15.9,66,0.0,,262,14.0,25.0,1025.4,,7,4
2025-10-09 12:00:00,15.0,73,0.0,,284,18.0,27.8,1025.6,,8,4
2025-10-09 13:00:00,15.1,70,0.0,,280,22.0,30.0,1026.0,,7,4
2025-10-09 14:00:00,15.2,65,0.0,,274,18.0,29.0,1025.9,,7,4
2025-10-09 15:00:00,14.8,71,0.0,,266,22.0,27.8,1026.1,,6,3
2025-10-09 16:00:00,14.4,75,0.0,,273,18.0,29.0,1026.3,,8,4
2025-10-09 17:00:00,14.3,77,0.0,,283,14.0,25.0,1026.8,,8,4
2025-10-09 18:00:00,14.3,79,0.0,,278,14.0,22.2,1027.4,,8,4
2025-10-09 19:00:00,14.3,81,0.0,,275,18.0,22.0,1027.8,,8,4
2025-10-09 20:00:00,14.3,82,0.0,,270,15.0,22.0,1028.1,,8,4
2025-10-09 21:00:00,14.5,82,0.0,,267,11.0,18.5,1028.4,,8,4
2025-10-09 22:00:00,14.6,82,0.0,,256,14.0,18.0,1028.7,,8,4
2025-10-09 23:00:00,14.4,87,0.0,,261,11.0,18.0,1029.0,,8,4
2025-10-10 00:00:00,14.5,87,0.0,,247,7.0,14.8,1029.1,,8,4
2025-10-10 01:00:00,14.0,91,0.0,,274,7.0,11.0,1029.4,,8,4
2025-10-10 02:00:00,14.1,90,0.0,,260,11.0,11.0,1029.4,,8,4
2025-10-10 03:00:00,13.1,92,0.0,,263,7.0,14.8,1029.8,,8,4
2025-10-10 04:00:00,12.3,94,0.0,,265,11.0,11.0,1029.7,,8,4
2025-10-10 05:00:00,12.5,95,0.0,,270,11.0,14.0,1030.0,,8,4
2025-10-10 06:00:00,11.8,95,0.0,,275,11.0,13.0,1030.9,,4,3
2025-10-10 07:00:00,14.2,94,0.0,,262,11.0,14.0,1031.3,,4,3
2025-10-10 08:00:00,15.3,91,0.0,,278,11.0,14.0,1031.9,,4,3
2025-10-10 09:00:00,16.4,82,0.0,,281,18.0,18.5,1032.3,,7,4
2025-10-10 10:00:00,16.2,81,0.0,,299,14.0,29.0,1032.7,,7,4
2025-10-10 11:00:00,16.3,80,0.0,,285,18.0,25.0,1032.8,,7,4
2025-10-10 12:00:00,16.6,76,0.0,,274,18.0,24.1,1032.8,,8,4
2025-10-10 13:00:00,16.2,78,0.0,,290,15.0,26.0,1033.0,,8,4
2025-10-10 14:00:00,16.0,78,0.0,,290,14.0,22.0,1033.2,,8,4
2025-10-10 15:00:00,15.9,79,0.0,,267,14.0,22.2,1033.1,,8,4
2025-10-10 16:00:00,15.5,80,0.0,,262,11.0,22.0,1033.2,,8,4
2025-10-10 17:00:00,15.3,75,0.0,,269,18.0,25.0,1033.3,,8,4
2025-10-10 18:00:00,15.1,75,0.0,,248,14.0,16.7,1033.5,,8,4
2025-10-10 19:00:00,15.1,78,0.0,,241,14.0,22.0,1033.6,,8,4
2025-10-10 20:00:00,14.9,79,0.0,,249,14.0,18.0,1033.7,,8,4
2025-10-10 21:00:00,14.8,78,0.0,,259,14.0,9.3,1033.5,,8,4
2025-10-10 22:00:00,14.8,77,0.0,,253,11.0,22.0,1033.4,,8,4
2025-10-10 23:00:00,14.5,81,0.0,,218,14.0,14.0,1033.7,,8,4
2025-10-11 00:00:00,14.6,80,0.0,,246,11.0,7.4,1033.6,,8,4
2025-10-11 01:00:00,14.2,83,0.0,,223,11.0,14.0,1033.7,,8,4
2025-10-11 02:00:00,13.9,87,0.0,,230,11.0,22.0,1033.6,,8,17
2025-10-11 03:00:00,13.7,89,0.0,,221,11.0,9.3,1033.5,,8,17
2025-10-11 04:00:00,13.5,92,0.0,,200,7.0,11.0,1033.5,,8,8
2025-10-11 05:00:00,13.8,91,0.0,,217,11.0,11.0,1033.4,,8,4
2025-10-11 06:00:00,14.2,88,0.0,,244,7.0,9.3,1033.3,,8,8
2025-10-11 07:00:00,14.0,88,0.0,,277,4.0,11.0,1033.8,,8,4
2025-10-11 08:00:00,14.7,86,0.0,,271,4.0,7.0,1034.0,,8,4
2025-10-11 09:00:00,15.4,79,0.0,,293,7.0,9.3,1034.1,,8,4
2025-10-11 10:00:00,15.6,72,0.0,,287,14.0,18.0,1034.3,,8,4
2025-10-11 11:00:00,15.4,73,0.0,,299,11.0,18.0,1034.4,,8,4
2025-10-11 12:00:00,15.6,72,0.0,,296,11.0,14.8,1034.0,,8,4
2025-10-11 13:00:00,15.7,70,0.0,,290,11.0,15.0,1033.6,,8,4
2025-10-11 14:00:00,15.6,69,0.0,,294,11.0,18.0,1033.5,,8,4
2025-10-11 15:00:00,15.6,69,0.0,,322,11.0,16.7,1033.3,,8,4
2025-10-11 16:00:00,15.0,75,0.0,,317,11.0,14.0,1033.4,,8,4
2025-10-11 17:00:00,14.4,80,0.0,,313,11.0,11.0,1033.3,,8,4
2025-10-11 18:00:00,14.2,83,0.0,,317,4.0,11.1,1033.4,,8,4
2025-10-11 19:00:00,14.3,80,0.0,,296,7.0,11.0,1033.4,,8,4
2025-10-11 20:00:00,14.3,78,0.0,,278,11.0,11.0,1033.3,,8,4
2025-10-11 21:00:00,14.0,79,0.0,,325,4.0,7.4,1033.2,,8,4
2025-10-11 22:00:00,13.8,82,0.0,,268,7.0,11.0,1033.2,,8,4
2025-10-11 23:00:00,13.6,86,0.0,,294,4.0,11.0,1033.1,,8,4
2025-10-12 00:00:00,13.6,84,0.0,,0,0.0,5.5,1032.8,,8,4
2025-10-12 01:00:00,13.5,85,0.0,,240,4.0,8.0,1032.5,,8,4
2025-10-12 02:00:00,13.2,89,0.0,,222,4.0,7.0,1032.1,,8,4
2025-10-12 03:00:00,13.5,87,0.0,,272,4.0,7.4,1031.7,,8,4
2025-10-12 04:00:00,13.4,88,0.0,,268,7.0,11.0,1031.4,,8,4
2025-10-12 05:00:00,13.3,89,0.0,,320,7.0,11.0,1031.3,,8,4
2025-10-12 06:00:00,13.3,87,0.0,,323,7.0,7.4,1031.4,,8,4
2025-10-12 07:00:00,13.2,87,0.0,,311,4.0,11.0,1031.5,,3,2
2025-10-12 08:00:00,14.3,78,0.0,,313,7.0,11.0,1031.6,,8,4
2025-10-12 09:00:00,14.7,81,0.0,,326,11.0,13.0,1031.6,,8,4
2025-10-12 10:00:00,15.1,79,0.0,,357,11.0,22.0,1031.5,,8,4
2025-10-12 11:00:00,15.6,77,0.0,,348,14.0,29.0,1031.3,,8,4
2025-10-12 12:00:00,15.5,81,0.0,,351,11.0,20.4,1031.1,,8,4
2025-10-12 13:00:00,15.5,85,0.0,,320,11.0,22.0,1030.6,,8,4
2025-10-12 14:00:00,15.8,86,0.0,,338,7.0,25.0,1030.2,,8,4
2025-10-12 15:00:00,16.1,84,0.0,,349,7.0,20.4,1030.1,,8,8
2025-10-12 16:00:00,15.8,83,0.0,,339,14.0,36.0,1029.9,,8,4
2025-10-12 17:00:00,15.6,82,0.0,,340,11.0,18.0,1030.1,,8,4
2025-10-12 18:00:00,14.6,93,0.0,,349,14.0,16.7,1030.2,,8,17
2025-10-12 19:00:00,14.5,95,0.1,,330,11.0,29.0,1029.9,,8,8
2025-10-12 20:00:00,14.7,94,0.0,,360,7.0,22.0,1029.9,,8,17
2025-10-12 21:00:00,14.5,93,0.0,,8,11.0,16.7,1030.0,,8,8
2025-10-12 22:00:00,14.2,93,0.0,,8,7.0,18.0,1029.8,,8,8
2025-10-12 23:00:00,14.1,95,0.0,,358,14.0,18.0,1029.7,,8,17
2025-10-13 00:00:00,13.8,97,0.4,,356,11.0,14.8,1029.4,,8,8
2025-10-13 01:00:00,13.6,96,0.2,,360,11.0,18.0,1029.3,,8,8
2025-10-13 02:00:00,13.6,96,0.0,,343,7.0,14.0,1028.9,,8,4
2025-10-13 03:00:00,13.4,93,0.0,,23,11.0,14.8,1028.8,,8,4
2025-10-13 04:00:00,13.1,94,0.0,,11,7.0,14.0,1028.6,,8,4
2025-10-13 05:00:00,13.1,95,0.0,,23,11.0,18.0,1028.7,,8,4
2025-10-13 06:00:00,13.2,94,0.0,,27,11.0,14.8,1028.7,,8,4
2025-10-13 07:00:00,13.3,96,0.0,,27,11.0,22.0,1028.8,,8,8
2025-10-13 08:00:00,13.7,93,0.0,,40,11.0,25.0,1028.8,,8,4
2025-10-13 09:00:00,14.0,89,0.0,,41,11.0,20.4,1029.3,,8,4
2025-10-13 10:00:00,14.2,87,0.0,,49,11.0,22.0,1029.3,,8,4
2025-10-13 11:00:00,14.8,85,0.0,,31,11.0,25.0,1029.4,,8,4
2025-10-13 12:00:00,14.5,86,0.0,,68,11.0,24.1,1029.0,,8,4
2025-10-13 13:00:00,14.7,82,0.0,,40,8.0,22.0,1028.9,,8,4
2025-10-13 14:00:00,15.2,74,0.0,,31,7.0,22.0,1028.6,,8,4
2025-10-13 15:00:00,15.1,77,0.0,,59,11.0,24.1,1028.4,,8,4
2025-10-13 16:00:00,14.8,76,0.0,,60,11.0,18.0,1028.5,,8,4
2025-10-13 17:00:00,13.9,80,0.0,,52,7.0,14.0,1028.5,,8,4
2025-10-13 18:00:00,13.1,83,0.0,,13,11.0,16.7,1028.7,,5,3
2025-10-13 19:00:00,11.9,86,0.0,,341,7.0,18.0,1028.7,,8,4
2025-10-13 20:00:00,12.4,84,0.0,,332,11.0,25.0,1028.7,,8,4
2025-10-13 21:00:00,10.2,92,0.0,,337,7.0,13.0,1028.7,,7,4
2025-10-13 22:00:00,9.6,97,0.0,,0,0.0,11.0,1028.6,,3,2
2025-10-13 23:00:00,9.8,97,0.0,,25,4.0,4.0,1028.5,,7,5
2025-10-14 00:00:00,11.3,94,0.0,,355,4.0,9.3,1028.4,,8,4
2025-10-14 01:00:00,12.0,91,0.0,,329,4.0,11.0,1028.3,,8,4
2025-10-14 02:00:00,12.3,90,0.0,,316,4.0,18.0,1027.9,,8,4
2025-10-14 03:00:00,12.2,91,0.0,,316,4.0,9.3,1027.7,,8,4
2025-10-14 04:00:00,12.8,85,0.0,,353,7.0,14.0,1027.7,,8,4
2025-10-14 05:00:00,12.6,88,0.0,,318,4.0,7.0,1027.6,,8,4
2025-10-14 06:00:00,12.7,88,0.0,,311,7.0,9.3,1027.6,,8,4
2025-10-14 07:00:00,12.6,96,0.0,,295,7.0,11.0,1027.7,,8,4
2025-10-14 08:00:00,13.3,94,0.0,,328,7.0,18.0,1027.8,,8,4
2025-10-14 09:00:00,14.1,89,0.0,,348,11.0,18.5,1027.9,,8,4
2025-10-14 10:00:00,14.6,83,0.0,,349,14.0,25.0,1027.9,,8,4
2025-10-14 11:00:00,16.0,76,0.0,,354,11.0,25.0,1027.7,,8,4
2025-10-14 12:00:00,16.7,74,0.0,,335,14.0,24.1,1027.4,,8,4
2025-10-14 13:00:00,16.0,75,0.0,,340,15.0,30.0,1027.2,,7,4
2025-10-14 14:00:00,15.8,79,0.0,,315,14.0,29.0,1027.0,,8,4
2025-10-14 15:00:00,15.1,82,0.0,,322,14.0,24.1,1026.8,,8,4
2025-10-14 16:00:00,14.5,83,0.0,,330,18.0,26.0,1026.8,,8,4
2025-10-14 17:00:00,13.9,82,0.0,,340,15.0,26.0,1027.1,,8,4
2025-10-14 18:00:00,13.7,80,0.0,,348,11.0,18.5,1027.2,,8,4
2025-10-14 19:00:00,13.6,75,0.0,,340,11.0,29.0,1027.3,,8,4
2025-10-14 20:00:00,12.4,88,0.0,,319,14.0,36.0,1027.5,,8,4
2025-10-14 21:00:00,11.4,92,0.0,,312,7.0,14.8,1027.6,,8,4
2025-10-14 22:00:00,11.8,94,0.0,,295,4.0,11.0,1027.7,,8,4
2025-10-14 23:00:00,11.0,96,0.0,,299,7.0,11.0,1027.7,,7,4
2025-10-15 00:00:00,12.1,95,0.0,,309,7.0,13.0,1027.8,,8,4
2025-10-15 01:00:00,11.4,97,0.0,,311,11.0,11.0,1027.4,,8,8
2025-10-15 02:00:00,11.8,97,0.0,,306,7.0,11.0,1027.2,,8,4
2025-10-15 03:00:00,11.8,97,0.0,,305,4.0,13.0,1027.2,,8,4
2025-10-15 04:00:00,12.1,97,0.0,,318,4.0,11.0,1027.0,,8,4
2025-10-15 05:00:00,12.5,95,0.0,,320,7.0,11.0,1027.1,,8,4
2025-10-15 06:00:00,13.0,96,0.0,,350,7.0,11.1,1027.2,,8,4
2025-10-15 07:00:00,13.2,95,0.0,,356,11.0,22.0,1027.5,,8,8
2025-10-15 08:00:00,13.6,91,0.0,,10,11.0,18.0,1027.7,,8,4
2025-10-15 09:00:00,13.9,88,0.0,,12,11.0,16.7,1027.8,,8,4
2025-10-15 10:00:00,14.6,84,0.0,,347,14.0,25.0,1027.9,,8,4
2025-10-15 11:00:00,14.6,80,0.0,,358,11.0,29.0,1028.0,,8,4
2025-10-15 12:00:00,14.6,83,0.0,,31,11.0,22.2,1027.7,,8,4
2025-10-15 13:00:00,14.6,82,0.0,,330,15.0,26.0,1027.5,,8,4
2025-10-15 14:00:00,14.4,83,0.0,,337,14.0,25.0,1027.4,,8,4
2025-10-15 15:00:00,13.5,92,0.1,,335,11.0,24.1,1027.2,,8,8
2025-10-15 16:00:00,12.8,92,0.1,,6,14.0,29.0,1027.1,,8,7
2025-10-15 17:00:00,12.4,90,0.1,,16,14.0,22.0,1027.2,,8,8
2025-10-15 18:00:00,12.5,82,0.0,,20,7.0,16.7,1027.2,,8,4
2025-10-15 19:00:00,12.0,84,0.0,,325,11.0,25.0,1027.4,,8,4
2025-10-15 20:00:00,11.4,85,0.0,,4,7.0,25.0,1027.4,,8,4
2025-10-15 21:00:00,11.3,90,0.0,,332,7.0,13.0,1027.5,,8,4
2025-10-15 22:00:00,10.1,94,0.0,,331,7.0,7.0,1027.3,,0,1
2025-10-15 23:00:00,9.3,97,0.0,,315,7.0,7.0,1027.2,,0,5
2025-10-16 00:00:00,9.5,96,0.0,,293,7.0,11.1,1027.0,,8,5
2025-10-16 01:00:00,10.0,96,0.0,,300,8.0,11.0,1026.6,,8,4
2025-10-16 02:00:00,10.6,96,0.2,,296,4.0,11.0,1026.2,,8,8
2025-10-16 03:00:00,11.0,95,0.1,,302,7.0,11.1,1025.7,,8,8
2025-10-16 04:00:00,11.5,97,0.1,,314,7.0,11.0,1025.6,,8,17
2025-10-16 05:00:00,12.2,89,0.0,,38,14.0,22.0,1025.5,,8,8
2025-10-16 06:00:00,12.1,89,0.0,,348,11.0,13.0,1025.7,,8,17
2025-10-16 07:00:00,12.2,89,0.0,,356,7.0,14.0,1025.8,,8,8
2025-10-16 08:00:00,12.7,88,0.0,,317,4.0,22.0,1026.0,,8,4
2025-10-16 09:00:00,13.7,83,0.0,,358,14.0,18.5,1026.2,,8,4
2025-10-16 10:00:00,14.1,79,0.0,,349,18.0,25.0,1026.4,,8,4
2025-10-16 11:00:00,15.4,74,0.0,,9,14.0,25.0,1026.3,,8,4
2025-10-16 12:00:00,14.1,81,0.0,,16,18.0,24.1,1026.0,,8,17
2025-10-16 13:00:00,13.8,81,0.1,,30,22.0,39.0,1025.8,,8,8
2025-10-16 14:00:00,14.9,75,0.0,,24,14.0,29.0,1025.4,,8,4
2025-10-16 15:00:00,14.7,79,0.0,,359,11.0,24.1,1025.4,,8,4
2025-10-16 16:00:00,13.9,82,0.2,,351,11.0,18.0,1025.5,,8,8
2025-10-16 17:00:00,13.6,83,0.0,,354,7.0,22.0,1025.6,,8,4
2025-10-16 18:00:00,13.5,82,0.0,,336,14.0,14.8,1025.7,,8,4
2025-10-16 19:00:00,13.2,75,0.0,,360,11.0,22.0,1025.9,,8,4
2025-10-16 20:00:00,12.9,79,0.0,,328,7.0,14.0,1026.0,,8,4
2025-10-16 21:00:00,12.7,84,0.0,,359,7.0,11.1,1026.0,,8,4
2025-10-16 22:00:00,12.7,83,0.0,,331,7.0,11.0,1025.9,,8,4
2025-10-16 23:00:00,12.7,82,0.0,,26,7.0,14.0,1025.5,,8,4
2025-10-17 00:00:00,11.9,89,0.0,,327,4.0,9.3,1025.4,,8,4
2025-10-17 01:00:00,12.3,77,0.0,,20,11.0,18.0,1025.2,,8,4
2025-10-17 02:00:00,12.2,79,0.0,,342,4.0,18.0,1025.0,,8,4
2025-10-17 03:00:00,11.8,85,0.0,,310,4.0,9.3,1024.9,,8,4
2025-10-17 04:00:00,12.0,86,0.0,,341,7.0,11.0,1024.7,,8,4
2025-10-17 05:00:00,12.2,86,0.0,,341,11.0,14.0,1024.7,,8,4
2025-10-17 06:00:00,11.9,82,0.0,,346,11.0,11.1,1024.8,,8,4
2025-10-17 07:00:00,11.8,81,0.0,,325,7.0,11.0,1025.0,,8,4
2025-10-17 08:00:00,11.3,88,0.0,,348,14.0,18.0,1025.5,,8,8
2025-10-17 09:00:00,11.8,90,0.3,,337,7.0,13.0,1025.7,,8,8
2025-10-17 10:00:00,12.9,85,0.0,,302,7.0,22.0,1025.5,,8,4
2025-10-17 11:00:00,13.4,82,0.0,,319,4.0,18.0,1025.3,,8,8
2025-10-17 12:00:00,14.1,72,0.0,,307,14.0,20.4,1025.0,,8,4
2025-10-17 13:00:00,14.3,68,0.0,,310,15.0,31.0,1024.6,,8,4
2025-10-17 14:00:00,13.7,71,0.0,,325,14.0,25.0,1024.6,,8,4
2025-10-17 15:00:00,13.9,75,0.0,,321,11.0,20.4,1024.5,,8,4
2025-10-17 16:00:00,13.3,77,0.0,,336,14.0,22.0,1024.6,,8,4
2025-10-17 17:00:00,12.4,82,0.0,,332,7.0,18.0,1024.9,,8,4
2025-10-17 18:00:00,11.5,85,0.0,,322,11.0,13.0,1025.1,,8,4
2025-10-17 19:00:00,11.8,83,0.0,,339,4.0,18.0,1025.4,,8,4
2025-10-17 20:00:00,11.7,84,0.0,,14,4.0,18.0,1025.7,,8,4
2025-10-17 21:00:00,11.3,90,0.0,,292,7.0,7.4,1025.9,,8,4
2025-10-17 22:00:00,11.1,89,0.0,,320,7.0,7.0,1026.2,,8,4
2025-10-17 23:00:00,10.7,95,0.0,,338,4.0,11.0,1026.2,,8,4
2025-10-18 00:00:00,11.1,87,0.0,,77,7.0,9.3,1026.4,,8,4
2025-10-18 01:00:00,10.8,88,0.0,,150,8.0,11.0,1026.4,,8,4
2025-10-18 02:00:00,10.6,89,0.0,,82,7.0,11.0,1026.5,,8,4
2025-10-18 03:00:00,10.4,90,0.0,,76,4.0,9.3,1026.6,,8,4
2025-10-18 04:00:00,10.6,88,0.0,,46,4.0,4.0,1026.9,,8,4
2025-10-18 05:00:00,10.6,86,0.0,,87,11.0,14.0,1027.0,,8,4
2025-10-18 06:00:00,10.4,87,0.0,,91,7.0,11.1,1027.2,,8,4
2025-10-18 07:00:00,10.5,83,0.0,,103,11.0,14.0,1027.6,,8,4
2025-10-18 08:00:00,11.8,73,0.0,,102,14.0,22.0,1027.8,,8,4
2025-10-18 09:00:00,11.7,74,0.0,,114,14.0,16.7,1027.8,,8,4
2025-10-18 10:00:00,12.9,58,0.0,,121,14.0,22.0,1027.5,,8,4
2025-10-18 11:00:00,12.7,52,0.0,,130,18.0,22.0,1027.3,,8,4
2025-10-18 12:00:00,13.0,56,0.0,,93,14.0,24.1,1026.9,,8,4
2025-10-18 13:00:00,12.3,58,0.0,,90,18.0,31.0,1026.1,,8,4
2025-10-18 14:00:00,12.3,56,0.0,,112,11.0,25.0,1025.9,,8,4
2025-10-18 15:00:00,11.7,60,0.0,,122,14.0,20.4,1025.0,,8,4
2025-10-18 16:00:00,10.7,64,0.0,,120,11.0,18.0,1024.5,,8,4
2025-10-18 17:00:00,9.4,71,0.0,,109,7.0,14.0,1024.2,,8,4
2025-10-18 18:00:00,9.4,70,0.0,,97,11.0,18.5,1023.9,,8,4
2025-10-18 19:00:00,9.3,70,0.0,,95,14.0,22.0,1023.5,,8,4
2025-10-18 20:00:00,9.2,68,0.0,,110,14.0,22.0,1023.1,,8,4
2025-10-18 21:00:00,8.8,68,0.0,,108,18.0,18.5,1022.3,,8,4
2025-10-18 22:00:00,8.5,69,0.0,,113,18.0,25.0,1021.6,,8,4
2025-10-18 23:00:00,8.1,72,0.0,,110,18.0,25.0,1020.9,,8,4
2025-10-19 00:00:00,8.3,74,0.0,,125,18.0,18.5,1020.1,,8,4
2025-10-19 01:00:00,7.9,79,0.0,,120,15.0,26.0,1019.6,,8,4
2025-10-19 02:00:00,8.2,77,0.0,,128,14.0,25.0,1018.6,,8,4
2025-10-19 03:00:00,8.2,77,0.0,,131,18.0,20.4,1017.6,,8,4
2025-10-19 04:00:00,8.0,79,0.0,,116,14.0,25.0,1016.8,,8,4
2025-10-19 05:00:00,7.8,79,0.0,,124,14.0,22.0,1015.9,,8,4
2025-10-19 06:00:00,7.5,80,0.0,,125,14.0,22.2,1015.3,,8,4
2025-10-19 07:00:00,7.6,81,0.0,,118,14.0,22.0,1014.6,,8,4
2025-10-19 08:00:00,8.4,78,0.0,,130,18.0,29.0,1013.9,,8,4
2025-10-19 09:00:00,9.5,76,0.0,,128,14.0,25.9,1013.1,,8,4
2025-10-19 10:00:00,10.2,73,0.0,,134,18.0,25.0,1012.4,,8,4
2025-10-19 11:00:00,11.3,71,0.0,,145,22.0,29.0,1011.5,,8,4
2025-10-19 12:00:00,12.2,70,0.0,,143,22.0,29.6,1010.2,,8,4
2025-10-19 13:00:00,12.6,69,0.0,,150,22.0,31.0,1009.2,,8,4
2025-10-19 14:00:00,12.9,70,0.0,,142,22.0,32.0,1008.2,,8,4
2025-10-19 15:00:00,12.6,73,0.0,,146,22.0,27.8,1007.4,,8,4
2025-10-19 16:00:00,12.3,75,0.0,,130,18.0,29.0,1006.7,,8,4
2025-10-19 17:00:00,12.2,76,0.0,,134,18.0,25.0,1006.3,,8,4
2025-10-19 18:00:00,12.4,77,0.0,,143,22.0,25.9,1005.9,,8,4
2025-10-19 19:00:00,12.8,80,0.0,,147,25.0,36.0,1005.0,,8,4
2025-10-19 20:00:00,12.6,89,0.0,,148,22.0,32.0,1004.3,,8,17
2025-10-19 21:00:00,12.8,86,0.0,,140,22.0,31.5,1003.5,,8,8
2025-10-19 22:00:00,13.2,81,0.0,,148,29.0,43.0,1002.5,,8,17
2025-10-19 23:00:00,13.3,79,0.0,,150,25.0,40.0,1001.7,,8,8
2025-10-20 00:00:00,13.1,81,0.1,,152,29.0,35.2,1000.9,,8,17
2025-10-20 01:00:00,12.4,89,2.0,,150,22.0,35.0,1000.1,,8,8
2025-10-20 02:00:00,12.4,91,0.8,,137,22.0,32.0,999.0,,8,8
2025-10-20 03:00:00,12.6,91,0.2,,149,25.0,35.2,998.1,,8,17
2025-10-20 04:00:00,12.7,94,1.5,,150,25.0,36.0,997.5,,8,8
2025-10-20 05:00:00,13.0,96,1.7,,162,22.0,32.0,997.2,,8,8
2025-10-20 06:00:00,13.3,96,0.2,,175,18.0,31.5,996.9,,8,17
2025-10-20 07:00:00,13.6,96,0.0,,173,18.0,25.0,996.7,,8,8
2025-10-20 08:00:00,14.0,93,0.0,,181,18.0,29.0,996.9,,8,4
2025-10-20 09:00:00,14.5,91,0.0,,177,18.0,31.5,996.7,,8,4
2025-10-20 10:00:00,15.2,86,0.0,,182,18.0,32.0,996.3,,8,4
2025-10-20 11:00:00,15.9,81,0.0,,180,22.0,36.0,996.0,,7,4
2025-10-20 12:00:00,15.9,79,0.0,,172,25.0,33.3,995.5,,8,4
2025-10-20 13:00:00,15.9,79,0.0,,170,26.0,39.0,995.0,,8,4
2025-10-20 14:00:00,16.3,77,0.0,,171,22.0,32.0,994.2,,8,4
2025-10-20 15:00:00,15.9,78,0.1,,172,25.0,33.3,993.3,,8,8
2025-10-20 16:00:00,15.5,81,0.0,,155,18.0,36.0,992.9,,8,17
2025-10-20 17:00:00,15.4,80,0.0,,145,22.0,32.0,992.3,,8,17
2025-10-20 18:00:00,14.5,87,0.6,,157,22.0,35.2,992.0,,8,8
2025-10-20 19:00:00,14.5,87,0.0,,163,22.0,32.0,991.5,,8,17
2025-10-20 20:00:00,13.5,91,0.9,,175,25.0,40.0,991.2,,8,17
2025-10-20 21:00:00,13.4,88,0.0,,148,18.0,37.0,990.6,,7,8
2025-10-20 22:00:00,14.0,86,0.0,,154,25.0,36.0,989.9,,8,4
2025-10-20 23:00:00,13.4,87,0.0,,165,22.0,36.0,989.4,,4,3
2025-10-21 00:00:00,13.2,89,0.0,,160,22.0,35.2,988.5,,4,3
2025-10-21 01:00:00,13.3,91,0.3,,158,25.0,36.0,987.7,,8,17
2025-10-21 02:00:00,13.1,93,1.6,,153,25.0,36.0,986.4,,8,8
2025-10-21 03:00:00,13.0,94,0.9,,195,32.0,42.6,986.2,,8,8
2025-10-21 04:00:00,13.8,90,2.1,,236,29.0,50.0,986.8,,8,8
2025-10-21 05:00:00,13.9,85,0.0,,244,32.0,47.0,987.7,,8,17
2025-10-21 06:00:00,13.6,89,0.2,,245,25.0,42.6,988.7,,8,17
2025-10-21 07:00:00,13.4,89,0.3,,246,25.0,40.0,989.8,,8,17
2025-10-21 08:00:00,14.4,86,0.4,,245,22.0,43.0,990.5,,8,8
2025-10-21 09:00:00,14.9,83,0.0,,242,25.0,44.5,991.1,,8,8
2025-10-21 10:00:00,15.0,82,0.0,,239,32.0,47.0,991.9,,8,8
2025-10-21 11:00:00,15.3,78,0.0,,247,29.0,54.0,992.6,,8,4
2025-10-21 12:00:00,15.4,77,0.0,,243,29.0,46.3,993.0,,8,4
2025-10-21 13:00:00,14.4,83,0.2,,226,36.0,50.0,993.1,,8,8
2025-10-21 14:00:00,15.3,71,0.0,,235,32.0,50.0,993.3,,8,8
2025-10-21 15:00:00,15.1,71,0.0,,220,31.0,44.5,993.7,,8,4
2025-10-21 16:00:00,14.2,81,0.0,,202,22.0,43.0,993.7,,8,4
2025-10-21 17:00:00,13.4,89,0.1,,200,29.0,43.0,993.9,,8,17
2025-10-21 18:00:00,13.0,89,0.0,,210,26.0,37.0,994.0,,8,8
2025-10-21 19:00:00,13.3,88,0.0,,198,22.0,32.0,993.9,,8,8
2025-10-21 20:00:00,12.8,88,0.0,,196,22.0,29.0,993.9,,8,8
2025-10-21 21:00:00,13.1,88,0.0,,198,18.0,33.3,993.8,,8,4
2025-10-21 22:00:00,12.6,90,0.0,,194,22.0,29.0,993.7,,7,4
2025-10-21 23:00:00,13.0,89,0.0,,206,22.0,32.0,993.8,,8,17
2025-10-22 00:00:00,12.8,92,0.3,,210,22.0,29.6,993.9,,8,8
2025-10-22 01:00:00,12.9,92,0.1,,210,22.0,25.0,994.1,,8,4
2025-10-22 02:00:00,12.3,94,0.0,,211,14.0,25.0,994.4,,7,4
2025-10-22 03:00:00,12.0,94,0.0,,213,14.0,27.8,994.6,,8,4
2025-10-22 04:00:00,11.6,95,0.0,,218,14.0,18.0,995.0,,8,4
2025-10-22 05:00:00,12.0,92,0.0,,220,15.0,18.0,995.5,,8,4
2025-10-22 06:00:00,11.9,84,0.0,,250,11.0,22.2,996.0,,8,8
2025-10-22 07:00:00,11.5,87,0.0,,237,11.0,18.0,996.7,,7,4
2025-10-22 08:00:00,12.1,88,0.0,,214,11.0,18.0,997.4,,8,4
2025-10-22 09:00:00,13.1,81,0.0,,226,14.0,24.1,997.9,,8,4
2025-10-22 10:00:00,14.1,78,0.0,,230,18.0,22.0,998.4,,8,4
2025-10-22 11:00:00,14.9,74,0.0,,220,18.0,25.0,998.7,,8,4
2025-10-22 12:00:00,14.7,71,0.0,,249,14.0,27.8,998.6,,8,4
2025-10-22 13:00:00,14.4,72,0.0,,230,15.0,22.0,998.3,,8,4
2025-10-22 14:00:00,13.9,78,0.0,,200,14.0,22.0,998.0,,8,4
2025-10-22 15:00:00,13.5,77,0.0,,225,11.0,22.2,997.9,,8,4
2025-10-22 16:00:00,11.8,91,2.1,,208,11.0,18.0,997.7,,8,17
2025-10-22 17:00:00,11.6,94,0.2,,116,7.0,11.0,997.3,,8,7
2025-10-22 18:00:00,11.0,95,0.0,,109,7.0,13.0,996.9,,8,7
2025-10-22 19:00:00,10.1,95,0.0,,106,11.0,14.0,996.0,,8,4
2025-10-22 20:00:00,11.0,94,0.0,,112,11.0,14.0,995.2,,8,4
2025-10-22 21:00:00,11.3,92,0.0,,115,14.0,18.5,994.1,,8,4
2025-10-22 22:00:00,11.3,92,0.0,,111,18.0,22.0,992.4,,8,4
2025-10-22 23:00:00,11.5,92,0.0,,113,18.0,25.0,990.7,,8,4
2025-10-23 00:00:00,11.6,89,0.0,,102,22.0,29.6,987.8,,8,17
2025-10-23 01:00:00,11.5,91,0.9,,100,18.0,31.0,985.3,,8,8
2025-10-23 02:00:00,11.2,92,6.5,,91,25.0,40.0,982.0,,8,8
2025-10-23 03:00:00,11.4,95,4.9,,91,22.0,38.9,979.1,,8,8
2025-10-23 04:00:00,13.1,95,4.4,,148,29.0,40.0,977.0,,8,8
2025-10-23 05:00:00,14.1,94,0.4,,176,25.0,43.0,976.4,,8,8
2025-10-23 06:00:00,14.5,87,0.0,,192,29.0,37.0,976.1,,8,8
2025-10-23 07:00:00,14.2,81,0.0,,197,40.0,54.0,976.4,,8,4
2025-10-23 08:00:00,14.1,77,0.0,,186,32.0,54.0,976.4,,8,4
2025-10-23 09:00:00,13.7,72,0.0,,191,32.0,27.0,976.3,,5,3
2025-10-23 10:00:00,11.3,81,0.0,,186,43.0,61.0,976.9,,8,17
2025-10-23 11:00:00,12.1,71,0.0,,174,36.0,58.0,976.5,,8,8
2025-10-23 12:00:00,10.6,86,0.0,,166,29.0,42.6,975.8,,8,4
2025-10-23 13:00:00,10.1,92,0.2,,165,22.0,36.0,975.7,,8,17
2025-10-23 14:00:00,10.5,92,0.0,,205,14.0,29.0,976.3,,8,8
2025-10-23 15:00:00,10.9,91,0.1,,241,14.0,44.5,977.0,,8,8
2025-10-23 16:00:00,11.5,83,2.1,,289,43.0,68.0,978.7,,8,17
2025-10-23 17:00:00,11.5,86,1.3,,287,54.0,76.0,980.1,,8,8
2025-10-23 18:00:00,11.8,86,0.6,,281,47.0,41.0,982.5,,8,8
2025-10-23 19:00:00,11.8,81,0.4,,279,50.0,76.0,984.2,,8,17
2025-10-23 20:00:00,11.8,78,0.0,,277,50.0,72.0,985.6,,8,17
2025-10-23 21:00:00,11.5,77,0.2,,276,50.0,37.0,986.6,,8,8
2025-10-23 22:00:00,11.9,73,0.0,,281,43.0,76.0,987.4,,8,8
2025-10-23 23:00:00,11.0,80,1.0,,279,50.0,79.0,988.2,,8,17
2025-10-24 00:00:00,10.7,77,0.3,,275,40.0,36.0,989.6,,8,17
2025-10-24 01:00:00,10.2,82,0.0,,267,43.0,65.0,990.3,,8,17
2025-10-24 02:00:00,10.3,76,0.0,,264,50.0,68.0,991.2,,8,17
2025-10-24 03:00:00,10.5,71,0.1,,261,47.0,34.0,992.0,,8,8
2025-10-24 04:00:00,10.1,68,0.0,,266,47.0,65.0,993.0,,8,4
2025-10-24 05:00:00,10.1,69,0.0,,261,43.0,65.0,993.7,,8,17
2025-10-24 06:00:00,10.4,69,0.0,,266,43.0,61.1,994.2,,8,8
2025-10-24 07:00:00,10.1,72,0.0,,265,40.0,58.0,994.9,,8,17
2025-10-24 08:00:00,10.7,67,0.0,,262,43.0,58.0,995.8,,7,8
2025-10-24 09:00:00,10.7,70,0.0,,257,40.0,64.8,996.6,,8,4
2025-10-24 10:00:00,10.9,70,0.2,,251,43.0,61.0,997.3,,7,17
2025-10-24 11:00:00,11.9,62,0.0,,248,36.0,65.0,997.6,,6,8
2025-10-24 12:00:00,12.1,58,0.0,,250,43.0,63.0,997.7,,7,4
2025-10-24 13:00:00,12.2,61,0.0,,240,39.0,61.0,997.8,,5,17
2025-10-24 14:00:00,11.8,61,0.0,,238,40.0,68.0,997.7,,7,8
2025-10-24 15:00:00,10.6,70,0.0,,230,32.0,57.4,997.9,,4,3
2025-10-24 16:00:00,10.7,73,0.1,,224,32.0,47.0,997.4,,8,17
2025-10-24 17:00:00,10.3,80,0.0,,211,29.0,47.0,997.3,,8,8
2025-10-24 18:00:00,10.0,86,0.6,,204,25.0,46.3,996.9,,8,17
2025-10-24 19:00:00,9.7,84,0.2,,210,35.0,46.0,996.8,,7,8
2025-10-24 20:00:00,9.7,87,2.0,,222,29.0,47.0,996.8,,8,17
2025-10-24 21:00:00,9.5,87,0.3,,210,32.0,50.0,996.5,,6,17
2025-10-24 22:00:00,9.2,87,0.5,,208,40.0,50.0,995.7,,8,8
2025-10-24 23:00:00,9.3,86,0.1,,209,36.0,58.0,995.1,,8,17
2025-10-25 00:00:00,8.9,90,2.1,,212,29.0,48.2,994.7,,8,8
2025-10-25 01:00:00,9.1,90,1.3,,212,40.0,50.0,994.1,,8,8
2025-10-25 02:00:00,9.2,92,1.8,,214,32.0,54.0,993.6,,8,8
2025-10-25 03:00:00,9.2,92,1.9,,211,36.0,46.3,992.9,,8,8
2025-10-25 04:00:00,9.3,92,2.4,,226,32.0,50.0,992.9,,8,8
2025-10-25 05:00:00,9.3,92,0.9,,210,29.0,47.0,992.4,,8,8
2025-10-25 06:00:00,9.4,91,0.0,,208,29.0,46.3,992.2,,8,17
2025-10-25 07:00:00,9.6,92,0.2,,210,25.0,36.0,992.3,,8,8
2025-10-25 08:00:00,10.4,93,0.3,,219,22.0,32.0,992.6,,8,8
2025-10-25 09:00:00,11.6,92,3.2,,265,25.0,50.0,993.1,,8,8
2025-10-25 10:00:00,12.4,82,1.9,,315,25.0,40.0,994.3,,8,8
2025-10-25 11:00:00,12.3,81,0.7,,308,32.0,61.0,995.8,,8,17
2025-10-25 12:00:00,11.9,80,0.2,,302,36.0,48.2,996.8,,8,17
2025-10-25 13:00:00,12.1,70,0.0,,295,36.0,61.0,997.6,,8,8
2025-10-25 14:00:00,11.0,75,0.2,,297,29.0,61.0,998.4,,8,8
2025-10-25 15:00:00,10.5,71,0.3,,286,29.0,53.7,999.1,,8,8
2025-10-25 16:00:00,9.9,66,0.1,,288,32.0,50.0,999.4,,1,8
2025-10-25 17:00:00,9.1,75,0.0,,281,29.0,58.0,1000.0,,7,17
2025-10-25 18:00:00,8.8,70,0.1,,285,25.0,44.5,1000.3,,6,8
2025-10-25 19:00:00,8.7,71,0.0,,279,29.0,47.0,1000.6,,1,17
2025-10-25 20:00:00,7.6,78,2.8,,263,25.0,50.0,1000.6,,8,8
2025-10-25 21:00:00,7.8,79,0.1,,288,22.0,38.9,1000.8,,8,8
2025-10-25 22:00:00,7.5,81,0.2,,296,18.0,36.0,1000.7,,7,17
2025-10-25 23:00:00,6.7,83,1.4,,231,22.0,47.0,1000.5,,8,8
2025-10-26 00:00:00,8.1,72,0.0,,268,18.0,40.8,1000.2,,8,8
2025-10-26 01:00:00,8.4,70,0.0,,300,25.0,50.0,999.7,,8,17
2025-10-26 02:00:00,8.6,65,0.0,,271,36.0,54.0,999.4,,8,8
2025-10-26 03:00:00,8.8,74,0.0,,260,36.0,32.0,998.8,,8,17
2025-10-26 04:00:00,8.6,83,1.0,,260,43.0,61.0,998.3,,8,8
2025-10-26 05:00:00,9.2,86,2.7,,280,43.0,61.0,998.6,,8,8
2025-10-26 06:00:00,9.0,80,1.0,,288,43.0,28.0,999.3,,8,8
2025-10-26 07:00:00,9.9,73,0.7,,304,40.0,68.0,1000.1,,7,8
2025-10-26 08:00:00,10.5,67,0.0,,300,43.0,72.0,1001.1,,8,4
2025-10-26 09:00:00,9.4,80,0.5,,311,36.0,30.0,1002.1,,8,17
2025-10-26 10:00:00,8.9,77,1.4,,303,40.0,61.0,1003.0,,8,8
2025-10-26 11:00:00,10.9,76,0.2,,283,36.0,58.0,1003.3,,8,8
2025-10-26 12:00:00,8.6,87,3.1,,308,22.0,59.3,1003.9,,8,17
2025-10-26 13:00:00,10.6,66,0.0,,277,36.0,58.0,1004.0,,8,8
2025-10-26 14:00:00,9.8,61,0.0,,276,40.0,58.0,1004.3,,7,4
2025-10-26 15:00:00,9.5,63,0.0,,272,40.0,55.5,1004.4,,8,4
2025-10-26 16:00:00,9.3,64,0.0,,265,29.0,50.0,1004.1,,8,8
2025-10-26 17:00:00,9.3,63,0.0,,266,32.0,47.0,1003.7,,8,4
2025-10-26 18:00:00,8.2,73,0.2,,268,40.0,44.5,1003.3,,7,17
2025-10-26 19:00:00,8.0,84,0.3,,243,22.0,58.0,1002.2,,8,8
2025-10-26 20:00:00,9.1,81,0.9,,258,32.0,54.0,1001.3,,8,8
2025-10-26 21:00:00,9.7,79,0.5,,245,32.0,48.2,1000.1,,8,8
2025-10-26 22:00:00,9.3,92,1.1,,240,32.0,50.0,998.8,,8,8
2025-10-26 23:00:00,10.3,92,2.0,,246,29.0,50.0,997.1,,8,8
2025-10-27 00:00:00,10.5,91,3.3,,267,36.0,53.7,995.9,,8,17
2025-10-27 01:00:00,11.0,82,0.3,,280,35.0,50.0,995.2,,8,17
2025-10-27 02:00:00,10.3,74,0.2,,291,47.0,65.0,994.8,,8,17
2025-10-27 03:00:00,11.3,74,0.6,,278,43.0,32.0,994.2,,7,8
2025-10-27 04:00:00,11.1,74,0.0,,282,47.0,65.0,994.1,,5,17
2025-10-27 05:00:00,10.4,76,0.4,,274,40.0,72.0,994.1,,8,8
2025-10-27 06:00:00,10.8,72,0.0,,285,43.0,36.0,993.9,,8,17
2025-10-27 07:00:00,11.3,69,0.0,,279,47.0,68.0,994.3,,8,8
2025-10-27 08:00:00,8.7,82,4.0,,290,43.0,79.0,995.2,,7,17
2025-10-27 09:00:00,10.1,79,1.2,,300,36.0,55.5,995.6,,7,17
2025-10-27 10:00:00,9.1,87,1.7,,279,25.0,61.0,996.6,,8,17
2025-10-27 11:00:00,10.4,82,0.2,,287,22.0,32.0,997.7,,8,8
2025-10-27 12:00:00,10.9,77,0.0,,317,36.0,50.0,998.6,,7,17
2025-10-27 13:00:00,10.8,77,0.3,,320,26.0,50.0,1000.0,,6,17
2025-10-27 14:00:00,11.8,72,0.1,,320,32.0,47.0,1001.4,,7,17
2025-10-27 15:00:00,10.5,73,0.0,,303,25.0,50.0,1002.7,,7,17
2025-10-27 16:00:00,9.7,75,0.2,,307,32.0,54.0,1003.7,,7,17
2025-10-27 17:00:00,9.9,77,0.1,,292,22.0,43.0,1004.7,,8,17
2025-10-27 18:00:00,9.6,76,0.1,,288,25.0,40.8,1005.7,,6,17
2025-10-27 19:00:00,9.8,75,0.2,,288,25.0,43.0,1006.5,,5,8
2025-10-27 20:00:00,9.5,75,0.0,,289,22.0,36.0,1006.8,,3,8
2025-10-27 21:00:00,8.5,77,0.0,,278,18.0,31.5,1007.2,,2,2
2025-10-27 22:00:00,8.9,77,0.0,,273,18.0,29.0,1007.4,,7,4
2025-10-27 23:00:00,8.2,76,0.0,,273,18.0,29.0,1007.0,,2,2
2025-10-28 00:00:00,7.9,82,0.0,,229,11.0,27.8,1006.5,,8,4
2025-10-28 01:00:00,8.6,83,0.0,,230,14.0,18.0,1005.9,,8,4
2025-10-28 02:00:00,9.8,83,0.0,,223,11.0,22.0,1005.1,,8,8
2025-10-28 03:00:00,9.3,90,0.6,,205,22.0,35.2,1004.3,,8,17
2025-10-28 04:00:00,9.5,95,1.5,,199,22.0,29.0,1002.9,,8,8
2025-10-28 05:00:00,11.0,94,1.6,,225,25.0,36.0,1002.2,,8,8
2025-10-28 06:00:00,12.8,85,0.4,,249,40.0,50.0,1001.6,,8,17
2025-10-28 07:00:00,12.8,86,0.6,,250,36.0,54.0,1001.7,,8,8
2025-10-28 08:00:00,10.7,84,1.7,,274,47.0,65.0,1002.6,,8,17
2025-10-28 09:00:00,11.5,82,0.4,,269,32.0,29.0,1002.7,,8,8
2025-10-28 10:00:00,13.1,77,0.0,,275,36.0,50.0,1002.9,,8,8
2025-10-28 11:00:00,13.4,73,0.0,,274,40.0,54.0,1003.4,,8,4
2025-10-28 12:00:00,13.4,69,0.0,,277,32.0,53.7,1003.3,,8,4
2025-10-28 13:00:00,13.1,68,0.0,,270,35.0,54.0,1003.6,,7,4
2025-10-28 14:00:00,13.0,66,0.0,,272,36.0,50.0,1003.9,,8,4
2025-10-28 15:00:00,12.5,67,0.0,,263,32.0,50.0,1004.4,,6,3
2025-10-28 16:00:00,12.5,65,0.0,,267,29.0,47.0,1004.8,,6,3
2025-10-28 17:00:00,12.9,63,0.0,,262,22.0,36.0,1005.3,,8,4
2025-10-28 18:00:00,12.7,66,0.0,,262,22.0,40.8,1005.8,,8,8
2025-10-28 19:00:00,12.5,68,0.0,,254,22.0,32.0,1006.0,,4,3
2025-10-28 20:00:00,12.8,68,0.0,,253,22.0,32.0,1006.0,,5,3
2025-10-28 21:00:00,13.0,68,0.0,,249,22.0,35.2,1006.0,,8,4
2025-10-28 22:00:00,12.3,70,0.0,,241,18.0,32.0,1006.0,,6,3
2025-10-28 23:00:00,11.7,76,0.0,,234,14.0,32.0,1005.9,,8,4
2025-10-29 00:00:00,9.9,87,0.0,,223,18.0,27.8,1006.0,,8,4
2025-10-29 01:00:00,10.3,90,0.0,,211,18.0,22.0,1005.7,,8,4
2025-10-29 02:00:00,10.1,91,0.0,,187,18.0,29.0,1005.1,,8,4
2025-10-29 03:00:00,10.1,90,0.0,,192,22.0,27.8,1005.1,,8,4
2025-10-29 04:00:00,10.6,91,0.0,,193,22.0,32.0,1004.7,,8,17
2025-10-29 05:00:00,11.1,92,0.0,,203,22.0,29.0,1004.6,,8,8
2025-10-29 06:00:00,11.6,91,0.0,,205,25.0,31.5,1004.0,,8,4
2025-10-29 07:00:00,11.4,90,0.0,,195,22.0,32.0,1003.9,,8,4
2025-10-29 08:00:00,11.1,89,0.0,,196,22.0,36.0,1004.0,,8,4
2025-10-29 09:00:00,11.9,84,0.0,,205,25.0,37.0,1003.6,,8,4
2025-10-29 10:00:00,12.5,81,0.0,,196,29.0,40.0,1003.3,,8,4
2025-10-29 11:00:00,12.5,82,0.0,,190,22.0,40.0,1002.8,,8,4
2025-10-29 12:00:00,12.8,81,0.0,,206,25.0,37.0,1002.3,,8,4
2025-10-29 13:00:00,12.7,81,0.0,,190,22.0,35.0,1001.2,,8,4
2025-10-29 14:00:00,12.9,76,0.0,,181,22.0,29.0,1000.2,,8,4
2025-10-29 15:00:00,12.3,83,0.0,,166,18.0,31.5,999.5,,8,4
2025-10-29 16:00:00,12.0,84,0.0,,169,22.0,29.0,999.0,,8,4
2025-10-29 17:00:00,11.9,85,0.0,,171,14.0,29.0,998.7,,8,4
2025-10-29 18:00:00,11.5,90,0.2,,175,11.0,20.4,998.2,,8,17
2025-10-29 19:00:00,11.5,90,0.0,,176,11.0,14.0,997.3,,8,8
2025-10-29 20:00:00,11.2,92,0.3,,184,11.0,14.0,996.4,,8,8
2025-10-29 21:00:00,11.0,93,1.2,,189,11.0,22.2,996.0,,8,8
2025-10-29 22:00:00,11.0,95,1.6,,199,14.0,22.0,995.5,,8,8
2025-10-29 23:00:00,11.1,89,1.3,,253,18.0,32.0,995.3,,8,8
2025-10-30 00:00:00,10.6,92,1.0,,301,18.0,24.1,995.9,,8,8
2025-10-30 01:00:00,10.1,89,0.6,,293,14.0,43.0,996.9,,8,8
2025-10-30 02:00:00,9.1,89,0.0,,273,14.0,40.0,998.2,,6,17
2025-10-30 03:00:00,10.2,71,0.0,,286,25.0,33.3,999.3,,3,8
2025-10-30 04:00:00,9.3,75,0.0,,271,25.0,36.0,1000.6,,1,8
2025-10-30 05:00:00,9.6,73,0.0,,268,22.0,36.0,1002.0,,1,1
2025-10-30 06:00:00,10.0,75,0.0,,263,22.0,33.3,1002.9,,4,3
2025-10-30 07:00:00,9.8,77,0.0,,262,22.0,29.0,1004.3,,1,1
2025-10-30 08:00:00,11.0,75,0.0,,259,18.0,29.0,1005.5,,8,4
2025-10-30 09:00:00,11.1,76,0.0,,257,18.0,37.0,1006.7,,8,4
2025-10-30 10:00:00,11.4,73,0.0,,258,22.0,40.0,1007.9,,8,4
2025-10-30 11:00:00,11.7,71,0.0,,269,22.0,36.0,1008.9,,8,4
2025-10-30 12:00:00,11.6,67,0.0,,262,29.0,38.9,1009.6,,8,4
2025-10-30 13:00:00,11.9,66,0.0,,253,29.0,40.0,1010.0,,8,4
2025-10-30 14:00:00,11.9,70,0.0,,245,25.0,40.0,1010.5,,7,4
2025-10-30 15:00:00,11.7,70,0.0,,244,22.0,31.5,1010.9,,7,4
2025-10-30 16:00:00,10.7,73,0.0,,234,18.0,25.0,1011.1,,8,4
2025-10-30 17:00:00,8.3,83,0.0,,207,14.0,22.0,1011.2,,8,4
2025-10-30 18:00:00,8.4,84,0.0,,157,11.0,18.5,1011.8,,8,4
2025-10-30 19:00:00,8.6,83,0.0,,160,11.0,15.0,1011.9,,8,4
2025-10-30 20:00:00,8.6,85,0.0,,158,11.0,14.0,1011.9,,8,4
2025-10-30 21:00:00,8.7,84,0.0,,159,14.0,20.4,1011.7,,8,4
2025-10-30 22:00:00,8.4,86,0.0,,142,14.0,22.0,1011.2,,8,4
2025-10-30 23:00:00,8.8,85,0.0,,154,18.0,25.0,1011.1,,8,4
2025-10-31 00:00:00,8.8,84,0.0,,160,18.0,24.1,1010.9,,8,4
2025-10-31 01:00:00,8.4,84,0.0,,164,22.0,29.0,1010.9,,7,4
2025-10-31 02:00:00,8.2,85,0.0,,164,18.0,29.0,1010.6,,8,4
2025-10-31 03:00:00,8.1,85,0.0,,165,18.0,25.9,1010.1,,8,4
2025-10-31 04:00:00,7.9,84,0.0,,158,18.0,29.0,1009.8,,8,4
2025-10-31 05:00:00,8.1,81,0.0,,158,18.0,32.0,1009.6,,8,4
2025-10-31 06:00:00,8.1,81,0.0,,160,18.0,29.6,1009.3,,8,4
2025-10-31 07:00:00,8.3,81,0.0,,158,22.0,32.0,1009.5,,8,4
2025-10-31 08:00:00,8.6,81,0.0,,153,22.0,32.0,1009.3,,8,4
2025-10-31 09:00:00,9.6,79,0.0,,158,25.0,29.6,1009.4,,8,4
2025-10-31 10:00:00,10.3,78,0.0,,168,22.0,36.0,1009.2,,8,4
2025-10-31 11:00:00,11.2,78,0.0,,164,22.0,32.0,1008.9,,8,4
2025-10-31 12:00:00,12.1,77,0.0,,158,25.0,33.3,1008.5,,8,4
2025-10-31 13:00:00,12.5,77,0.0,,160,26.0,31.0,1008.3,,8,4
2025-10-31 14:00:00,12.7,78,0.0,,152,25.0,36.0,1007.7,,8,4
2025-10-31 15:00:00,12.5,79,0.0,,157,22.0,31.5,1007.4,,8,4
2025-10-31 16:00:00,12.5,80,0.0,,156,25.0,36.0,1007.4,,8,4
2025-10-31 17:00:00,12.3,82,0.0,,159,22.0,32.0,1007.8,,8,4
2025-10-31 18:00:00,12.0,83,0.0,,145,22.0,31.5,1007.8,,8,4
2025-10-31 19:00:00,12.0,84,0.0,,160,22.0,31.0,1007.8,,8,8
2025-10-31 20:00:00,11.6,85,0.0,,163,22.0,32.0,1007.7,,1,1
2025-10-31 21:00:00,11.2,86,0.0,,163,18.0,33.3,1007.7,,0,1
2025-10-31 22:00:00,11.0,87,0.0,,170,18.0,29.0,1007.8,,0,1
2025-10-31 23:00:00,10.6,89,0.0,,165,18.0,22.0,1007.3,,0,1
2025-11-01 00:00:00,10.9,87,0.0,,163,18.0,33.3,1007.1,,0,1
2025-11-01 01:00:00,10.8,88,0.0,,150,18.0,30.0,1006.3,,2,2
2025-11-01 02:00:00,12.0,84,0.0,,158,29.0,40.0,1005.8,,5,3
2025-11-01 03:00:00,12.1,83,0.0,,160,25.0,33.3,1004.9,,8,4
2025-11-01 04:00:00,12.2,84,0.0,,161,25.0,40.0,1004.3,,8,4
2025-11-01 05:00:00,12.5,85,0.8,,173,25.0,36.0,1004.2,,8,17
2025-11-01 06:00:00,12.5,84,0.2,,163,22.0,37.0,1003.6,,8,8
2025-11-01 07:00:00,12.8,83,0.0,,154,22.0,32.0,1002.9,,8,4
2025-11-01 08:00:00,13.0,84,0.1,,168,22.0,32.0,1003.0,,8,17
2025-11-01 09:00:00,12.5,94,3.8,,186,22.0,37.0,1003.1,,8,8
2025-11-01 10:00:00,13.6,92,0.3,,203,22.0,36.0,1003.1,,8,8
2025-11-01 11:00:00,13.6,88,0.1,,203,22.0,36.0,1003.9,,8,17
2025-11-01 12:00:00,12.7,88,1.0,,224,25.0,37.0,1004.5,,8,8
2025-11-01 13:00:00,12.5,89,0.4,,210,25.0,36.0,1004.9,,8,8
2025-11-01 14:00:00,12.9,83,0.0,,209,25.0,36.0,1004.9,,8,8
2025-11-01 15:00:00,13.2,81,0.0,,210,25.0,40.8,1005.5,,8,4
2025-11-01 16:00:00,12.2,85,0.0,,207,22.0,36.0,1005.9,,1,1
2025-11-01 17:00:00,11.1,90,0.0,,202,18.0,32.0,1006.9,,1,1
2025-11-01 18:00:00,10.8,92,0.0,,202,14.0,33.3,1007.5,,0,1
2025-11-01 19:00:00,10.9,91,0.0,,190,18.0,26.0,1007.8,,0,1
2025-11-01 20:00:00,10.5,90,0.0,,186,14.0,25.0,1007.9,,1,1
2025-11-01 21:00:00,10.6,89,0.0,,189,22.0,29.6,1008.1,,0,1
2025-11-01 22:00:00,10.4,92,0.0,,176,22.0,29.0,1007.9,,8,4
2025-11-01 23:00:00,10.9,92,0.3,,193,22.0,36.0,1007.7,,8,17
2025-11-02 00:00:00,10.8,92,1.0,,191,18.0,31.5,1007.6,,8,8
2025-11-02 01:00:00,11.1,89,0.0,,210,22.0,31.0,1007.6,,8,4
2025-11-02 02:00:00,10.7,87,0.0,,209,25.0,32.0,1007.7,,8,4
2025-11-02 03:00:00,10.0,89,0.0,,208,22.0,29.6,1007.6,,3,2
2025-11-02 04:00:00,9.7,89,0.0,,209,22.0,29.0,1007.9,,8,4
2025-11-02 05:00:00,8.8,92,0.0,,195,18.0,29.0,1007.9,,8,4
2025-11-02 06:00:00,8.4,93,0.0,,180,14.0,25.9,1007.8,,7,4
2025-11-02 07:00:00,8.4,93,0.0,,182,14.0,25.0,1008.4,,8,4
2025-11-02 08:00:00,9.3,93,0.0,,183,18.0,22.0,1008.5,,8,4
2025-11-02 09:00:00,10.5,91,0.0,,191,18.0,27.8,1008.3,,8,4
2025-11-02 10:00:00,11.1,87,0.0,,191,22.0,32.0,1008.0,,8,4
2025-11-02 11:00:00,12.3,81,0.0,,195,22.0,32.0,1007.8,,8,4
2025-11-02 12:00:00,12.6,75,0.0,,200,25.0,31.5,1007.4,,2,2
2025-11-02 13:00:00,13.1,69,0.0,,201,29.0,40.0,1007.2,,8,4
2025-11-02 14:00:00,12.4,72,0.0,,193,25.0,36.0,1007.0,,8,4
2025-11-02 15:00:00,11.8,79,0.0,,207,11.0,33.3,1007.0,,8,17
2025-11-02 16:00:00,10.4,92,2.1,,221,18.0,36.0,1007.7,,8,8
2025-11-02 17:00:00,10.3,90,1.3,,237,14.0,29.0,1008.2,,8,8
2025-11-02 18:00:00,10.1,88,0.2,,261,22.0,25.9,1009.4,,8,17
2025-11-02 19:00:00,9.4,83,0.1,,273,14.0,29.0,1010.1,,0,8
2025-11-02 20:00:00,9.0,83,0.0,,268,14.0,22.0,1011.2,,2,2
2025-11-02 21:00:00,9.1,78,0.0,,260,11.0,25.9,1011.9,,0,1
2025-11-02 22:00:00,9.0,77,0.0,,250,15.0,18.0,1012.4,,7,4
2025-11-02 23:00:00,6.7,85,0.0,,221,14.0,18.0,1013.1,,4,3
2025-11-03 00:00:00,5.3,89,0.0,,198,14.0,20.4,1013.4,,2,2
2025-11-03 01:00:00,7.1,87,0.0,,190,11.0,18.0,1013.4,,6,3
2025-11-03 02:00:00,6.9,90,0.0,,198,14.0,22.0,1013.6,,8,4
2025-11-03 03:00:00,7.8,89,0.0,,209,18.0,24.1,1014.0,,7,4
2025-11-03 04:00:00,7.5,91,0.1,,187,22.0,29.0,1014.1,,1,8
2025-11-03 05:00:00,6.8,93,0.0,,198,18.0,29.0,1014.6,,8,4
2025-11-03 06:00:00,7.3,92,0.0,,195,18.0,31.5,1014.5,,8,4
2025-11-03 07:00:00,8.0,88,0.0,,190,18.0,29.0,1014.8,,8,4
2025-11-03 08:00:00,8.7,85,0.0,,184,22.0,29.0,1015.0,,8,4
2025-11-03 09:00:00,9.0,88,0.0,,188,25.0,38.9,1014.7,,8,4
2025-11-03 10:00:00,10.6,88,0.0,,198,29.0,40.0,1014.7,,8,8
2025-11-03 11:00:00,11.5,86,0.0,,205,32.0,47.0,1014.6,,8,4
2025-11-03 12:00:00,11.8,86,0.0,,207,32.0,46.3,1014.8,,8,4
2025-11-03 13:00:00,12.5,84,0.0,,210,35.0,46.0,1014.7,,8,4
2025-11-03 14:00:00,12.6,83,0.0,,211,32.0,50.0,1014.8,,8,4
2025-11-03 15:00:00,12.3,84,0.0,,207,32.0,46.3,1015.0,,8,4
2025-11-03 16:00:00,11.8,87,0.0,,199,32.0,50.0,1015.1,,8,4
2025-11-03 17:00:00,11.6,91,0.1,,197,29.0,43.0,1015.4,,8,17
2025-11-03 18:00:00,12.1,89,0.1,,198,25.0,44.5,1015.7,,8,17
2025-11-03 19:00:00,12.5,89,0.0,,199,29.0,40.0,1015.8,,8,8
2025-11-03 20:00:00,12.6,91,0.0,,204,29.0,43.0,1016.0,,8,4
2025-11-03 21:00:00,12.7,91,0.0,,203,32.0,42.6,1015.9,,8,8
2025-11-03 22:00:00,13.1,87,0.0,,201,25.0,36.0,1015.8,,8,4
2025-11-03 23:00:00,13.4,83,0.0,,206,29.0,40.0,1016.1,,8,4
2025-11-04 00:00:00,12.7,86,0.0,,199,22.0,40.8,1016.3,,8,4
2025-11-04 01:00:00,13.0,84,0.0,,196,25.0,36.0,1016.4,,8,4
2025-11-04 02:00:00,12.9,85,0.0,,203,25.0,36.0,1016.5,,8,4
2025-11-04 03:00:00,12.6,86,0.0,,194,25.0,37.0,1016.3,,8,4
2025-11-04 04:00:00,12.8,86,0.0,,195,25.0,36.0,1016.5,,8,4
2025-11-04 05:00:00,12.7,86,0.0,,193,18.0,32.0,1016.6,,8,4
2025-11-04 06:00:00,12.8,85,0.0,,188,18.0,33.3,1016.5,,8,4
2025-11-04 07:00:00,12.6,86,0.0,,183,18.0,25.0,1016.8,,8,4
2025-11-04 08:00:00,12.9,86,0.0,,187,18.0,25.0,1017.2,,8,4
2025-11-04 09:00:00,13.5,85,0.0,,180,18.0,33.3,1017.3,,8,4
2025-11-04 10:00:00,14.2,81,0.0,,182,25.0,36.0,1017.1,,8,4
2025-11-04 11:00:00,14.9,77,0.0,,182,25.0,36.0,1016.7,,8,4
2025-11-04 12:00:00,15.5,76,0.0,,180,25.0,35.2,1016.2,,7,4
2025-11-04 13:00:00,15.1,74,0.0,,180,26.0,46.0,1015.7,,8,4
2025-11-04 14:00:00,14.9,73,0.0,,170,25.0,36.0,1015.2,,8,4
2025-11-04 15:00:00,14.6,73,0.0,,174,25.0,33.3,1015.0,,8,4
2025-11-04 16:00:00,14.2,74,0.0,,166,25.0,36.0,1014.5,,8,4
2025-11-04 17:00:00,14.0,74,0.0,,161,22.0,36.0,1014.1,,8,4
2025-11-04 18:00:00,14.0,69,0.0,,165,25.0,31.5,1014.0,,8,4
2025-11-04 19:00:00,13.5,73,0.0,,160,22.0,32.0,1013.8,,8,4
2025-11-04 20:00:00,13.8,68,0.0,,172,25.0,36.0,1013.9,,8,4
2025-11-04 21:00:00,13.4,70,0.0,,169,22.0,29.6,1014.1,,8,4
2025-11-04 22:00:00,12.9,71,0.0,,175,18.0,29.0,1014.1,,8,17
2025-11-04 23:00:00,12.3,74,0.0,,173,18.0,29.0,1013.9,,8,8
2025-11-05 00:00:00,12.4,72,0.0,,172,22.0,29.6,1013.9,,8,4
2025-11-05 01:00:00,11.8,75,0.0,,164,18.0,29.0,1013.8,,8,4
2025-11-05 02:00:00,11.9,75,0.0,,170,18.0,29.0,1013.9,,8,4
2025-11-05 03:00:00,11.7,75,0.0,,169,18.0,27.8,1013.6,,8,4
2025-11-05 04:00:00,12.0,73,0.0,,164,18.0,29.0,1013.5,,8,4
2025-11-05 05:00:00,12.1,72,0.0,,172,14.0,25.0,1013.8,,8,4
2025-11-05 06:00:00,11.7,75,0.0,,167,18.0,25.9,1013.7,,8,4
2025-11-05 07:00:00,11.8,74,0.0,,173,18.0,25.0,1014.2,,8,4
2025-11-05 08:00:00,11.7,76,0.0,,170,18.0,25.0,1014.2,,8,4
2025-11-05 09:00:00,12.2,76,0.0,,166,22.0,27.8,1014.4,,8,4
2025-11-05 10:00:00,13.6,72,0.0,,171,14.0,32.0,1014.6,,8,4
2025-11-05 11:00:00,13.7,72,0.0,,172,22.0,32.0,1014.2,,8,4
2025-11-05 12:00:00,14.4,71,0.0,,166,18.0,31.5,1013.6,,8,4
2025-11-05 13:00:00,17.1,63,0.0,,160,22.0,31.0,1012.8,,6,3
2025-11-05 14:00:00,16.8,61,0.0,,166,22.0,36.0,1012.7,,4,3
2025-11-05 15:00:00,15.9,64,0.0,,151,18.0,27.8,1012.5,,8,4
2025-11-05 16:00:00,14.7,70,0.0,,135,18.0,29.0,1012.3,,8,4
2025-11-05 17:00:00,14.5,69,0.0,,141,22.0,32.0,1012.0,,8,4
2025-11-05 18:00:00,14.2,70,0.0,,144,22.0,24.1,1012.1,,8,4
2025-11-05 19:00:00,13.6,70,0.0,,140,22.0,30.0,1011.7,,8,4
2025-11-05 20:00:00,12.8,73,0.0,,143,18.0,29.0,1011.6,,8,4
2025-11-05 21:00:00,12.4,72,0.0,,145,18.0,22.2,1011.5,,8,4
2025-11-05 22:00:00,11.8,74,0.0,,143,18.0,25.0,1011.4,,8,4
2025-11-05 23:00:00,11.2,75,0.0,,141,14.0,22.0,1011.1,,8,4
2025-11-06 00:00:00,11.7,72,0.0,,143,18.0,22.2,1010.8,,8,4
2025-11-06 01:00:00,11.4,71,0.0,,150,15.0,22.0,1010.5,,8,4
2025-11-06 02:00:00,11.3,68,0.0,,135,14.0,22.0,1009.9,,8,4
2025-11-06 03:00:00,10.1,73,0.0,,136,14.0,20.4,1009.6,,8,4
2025-11-06 04:00:00,10.1,72,0.0,,116,18.0,25.0,1008.6,,8,4
2025-11-06 05:00:00,8.2,77,0.0,,210,7.0,25.0,1009.5,,8,4
2025-11-06 06:00:00,8.6,76,0.0,,129,11.0,18.5,1008.9,,8,4
2025-11-06 07:00:00,9.1,73,0.0,,125,11.0,18.0,1008.9,,8,4
2025-11-06 08:00:00,9.9,72,0.0,,135,18.0,25.0,1009.0,,8,4
2025-11-06 09:00:00,10.5,71,0.0,,138,14.0,16.7,1008.6,,8,4
2025-11-06 10:00:00,11.8,69,0.0,,130,15.0,18.0,1008.4,,8,4
2025-11-06 11:00:00,12.7,68,0.0,,161,14.0,22.0,1008.5,,8,4
2025-11-06 12:00:00,12.8,67,0.0,,166,14.0,20.4,1008.0,,8,4
2025-11-06 13:00:00,13.0,71,0.0,,140,11.0,18.0,1007.7,,8,4
2025-11-06 14:00:00,13.1,69,0.0,,149,14.0,22.0,1007.4,,8,4
2025-11-06 15:00:00,12.4,74,0.0,,150,15.0,18.5,1007.4,,8,4
2025-11-06 16:00:00,11.3,79,0.0,,140,8.0,18.0,1007.3,,8,4
2025-11-06 17:00:00,10.3,82,0.0,,130,11.0,11.0,1007.4,,8,4
2025-11-06 18:00:00,10.3,83,0.0,,148,14.0,14.8,1007.8,,8,4
2025-11-06 19:00:00,9.5,86,0.0,,140,11.0,18.0,1007.7,,8,4
2025-11-06 20:00:00,9.6,86,0.0,,170,8.0,15.0,1007.8,,8,4
2025-11-06 21:00:00,9.0,88,0.0,,160,11.0,14.8,1008.0,,8,4
2025-11-06 22:00:00,9.9,90,0.0,,168,11.0,14.0,1008.2,,8,4
2025-11-06 23:00:00,8.9,93,0.0,,160,11.0,15.0,1008.5,,8,4
2025-11-07 00:00:00,8.1,94,0.0,,164,11.0,13.0,1008.4,,8,4
2025-11-07 01:00:00,8.4,95,0.0,,160,11.0,15.0,1008.5,,0,1
2025-11-07 02:00:00,7.6,97,0.0,,153,11.0,14.0,1008.6,,4,3
2025-11-07 03:00:00,7.6,98,0.0,,149,7.0,13.0,1008.3,,7,4
2025-11-07 04:00:00,8.3,97,0.0,,160,7.0,11.0,1008.3,,8,5
2025-11-07 05:00:00,8.1,99,0.0,,138,7.0,11.0,1008.5,,8,5
2025-11-07 06:00:00,8.1,98,0.0,,158,7.0,13.0,1008.6,,8,5
2025-11-07 07:00:00,8.2,99,0.0,,145,7.0,14.0,1009.0,,8,5
2025-11-07 08:00:00,8.3,99,0.0,,156,7.0,11.0,1009.2,,8,5
2025-11-07 09:00:00,9.7,99,0.0,,150,8.0,14.8,1009.4,,8,5
2025-11-07 10:00:00,11.6,92,0.0,,155,7.0,11.0,1009.9,,6,3
2025-11-07 11:00:00,13.7,85,0.0,,157,7.0,11.0,1009.6,,1,1
2025-11-07 12:00:00,14.9,84,0.0,,127,11.0,16.7,1009.1,,5,3
2025-11-07 13:00:00,15.5,81,0.0,,140,11.0,18.0,1008.9,,7,4
2025-11-07 14:00:00,15.6,79,0.0,,120,11.0,18.0,1008.5,,0,1
2025-11-07 15:00:00,15.2,79,0.0,,120,11.0,16.7,1008.6,,0,1
2025-11-07 16:00:00,13.4,83,0.0,,135,11.0,18.0,1008.9,,1,1
2025-11-07 17:00:00,12.4,85,0.0,,130,11.0,18.0,1009.3,,0,1
2025-11-07 18:00:00,12.0,88,0.0,,125,14.0,13.0,1009.9,,5,3
2025-11-07 19:00:00,11.4,89,0.0,,140,15.0,18.0,1010.1,,2,2
2025-11-07 20:00:00,10.0,92,0.0,,170,8.0,18.0,1010.5,,4,3
2025-11-07 21:00:00,9.3,92,0.0,,160,11.0,11.1,1010.7,,8,4
2025-11-07 22:00:00,8.2,95,0.0,,165,11.0,11.0,1010.9,,8,4
2025-11-07 23:00:00,8.3,97,0.0,,122,7.0,14.0,1010.9,,8,4
2025-11-08 00:00:00,7.5,97,0.0,,130,4.0,11.1,1011.2,,8,4
2025-11-08 01:00:00,7.2,99,0.0,,130,8.0,11.0,1011.2,,8,4
2025-11-08 02:00:00,7.4,99,0.0,,136,4.0,7.0,1011.4,,8,5
2025-11-08 03:00:00,6.3,95,0.0,,140,8.0,9.3,1011.3,,8,5
2025-11-08 04:00:00,7.3,98,0.0,,139,7.0,14.0,1011.2,,8,4
2025-11-08 05:00:00,6.2,100,0.0,,160,4.0,11.0,1011.6,,8,4
2025-11-08 06:00:00,6.9,97,0.0,,138,4.0,9.3,1011.9,,1,1
2025-11-08 07:00:00,7.8,97,0.0,,141,4.0,7.0,1012.5,,8,4
2025-11-08 08:00:00,8.8,95,0.0,,134,4.0,7.0,1012.9,,8,4
2025-11-08 09:00:00,9.8,93,0.0,,114,7.0,11.1,1013.0,,8,4
2025-11-08 10:00:00,11.5,89,0.0,,160,8.0,11.0,1013.4,,0,1
2025-11-08 11:00:00,13.9,82,0.0,,200,4.0,11.0,1013.4,,7,4
2025-11-08 12:00:00,14.6,78,0.0,,200,11.0,14.8,1013.5,,8,4
2025-11-08 13:00:00,14.3,79,0.0,,230,8.0,18.0,1013.3,,6,3
2025-11-08 14:00:00,14.2,79,0.0,,214,7.0,14.0,1013.3,,6,3
2025-11-08 15:00:00,12.6,88,0.0,,300,11.0,13.0,1013.6,,8,4
2025-11-08 16:00:00,11.8,92,0.0,,280,11.0,18.0,1013.9,,5,3
2025-11-08 17:00:00,11.9,91,0.0,,293,11.0,14.0,1014.4,,8,4
2025-11-08 18:00:00,11.6,92,0.0,,300,8.0,11.1,1014.7,,8,4
2025-11-08 19:00:00,11.6,91,0.0,,286,4.0,11.0,1014.9,,8,4
2025-11-08 20:00:00,10.8,92,0.0,,235,4.0,7.0,1015.2,,8,4
2025-11-08 21:00:00,12.1,90,0.0,,241,11.0,11.1,1015.3,,8,4
2025-11-08 22:00:00,11.7,94,0.0,,233,11.0,14.0,1015.2,,8,4
2025-11-08 23:00:00,11.4,94,0.0,,266,7.0,11.0,1015.2,,8,4
2025-11-09 00:00:00,10.8,95,0.0,,237,11.0,11.1,1015.3,,8,4
2025-11-09 01:00:00,11.3,95,0.0,,259,11.0,11.0,1015.3,,8,4
2025-11-09 02:00:00,10.7,95,0.0,,270,11.0,15.0,1015.4,,8,4
2025-11-09 03:00:00,11.0,95,0.0,,250,11.0,13.0,1015.4,,8,4
2025-11-09 04:00:00,10.8,95,0.0,,249,7.0,11.0,1015.5,,8,4
2025-11-09 05:00:00,11.9,94,0.0,,261,11.0,14.0,1015.4,,8,4
2025-11-09 06:00:00,12.0,94,0.0,,268,14.0,13.0,1015.7,,8,4
2025-11-09 07:00:00,11.1,96,0.0,,278,11.0,18.0,1016.3,,8,4
2025-11-09 08:00:00,10.6,95,0.0,,271,7.0,11.0,1016.9,,8,4
2025-11-09 09:00:00,12.7,86,0.0,,289,4.0,14.8,1017.0,,5,3
2025-11-09 10:00:00,13.5,79,0.0,,294,14.0,18.0,1017.3,,6,3
2025-11-09 11:00:00,13.9,78,0.0,,276,14.0,18.0,1017.3,,6,3
2025-11-09 12:00:00,14.0,69,0.0,,278,14.0,20.4,1016.9,,1,1
2025-11-09 13:00:00,13.5,69,0.0,,280,15.0,22.0,1016.7,,1,1
2025-11-09 14:00:00,13.6,70,0.0,,260,15.0,26.0,1016.6,,2,2
2025-11-09 15:00:00,12.8,73,0.0,,266,14.0,20.4,1016.4,,1,1
2025-11-09 16:00:00,11.7,78,0.0,,270,15.0,22.0,1016.6,,0,1
2025-11-09 17:00:00,10.5,85,0.0,,240,14.0,18.0,1016.7,,0,1
2025-11-09 18:00:00,8.2,91,0.0,,200,11.0,14.8,1016.7,,7,4
2025-11-09 19:00:00,7.8,90,0.0,,179,11.0,11.0,1016.6,,5,3
2025-11-09 20:00:00,8.1,92,0.0,,161,11.0,14.0,1016.4,,7,4
2025-11-09 21:00:00,8.6,91,0.0,,180,14.0,16.7,1016.4,,5,3
2025-11-09 22:00:00,8.3,94,0.0,,180,15.0,18.0,1016.0,,0,1
2025-11-09 23:00:00,9.1,97,0.0,,203,22.0,29.0,1016.0,,8,4
2025-11-10 00:00:00,9.1,93,0.0,,195,18.0,16.7,1015.6,,8,4
2025-11-10 01:00:00,8.8,93,0.0,,166,14.0,25.0,1015.1,,8,4
2025-11-10 02:00:00,7.3,93,0.0,,170,11.0,18.0,1014.8,,8,4
2025-11-10 03:00:00,6.7,95,0.0,,160,14.0,20.4,1014.3,,6,3
2025-11-10 04:00:00,7.2,93,0.0,,176,18.0,29.0,1014.1,,8,4
2025-11-10 05:00:00,7.8,93,0.0,,180,18.0,30.0,1013.7,,8,4
2025-11-10 06:00:00,8.0,91,0.0,,170,18.0,24.1,1013.3,,8,4
2025-11-10 07:00:00,7.6,90,0.0,,149,18.0,25.0,1013.0,,8,4
2025-11-10 08:00:00,8.1,88,0.0,,150,22.0,26.0,1013.0,,8,4
2025-11-10 09:00:00,8.5,88,0.0,,150,18.0,27.8,1012.6,,8,4
2025-11-10 10:00:00,9.0,86,0.0,,157,22.0,32.0,1012.1,,8,4
2025-11-10 11:00:00,10.0,84,0.0,,160,22.0,31.0,1011.5,,8,4
2025-11-10 12:00:00,10.2,82,0.0,,162,25.0,29.6,1010.7,,8,4
2025-11-10 13:00:00,10.8,81,0.0,,160,30.0,35.0,1010.0,,8,4
2025-11-10 14:00:00,11.1,81,0.0,,170,26.0,31.0,1009.4,,8,4
2025-11-10 15:00:00,10.8,79,0.0,,150,25.0,29.6,1008.9,,8,4
2025-11-10 16:00:00,10.5,81,0.0,,150,18.0,31.0,1008.5,,8,4
2025-11-10 17:00:00,10.7,78,0.0,,146,22.0,32.0,1008.0,,8,4
2025-11-10 18:00:00,10.3,81,0.0,,146,22.0,31.5,1007.9,,8,4
2025-11-10 19:00:00,10.3,82,0.0,,177,22.0,36.0,1007.8,,8,17
2025-11-10 20:00:00,9.6,91,1.7,,174,18.0,32.0,1007.6,,8,8
2025-11-10 21:00:00,9.7,91,0.3,,173,22.0,37.0,1007.4,,8,8
2025-11-10 22:00:00,9.7,93,0.6,,173,22.0,32.0,1007.5,,8,8
2025-11-10 23:00:00,10.1,92,0.2,,178,22.0,32.0,1007.4,,8,8
2025-11-11 00:00:00,10.7,90,0.0,,201,25.0,33.3,1007.6,,8,4
2025-11-11 01:00:00,10.3,90,0.0,,210,26.0,35.0,1007.6,,6,3
2025-11-11 02:00:00,10.1,91,0.0,,211,25.0,36.0,1008.1,,5,3
2025-11-11 03:00:00,9.6,91,0.0,,206,22.0,31.5,1008.4,,0,1
2025-11-11 04:00:00,9.9,91,0.1,,206,22.0,32.0,1008.7,,7,17
2025-11-11 05:00:00,9.0,90,0.0,,206,22.0,29.0,1009.0,,1,8
2025-11-11 06:00:00,8.6,92,0.0,,204,18.0,29.6,1009.4,,2,2
2025-11-11 07:00:00,7.7,93,0.0,,200,15.0,26.0,1010.5,,6,3
2025-11-11 08:00:00,8.5,93,0.0,,180,18.0,30.0,1010.9,,8,4
2025-11-11 09:00:00,9.8,92,0.0,,190,18.0,31.5,1011.4,,8,4
2025-11-11 10:00:00,10.8,89,0.0,,190,18.0,26.0,1011.7,,8,4
2025-11-11 11:00:00,11.6,85,0.0,,194,18.0,32.0,1011.6,,5,3
2025-11-11 12:00:00,11.3,85,0.0,,203,25.0,31.5,1011.4,,8,4
2025-11-11 13:00:00,11.3,85,0.0,,190,30.0,39.0,1011.4,,8,4
2025-11-11 14:00:00,11.3,86,0.0,,190,22.0,35.0,1011.8,,8,4
2025-11-11 15:00:00,11.4,83,0.0,,195,25.0,29.6,1011.9,,8,4
2025-11-11 16:00:00,10.9,85,0.0,,171,22.0,36.0,1011.2,,8,4
2025-11-11 17:00:00,10.4,87,0.0,,150,26.0,31.0,1010.5,,8,4
2025-11-11 18:00:00,10.1,86,0.0,,166,18.0,29.6,1010.8,,8,4
2025-11-11 19:00:00,10.0,86,0.0,,170,22.0,31.0,1011.1,,8,4
2025-11-11 20:00:00,9.8,87,0.0,,162,22.0,36.0,1010.6,,8,4
2025-11-11 21:00:00,9.7,87,0.0,,160,22.0,33.3,1010.3,,8,4
2025-11-11 22:00:00,9.8,88,0.0,,165,22.0,32.0,1010.3,,8,4
2025-11-11 23:00:00,10.4,87,0.0,,170,26.0,31.0,1009.7,,8,4
2025-11-12 00:00:00,10.7,86,0.0,,165,22.0,31.5,1009.3,,8,4
2025-11-12 01:00:00,10.8,85,0.0,,164,22.0,32.0,1009.2,,8,4
2025-11-12 02:00:00,10.9,84,0.0,,167,18.0,29.0,1009.2,,8,4
2025-11-12 03:00:00,10.8,84,0.0,,160,22.0,31.5,1008.8,,8,4
2025-11-12 04:00:00,11.2,81,0.0,,165,25.0,36.0,1008.4,,8,4
2025-11-12 05:00:00,11.4,79,0.0,,168,25.0,36.0,1008.2,,8,4
2025-11-12 06:00:00,10.9,80,0.0,,175,25.0,33.3,1008.3,,8,4
2025-11-12 07:00:00,10.5,81,0.0,,180,18.0,30.0,1008.7,,8,4
2025-11-12 08:00:00,11.1,79,0.0,,169,22.0,32.0,1008.7,,8,4
2025-11-12 09:00:00,11.7,78,0.0,,173,22.0,31.5,1008.7,,8,4
2025-11-12 10:00:00,13.1,74,0.0,,180,22.0,32.0,1008.7,,8,4
2025-11-12 11:00:00,14.4,70,0.0,,173,25.0,36.0,1008.3,,8,4
2025-11-12 12:00:00,14.8,68,0.0,,173,25.0,35.2,1007.8,,8,4
2025-11-12 13:00:00,14.4,69,0.0,,170,26.0,35.0,1007.4,,8,4
2025-11-12 14:00:00,14.4,68,0.0,,170,26.0,39.0,1007.1,,8,4
2025-11-12 15:00:00,14.2,68,0.0,,175,25.0,33.3,1007.0,,8,4
2025-11-12 16:00:00,12.9,74,0.0,,163,22.0,32.0,1006.8,,7,4
2025-11-12 17:00:00,12.4,73,0.0,,170,25.0,36.0,1007.0,,0,1
2025-11-12 18:00:00,11.8,74,0.0,,175,22.0,29.6,1007.1,,8,4
2025-11-12 19:00:00,11.2,76,0.0,,179,29.0,40.0,1007.2,,8,4
2025-11-12 20:00:00,10.4,79,0.0,,170,22.0,35.0,1007.0,,8,4
2025-11-12 21:00:00,10.0,81,0.0,,180,18.0,27.8,1006.8,,8,4
2025-11-12 22:00:00,10.3,81,0.0,,180,15.0,30.0,1006.4,,8,4
2025-11-12 23:00:00,9.7,84,0.0,,172,18.0,25.0,1006.3,,8,4
2025-11-13 00:00:00,9.2,87,0.0,,166,14.0,25.9,1006.0,,8,4
2025-11-13 01:00:00,9.3,89,0.0,,170,11.0,18.0,1005.7,,8,4
2025-11-13 02:00:00,9.8,89,0.0,,167,11.0,18.0,1005.2,,8,4
2025-11-13 03:00:00,10.5,86,0.0,,187,18.0,29.6,1005.1,,8,4
2025-11-13 04:00:00,11.2,84,0.0,,179,18.0,25.0,1004.9,,8,4
2025-11-13 05:00:00,12.7,80,0.0,,201,18.0,25.0,1005.0,,8,4
2025-11-13 06:00:00,13.0,81,0.0,,200,22.0,33.3,1005.3,,8,4
2025-11-13 07:00:00,12.7,83,0.0,,201,22.0,29.0,1006.0,,8,4
2025-11-13 08:00:00,13.5,79,0.0,,210,22.0,31.0,1007.4,,8,4
2025-11-13 09:00:00,14.1,78,0.0,,210,26.0,35.2,1007.9,,8,4
2025-11-13 10:00:00,14.4,78,0.0,,210,22.0,32.0,1008.6,,8,4
2025-11-13 11:00:00,14.8,79,0.0,,210,22.0,29.0,1009.1,,8,4
2025-11-13 12:00:00,15.2,78,0.0,,221,22.0,35.2,1009.0,,8,4
2025-11-13 13:00:00,15.0,80,0.0,,200,22.0,30.0,1009.4,,8,4
2025-11-13 14:00:00,14.3,82,0.0,,214,18.0,32.0,1009.4,,8,4
2025-11-13 15:00:00,14.1,83,0.0,,210,18.0,29.6,1009.9,,8,4
2025-11-13 16:00:00,13.3,85,0.0,,210,15.0,30.0,1010.0,,8,4
2025-11-13 17:00:00,12.7,89,0.0,,196,14.0,18.0,1010.3,,8,17
2025-11-13 18:00:00,12.2,94,0.0,,160,7.0,18.5,1010.6,,8,17
2025-11-13 19:00:00,11.9,94,0.0,,150,7.0,14.0,1010.2,,8,8
2025-11-13 20:00:00,12.1,95,0.0,,133,4.0,11.0,1010.1,,8,4
2025-11-13 21:00:00,12.1,94,0.0,,100,4.0,11.1,1010.0,,8,17
2025-11-13 22:00:00,12.2,96,1.7,,141,4.0,11.0,1010.3,,8,8
2025-11-13 23:00:00,12.0,97,1.3,,54,7.0,11.0,1009.4,,8,8
2025-11-14 00:00:00,12.2,97,1.2,,84,11.0,16.7,1008.9,,8,8
2025-11-14 01:00:00,12.2,97,0.9,,90,11.0,18.0,1007.9,,7,8
2025-11-14 02:00:00,12.3,96,0.3,,90,11.0,15.0,1008.0,,8,8
2025-11-14 03:00:00,12.2,96,0.0,,69,11.0,20.4,1007.4,,8,4
2025-11-14 04:00:00,12.0,95,0.0,,54,14.0,22.0,1006.5,,8,8
2025-11-14 05:00:00,12.0,96,0.0,,58,18.0,25.0,1005.9,,8,8
2025-11-14 06:00:00,12.0,96,0.3,,77,18.0,22.2,1005.4,,8,17
2025-11-14 07:00:00,12.2,95,0.5,,65,14.0,25.0,1005.6,,8,8
2025-11-14 08:00:00,12.2,95,0.3,,70,18.0,31.0,1005.5,,8,8
2025-11-14 09:00:00,12.4,94,0.0,,68,18.0,22.2,1005.9,,8,8
2025-11-14 10:00:00,12.4,96,0.0,,65,18.0,32.0,1005.9,,8,17
2025-11-14 11:00:00,11.4,97,0.2,,66,22.0,32.0,1005.9,,8,8
2025-11-14 12:00:00,10.9,96,0.3,,65,25.0,25.9,1005.4,,8,8
2025-11-14 13:00:00,10.7,96,0.3,,60,22.0,31.0,1005.4,,8,7
2025-11-14 14:00:00,10.6,95,0.3,,66,18.0,25.0,1005.4,,8,8
2025-11-14 15:00:00,10.4,95,0.4,,74,18.0,25.9,1005.6,,8,8
2025-11-14 16:00:00,10.3,95,0.8,,65,18.0,25.0,1006.0,,8,8
2025-11-14 17:00:00,10.0,95,0.6,,60,26.0,31.0,1005.8,,8,8
2025-11-14 18:00:00,9.5,94,0.1,,61,29.0,33.3,1005.9,,8,8
2025-11-14 19:00:00,9.0,93,0.0,,70,25.0,47.0,1006.8,,8,17
2025-11-14 20:00:00,8.8,93,0.0,,64,29.0,40.0,1006.4,,8,8
2025-11-14 21:00:00,8.4,93,0.0,,71,25.0,37.0,1007.3,,8,17
2025-11-14 22:00:00,8.2,93,0.2,,70,29.0,43.0,1007.5,,8,8
2025-11-14 23:00:00,8.1,93,0.0,,70,22.0,39.0,1007.9,,8,4
2025-11-15 00:00:00,8.0,91,0.0,,71,29.0,38.9,1008.0,,8,4
2025-11-15 01:00:00,7.9,93,0.4,,70,22.0,35.0,1007.9,,8,17
2025-11-15 02:00:00,7.9,93,1.1,,74,22.0,32.0,1008.2,,8,8
2025-11-15 03:00:00,8.0,93,0.0,,77,22.0,37.0,1008.1,,8,8
2025-11-15 04:00:00,8.0,93,0.3,,79,18.0,32.0,1008.3,,8,17
2025-11-15 05:00:00,8.0,93,0.9,,73,22.0,29.0,1008.5,,8,8
2025-11-15 06:00:00,8.1,93,0.1,,73,22.0,37.0,1008.9,,8,8
2025-11-15 07:00:00,8.2,93,0.0,,74,18.0,29.0,1009.5,,8,8
2025-11-15 08:00:00,8.2,93,0.4,,78,22.0,32.0,1009.8,,8,17
2025-11-15 09:00:00,8.1,93,0.4,,74,22.0,35.2,1009.8,,8,8
2025-11-15 10:00:00,8.4,92,0.1,,67,18.0,29.0,1009.9,,8,17
2025-11-15 11:00:00,8.2,92,0.0,,72,22.0,36.0,1009.8,,8,17
2025-11-15 12:00:00,8.3,92,0.0,,67,22.0,29.6,1009.6,,8,8
2025-11-15 13:00:00,8.2,91,0.0,,70,15.0,26.0,1009.6,,8,4
2025-11-15 14:00:00,8.3,91,0.0,,80,15.0,30.0,1009.2,,8,4
2025-11-15 15:00:00,8.1,91,0.0,,60,15.0,25.9,1009.3,,8,4
2025-11-15 16:00:00,7.8,91,0.0,,70,18.0,29.0,1008.9,,8,4
2025-11-15 17:00:00,7.8,91,0.0,,80,15.0,22.0,1009.0,,8,4
2025-11-15 18:00:00,7.8,91,0.0,,51,14.0,27.8,1009.2,,8,4
2025-11-15 19:00:00,7.7,91,0.0,,64,18.0,29.0,1009.5,,8,4
2025-11-15 20:00:00,7.6,92,0.0,,53,18.0,29.0,1009.0,,8,4
2025-11-15 21:00:00,7.5,92,0.0,,56,18.0,27.8,1009.2,,8,4
2025-11-15 22:00:00,7.3,94,0.0,,40,18.0,29.0,1008.8,,8,8
2025-11-15 23:00:00,7.3,93,0.0,,51,14.0,25.0,1008.7,,8,4
2025-11-16 00:00:00,7.3,91,0.0,,40,14.0,22.2,1008.6,,8,4
2025-11-16 01:00:00,7.1,91,0.0,,30,15.0,22.0,1008.3,,8,4
2025-11-16 02:00:00,6.8,91,0.0,,18,14.0,25.0,1008.4,,8,4
2025-11-16 03:00:00,6.7,90,0.0,,30,15.0,24.1,1008.3,,8,4
2025-11-16 04:00:00,6.7,89,0.0,,27,14.0,25.0,1008.2,,8,4
2025-11-16 05:00:00,6.7,88,0.0,,21,14.0,25.0,1008.4,,8,4
2025-11-16 06:00:00,6.7,88,0.0,,19,14.0,25.9,1008.6,,8,4
2025-11-16 07:00:00,7.0,86,0.0,,20,15.0,22.0,1008.6,,8,4
2025-11-16 08:00:00,7.3,86,0.0,,26,14.0,25.0,1009.1,,8,4
2025-11-16 09:00:00,7.6,85,0.0,,40,18.0,29.6,1009.1,,8,4
2025-11-16 10:00:00,7.9,84,0.0,,40,22.0,35.0,1009.4,,8,4
2025-11-16 11:00:00,7.9,84,0.0,,38,18.0,36.0,1009.4,,8,4
2025-11-16 12:00:00,7.9,85,0.0,,20,14.0,29.6,1009.4,,8,4
2025-11-16 13:00:00,8.2,81,0.0,,30,18.0,30.0,1009.4,,8,4
2025-11-16 14:00:00,8.4,67,0.0,,30,18.0,30.0,1009.6,,8,4
2025-11-16 15:00:00,7.7,68,0.0,,10,15.0,25.9,1010.1,,3,2
2025-11-16 16:00:00,7.0,69,0.0,,11,11.0,22.0,1010.4,,0,1
2025-11-16 17:00:00,5.4,73,0.0,,4,7.0,18.0,1011.0,,1,1
2025-11-16 18:00:00,4.4,82,0.0,,320,8.0,18.5,1011.4,,0,1
2025-11-16 19:00:00,2.5,85,0.0,,320,8.0,8.0,1011.5,,0,1
2025-11-16 20:00:00,3.4,85,0.0,,300,8.0,15.0,1011.4,,8,4
2025-11-16 21:00:00,3.5,86,0.0,,320,8.0,11.1,1011.3,,0,1
2025-11-16 22:00:00,4.1,85,0.0,,267,11.0,14.0,1010.7,,8,4
2025-11-16 23:00:00,4.3,83,0.0,,272,11.0,14.0,1010.4,,5,3
2025-11-17 00:00:00,5.8,85,0.0,,280,11.0,16.7,1010.1,,7,17
2025-11-17 01:00:00,6.3,91,0.7,,355,11.0,25.0,1010.1,,8,17
2025-11-17 02:00:00,6.5,88,0.4,,320,15.0,26.0,1010.4,,8,17
2025-11-17 03:00:00,5.8,91,0.4,,316,11.0,24.1,1010.3,,8,17
2025-11-17 04:00:00,6.5,85,0.2,,342,18.0,40.0,1010.5,,7,17
2025-11-17 05:00:00,5.8,85,0.0,,339,11.0,22.0,1010.6,,2,8
2025-11-17 06:00:00,6.2,79,0.2,,345,22.0,27.0,1011.0,,8,17
2025-11-17 07:00:00,5.4,80,0.0,,355,14.0,50.0,1011.7,,4,8
2025-11-17 08:00:00,5.0,74,0.4,,360,25.0,65.0,1012.7,,8,17
2025-11-17 09:00:00,6.0,72,0.0,,345,18.0,40.8,1013.4,,7,8
2025-11-17 10:00:00,7.2,63,0.0,,0,26.0,35.0,1014.2,,3,8
2025-11-17 11:00:00,7.5,63,0.0,,3,32.0,50.0,1014.9,,5,3
2025-11-17 12:00:00,6.8,66,0.0,,339,25.0,40.8,1015.6,,3,2
2025-11-17 13:00:00,6.0,77,0.2,,45,14.0,43.0,1016.6,,8,17
2025-11-17 14:00:00,6.7,68,0.3,,8,14.0,29.0,1017.6,,1,8
2025-11-17 15:00:00,6.7,67,0.0,,4,11.0,31.5,1018.3,,0,1
2025-11-17 16:00:00,4.1,82,0.0,,290,11.0,15.0,1019.1,,0,1
2025-11-17 17:00:00,4.2,80,0.0,,330,11.0,22.0,1020.0,,2,8
2025-11-17 18:00:00,5.5,79,0.0,,328,18.0,18.5,1021.0,,5,17
2025-11-17 19:00:00,4.2,87,0.0,,277,14.0,18.0,1021.4,,8,8
2025-11-17 20:00:00,3.9,86,0.0,,320,8.0,18.0,1021.4,,6,8
2025-11-17 21:00:00,3.9,88,0.0,,210,4.0,14.8,1021.5,,4,3
2025-11-17 22:00:00,2.7,91,1.5,,185,7.0,25.0,1021.6,,8,8
2025-11-17 23:00:00,2.9,91,0.0,,190,8.0,15.0,1021.6,,5,3
2025-11-18 00:00:00,5.3,85,0.0,,240,18.0,16.7,1021.1,,8,4
2025-11-18 01:00:00,4.6,86,0.0,,220,15.0,22.0,1020.6,,8,17
2025-11-18 02:00:00,5.3,84,1.7,,261,11.0,43.0,1020.5,,8,17
2025-11-18 03:00:00,4.8,89,0.8,,299,7.0,20.4,1020.0,,8,8
2025-11-18 04:00:00,5.0,86,0.2,,308,11.0,29.0,1019.6,,6,8
2025-11-18 05:00:00,3.1,91,0.0,,162,14.0,18.0,1018.8,,5,3
2025-11-18 06:00:00,3.4,91,0.0,,191,7.0,24.1,1018.4,,8,4
2025-11-18 07:00:00,6.1,69,0.0,,252,18.0,22.0,1018.0,,6,3
2025-11-18 08:00:00,6.5,66,0.0,,266,18.0,25.0,1017.7,,8,4
2025-11-18 09:00:00,6.0,63,0.0,,268,18.0,28.0,1017.3,,5,8
2025-11-18 10:00:00,7.3,59,0.0,,270,30.0,50.0,1017.0,,8,4
2025-11-18 11:00:00,5.9,75,0.0,,301,18.0,43.0,1016.3,,8,4
2025-11-18 12:00:00,5.6,74,0.1,,225,25.0,35.2,1015.3,,8,8
2025-11-18 13:00:00,5.8,72,0.0,,232,25.0,43.0,1014.4,,8,17
2025-11-18 14:00:00,5.7,75,0.0,,242,14.0,36.0,1013.8,,8,8
2025-11-18 15:00:00,5.4,78,0.0,,202,14.0,31.5,1012.8,,8,4
2025-11-18 16:00:00,5.3,74,0.0,,224,22.0,32.0,1012.0,,8,4
2025-11-18 17:00:00,4.5,83,1.1,,204,14.0,29.0,1011.5,,8,8
2025-11-18 18:00:00,4.4,84,0.0,,210,15.0,24.1,1010.8,,8,8
2025-11-18 19:00:00,4.8,86,0.0,,213,14.0,25.0,1010.3,,8,8
2025-11-18 20:00:00,4.7,89,0.0,,179,14.0,22.0,1009.9,,8,17
2025-11-18 21:00:00,5.0,88,0.5,,203,29.0,27.8,1008.8,,8,17
2025-11-18 22:00:00,5.0,86,0.5,,181,22.0,32.0,1007.6,,8,17
2025-11-18 23:00:00,4.9,89,1.0,,198,14.0,32.0,1007.2,,8,17
2025-11-19 00:00:00,5.1,91,1.8,,188,25.0,33.3,1006.1,,8,8
2025-11-19 01:00:00,5.0,93,0.0,,190,26.0,35.0,1005.2,,8,17
2025-11-19 02:00:00,5.4,93,3.1,,191,22.0,36.0,1004.5,,8,17
2025-11-19 03:00:00,5.5,93,1.9,,190,29.0,31.5,1003.3,,8,7
2025-11-19 04:00:00,5.7,92,1.8,,193,29.0,43.0,1002.4,,8,17
2025-11-19 05:00:00,5.7,94,4.4,,223,22.0,40.0,1002.0,,8,17
2025-11-19 06:00:00,5.8,91,0.2,,205,25.0,31.5,1001.2,,8,8
2025-11-19 07:00:00,5.6,90,2.5,,211,25.0,43.0,1001.6,,8,8
2025-11-19 08:00:00,5.1,90,3.9,,179,22.0,36.0,1001.2,,8,8
2025-11-19 09:00:00,5.2,90,1.0,,200,15.0,25.9,1001.4,,8,17
2025-11-19 10:00:00,5.6,91,1.5,,184,14.0,25.0,1001.0,,7,8
2025-11-19 11:00:00,5.6,90,0.3,,222,14.0,22.0,1000.7,,8,8
2025-11-19 12:00:00,5.5,91,1.2,,276,11.0,20.4,1000.8,,8,8
2025-11-19 13:00:00,5.0,92,1.6,,20,11.0,29.0,1000.9,,8,8
2025-11-19 14:00:00,5.2,90,0.4,,353,18.0,25.0,1000.8,,8,8
2025-11-19 15:00:00,5.0,85,0.2,,14,18.0,31.5,1001.3,,8,8
2025-11-19 16:00:00,5.2,84,0.0,,5,18.0,29.0,1001.6,,8,4
2025-11-19 17:00:00,4.9,86,0.0,,357,18.0,36.0,1002.2,,8,17
2025-11-19 18:00:00,4.7,80,0.3,,27,29.0,35.2,1003.0,,8,8
2025-11-19 19:00:00,4.5,79,0.0,,29,18.0,43.0,1003.2,,8,8
2025-11-19 20:00:00,4.2,81,0.0,,3,18.0,29.0,1003.9,,6,7
2025-11-19 21:00:00,4.6,75,0.0,,20,18.0,27.8,1003.9,,8,8
2025-11-19 22:00:00,3.3,81,0.0,,17,11.0,29.0,1004.2,,8,4
2025-11-19 23:00:00,1.9,87,0.0,,323,11.0,14.0,1004.8,,6,3
2025-11-20 00:00:00,0.1,90,0.0,,320,7.0,18.5,1004.9,,0,1
2025-11-20 01:00:00,0.3,93,0.0,,321,4.0,14.0,1005.1,,8,4
2025-11-20 02:00:00,0.6,91,0.0,,279,11.0,18.0,1005.6,,8,4
2025-11-20 03:00:00,2.5,85,0.0,,297,11.0,11.1,1005.8,,8,4
2025-11-20 04:00:00,3.1,82,0.0,,266,14.0,25.0,1005.6,,8,4
2025-11-20 05:00:00,2.6,87,0.0,,286,11.0,22.0,1006.4,,8,4
2025-11-20 06:00:00,2.9,85,0.4,,39,11.0,13.0,1007.0,,8,8
2025-11-20 07:00:00,2.8,85,0.1,,31,14.0,22.0,1007.6,,8,17
2025-11-20 08:00:00,2.4,89,0.8,,343,7.0,25.0,1008.7,,8,8
2025-11-20 09:00:00,2.7,87,0.5,,204,11.0,11.1,1008.9,,8,8
2025-11-20 10:00:00,3.3,85,0.0,,220,14.0,25.0,1009.0,,8,8
2025-11-20 11:00:00,3.6,86,0.0,,199,14.0,25.0,1008.9,,8,4
2025-11-20 12:00:00,3.8,86,0.0,,215,14.0,20.4,1008.7,,8,4
2025-11-20 13:00:00,4.6,84,0.0,,220,15.0,26.0,1009.2,,8,4
2025-11-20 14:00:00,4.3,85,0.0,,183,14.0,18.0,1009.5,,6,3
2025-11-20 15:00:00,4.0,85,0.0,,169,14.0,14.8,1010.0,,8,4
2025-11-20 16:00:00,2.6,92,1.7,,252,7.0,22.0,1010.7,,8,8
2025-11-20 17:00:00,2.0,91,1.3,,150,11.0,14.0,1010.7,,6,15
2025-11-20 18:00:00,1.2,92,0.0,,157,11.0,13.0,1011.4,,0,1
2025-11-20 19:00:00,1.2,93,0.0,,90,8.0,15.0,1012.0,,8,4
2025-11-20 20:00:00,0.9,91,0.0,,133,7.0,11.0,1012.6,,8,4
2025-11-20 21:00:00,1.7,92,0.0,,133,11.0,14.8,1013.2,,8,4
2025-11-20 22:00:00,1.7,93,0.0,,91,11.0,14.0,1013.8,,8,4
2025-11-20 23:00:00,1.9,94,0.0,,90,11.0,14.0,1014.7,,6,3
2025-11-21 00:00:00,2.3,94,0.2,,87,11.0,18.5,1015.3,,8,17
2025-11-21 01:00:00,2.8,93,0.0,,81,11.0,18.0,1016.3,,8,8
2025-11-21 02:00:00,2.8,90,0.0,,71,14.0,25.0,1017.4,,8,4
2025-11-21 03:00:00,1.7,90,0.0,,79,14.0,20.4,1017.9,,8,4
2025-11-21 04:00:00,0.6,92,0.0,,71,7.0,14.0,1018.9,,1,1
2025-11-21 05:00:00,0.7,96,0.0,,0,0.0,7.0,1019.8,,0,1
2025-11-21 06:00:00,0.2,94,0.0,,142,4.0,14.8,1021.0,,1,1
2025-11-21 07:00:00,-1.0,96,0.0,,340,4.0,14.0,1022.1,,0,1
2025-11-21 08:00:00,0.5,92,0.0,,6,11.0,18.0,1023.3,,0,1
2025-11-21 09:00:00,2.1,88,0.0,,325,7.0,9.3,1024.0,,0,1
2025-11-21 10:00:00,4.1,80,0.0,,23,4.0,18.0,1024.7,,0,1
2025-11-21 11:00:00,5.5,65,0.0,,190,4.0,7.0,1024.8,,0,1
2025-11-21 12:00:00,6.5,58,0.0,,234,4.0,11.1,1025.1,,0,1
2025-11-21 13:00:00,5.9,64,0.0,,258,7.0,11.0,1025.1,,0,1
2025-11-21 14:00:00,6.2,64,0.0,,271,11.0,14.0,1025.2,,8,4
2025-11-21 15:00:00,4.7,66,0.0,,270,11.0,13.0,1025.6,,6,3
2025-11-21 16:00:00,2.7,75,0.0,,228,7.0,11.0,1025.9,,3,2
2025-11-21 17:00:00,2.7,79,0.0,,226,11.0,14.0,1026.4,,7,4
2025-11-21 18:00:00,3.3,74,0.0,,237,14.0,13.0,1026.6,,8,1
2025-11-21 19:00:00,2.9,79,0.0,,235,14.0,25.0,1026.7,,8,2
2025-11-21 20:00:00,3.5,76,0.0,,230,15.0,22.0,1027.0,,6,2
2025-11-21 21:00:00,2.9,85,0.0,,215,22.0,16.7,1027.1,,8,2
2025-11-21 22:00:00,3.0,90,1.1,,279,14.0,22.0,1027.4,,8,3
2025-11-21 23:00:00,2.2,90,0.7,,191,14.0,18.0,1026.8,,8,3
2025-11-22 00:00:00,3.7,91,0.6,,219,11.0,20.4,1026.7,,8,4
2025-11-22 01:00:00,3.3,86,0.3,,206,18.0,25.0,1026.2,,6,4
2025-11-22 02:00:00,2.2,89,0.0,,199,18.0,29.0,1026.2,,0,4
2025-11-22 03:00:00,3.0,87,0.0,,185,14.0,24.1,1025.7,,6,4
2025-11-22 04:00:00,1.6,89,0.0,,173,14.0,22.0,1025.4,,0,1
2025-11-22 05:00:00,2.3,87,0.0,,201,18.0,25.0,1024.9,,8,4
2025-11-22 06:00:00,2.3,81,0.0,,187,18.0,27.8,1024.9,,8,4
2025-11-22 07:00:00,1.7,81,0.0,,190,18.0,30.0,1024.9,,8,4
2025-11-22 08:00:00,1.8,79,0.0,,200,18.0,30.0,1024.7,,8,4
2025-11-22 09:00:00,2.6,75,0.0,,192,22.0,31.5,1024.2,,8,4
2025-11-22 10:00:00,2.5,75,0.0,,183,22.0,29.0,1024.1,,8,4
2025-11-22 11:00:00,3.1,74,0.0,,191,22.0,36.0,1023.7,,8,4
2025-11-22 12:00:00,3.5,74,0.0,,180,18.0,37.0,1022.7,,8,4
2025-11-22 13:00:00,4.3,63,0.0,,200,30.0,39.0,1021.7,,8,4
2025-11-22 14:00:00,4.2,66,0.0,,182,25.0,40.0,1020.9,,8,4
2025-11-22 15:00:00,3.6,62,0.0,,188,29.0,38.9,1020.5,,8,4
2025-11-22 16:00:00,2.2,71,0.0,,180,26.0,42.0,1019.9,,8,4
2025-11-22 17:00:00,2.0,72,0.0,,175,25.0,40.0,1019.2,,8,4
2025-11-22 18:00:00,1.3,76,0.0,,173,25.0,38.9,1018.7,,8,4
2025-11-22 19:00:00,1.1,73,0.0,,176,25.0,36.0,1017.9,,8,4
2025-11-22 20:00:00,0.4,74,0.0,,170,25.0,36.0,1017.3,,8,4
2025-11-22 21:00:00,0.4,72,0.0,,172,25.0,40.8,1016.8,,8,4
2025-11-22 22:00:00,0.7,68,0.0,,177,25.0,36.0,1016.0,,8,4
2025-11-22 23:00:00,0.7,65,0.0,,178,25.0,40.0,1015.4,,8,4
2025-11-23 00:00:00,1.3,55,0.0,,182,25.0,40.8,1014.6,,8,4
2025-11-23 01:00:00,1.2,56,0.0,,180,26.0,39.0,1013.9,,8,4
2025-11-23 02:00:00,-0.2,73,0.0,,183,29.0,40.0,1013.5,,8,21
2025-11-23 03:00:00,-0.9,92,0.1,,173,22.0,42.6,1012.4,,8,15
2025-11-23 04:00:00,-0.6,94,0.1,,178,25.0,40.0,1011.5,,8,15
2025-11-23 05:00:00,-0.3,94,0.1,,175,32.0,43.0,1010.2,,8,15
2025-11-23 06:00:00,0.4,92,0.1,,177,29.0,40.8,1009.2,,8,7
2025-11-23 07:00:00,0.5,90,0.1,,177,29.0,47.0,1008.3,,8,7
2025-11-23 08:00:00,0.8,90,0.1,,175,29.0,50.0,1007.6,,8,7
2025-11-23 09:00:00,1.4,86,0.1,,176,32.0,40.8,1006.6,,8,7
2025-11-23 10:00:00,1.9,85,0.0,,170,29.0,47.0,1005.3,,8,7
2025-11-23 11:00:00,2.5,83,0.0,,168,29.0,47.0,1003.7,,8,7
2025-11-23 12:00:00,2.7,83,0.1,,174,32.0,44.5,1001.7,,8,7
2025-11-23 13:00:00,2.6,85,0.4,,169,32.0,47.0,999.9,,8,7
2025-11-23 14:00:00,2.3,90,1.2,,166,32.0,43.0,998.2,,8,8
2025-11-23 15:00:00,2.5,92,0.3,,183,25.0,44.5,997.8,,8,8
2025-11-23 16:00:00,2.9,91,0.1,,185,25.0,40.0,996.9,,8,8
2025-11-23 17:00:00,4.0,91,0.0,,191,29.0,40.0,996.1,,8,8
2025-11-23 18:00:00,4.6,92,0.0,,202,25.0,21.0,996.0,,7,8
2025-11-23 19:00:00,5.2,92,1.5,,207,29.0,40.0,995.5,,8,8
2025-11-23 20:00:00,5.3,91,0.8,,210,22.0,39.0,995.1,,7,7
2025-11-23 21:00:00,5.2,90,0.2,,194,14.0,35.2,995.2,,8,7
2025-11-23 22:00:00,5.0,89,0.0,,209,25.0,32.0,994.9,,6,7
2025-11-23 23:00:00,5.3,88,0.0,,205,25.0,36.0,994.6,,7,17
2025-11-24 00:00:00,5.5,89,0.1,,212,22.0,31.5,994.6,,7,7
2025-11-24 01:00:00,4.3,93,0.1,,200,22.0,29.0,994.3,,4,7
2025-11-24 02:00:00,4.3,91,0.0,,204,18.0,29.0,994.2,,6,7
2025-11-24 03:00:00,4.1,93,0.0,,198,18.0,29.6,993.7,,2,7
2025-11-24 04:00:00,3.5,92,0.2,,187,18.0,25.0,993.2,,0,7
2025-11-24 05:00:00,4.9,91,0.4,,193,22.0,32.0,993.1,,8,7
2025-11-24 06:00:00,4.6,91,0.8,,186,22.0,24.1,993.0,,8,17
2025-11-24 07:00:00,4.8,93,0.3,,181,22.0,32.0,992.7,,8,17
2025-11-24 08:00:00,4.2,93,0.8,,163,14.0,29.0,993.0,,8,7
2025-11-24 09:00:00,4.4,92,0.0,,157,14.0,22.2,992.9,,8,17
2025-11-24 10:00:00,5.7,89,0.4,,181,18.0,29.0,993.1,,8,7
2025-11-24 11:00:00,5.9,93,0.9,,180,11.0,29.0,992.7,,8,7
2025-11-24 12:00:00,7.3,86,0.0,,171,14.0,20.4,992.2,,8,7
2025-11-24 13:00:00,7.2,85,0.0,,180,15.0,18.0,992.4,,8,7
2025-11-24 14:00:00,6.9,84,0.0,,197,14.0,25.0,992.6,,8,7
2025-11-24 15:00:00,5.6,88,0.0,,165,11.0,20.4,992.9,,8,7
2025-11-24 16:00:00,6.2,89,0.0,,140,7.0,14.0,993.4,,8,7
2025-11-24 17:00:00,4.5,92,0.0,,140,8.0,11.0,993.6,,8,7
2025-11-24 18:00:00,3.9,95,0.0,,136,7.0,18.5,994.1,,8,5
2025-11-24 19:00:00,4.0,94,0.0,,138,11.0,18.0,994.5,,8,4
2025-11-24 20:00:00,4.1,96,0.0,,66,4.0,11.0,995.1,,8,4
2025-11-24 21:00:00,3.0,97,0.0,,56,4.0,18.5,995.8,,8,5
2025-11-24 22:00:00,2.0,98,0.0,,56,4.0,4.0,996.2,,8,5
2025-11-24 23:00:00,1.5,96,0.0,,56,4.0,7.0,996.8,,8,5
2025-11-25 00:00:00,1.0,97,0.0,,0,0.0,16.7,997.3,,8,5
2025-11-25 01:00:00,0.2,96,0.0,,59,4.0,4.0,997.5,,8,5
2025-11-25 02:00:00,-0.8,98,0.0,,312,4.0,7.0,998.1,,5,5
2025-11-25 03:00:00,-1.0,96,0.0,,312,4.0,16.7,998.8,,8,5
2025-11-25 04:00:00,-1.4,95,0.0,,0,0.0,7.0,999.5,,8,5
2025-11-25 05:00:00,-1.3,94,0.0,,0,0.0,4.0,1000.3,,8,5
2025-11-25 06:00:00,0.6,97,0.0,,26,7.0,18.5,1001.5,,8,5
2025-11-25 07:00:00,2.4,95,0.0,,310,11.0,11.0,1002.4,,8,17
2025-11-25 08:00:00,5.2,91,0.2,,6,14.0,25.0,1003.7,,8,8
2025-11-25 09:00:00,5.8,90,0.1,,11,11.0,16.7,1004.9,,8,8
2025-11-25 10:00:00,6.3,83,0.0,,3,14.0,25.0,1006.1,,8,4
2025-11-25 11:00:00,7.2,77,0.1,,3,18.0,25.0,1006.6,,0,1
2025-11-25 12:00:00,7.7,74,0.0,,0,22.0,20.4,1007.0,,0,1
2025-11-25 13:00:00,6.6,77,0.0,,355,18.0,36.0,1007.8,,8,8
2025-11-25 14:00:00,6.4,81,0.1,,355,18.0,36.0,1008.4,,8,17
2025-11-25 15:00:00,5.4,84,0.0,,335,11.0,20.4,1009.1,,2,8
2025-11-25 16:00:00,5.1,86,0.0,,344,11.0,18.0,1010.0,,7,4
2025-11-25 17:00:00,4.7,84,0.0,,341,11.0,22.0,1010.9,,0,1
2025-11-25 18:00:00,3.3,87,0.0,,339,11.0,18.5,1011.8,,1,1
2025-11-25 19:00:00,4.8,83,0.0,,344,14.0,22.0,1012.6,,7,4
2025-11-25 20:00:00,5.2,83,0.1,,347,14.0,22.0,1013.0,,8,8
2025-11-25 21:00:00,5.3,85,0.0,,338,14.0,18.5,1013.5,,8,4
2025-11-25 22:00:00,5.4,85,0.0,,346,14.0,22.0,1013.8,,8,4
2025-11-25 23:00:00,5.2,86,0.0,,354,14.0,22.0,1014.6,,8,4
2025-11-26 00:00:00,5.0,88,0.0,,20,11.0,13.0,1015.5,,7,4
2025-11-26 01:00:00,5.0,89,0.0,,20,11.0,26.0,1015.8,,8,4
2025-11-26 02:00:00,4.4,93,0.0,,35,18.0,22.0,1016.4,,8,5
2025-11-26 03:00:00,4.2,91,0.0,,44,11.0,13.0,1017.3,,8,5
2025-11-26 04:00:00,4.2,92,0.0,,36,11.0,18.0,1017.9,,8,5
2025-11-26 05:00:00,4.2,92,0.0,,45,7.0,14.0,1018.5,,8,5
2025-11-26 06:00:00,3.8,93,0.0,,58,11.0,13.0,1019.1,,8,5
2025-11-26 07:00:00,2.9,94,0.0,,37,7.0,14.0,1019.7,,8,5
2025-11-26 08:00:00,2.6,93,0.0,,57,4.0,7.0,1020.3,,8,5
2025-11-26 09:00:00,2.8,94,0.0,,144,7.0,14.8,1020.9,,8,5
2025-11-26 10:00:00,2.6,94,0.0,,177,7.0,11.0,1021.7,,8,5
2025-11-26 11:00:00,3.3,91,0.0,,186,7.0,11.0,1021.8,,6,5
2025-11-26 12:00:00,4.1,88,0.0,,193,7.0,18.5,1021.7,,8,5
2025-11-26 13:00:00,4.0,87,0.0,,172,7.0,14.0,1021.1,,4,4
2025-11-26 14:00:00,5.2,83,0.0,,193,7.0,11.0,1021.0,,0,4
2025-11-26 15:00:00,3.9,89,0.0,,200,11.0,18.5,1021.3,,6,4
2025-11-26 16:00:00,3.6,90,0.0,,188,11.0,14.0,1021.4,,8,4
2025-11-26 17:00:00,2.0,91,0.0,,186,11.0,14.0,1021.6,,2,4
2025-11-26 18:00:00,2.2,92,0.0,,186,14.0,16.7,1021.7,,7,4
2025-11-26 19:00:00,2.2,93,0.0,,139,7.0,18.0,1021.8,,8,5
2025-11-26 20:00:00,2.0,94,0.0,,175,11.0,14.0,1021.6,,8,5
2025-11-26 21:00:00,2.0,95,0.0,,163,11.0,18.5,1021.5,,8,5
2025-11-26 22:00:00,2.2,95,0.0,,180,14.0,22.0,1021.1,,8,5
2025-11-26 23:00:00,2.6,97,0.0,,179,18.0,22.0,1020.9,,8,5
2025-11-27 00:00:00,2.7,97,0.0,,183,14.0,20.4,1020.0,,8,5
2025-11-27 01:00:00,2.6,97,0.0,,181,18.0,25.0,1018.9,,8,5
2025-11-27 02:00:00,3.0,93,0.0,,183,18.0,29.0,1018.8,,8,4
2025-11-27 03:00:00,3.1,90,0.0,,176,22.0,22.2,1018.0,,8,4
2025-11-27 04:00:00,3.7,88,0.0,,182,22.0,32.0,1017.3,,8,7
2025-11-27 05:00:00,4.3,86,0.0,,182,25.0,32.0,1016.7,,8,7
2025-11-27 06:00:00,4.4,92,0.5,,188,25.0,25.9,1016.2,,8,4
2025-11-27 07:00:00,4.8,93,0.1,,188,29.0,36.0,1015.9,,8,7
2025-11-27 08:00:00,5.0,92,0.0,,191,29.0,40.0,1015.7,,8,7
2025-11-27 09:00:00,5.4,93,0.0,,197,29.0,31.5,1015.7,,8,4
2025-11-27 10:00:00,5.8,95,0.0,,201,29.0,43.0,1015.7,,8,4
2025-11-27 11:00:00,6.3,94,0.1,,205,29.0,40.0,1015.4,,8,8
2025-11-27 12:00:00,6.7,95,0.0,,198,29.0,33.3,1014.6,,8,8
2025-11-27 13:00:00,7.1,95,0.0,,204,29.0,40.0,1014.6,,8,4
2025-11-27 14:00:00,7.7,95,0.0,,206,29.0,40.0,1014.2,,8,4
2025-11-27 15:00:00,7.9,93,0.0,,204,29.0,33.3,1014.3,,8,4
2025-11-27 16:00:00,8.2,93,0.0,,207,29.0,40.0,1014.4,,8,4
2025-11-27 17:00:00,8.3,94,0.0,,204,29.0,40.0,1014.6,,8,4
2025-11-27 18:00:00,8.3,95,0.0,,203,29.0,35.2,1014.8,,8,4
2025-11-27 19:00:00,8.4,95,0.0,,202,22.0,40.0,1014.7,,8,4
2025-11-27 20:00:00,8.5,95,0.0,,205,25.0,36.0,1014.7,,8,17
2025-11-27 21:00:00,8.6,95,0.0,,200,29.0,33.3,1014.8,,8,8
2025-11-27 22:00:00,8.8,93,0.0,,204,29.0,40.0,1014.8,,8,4
2025-11-27 23:00:00,8.9,93,0.0,,205,29.0,40.0,1014.5,,8,4
2025-11-28 00:00:00,8.9,94,0.1,,202,25.0,31.5,1014.4,,8,17
2025-11-28 01:00:00,8.7,96,0.0,,198,25.0,36.0,1013.9,,8,8
2025-11-28 02:00:00,8.7,95,0.1,,196,29.0,40.0,1014.0,,8,17
2025-11-28 03:00:00,8.8,96,0.1,,194,25.0,31.5,1013.5,,8,17
2025-11-28 04:00:00,9.0,96,0.1,,205,22.0,32.0,1013.2,,8,8
2025-11-28 05:00:00,9.2,97,0.0,,206,22.0,36.0,1013.1,,8,8
2025-11-28 06:00:00,9.3,97,0.0,,202,22.0,31.5,1012.8,,8,17
2025-11-28 07:00:00,9.5,97,0.2,,206,22.0,32.0,1012.9,,8,17
2025-11-28 08:00:00,10.0,96,0.4,,214,22.0,32.0,1013.1,,8,8
2025-11-28 09:00:00,10.0,95,0.1,,210,25.0,31.5,1013.1,,8,8
2025-11-28 10:00:00,10.4,94,0.0,,209,22.0,32.0,1012.9,,8,4
2025-11-28 11:00:00,10.7,92,0.0,,207,25.0,36.0,1012.6,,8,4
2025-11-28 12:00:00,10.5,91,0.0,,199,22.0,35.2,1012.0,,8,4
2025-11-28 13:00:00,10.7,88,0.0,,200,26.0,31.0,1011.1,,8,4
2025-11-28 14:00:00,10.4,87,0.0,,205,22.0,36.0,1010.6,,8,4
2025-11-28 15:00:00,10.0,88,0.0,,207,22.0,29.6,1010.7,,8,4
2025-11-28 16:00:00,9.5,91,0.0,,201,22.0,32.0,1010.8,,8,4
2025-11-28 17:00:00,9.0,92,0.0,,194,22.0,32.0,1010.5,,8,4
2025-11-28 18:00:00,9.5,92,0.0,,198,25.0,25.9,1010.9,,8,4
2025-11-28 19:00:00,9.8,89,0.0,,210,25.0,32.0,1010.8,,8,4
2025-11-28 20:00:00,9.7,89,0.0,,211,29.0,40.0,1010.6,,8,4
2025-11-28 21:00:00,9.4,90,0.0,,208,29.0,25.9,1010.3,,2,2
2025-11-28 22:00:00,9.6,90,0.0,,211,29.0,40.0,1010.4,,8,4
2025-11-28 23:00:00,9.6,90,0.0,,207,29.0,36.0,1010.3,,8,4
2025-11-29 00:00:00,8.7,92,0.0,,207,22.0,27.8,1010.5,,8,4
2025-11-29 01:00:00,8.6,93,0.0,,210,18.0,29.0,1010.3,,8,4
2025-11-29 02:00:00,7.9,94,0.0,,208,18.0,25.0,1010.1,,1,1
2025-11-29 03:00:00,8.4,95,0.0,,194,18.0,27.8,1009.8,,8,4
2025-11-29 04:00:00,8.9,94,0.0,,192,22.0,29.0,1009.3,,8,4
2025-11-29 05:00:00,8.7,94,0.0,,165,14.0,22.0,1009.1,,8,4
2025-11-29 06:00:00,8.4,94,0.0,,170,18.0,27.8,1009.0,,8,4
2025-11-29 07:00:00,8.5,94,0.0,,182,22.0,29.0,1008.7,,8,4
2025-11-29 08:00:00,8.5,93,0.0,,166,18.0,29.0,1008.4,,8,4
2025-11-29 09:00:00,9.0,91,0.0,,171,25.0,27.8,1007.9,,8,17
2025-11-29 10:00:00,9.3,89,0.0,,177,25.0,40.0,1007.4,,8,8
2025-11-29 11:00:00,9.5,89,0.0,,178,25.0,36.0,1006.5,,8,4
2025-11-29 12:00:00,9.8,84,0.0,,180,29.0,27.8,1005.7,,8,4
2025-11-29 13:00:00,9.6,84,0.0,,177,22.0,40.0,1005.1,,8,4
2025-11-29 14:00:00,9.5,84,0.0,,170,25.0,32.0,1004.2,,8,4
2025-11-29 15:00:00,9.5,84,0.0,,165,25.0,24.1,1003.7,,8,4
2025-11-29 16:00:00,9.3,89,0.0,,156,25.0,36.0,1003.2,,8,8
2025-11-29 17:00:00,9.6,87,0.0,,156,25.0,36.0,1002.6,,8,4
2025-11-29 18:00:00,9.5,93,0.0,,161,29.0,22.2,1002.2,,8,8
2025-11-29 19:00:00,9.8,94,0.5,,170,30.0,39.0,1001.9,,8,8
2025-11-29 20:00:00,10.1,93,0.4,,185,29.0,40.0,1001.9,,8,8
2025-11-29 21:00:00,10.0,87,0.0,,208,25.0,20.4,1002.1,,8,8
2025-11-29 22:00:00,9.4,87,0.0,,225,18.0,36.0,1002.5,,8,4
2025-11-29 23:00:00,8.9,81,0.0,,247,22.0,29.0,1003.2,,8,4
2025-11-30 00:00:00,6.2,85,0.0,,224,14.0,20.4,1003.7,,4,3
2025-11-30 01:00:00,6.5,85,0.0,,205,18.0,25.0,1003.7,,8,4
2025-11-30 02:00:00,6.8,84,0.0,,206,29.0,36.0,1004.1,,7,4
2025-11-30 03:00:00,7.1,85,0.0,,211,25.0,18.5,1004.4,,8,4
2025-11-30 04:00:00,6.5,82,0.0,,228,18.0,29.0,1004.8,,8,4
2025-11-30 05:00:00,7.9,77,0.0,,236,18.0,29.0,1005.5,,8,4
2025-11-30 06:00:00,7.9,80,0.0,,250,18.0,20.4,1006.1,,8,17
2025-11-30 07:00:00,7.2,80,0.0,,271,22.0,36.0,1007.0,,8,8
2025-11-30 08:00:00,7.1,77,0.0,,267,22.0,36.0,1007.9,,8,4
2025-11-30 09:00:00,6.9,75,0.0,,255,22.0,20.4,1008.5,,4,4
2025-11-30 10:00:00,7.5,62,0.0,,259,29.0,43.0,1009.1,,3,4
2025-11-30 11:00:00,7.1,59,0.0,,251,32.0,43.0,1009.5,,2,4
2025-11-30 12:00:00,7.2,59,0.0,,248,32.0,29.6,1009.9,,4,4
2025-11-30 13:00:00,6.8,72,0.0,,250,25.0,43.0,1010.4,,8,4
2025-11-30 14:00:00,6.7,74,0.0,,267,22.0,40.0,1011.0,,8,4
2025-11-30 15:00:00,6.6,77,0.0,,266,18.0,27.8,1011.8,,8,4
2025-11-30 16:00:00,7.0,76,0.0,,241,18.0,29.0,1012.0,,8,4
2025-11-30 17:00:00,6.5,83,0.0,,245,18.0,29.0,1012.6,,8,4
2025-11-30 18:00:00,6.8,83,0.2,,237,18.0,25.9,1013.5,,8,4
2025-11-30 19:00:00,6.6,88,0.3,,225,22.0,29.0,1013.9,,8,4
2025-11-30 20:00:00,6.7,83,0.1,,239,18.0,29.0,1014.4,,8,4
2025-11-30 21:00:00,7.4,76,0.0,,250,18.0,25.9,1014.9,,8,4
2025-11-30 22:00:00,6.4,78,0.0,,242,14.0,25.0,1015.0,,5,4
2025-11-30 23:00:00,4.3,86,0.0,,226,14.0,18.0,1015.3,,0,1
2025-12-01 00:00:00,3.7,86,0.0,,200,14.0,24.1,1015.1,,2,2
2025-12-01 01:00:00,5.1,84,0.0,,191,22.0,25.0,1014.9,,8,4
2025-12-01 02:00:00,4.0,87,0.0,,190,18.0,29.0,1014.8,,2,2
2025-12-01 03:00:00,3.4,89,0.0,,187,22.0,24.1,1014.4,,0,1
2025-12-01 04:00:00,3.3,88,0.0,,179,22.0,29.0,1014.0,,8,4
2025-12-01 05:00:00,2.5,90,0.0,,175,22.0,32.0,1013.7,,4,3
2025-12-01 06:00:00,2.9,89,0.0,,176,22.0,27.8,1013.1,,8,4
2025-12-01 07:00:00,2.8,89,0.0,,171,22.0,32.0,1013.0,,8,4
2025-12-01 08:00:00,3.9,86,0.0,,167,29.0,40.0,1012.4,,8,4
2025-12-01 09:00:00,4.5,84,0.0,,173,32.0,31.5,1011.7,,8,4
2025-12-01 10:00:00,5.3,79,0.0,,175,32.0,47.0,1011.2,,8,4
2025-12-01 11:00:00,5.9,79,0.0,,177,36.0,47.0,1010.5,,8,4
2025-12-01 12:00:00,6.7,77,0.0,,177,36.0,33.3,1009.8,,8,4
2025-12-01 13:00:00,6.3,85,0.5,,174,32.0,50.0,1009.0,,8,17
2025-12-01 14:00:00,6.6,85,0.9,,173,36.0,47.0,1008.3,,8,8
2025-12-01 15:00:00,6.5,87,0.7,,174,32.0,33.3,1007.9,,8,8
2025-12-01 16:00:00,6.5,87,0.3,,175,32.0,47.0,1007.5,,8,8
2025-12-01 17:00:00,6.6,85,0.0,,174,32.0,47.0,1007.1,,8,8
2025-12-01 18:00:00,7.0,81,0.0,,172,32.0,50.0,1006.7,,8,4
2025-12-01 19:00:00,7.3,78,0.0,,175,36.0,50.0,1006.1,,8,4
2025-12-01 20:00:00,7.3,77,0.0,,172,36.0,50.0,1005.7,,8,4
2025-12-01 21:00:00,7.3,75,0.0,,173,36.0,48.2,1005.6,,8,4
2025-12-01 22:00:00,6.9,73,0.0,,171,32.0,50.0,1005.2,,8,4
2025-12-01 23:00:00,6.5,70,0.0,,165,29.0,54.0,1004.8,,8,4
2025-12-02 00:00:00,6.6,66,0.0,,161,32.0,44.5,1004.1,,8,4
2025-12-02 01:00:00,7.2,60,0.0,,170,31.0,46.0,1003.6,,8,4
2025-12-02 02:00:00,7.3,59,0.0,,177,29.0,47.0,1004.0,,8,4
2025-12-02 03:00:00,7.3,58,0.0,,169,29.0,42.6,1003.5,,8,4
2025-12-02 04:00:00,7.2,58,0.0,,169,25.0,40.0,1003.6,,8,8
2025-12-02 05:00:00,6.0,72,0.1,,172,22.0,36.0,1004.0,,8,17
2025-12-02 06:00:00,6.9,71,0.1,,181,25.0,38.9,1004.2,,8,8
2025-12-02 07:00:00,7.3,74,0.0,,183,29.0,40.0,1004.7,,8,4
2025-12-02 08:00:00,7.4,75,0.0,,184,25.0,40.0,1005.2,,8,4
2025-12-02 09:00:00,7.5,76,0.0,,184,25.0,35.2,1005.8,,8,4
2025-12-02 10:00:00,7.7,77,0.0,,185,29.0,36.0,1006.5,,8,4
2025-12-02 11:00:00,7.9,80,0.0,,192,22.0,36.0,1006.5,,8,4
2025-12-02 12:00:00,8.4,78,0.0,,194,22.0,33.3,1006.8,,8,4
2025-12-02 13:00:00,8.6,77,0.0,,190,18.0,31.0,1007.1,,8,4
2025-12-02 14:00:00,8.9,77,0.0,,176,18.0,25.0,1007.1,,8,4
2025-12-02 15:00:00,8.6,78,0.0,,167,18.0,25.9,1007.8,,8,4
2025-12-02 16:00:00,8.5,78,0.0,,169,14.0,22.0,1008.1,,8,4
2025-12-02 17:00:00,8.4,78,0.0,,167,14.0,22.0,1008.8,,8,4
2025-12-02 18:00:00,8.4,77,0.0,,173,18.0,22.2,1009.1,,8,4
2025-12-02 19:00:00,8.2,77,0.0,,174,18.0,22.0,1009.5,,8,4
2025-12-02 20:00:00,7.0,84,0.0,,165,14.0,22.0,1009.3,,8,4
2025-12-02 21:00:00,6.6,85,0.0,,156,14.0,22.2,1009.8,,8,4
2025-12-02 22:00:00,6.4,83,0.0,,179,14.0,22.0,1009.7,,8,4
2025-12-02 23:00:00,5.7,87,0.0,,157,7.0,22.0,1010.0,,8,4
2025-12-03 00:00:00,5.9,86,0.0,,140,11.0,22.2,1010.1,,8,4
2025-12-03 01:00:00,6.5,85,0.0,,161,11.0,18.0,1010.1,,8,4
2025-12-03 02:00:00,6.9,85,0.0,,152,11.0,18.0,1010.0,,8,4
2025-12-03 03:00:00,6.5,87,0.0,,138,11.0,18.5,1009.9,,8,4
2025-12-03 04:00:00,6.0,89,0.0,,145,11.0,18.0,1009.8,,8,4
2025-12-03 05:00:00,5.8,91,0.0,,166,11.0,14.0,1009.9,,8,4
2025-12-03 06:00:00,6.2,92,0.0,,156,11.0,20.4,1010.4,,8,4
2025-12-03 07:00:00,6.3,93,0.0,,157,11.0,14.0,1010.6,,8,4
2025-12-03 08:00:00,6.8,91,0.0,,165,11.0,14.0,1010.8,,8,4
2025-12-03 09:00:00,7.3,91,0.0,,170,11.0,18.5,1010.9,,8,4
2025-12-03 10:00:00,7.8,89,0.0,,174,11.0,14.0,1011.2,,8,4
2025-12-03 11:00:00,8.7,85,0.0,,191,14.0,18.0,1011.1,,8,4
2025-12-03 12:00:00,9.0,83,0.0,,180,14.0,20.4,1010.9,,8,4
2025-12-03 13:00:00,9.1,81,0.0,,185,11.0,22.0,1010.8,,8,4
2025-12-03 14:00:00,9.0,81,0.0,,183,11.0,22.0,1010.5,,8,4
2025-12-03 15:00:00,7.3,87,0.0,,185,11.0,16.7,1010.5,,6,3
2025-12-03 16:00:00,7.3,88,0.0,,192,14.0,14.0,1010.8,,8,4
2025-12-03 17:00:00,7.6,87,0.0,,172,11.0,18.0,1010.8,,8,4
2025-12-03 18:00:00,7.1,88,0.0,,182,14.0,16.7,1010.7,,8,4
2025-12-03 19:00:00,6.8,88,0.0,,182,14.0,22.0,1010.4,,8,4
2025-12-03 20:00:00,5.6,91,0.0,,166,11.0,22.0,1010.5,,8,4
2025-12-03 21:00:00,5.1,91,0.0,,183,14.0,18.5,1010.5,,7,4
2025-12-03 22:00:00,6.0,88,0.0,,183,14.0,18.0,1010.4,,8,4
2025-12-03 23:00:00,6.2,88,0.0,,184,14.0,18.0,1010.0,,8,4
2025-12-04 00:00:00,4.1,92,0.0,,159,11.0,20.4,1009.4,,7,4
2025-12-04 01:00:00,3.9,92,0.0,,160,11.0,18.0,1008.7,,2,2
2025-12-04 02:00:00,4.8,93,0.0,,152,11.0,14.0,1008.6,,8,4
2025-12-04 03:00:00,5.2,92,0.0,,145,14.0,20.4,1008.0,,8,4
2025-12-04 04:00:00,5.5,91,0.0,,140,14.0,22.0,1007.3,,8,4
2025-12-04 05:00:00,5.7,90,0.0,,137,18.0,22.0,1006.7,,8,4
2025-12-04 06:00:00,6.2,89,0.0,,145,18.0,24.1,1006.3,,8,4
2025-12-04 07:00:00,6.4,89,0.0,,149,14.0,25.0,1006.1,,8,4
2025-12-04 08:00:00,6.5,85,0.0,,137,14.0,25.0,1005.7,,8,4
2025-12-04 09:00:00,6.5,85,0.0,,136,14.0,27.8,1005.7,,2,2
2025-12-04 10:00:00,7.5,84,0.0,,140,22.0,29.0,1005.4,,5,3
2025-12-04 11:00:00,8.2,79,0.0,,143,25.0,36.0,1004.6,,7,4
2025-12-04 12:00:00,8.2,79,0.0,,132,25.0,33.3,1003.7,,8,4
2025-12-04 13:00:00,8.1,78,0.0,,129,22.0,36.0,1002.8,,8,4
2025-12-04 14:00:00,8.1,77,0.0,,124,25.0,36.0,1002.4,,8,4
2025-12-04 15:00:00,7.3,80,0.0,,127,25.0,31.5,1002.1,,8,4
2025-12-04 16:00:00,7.1,79,0.0,,124,29.0,40.0,1002.1,,8,4
2025-12-04 17:00:00,6.9,80,0.0,,134,25.0,40.0,1002.4,,8,17
2025-12-04 18:00:00,6.7,82,0.0,,139,22.0,27.8,1002.8,,8,8
2025-12-04 19:00:00,6.8,82,0.0,,149,18.0,36.0,1003.4,,8,4
2025-12-04 20:00:00,6.8,82,0.0,,144,22.0,32.0,1003.5,,8,4
2025-12-04 21:00:00,6.3,85,0.0,,153,18.0,25.9,1003.9,,8,4
2025-12-04 22:00:00,6.6,85,0.0,,150,14.0,25.0,1004.3,,8,4
2025-12-04 23:00:00,6.2,88,0.0,,159,14.0,25.0,1004.8,,8,4
2025-12-05 00:00:00,5.0,90,0.0,,159,11.0,18.5,1005.2,,8,4
2025-12-05 01:00:00,4.9,91,0.0,,161,14.0,18.0,1005.5,,6,3
2025-12-05 02:00:00,4.0,93,0.0,,163,11.0,18.0,1006.2,,5,3
2025-12-05 03:00:00,3.8,95,0.0,,137,11.0,13.0,1006.6,,4,3
2025-12-05 04:00:00,3.7,94,0.0,,153,14.0,18.0,1007.2,,8,4
2025-12-05 05:00:00,4.5,95,0.0,,156,14.0,18.0,1007.8,,8,5
2025-12-05 06:00:00,3.7,97,0.0,,189,11.0,14.8,1008.5,,8,5
2025-12-05 07:00:00,3.5,99,0.0,,173,11.0,14.0,1009.0,,8,5
2025-12-05 08:00:00,3.4,97,0.0,,149,11.0,14.0,1009.3,,8,5
2025-12-05 09:00:00,3.2,98,0.0,,169,11.0,16.7,1010.0,,8,5
2025-12-05 10:00:00,3.3,98,0.0,,169,11.0,18.0,1010.3,,8,5
2025-12-05 11:00:00,3.7,98,0.0,,176,18.0,22.0,1010.3,,8,5
2025-12-05 12:00:00,4.1,98,0.0,,173,14.0,22.2,1010.2,,8,5
2025-12-05 13:00:00,4.2,97,0.0,,174,18.0,25.0,1010.2,,8,5
2025-12-05 14:00:00,4.4,96,0.0,,174,18.0,25.0,1010.2,,8,4
2025-12-05 15:00:00,4.5,93,0.0,,174,18.0,24.1,1010.0,,8,4
2025-12-05 16:00:00,5.1,90,0.0,,165,18.0,32.0,1009.8,,8,4
2025-12-05 17:00:00,5.0,88,0.0,,165,22.0,32.0,1009.4,,8,4
2025-12-05 18:00:00,4.4,89,0.0,,145,18.0,29.6,1008.9,,8,4
2025-12-05 19:00:00,4.3,90,0.0,,139,22.0,29.0,1008.0,,8,4
2025-12-05 20:00:00,4.7,86,0.0,,157,25.0,36.0,1007.4,,8,4
2025-12-05 21:00:00,4.6,86,0.0,,157,25.0,37.0,1006.8,,8,4
2025-12-05 22:00:00,4.8,84,0.0,,153,25.0,36.0,1005.4,,8,4
2025-12-05 23:00:00,4.9,84,0.0,,152,25.0,40.0,1004.6,,8,4
2025-12-06 00:00:00,5.3,82,0.0,,150,29.0,42.6,1003.5,,8,4
2025-12-06 01:00:00,5.1,88,0.4,,148,32.0,47.0,1002.2,,8,7
2025-12-06 02:00:00,5.4,86,0.1,,146,29.0,47.0,1001.0,,8,7
2025-12-06 03:00:00,5.1,90,0.0,,161,29.0,44.5,1000.6,,8,7
2025-12-06 04:00:00,5.1,93,0.3,,157,29.0,43.0,999.9,,8,7
2025-12-06 05:00:00,5.3,93,0.0,,161,29.0,43.0,999.5,,8,7
2025-12-06 06:00:00,5.4,94,0.1,,156,25.0,42.6,999.0,,8,17
2025-12-06 07:00:00,5.7,94,0.0,,158,25.0,36.0,999.2,,8,8
2025-12-06 08:00:00,6.2,93,0.0,,163,25.0,40.0,999.0,,8,17
2025-12-06 09:00:00,6.9,94,0.5,,164,25.0,40.8,998.9,,8,8
2025-12-06 10:00:00,7.8,93,0.2,,168,29.0,36.0,998.7,,8,17
2025-12-06 11:00:00,8.8,91,0.0,,178,22.0,40.0,998.7,,8,8
2025-12-06 12:00:00,9.5,91,0.1,,186,25.0,40.8,998.5,,8,8
2025-12-06 13:00:00,10.0,87,0.0,,200,30.0,39.0,998.3,,8,4
2025-12-06 14:00:00,10.2,84,0.0,,201,25.0,40.0,998.6,,8,8
2025-12-06 15:00:00,10.2,86,0.0,,206,29.0,40.8,998.9,,8,17
2025-12-06 16:00:00,10.2,86,0.0,,197,25.0,36.0,999.3,,8,8
2025-12-06 17:00:00,9.9,90,0.0,,196,22.0,36.0,999.7,,8,8
2025-12-06 18:00:00,9.8,91,0.1,,201,25.0,40.8,999.9,,8,17
2025-12-06 19:00:00,9.8,93,0.9,,207,29.0,36.0,1000.1,,8,8
2025-12-06 20:00:00,10.0,94,0.4,,209,25.0,43.0,1000.5,,8,8
2025-12-06 21:00:00,10.5,92,1.9,,218,25.0,42.6,1000.8,,8,8
2025-12-06 22:00:00,10.5,89,0.0,,230,29.0,40.0,1001.4,,8,8
2025-12-06 23:00:00,10.4,89,0.5,,226,29.0,40.0,1002.0,,8,17
2025-12-07 00:00:00,10.0,91,0.3,,222,25.0,38.9,1002.5,,8,8
2025-12-07 01:00:00,10.0,90,1.6,,225,25.0,36.0,1003.1,,8,8
2025-12-07 02:00:00,10.0,87,0.0,,227,22.0,32.0,1003.6,,8,8
2025-12-07 03:00:00,9.7,87,0.0,,212,22.0,35.2,1003.8,,8,4
2025-12-07 04:00:00,9.5,89,0.0,,215,22.0,32.0,1004.3,,8,4
2025-12-07 05:00:00,8.9,90,0.0,,208,22.0,32.0,1004.6,,8,4
2025-12-07 06:00:00,8.6,92,0.0,,206,22.0,29.6,1004.9,,8,4
2025-12-07 07:00:00,8.9,92,0.0,,209,22.0,29.0,1005.3,,8,4
2025-12-07 08:00:00,8.9,92,0.0,,201,18.0,32.0,1005.7,,8,4
2025-12-07 09:00:00,9.3,92,0.0,,196,14.0,25.9,1006.2,,8,4
2025-12-07 10:00:00,9.7,92,0.0,,189,14.0,25.0,1006.3,,8,4
2025-12-07 11:00:00,10.3,90,0.0,,181,18.0,25.0,1005.6,,8,4
2025-12-07 12:00:00,10.4,92,0.0,,172,18.0,25.9,1004.9,,8,4
2025-12-07 13:00:00,10.6,90,0.0,,160,18.0,26.0,1004.5,,8,4
2025-12-07 14:00:00,10.7,89,0.0,,158,22.0,29.0,1003.5,,8,4
2025-12-07 15:00:00,10.4,95,0.1,,150,22.0,25.9,1002.7,,8,17
2025-12-07 16:00:00,10.5,95,1.0,,145,25.0,36.0,1001.7,,8,8
2025-12-07 17:00:00,10.7,95,2.2,,154,25.0,36.0,1000.7,,8,8
2025-12-07 18:00:00,11.0,96,3.4,,169,25.0,35.2,999.9,,8,8
2025-12-07 19:00:00,12.1,96,2.6,,199,25.0,36.0,999.9,,8,8
2025-12-07 20:00:00,14.0,85,0.2,,233,43.0,65.0,1000.0,,8,8
2025-12-07 21:00:00,13.5,82,0.0,,240,47.0,36.0,1000.5,,8,4
2025-12-07 22:00:00,13.3,82,0.0,,241,43.0,68.0,1001.9,,8,4
2025-12-07 23:00:00,12.2,84,0.0,,242,43.0,68.0,1002.9,,8,4
2025-12-08 00:00:00,11.6,84,0.0,,237,36.0,55.5,1004.3,,2,2
2025-12-08 01:00:00,11.2,80,0.0,,240,30.0,54.0,1005.6,,0,1
2025-12-08 02:00:00,11.0,79,0.0,,240,36.0,50.0,1006.8,,0,1
2025-12-08 03:00:00,10.7,83,0.0,,234,29.0,44.5,1007.0,,3,2
2025-12-08 04:00:00,9.0,89,0.0,,217,18.0,32.0,1007.7,,8,4
2025-12-08 05:00:00,9.1,90,0.0,,209,18.0,25.0,1008.2,,8,4
2025-12-08 06:00:00,9.2,90,0.0,,215,25.0,35.2,1008.5,,8,4
2025-12-08 07:00:00,9.6,92,0.0,,207,22.0,32.0,1009.1,,8,4
2025-12-08 08:00:00,10.3,90,0.0,,209,22.0,25.0,1009.4,,8,4
2025-12-08 09:00:00,10.7,89,0.0,,179,14.0,37.0,1009.4,,8,4
2025-12-08 10:00:00,11.6,88,0.0,,207,25.0,32.0,1009.9,,8,4
2025-12-08 11:00:00,12.0,89,0.0,,206,22.0,32.0,1009.9,,8,4
2025-12-08 12:00:00,12.7,90,0.0,,214,22.0,40.8,1009.7,,8,8
2025-12-08 13:00:00,13.6,88,0.0,,227,25.0,36.0,1009.9,,8,4
2025-12-08 14:00:00,14.0,83,0.0,,233,29.0,43.0,1010.3,,8,4
2025-12-08 15:00:00,13.6,82,0.0,,227,29.0,38.9,1010.4,,8,4
2025-12-08 16:00:00,13.1,84,0.0,,227,25.0,36.0,1010.9,,8,4
2025-12-08 17:00:00,13.2,87,0.0,,225,25.0,36.0,1011.2,,8,4
2025-12-08 18:00:00,13.3,87,0.0,,228,22.0,37.0,1011.6,,8,4
2025-12-08 19:00:00,13.4,85,0.0,,233,29.0,43.0,1011.5,,8,4
2025-12-08 20:00:00,13.5,84,0.0,,236,29.0,47.0,1011.9,,8,4
2025-12-08 21:00:00,13.1,84,0.0,,230,29.0,33.3,1012.3,,8,17
2025-12-08 22:00:00,12.5,86,0.0,,216,22.0,36.0,1012.3,,8,8
2025-12-08 23:00:00,12.1,88,0.0,,213,14.0,25.0,1012.7,,8,4
2025-12-09 00:00:00,12.2,87,0.2,,207,18.0,31.5,1012.7,,8,4
2025-12-09 01:00:00,12.1,91,0.0,,206,18.0,25.0,1012.5,,8,4
2025-12-09 02:00:00,11.9,93,0.0,,190,18.0,22.0,1012.4,,8,17
2025-12-09 03:00:00,11.9,95,0.4,,180,14.0,31.5,1012.0,,8,8
2025-12-09 04:00:00,12.1,95,0.0,,185,18.0,25.0,1011.7,,8,17
2025-12-09 05:00:00,12.0,94,0.1,,180,18.0,25.0,1011.1,,8,8
2025-12-09 06:00:00,11.8,93,0.1,,179,22.0,33.3,1011.0,,8,17
2025-12-09 07:00:00,11.5,92,0.4,,170,18.0,29.0,1010.4,,8,8
2025-12-09 08:00:00,11.6,89,0.0,,168,25.0,32.0,1010.2,,8,8
2025-12-09 09:00:00,11.6,89,0.0,,177,18.0,31.5,1010.3,,8,17
2025-12-09 10:00:00,11.9,88,0.0,,169,22.0,29.0,1010.1,,8,8
2025-12-09 11:00:00,12.3,86,0.0,,182,22.0,32.0,1009.3,,8,8
2025-12-09 12:00:00,12.5,82,0.0,,189,22.0,33.3,1008.9,,8,8
2025-12-09 13:00:00,12.6,84,0.0,,166,22.0,36.0,1007.9,,8,4
2025-12-09 14:00:00,12.9,81,0.0,,177,29.0,43.0,1007.6,,8,4
2025-12-09 15:00:00,13.0,80,0.0,,178,25.0,37.0,1007.9,,8,4
2025-12-09 16:00:00,12.5,81,0.0,,173,22.0,32.0,1007.9,,8,4
2025-12-09 17:00:00,12.6,79,0.0,,182,22.0,32.0,1007.9,,8,4
2025-12-09 18:00:00,12.4,77,0.0,,185,22.0,35.2,1007.5,,8,4
2025-12-09 19:00:00,12.3,78,0.0,,175,22.0,32.0,1007.2,,8,4
2025-12-09 20:00:00,12.9,75,0.0,,189,25.0,36.0,1007.4,,8,4
2025-12-09 21:00:00,13.3,74,0.0,,201,29.0,38.9,1008.0,,8,4
2025-12-09 22:00:00,12.7,80,0.0,,207,29.0,47.0,1008.3,,8,17
2025-12-09 23:00:00,13.4,78,0.0,,212,29.0,40.0,1008.7,,8,8
2025-12-10 00:00:00,13.4,78,0.0,,215,29.0,38.9,1009.5,,8,4
2025-12-10 01:00:00,13.0,81,0.0,,225,25.0,40.0,1010.1,,8,4
2025-12-10 02:00:00,12.8,81,0.0,,228,25.0,40.0,1010.9,,8,4
2025-12-10 03:00:00,12.8,82,0.0,,235,29.0,35.2,1011.2,,8,4
2025-12-10 04:00:00,12.3,82,0.0,,230,25.0,36.0,1012.0,,8,4
2025-12-10 05:00:00,11.2,86,0.0,,224,18.0,32.0,1012.5,,8,4
2025-12-10 06:00:00,10.9,86,0.0,,209,18.0,35.2,1013.2,,8,4
2025-12-10 07:00:00,11.5,86,0.0,,215,22.0,32.0,1013.9,,8,4
2025-12-10 08:00:00,11.7,85,0.0,,226,22.0,29.0,1014.4,,8,4
2025-12-10 09:00:00,11.8,86,0.0,,213,22.0,37.0,1015.0,,8,4
2025-12-10 10:00:00,11.9,85,0.0,,218,25.0,36.0,1015.4,,8,4
2025-12-10 11:00:00,12.4,82,0.0,,224,25.0,32.0,1015.5,,8,4
2025-12-10 12:00:00,12.9,78,0.0,,231,25.0,44.5,1015.7,,8,4
2025-12-10 13:00:00,12.7,79,0.0,,222,25.0,47.0,1015.8,,8,4
2025-12-10 14:00:00,12.4,80,0.0,,224,25.0,40.0,1016.2,,8,4
2025-12-10 15:00:00,12.0,82,0.0,,230,32.0,42.6,1016.8,,8,4
2025-12-10 16:00:00,11.7,84,0.0,,225,29.0,43.0,1017.5,,8,4
2025-12-10 17:00:00,11.3,86,0.0,,232,29.0,40.0,1018.6,,8,4
2025-12-10 18:00:00,11.2,87,0.0,,238,25.0,38.9,1019.5,,6,3
2025-12-10 19:00:00,11.0,87,0.0,,233,25.0,40.0,1019.6,,1,1
2025-12-10 20:00:00,10.1,89,0.0,,232,22.0,36.0,1020.1,,1,1
2025-12-10 21:00:00,9.9,85,0.0,,223,18.0,33.3,1020.6,,0,1
2025-12-10 22:00:00,7.6,90,0.0,,222,14.0,25.0,1021.1,,0,1
2025-12-10 23:00:00,6.7,94,0.0,,218,14.0,18.0,1021.4,,0,1
2025-12-11 00:00:00,6.2,96,0.0,,221,14.0,29.6,1021.5,,6,3
2025-12-11 01:00:00,5.5,95,0.0,,207,11.0,14.0,1021.7,,2,2
2025-12-11 02:00:00,6.6,94,0.0,,201,14.0,18.0,1021.5,,0,1
2025-12-11 03:00:00,6.6,95,0.0,,201,18.0,27.8,1021.4,,0,1
2025-12-11 04:00:00,7.4,95,0.0,,208,18.0,25.0,1021.2,,2,2
2025-12-11 05:00:00,7.0,96,0.0,,199,14.0,22.0,1021.4,,8,4
2025-12-11 06:00:00,8.2,95,0.0,,212,22.0,25.9,1021.7,,8,4
2025-12-11 07:00:00,8.1,95,0.0,,209,25.0,32.0,1022.2,,8,4
2025-12-11 08:00:00,8.3,94,0.0,,214,25.0,36.0,1022.7,,8,4
2025-12-11 09:00:00,9.1,92,0.0,,214,25.0,27.8,1022.7,,8,4
2025-12-11 10:00:00,9.2,91,0.0,,208,25.0,32.0,1022.8,,8,4
2025-12-11 11:00:00,8.9,90,0.0,,205,25.0,36.0,1022.3,,8,4
2025-12-11 12:00:00,8.7,92,0.0,,198,25.0,29.6,1021.6,,8,4
2025-12-11 13:00:00,8.2,90,0.0,,180,18.0,32.0,1021.3,,8,4
2025-12-11 14:00:00,8.1,89,0.0,,188,14.0,25.0,1021.2,,7,4
2025-12-11 15:00:00,7.8,91,0.0,,180,14.0,24.1,1020.7,,7,4
2025-12-11 16:00:00,7.3,91,0.0,,174,18.0,25.0,1020.7,,8,4
2025-12-11 17:00:00,6.2,93,0.0,,165,18.0,29.0,1020.8,,8,4
2025-12-11 18:00:00,7.1,93,0.0,,181,18.0,22.2,1020.7,,8,4
2025-12-11 19:00:00,8.2,87,0.0,,196,22.0,32.0,1020.9,,8,4
2025-12-11 20:00:00,8.1,86,0.0,,198,18.0,29.0,1020.8,,8,4
2025-12-11 21:00:00,8.1,85,0.0,,209,14.0,20.4,1021.0,,8,4
2025-12-11 22:00:00,8.0,85,0.0,,182,11.0,18.0,1020.8,,8,4
2025-12-11 23:00:00,7.4,89,0.0,,140,11.0,14.0,1020.6,,8,4
2025-12-12 00:00:00,7.5,91,0.0,,136,11.0,20.4,1020.3,,8,4
2025-12-12 01:00:00,7.5,93,0.0,,142,11.0,18.0,1020.3,,8,4
2025-12-12 02:00:00,7.4,90,0.0,,128,14.0,18.0,1019.8,,8,4
2025-12-12 03:00:00,7.5,90,0.0,,113,14.0,20.4,1019.0,,8,4
2025-12-12 04:00:00,7.5,89,0.0,,133,18.0,25.0,1018.6,,8,4
2025-12-12 05:00:00,7.2,88,0.0,,130,18.0,25.0,1018.8,,8,4
2025-12-12 06:00:00,6.9,85,0.0,,137,11.0,20.4,1018.8,,8,4
2025-12-12 07:00:00,7.0,82,0.0,,127,14.0,18.0,1018.5,,8,4
2025-12-12 08:00:00,7.4,85,0.0,,159,14.0,22.0,1019.0,,8,4
2025-12-12 09:00:00,7.8,88,0.0,,163,14.0,18.5,1019.4,,8,4
2025-12-12 10:00:00,8.3,87,0.0,,163,14.0,25.0,1019.7,,8,4
2025-12-12 11:00:00,8.5,88,0.0,,181,14.0,25.0,1019.6,,8,4
2025-12-12 12:00:00,9.0,92,0.0,,188,18.0,24.1,1019.6,,8,4
2025-12-12 13:00:00,9.6,91,0.0,,200,18.0,29.0,1019.6,,8,4
2025-12-12 14:00:00,9.8,90,0.0,,191,18.0,25.0,1019.6,,8,4
2025-12-12 15:00:00,10.0,90,0.0,,186,14.0,22.2,1020.0,,8,4
2025-12-12 16:00:00,10.0,90,0.0,,172,11.0,25.0,1020.3,,8,4
2025-12-12 17:00:00,10.0,90,0.0,,175,11.0,14.0,1020.7,,8,4
2025-12-12 18:00:00,10.0,90,0.0,,179,11.0,20.4,1021.2,,8,4
2025-12-12 19:00:00,9.9,90,0.0,,175,14.0,22.0,1021.5,,8,4
2025-12-12 20:00:00,10.0,89,0.0,,190,11.0,22.0,1022.1,,8,4
2025-12-12 21:00:00,9.8,86,0.0,,192,18.0,20.4,1022.4,,8,4
2025-12-12 22:00:00,8.8,89,0.0,,193,14.0,25.0,1022.6,,8,4
2025-12-12 23:00:00,7.8,91,0.0,,176,14.0,22.0,1023.0,,8,4
2025-12-13 00:00:00,8.0,92,0.0,,174,14.0,22.2,1023.2,,8,4
2025-12-13 01:00:00,8.7,92,0.0,,194,14.0,22.0,1023.3,,8,4
2025-12-13 02:00:00,9.4,92,0.0,,218,18.0,25.0,1023.8,,8,4
2025-12-13 03:00:00,9.6,91,0.0,,223,14.0,20.4,1023.8,,8,4
2025-12-13 04:00:00,9.5,95,0.1,,296,11.0,22.0,1024.3,,8,17
2025-12-13 05:00:00,9.4,89,0.0,,295,11.0,18.0,1024.9,,8,8
2025-12-13 06:00:00,7.2,93,0.0,,277,11.0,16.7,1025.5,,8,4
2025-12-13 07:00:00,7.6,91,0.0,,269,11.0,14.0,1026.1,,8,4
2025-12-13 08:00:00,8.0,91,0.0,,257,11.0,14.0,1026.9,,8,4
2025-12-13 09:00:00,8.0,90,0.0,,225,11.0,16.7,1027.4,,8,4
2025-12-13 10:00:00,8.8,86,0.0,,247,14.0,18.0,1028.1,,6,3
2025-12-13 11:00:00,10.1,83,0.0,,262,14.0,22.0,1027.9,,8,4
2025-12-13 12:00:00,10.6,78,0.0,,261,14.0,20.4,1027.5,,1,1
2025-12-13 13:00:00,10.4,75,0.0,,251,14.0,22.0,1027.0,,0,1
2025-12-13 14:00:00,10.1,78,0.0,,253,14.0,22.0,1027.2,,0,1
2025-12-13 15:00:00,9.1,84,0.0,,257,11.0,18.5,1027.4,,0,1
2025-12-13 16:00:00,6.4,90,0.0,,223,11.0,18.0,1027.4,,8,4
2025-12-13 17:00:00,6.6,89,0.0,,222,14.0,18.0,1027.3,,8,4
2025-12-13 18:00:00,4.8,91,0.0,,214,11.0,16.7,1027.6,,8,4
2025-12-13 19:00:00,4.9,92,0.0,,198,11.0,14.0,1027.6,,8,4
2025-12-13 20:00:00,4.3,95,0.0,,189,11.0,14.0,1027.3,,8,4
2025-12-13 21:00:00,4.7,95,0.0,,184,11.0,20.4,1027.1,,8,4
2025-12-13 22:00:00,3.9,97,0.0,,184,11.0,14.0,1026.7,,8,4
2025-12-13 23:00:00,3.7,97,0.0,,192,11.0,14.0,1026.6,,8,5
2025-12-14 00:00:00,3.6,97,0.0,,187,11.0,22.2,1026.3,,8,5
2025-12-14 01:00:00,2.9,99,0.0,,168,11.0,14.0,1025.8,,8,5
2025-12-14 02:00:00,2.9,97,0.0,,176,11.0,14.0,1025.3,,8,5
2025-12-14 03:00:00,3.2,97,0.0,,185,11.0,22.2,1024.9,,8,5
2025-12-14 04:00:00,3.7,97,0.0,,183,14.0,22.0,1024.6,,8,5
2025-12-14 05:00:00,4.6,97,0.0,,185,18.0,25.0,1024.4,,8,5
2025-12-14 06:00:00,5.0,97,0.0,,190,22.0,25.9,1023.9,,8,5
2025-12-14 07:00:00,5.8,96,0.0,,194,22.0,32.0,1023.3,,8,5
2025-12-14 08:00:00,6.7,93,0.0,,202,25.0,36.0,1023.8,,8,4
2025-12-14 09:00:00,6.6,93,0.0,,205,18.0,31.5,1023.8,,8,4
2025-12-14 10:00:00,7.0,90,0.0,,204,25.0,36.0,1023.5,,8,4
2025-12-14 11:00:00,7.2,93,0.0,,218,22.0,36.0,1022.8,,8,4
2025-12-14 12:00:00,7.7,92,0.0,,207,25.0,33.3,1022.2,,8,4
2025-12-14 13:00:00,8.0,90,0.0,,192,25.0,36.0,1021.2,,8,4
2025-12-14 14:00:00,8.2,89,0.0,,191,25.0,36.0,1020.7,,8,4
2025-12-14 15:00:00,8.0,89,0.0,,187,22.0,31.5,1020.2,,8,4
2025-12-14 16:00:00,8.3,90,0.0,,183,25.0,32.0,1019.7,,8,4
2025-12-14 17:00:00,8.5,90,0.0,,190,18.0,29.0,1019.1,,8,4
2025-12-14 18:00:00,8.5,90,0.0,,183,18.0,31.5,1018.4,,8,4
2025-12-14 19:00:00,8.4,88,0.0,,185,18.0,25.0,1018.1,,8,4
2025-12-14 20:00:00,8.8,85,0.0,,185,22.0,29.0,1017.5,,8,4
2025-12-14 21:00:00,8.8,86,0.0,,187,22.0,33.3,1017.3,,8,4
2025-12-14 22:00:00,8.6,86,0.0,,189,22.0,32.0,1017.0,,8,4
2025-12-14 23:00:00,8.4,87,0.0,,198,22.0,32.0,1016.7,,8,4
2025-12-15 00:00:00,8.4,85,0.0,,199,25.0,33.3,1016.3,,8,4
2025-12-15 01:00:00,7.7,87,0.0,,200,25.0,40.0,1015.7,,8,4
2025-12-15 02:00:00,6.9,86,0.0,,181,25.0,36.0,1015.1,,8,4
2025-12-15 03:00:00,6.9,88,0.0,,174,22.0,31.5,1014.5,,8,4
2025-12-15 04:00:00,6.4,88,0.0,,172,25.0,40.0,1013.6,,8,4
2025-12-15 05:00:00,6.1,88,0.0,,178,29.0,40.0,1013.3,,8,4
2025-12-15 06:00:00,6.1,88,0.0,,186,25.0,33.3,1013.3,,8,4
2025-12-15 07:00:00,6.0,88,0.0,,194,22.0,32.0,1012.9,,8,4
2025-12-15 08:00:00,5.9,87,0.0,,175,22.0,36.0,1012.9,,8,4
2025-12-15 09:00:00,5.9,88,0.0,,179,18.0,33.3,1013.2,,8,4
2025-12-15 10:00:00,6.4,85,0.0,,187,25.0,32.0,1013.4,,8,4
2025-12-15 11:00:00,6.4,85,0.0,,187,25.0,32.0,1013.0,,8,4
2025-12-15 12:00:00,6.6,84,0.0,,188,25.0,35.2,1012.3,,8,4
2025-12-15 13:00:00,7.0,85,0.0,,193,25.0,36.0,1011.5,,8,4
2025-12-15 14:00:00,7.3,85,0.0,,174,22.0,36.0,1011.0,,8,4
2025-12-15 15:00:00,7.0,84,0.0,,163,18.0,31.5,1010.1,,4,3
2025-12-15 16:00:00,7.0,85,0.0,,153,14.0,29.0,1010.0,,8,4
2025-12-15 17:00:00,7.3,84,0.0,,160,22.0,29.0,1010.1,,1,1
2025-12-15 18:00:00,7.8,82,0.0,,171,22.0,27.8,1010.3,,8,4
2025-12-15 19:00:00,8.2,81,0.0,,172,22.0,36.0,1010.4,,8,4
2025-12-15 20:00:00,7.8,84,0.0,,172,22.0,29.0,1010.4,,8,4
2025-12-15 21:00:00,7.3,86,0.0,,157,22.0,25.9,1010.5,,8,4
2025-12-15 22:00:00,7.0,88,0.0,,161,14.0,25.0,1010.3,,8,4
2025-12-15 23:00:00,6.5,90,0.0,,172,11.0,18.0,1010.7,,8,4
2025-12-16 00:00:00,5.6,92,0.0,,157,11.0,25.9,1010.3,,4,3
2025-12-16 01:00:00,6.2,92,0.0,,134,11.0,14.0,1010.0,,8,4
2025-12-16 02:00:00,7.7,89,0.0,,146,22.0,29.0,1009.8,,8,4
2025-12-16 03:00:00,8.2,87,0.0,,147,18.0,24.1,1009.5,,8,4
2025-12-16 04:00:00,7.9,87,0.0,,139,14.0,25.0,1009.4,,8,4
2025-12-16 05:00:00,7.7,87,0.0,,143,14.0,25.0,1009.6,,8,4
2025-12-16 06:00:00,8.2,84,0.0,,145,14.0,24.1,1009.8,,8,4
2025-12-16 07:00:00,8.4,84,0.0,,151,18.0,25.0,1010.2,,8,17
2025-12-16 08:00:00,8.1,84,0.0,,146,22.0,25.0,1010.6,,8,8
2025-12-16 09:00:00,8.3,84,0.0,,160,14.0,20.4,1011.4,,8,4
2025-12-16 10:00:00,8.6,82,0.0,,168,14.0,22.0,1012.0,,8,17
2025-12-16 11:00:00,9.2,83,0.1,,170,11.0,18.0,1011.6,,8,8
2025-12-16 12:00:00,10.1,83,0.0,,166,18.0,20.4,1011.5,,8,4
2025-12-16 13:00:00,10.1,83,0.0,,165,14.0,25.0,1011.5,,8,4
2025-12-16 14:00:00,9.7,84,0.0,,146,14.0,22.0,1011.4,,8,4
2025-12-16 15:00:00,8.3,87,0.0,,154,11.0,16.7,1011.7,,8,4
2025-12-16 16:00:00,8.5,87,0.0,,147,11.0,22.0,1012.3,,8,4
2025-12-16 17:00:00,8.4,90,0.0,,141,4.0,11.0,1012.5,,8,4
2025-12-16 18:00:00,8.7,85,0.0,,122,7.0,14.8,1012.7,,8,4
2025-12-16 19:00:00,8.3,84,0.0,,146,14.0,22.0,1012.8,,8,4
2025-12-16 20:00:00,7.5,85,0.0,,163,7.0,18.0,1013.1,,8,4
2025-12-16 21:00:00,7.2,88,0.0,,155,4.0,14.8,1013.5,,8,4
2025-12-16 22:00:00,6.3,87,0.0,,166,11.0,14.0,1013.4,,8,4
2025-12-16 23:00:00,6.1,89,0.0,,167,11.0,14.0,1013.6,,3,2
2025-12-17 00:00:00,6.6,91,0.0,,191,11.0,13.0,1013.5,,8,4
2025-12-17 01:00:00,7.0,91,0.0,,206,7.0,14.0,1013.5,,8,4
2025-12-17 02:00:00,7.5,90,0.0,,210,4.0,11.0,1013.6,,8,4
2025-12-17 03:00:00,6.7,93,0.0,,193,7.0,16.7,1013.8,,8,4
2025-12-17 04:00:00,7.3,91,0.0,,171,11.0,14.0,1013.9,,8,4
2025-12-17 05:00:00,8.2,92,0.0,,207,11.0,18.0,1014.4,,8,4
2025-12-17 06:00:00,8.6,93,0.0,,202,11.0,16.7,1014.7,,8,4
2025-12-17 07:00:00,9.1,93,0.0,,222,14.0,22.0,1015.5,,8,4
2025-12-17 08:00:00,9.0,93,0.0,,211,11.0,18.0,1016.0,,8,4
2025-12-17 09:00:00,9.2,95,0.0,,207,14.0,16.7,1016.4,,8,8
2025-12-17 10:00:00,9.4,95,0.0,,223,18.0,22.0,1017.1,,8,4
2025-12-17 11:00:00,9.9,92,0.0,,263,11.0,22.0,1017.1,,8,8
2025-12-17 12:00:00,10.7,82,0.0,,246,14.0,20.4,1017.0,,8,4
2025-12-17 13:00:00,10.3,76,0.0,,244,14.0,25.0,1016.8,,8,4
2025-12-17 14:00:00,10.3,76,0.0,,259,18.0,29.0,1016.6,,8,4
2025-12-17 15:00:00,9.7,83,0.0,,237,18.0,20.4,1016.7,,8,4
2025-12-17 16:00:00,7.6,89,0.0,,202,11.0,22.0,1016.7,,8,4
2025-12-17 17:00:00,7.6,88,0.0,,205,18.0,25.0,1016.8,,8,4
2025-12-17 18:00:00,6.7,91,0.0,,188,14.0,25.9,1016.8,,8,4
2025-12-17 19:00:00,7.3,90,0.0,,178,14.0,22.0,1016.6,,8,4
2025-12-17 20:00:00,7.0,92,0.0,,174,18.0,25.0,1016.5,,6,3
2025-12-17 21:00:00,7.2,91,0.0,,178,18.0,31.5,1016.4,,8,4
2025-12-17 22:00:00,6.6,88,0.0,,179,22.0,29.0,1016.0,,8,4
2025-12-17 23:00:00,6.4,86,0.0,,175,22.0,32.0,1015.8,,8,4
2025-12-18 00:00:00,6.5,84,0.0,,189,25.0,31.5,1015.8,,8,4
2025-12-18 01:00:00,6.5,83,0.0,,184,29.0,40.0,1014.9,,8,4
2025-12-18 02:00:00,5.8,86,0.0,,178,25.0,40.0,1014.5,,5,3
2025-12-18 03:00:00,6.8,84,0.0,,180,22.0,40.8,1014.1,,8,4
2025-12-18 04:00:00,7.2,83,0.0,,178,25.0,43.0,1013.6,,8,4
2025-12-18 05:00:00,7.4,83,0.0,,178,25.0,36.0,1013.0,,8,4
2025-12-18 06:00:00,8.6,79,0.0,,191,25.0,42.6,1013.5,,8,4
2025-12-18 07:00:00,8.8,80,0.0,,199,29.0,40.0,1013.6,,8,4
2025-12-18 08:00:00,9.0,81,0.0,,202,25.0,47.0,1013.8,,8,4
2025-12-18 09:00:00,9.1,81,0.0,,193,25.0,38.9,1014.0,,8,4
2025-12-18 10:00:00,9.2,85,0.0,,181,25.0,40.0,1013.6,,8,8
2025-12-18 11:00:00,9.6,83,0.0,,186,25.0,36.0,1013.1,,8,8
2025-12-18 12:00:00,9.9,83,0.0,,183,25.0,38.9,1012.1,,8,4
2025-12-18 13:00:00,9.5,91,0.1,,160,18.0,36.0,1011.1,,8,8
2025-12-18 14:00:00,10.5,85,0.0,,160,25.0,29.0,1010.1,,8,4
2025-12-18 15:00:00,11.2,81,0.0,,160,29.0,40.8,1009.3,,8,4
2025-12-18 16:00:00,11.1,78,0.0,,162,32.0,47.0,1008.6,,8,4
2025-12-18 17:00:00,11.2,77,0.0,,166,32.0,47.0,1008.1,,8,4
2025-12-18 18:00:00,11.1,76,0.0,,167,32.0,46.3,1007.9,,8,4
2025-12-18 19:00:00,11.6,73,0.0,,172,32.0,47.0,1007.8,,8,4
2025-12-18 20:00:00,11.8,71,0.0,,171,29.0,47.0,1007.9,,8,4
2025-12-18 21:00:00,12.0,70,0.0,,173,32.0,48.2,1007.7,,8,17
2025-12-18 22:00:00,13.7,64,0.0,,193,40.0,54.0,1007.6,,8,8
2025-12-18 23:00:00,13.3,69,0.0,,209,36.0,61.0,1008.5,,8,8
2025-12-19 00:00:00,13.3,71,0.1,,214,40.0,44.5,1008.9,,8,8
2025-12-19 01:00:00,12.6,76,0.0,,213,32.0,50.0,1009.4,,8,4
2025-12-19 02:00:00,11.3,88,0.1,,201,25.0,40.0,1010.0,,8,17
2025-12-19 03:00:00,11.0,92,0.7,,201,22.0,40.8,1010.3,,8,8
2025-12-19 04:00:00,10.9,94,0.7,,196,22.0,36.0,1010.5,,8,8
2025-12-19 05:00:00,10.7,95,0.7,,197,22.0,32.0,1011.0,,8,8
2025-12-19 06:00:00,10.8,94,0.2,,200,18.0,35.2,1011.6,,8,8
2025-12-19 07:00:00,10.8,91,0.1,,230,14.0,29.0,1012.4,,8,8
2025-12-19 08:00:00,10.2,93,0.0,,222,14.0,22.0,1013.3,,8,8
2025-12-19 09:00:00,10.7,88,0.0,,241,18.0,31.5,1014.4,,8,4
2025-12-19 10:00:00,10.3,78,0.0,,264,22.0,29.0,1015.4,,8,4
2025-12-19 11:00:00,10.5,76,0.0,,245,18.0,25.0,1016.1,,8,4
2025-12-19 12:00:00,10.6,72,0.0,,241,18.0,31.5,1016.5,,8,4
2025-12-19 13:00:00,10.2,74,0.0,,238,22.0,32.0,1016.7,,8,4
2025-12-19 14:00:00,10.1,74,0.0,,237,25.0,32.0,1017.3,,8,4
2025-12-19 15:00:00,9.3,77,0.0,,235,14.0,27.8,1017.6,,8,4
2025-12-19 16:00:00,7.7,81,0.0,,223,18.0,25.0,1017.9,,8,4
2025-12-19 17:00:00,6.1,86,0.0,,201,18.0,22.0,1018.2,,8,4
2025-12-19 18:00:00,5.8,89,0.0,,196,14.0,24.1,1018.7,,2,2
2025-12-19 19:00:00,5.0,91,0.0,,189,14.0,22.0,1019.2,,0,1
2025-12-19 20:00:00,6.4,90,0.0,,204,18.0,22.0,1019.3,,1,1
2025-12-19 21:00:00,6.5,88,0.0,,217,18.0,22.2,1019.1,,1,1
2025-12-19 22:00:00,4.2,93,0.0,,199,14.0,22.0,1019.2,,1,1
2025-12-19 23:00:00,4.3,93,0.0,,163,11.0,14.0,1019.3,,0,1
2025-12-20 00:00:00,4.2,95,0.0,,179,14.0,20.4,1019.1,,1,1
2025-12-20 01:00:00,3.6,96,0.0,,173,11.0,18.0,1019.0,,1,1
2025-12-20 02:00:00,3.1,96,0.0,,179,11.0,18.0,1019.1,,1,1
2025-12-20 03:00:00,2.8,98,0.0,,143,7.0,14.8,1018.8,,8,5
2025-12-20 04:00:00,3.0,96,0.0,,155,11.0,14.0,1018.6,,8,5
2025-12-20 05:00:00,3.1,99,0.0,,145,7.0,14.0,1018.1,,8,5
2025-12-20 06:00:00,3.0,98,0.0,,160,7.0,14.8,1018.1,,8,5
2025-12-20 07:00:00,3.3,99,0.0,,143,7.0,11.0,1017.8,,8,5
2025-12-20 08:00:00,3.2,99,0.0,,122,7.0,14.0,1017.9,,8,5
2025-12-20 09:00:00,3.9,98,0.0,,142,11.0,14.8,1017.9,,8,5
2025-12-20 10:00:00,4.7,98,0.0,,121,7.0,14.0,1017.8,,8,5
2025-12-20 11:00:00,5.2,100,0.0,,120,7.0,14.0,1017.5,,8,5
2025-12-20 12:00:00,5.3,99,0.0,,114,7.0,18.5,1017.0,,8,5
2025-12-20 13:00:00,5.7,99,0.0,,120,11.0,15.0,1016.1,,8,5
2025-12-20 14:00:00,6.1,97,0.0,,78,7.0,14.0,1015.4,,8,5
2025-12-20 15:00:00,6.0,96,0.0,,81,7.0,20.4,1014.9,,8,4
2025-12-20 16:00:00,5.6,95,0.0,,70,11.0,14.0,1014.5,,8,4
2025-12-20 17:00:00,6.3,93,0.0,,72,14.0,18.0,1013.9,,8,4
2025-12-20 18:00:00,6.7,88,0.0,,83,22.0,22.2,1013.6,,8,4
2025-12-20 19:00:00,6.7,85,0.0,,87,18.0,25.0,1013.3,,8,4
2025-12-20 20:00:00,6.5,88,0.0,,98,14.0,29.0,1013.0,,8,8
2025-12-20 21:00:00,6.5,90,0.0,,90,18.0,22.2,1012.6,,8,4
2025-12-20 22:00:00,6.5,91,0.0,,105,14.0,22.0,1012.8,,8,4
2025-12-20 23:00:00,6.6,91,0.0,,100,14.0,22.0,1012.3,,8,4
2025-12-21 00:00:00,6.9,92,0.0,,100,14.0,20.4,1012.0,,8,4
2025-12-21 01:00:00,7.0,92,0.0,,100,14.0,25.0,1011.8,,8,4
2025-12-21 02:00:00,7.2,91,0.0,,112,14.0,22.0,1011.7,,8,4
2025-12-21 03:00:00,7.3,92,0.0,,111,14.0,18.5,1011.9,,8,4
2025-12-21 04:00:00,7.3,93,0.0,,101,11.0,22.0,1012.0,,8,4
2025-12-21 05:00:00,7.6,93,0.0,,84,11.0,18.0,1012.0,,8,4
2025-12-21 06:00:00,8.2,92,0.0,,102,11.0,18.5,1011.9,,8,4
2025-12-21 07:00:00,8.1,92,0.0,,99,14.0,18.0,1011.7,,8,4
2025-12-21 08:00:00,7.8,93,0.0,,95,7.0,14.0,1012.2,,8,4
2025-12-21 09:00:00,7.9,94,0.0,,83,11.0,20.4,1012.5,,8,4
2025-12-21 10:00:00,8.9,92,0.0,,72,11.0,14.0,1012.5,,8,4
2025-12-21 11:00:00,9.7,89,0.0,,100,14.0,25.0,1012.0,,8,4
2025-12-21 12:00:00,10.4,86,0.0,,94,11.0,20.4,1011.6,,8,4
2025-12-21 13:00:00,10.8,85,0.0,,67,14.0,25.0,1011.3,,0,1
2025-12-21 14:00:00,10.3,85,0.0,,75,14.0,29.0,1011.2,,8,4
2025-12-21 15:00:00,10.1,86,0.0,,83,14.0,20.4,1011.1,,8,4
2025-12-21 16:00:00,9.8,86,0.0,,79,14.0,29.0,1010.8,,8,4
2025-12-21 17:00:00,9.0,88,0.0,,81,18.0,22.0,1010.6,,8,4
2025-12-21 18:00:00,8.8,88,0.0,,66,18.0,24.1,1010.1,,8,4
2025-12-21 19:00:00,7.9,88,0.0,,60,18.0,26.0,1009.7,,8,4
2025-12-21 20:00:00,7.7,84,0.0,,72,18.0,29.0,1009.4,,8,4
2025-12-21 21:00:00,7.3,84,0.0,,75,22.0,25.9,1009.5,,8,4
2025-12-21 22:00:00,7.1,84,0.0,,73,18.0,29.0,1009.2,,8,4
2025-12-21 23:00:00,7.0,82,0.0,,86,25.0,32.0,1009.1,,8,4
2025-12-22 00:00:00,6.8,81,0.0,,82,22.0,25.9,1009.0,,8,4
2025-12-22 01:00:00,6.6,80,0.0,,87,22.0,29.0,1009.0,,8,4
2025-12-22 02:00:00,6.4,80,0.0,,89,22.0,32.0,1009.2,,8,4
2025-12-22 03:00:00,6.3,79,0.0,,95,22.0,25.9,1009.5,,8,4
2025-12-22 04:00:00,6.0,81,0.0,,99,22.0,32.0,1009.6,,8,4
2025-12-22 05:00:00,5.7,82,0.0,,93,22.0,29.0,1009.6,,8,4
2025-12-22 06:00:00,5.7,82,0.0,,96,22.0,27.8,1010.0,,8,4
2025-12-22 07:00:00,5.2,84,0.0,,99,22.0,32.0,1010.2,,8,4
2025-12-22 08:00:00,5.2,84,0.0,,99,22.0,32.0,1010.7,,8,4
2025-12-22 09:00:00,5.4,84,0.0,,99,22.0,27.8,1011.1,,8,4
2025-12-22 10:00:00,5.7,83,0.0,,98,18.0,29.0,1011.7,,8,4
2025-12-22 11:00:00,6.2,82,0.0,,100,18.0,29.0,1011.6,,8,4
2025-12-22 12:00:00,6.5,81,0.0,,96,18.0,25.9,1011.8,,8,4
2025-12-22 13:00:00,6.1,82,0.0,,91,18.0,29.0,1011.6,,8,4
2025-12-22 14:00:00,6.3,81,0.0,,84,14.0,25.0,1011.7,,8,4
2025-12-22 15:00:00,6.1,82,0.0,,89,14.0,24.1,1012.3,,8,4
2025-12-22 16:00:00,5.3,85,0.0,,80,14.0,22.0,1012.5,,8,4
2025-12-22 17:00:00,4.5,86,0.0,,85,11.0,18.0,1012.7,,8,4
2025-12-22 18:00:00,4.6,84,0.0,,87,11.0,25.9,1013.2,,8,4
2025-12-22 19:00:00,5.4,80,0.0,,84,18.0,25.0,1013.5,,8,4
2025-12-22 20:00:00,5.6,80,0.0,,90,14.0,29.0,1014.0,,8,4
2025-12-22 21:00:00,6.1,80,0.0,,86,14.0,29.6,1014.1,,8,4
2025-12-22 22:00:00,6.3,78,0.0,,92,18.0,32.0,1014.3,,8,4
2025-12-22 23:00:00,6.2,78,0.0,,95,14.0,25.0,1014.4,,8,4
2025-12-23 00:00:00,5.8,80,0.0,,109,11.0,31.5,1014.7,,8,4
2025-12-23 01:00:00,6.1,75,0.0,,90,22.0,35.0,1014.9,,8,4
2025-12-23 02:00:00,6.0,77,0.0,,85,14.0,25.0,1015.1,,8,4
2025-12-23 03:00:00,6.0,76,0.0,,90,22.0,31.5,1015.3,,8,4
2025-12-23 04:00:00,5.7,78,0.0,,84,22.0,32.0,1015.2,,8,4
2025-12-23 05:00:00,5.5,78,0.0,,81,22.0,40.0,1015.5,,8,4
2025-12-23 06:00:00,5.3,76,0.0,,90,29.0,37.0,1016.1,,8,4
2025-12-23 07:00:00,5.1,80,0.0,,77,22.0,32.0,1016.7,,8,4
2025-12-23 08:00:00,4.8,80,0.0,,86,22.0,40.0,1017.5,,8,4
2025-12-23 09:00:00,4.5,80,0.0,,77,25.0,38.9,1018.1,,8,4
2025-12-23 10:00:00,4.5,77,0.0,,82,25.0,40.0,1019.1,,8,4
2025-12-23 11:00:00,4.3,76,0.0,,86,25.0,43.0,1019.6,,8,4
2025-12-23 12:00:00,4.5,76,0.0,,75,25.0,44.5,1019.8,,8,4
2025-12-23 13:00:00,4.3,75,0.0,,83,29.0,47.0,1019.9,,8,4
2025-12-23 14:00:00,4.2,75,0.0,,82,29.0,50.0,1020.4,,8,4
2025-12-23 15:00:00,4.1,76,0.0,,81,29.0,26.0,1021.3,,8,4
2025-12-23 16:00:00,4.1,75,0.0,,82,32.0,47.0,1022.2,,8,4
2025-12-23 17:00:00,3.9,74,0.0,,81,32.0,50.0,1023.0,,8,4
2025-12-23 18:00:00,3.8,75,0.0,,83,29.0,27.0,1023.9,,8,4
2025-12-23 19:00:00,3.8,76,0.0,,88,32.0,58.0,1024.9,,8,4
2025-12-23 20:00:00,3.7,76,0.0,,84,32.0,50.0,1025.7,,8,4
2025-12-23 21:00:00,3.5,76,0.0,,82,25.0,46.3,1026.5,,8,4
2025-12-23 22:00:00,3.1,74,0.0,,77,32.0,50.0,1027.2,,8,4
2025-12-23 23:00:00,2.8,75,0.0,,74,25.0,43.0,1028.0,,8,4
2025-12-24 00:00:00,2.4,75,0.0,,74,25.0,26.0,1028.5,,8,4
2025-12-24 01:00:00,1.7,70,0.0,,80,31.0,46.0,1029.1,,8,4
2025-12-24 02:00:00,0.7,76,0.0,,67,29.0,47.0,1029.9,,0,1
2025-12-24 03:00:00,0.5,77,0.0,,72,29.0,44.5,1030.5,,0,1
2025-12-24 04:00:00,0.8,75,0.0,,69,25.0,40.0,1031.0,,0,1
2025-12-24 05:00:00,0.7,75,0.0,,69,25.0,43.0,1031.5,,0,1
2025-12-24 06:00:00,1.3,76,0.0,,66,25.0,46.3,1032.2,,0,1
2025-12-24 07:00:00,1.2,77,0.0,,68,29.0,47.0,1033.2,,0,1
2025-12-24 08:00:00,1.3,72,0.0,,76,25.0,47.0,1034.1,,0,1
2025-12-24 09:00:00,1.5,72,0.0,,71,32.0,46.3,1034.8,,0,1
2025-12-24 10:00:00,2.5,69,0.0,,66,32.0,47.0,1034.9,,0,1
2025-12-24 11:00:00,2.6,64,0.0,,67,36.0,50.0,1034.6,,1,1
2025-12-24 12:00:00,2.8,64,0.0,,64,36.0,30.0,1034.3,,4,3
2025-12-24 13:00:00,2.6,67,0.0,,60,31.0,54.0,1033.6,,5,3
2025-12-24 14:00:00,2.6,66,0.0,,56,29.0,54.0,1033.7,,0,1
2025-12-24 15:00:00,2.4,69,0.0,,52,29.0,50.0,1033.6,,5,3
2025-12-24 16:00:00,1.9,72,0.0,,51,29.0,50.0,1033.7,,0,1
2025-12-24 17:00:00,2.0,72,0.0,,52,29.0,50.0,1033.6,,0,1
2025-12-24 18:00:00,1.7,71,0.0,,61,32.0,50.0,1034.1,,0,1
2025-12-24 19:00:00,1.5,73,0.0,,60,31.0,54.0,1034.0,,0,1
2025-12-24 20:00:00,1.4,71,0.0,,61,36.0,54.0,1033.9,,0,1
2025-12-24 21:00:00,1.2,68,0.0,,65,32.0,51.8,1033.5,,0,1
2025-12-24 22:00:00,0.4,72,0.0,,58,29.0,54.0,1033.4,,0,1
2025-12-24 23:00:00,0.1,71,0.0,,55,29.0,50.0,1033.2,,0,1
2025-12-25 00:00:00,-0.1,69,0.0,,55,29.0,50.0,1033.2,,0,1
2025-12-25 01:00:00,-0.5,67,0.0,,56,32.0,47.0,1032.8,,0,1
2025-12-25 02:00:00,-0.9,66,0.0,,58,32.0,50.0,1032.9,,0,1
2025-12-25 03:00:00,-1.3,61,0.0,,60,32.0,48.2,1032.8,,0,1
2025-12-25 04:00:00,-1.5,58,0.0,,60,29.0,54.0,1032.9,,0,1
2025-12-25 05:00:00,-1.7,56,0.0,,58,25.0,54.0,1033.2,,0,1
2025-12-25 06:00:00,-2.4,55,0.0,,63,32.0,27.0,1033.1,,0,1
2025-12-25 07:00:00,-3.0,60,0.0,,62,32.0,47.0,1033.2,,0,1
2025-12-25 08:00:00,-3.3,63,0.0,,64,29.0,50.0,1033.2,,0,1
2025-12-25 09:00:00,-2.9,62,0.0,,63,32.0,48.2,1033.3,,0,1
2025-12-25 10:00:00,-2.2,60,0.0,,64,36.0,58.0,1032.6,,0,1
2025-12-25 11:00:00,-1.5,60,0.0,,65,36.0,50.0,1031.6,,0,1
2025-12-25 12:00:00,-0.9,62,0.0,,62,29.0,46.3,1031.2,,0,1
2025-12-25 13:00:00,-0.4,58,0.0,,52,36.0,50.0,1030.7,,0,1
2025-12-25 14:00:00,-0.6,55,0.0,,58,36.0,54.0,1030.3,,0,1
2025-12-25 15:00:00,-0.9,58,0.0,,61,32.0,44.5,1030.1,,0,1
2025-12-25 16:00:00,-1.2,59,0.0,,69,36.0,50.0,1029.8,,0,1
2025-12-25 17:00:00,-1.5,62,0.0,,66,25.0,50.0,1030.1,,0,1
2025-12-25 18:00:00,-1.5,64,0.0,,66,29.0,42.6,1030.5,,0,1
2025-12-25 19:00:00,-1.7,65,0.0,,65,32.0,43.0,1030.3,,0,1
2025-12-25 20:00:00,-2.1,68,0.0,,62,25.0,43.0,1030.6,,0,1
2025-12-25 21:00:00,-2.2,67,0.0,,65,25.0,38.9,1030.7,,0,1
2025-12-25 22:00:00,-2.6,69,0.0,,74,22.0,36.0,1030.8,,0,1
2025-12-25 23:00:00,-3.0,72,0.0,,67,22.0,32.0,1031.0,,0,1
2025-12-26 00:00:00,-3.2,72,0.0,,74,18.0,33.3,1030.9,,0,1
2025-12-26 01:00:00,-3.4,76,0.0,,60,18.0,25.0,1031.0,,0,1
2025-12-26 02:00:00,-3.1,74,0.0,,63,25.0,36.0,1030.8,,0,1
2025-12-26 03:00:00,-3.0,74,0.0,,60,22.0,31.5,1030.3,,0,1
2025-12-26 04:00:00,-2.8,71,0.0,,61,22.0,36.0,1030.2,,0,1
2025-12-26 05:00:00,-3.7,70,0.0,,67,22.0,32.0,1030.3,,0,1
2025-12-26 06:00:00,-3.9,73,0.0,,61,22.0,33.3,1030.4,,1,1
2025-12-26 07:00:00,-4.1,74,0.0,,72,22.0,29.0,1031.0,,0,1
2025-12-26 08:00:00,-4.1,77,0.0,,76,14.0,29.0,1031.5,,0,1
2025-12-26 09:00:00,-2.9,76,0.0,,64,14.0,33.3,1031.7,,0,1
2025-12-26 10:00:00,-1.8,71,0.0,,76,18.0,29.0,1032.1,,0,1
2025-12-26 11:00:00,-0.4,68,0.0,,84,18.0,29.0,1031.8,,0,1
2025-12-26 12:00:00,1.0,65,0.0,,73,22.0,31.5,1031.4,,0,1
2025-12-26 13:00:00,1.3,66,0.0,,60,22.0,29.0,1031.4,,0,1
2025-12-26 14:00:00,1.6,67,0.0,,63,14.0,29.0,1031.5,,0,1
2025-12-26 15:00:00,1.1,71,0.0,,53,14.0,27.8,1031.8,,0,1
2025-12-26 16:00:00,0.7,75,0.0,,59,18.0,29.0,1032.3,,0,1
2025-12-26 17:00:00,0.1,75,0.0,,62,14.0,29.0,1032.6,,0,1
2025-12-26 18:00:00,0.3,73,0.0,,65,18.0,27.8,1033.3,,3,2
2025-12-26 19:00:00,-0.2,71,0.0,,59,18.0,25.0,1033.3,,0,1
2025-12-26 20:00:00,-0.4,68,0.0,,54,14.0,22.0,1034.0,,0,1
2025-12-26 21:00:00,0.0,63,0.0,,59,18.0,27.8,1034.2,,0,1
2025-12-26 22:00:00,0.3,58,0.0,,57,18.0,29.0,1034.2,,0,1
2025-12-26 23:00:00,0.4,55,0.0,,54,22.0,32.0,1034.4,,0,1
2025-12-27 00:00:00,0.3,51,0.0,,61,22.0,25.9,1034.2,,0,1
2025-12-27 01:00:00,0.0,61,0.0,,47,14.0,29.0,1034.3,,4,3
2025-12-27 02:00:00,-0.2,64,0.0,,43,11.0,25.0,1034.5,,6,3
2025-12-27 03:00:00,0.0,63,0.0,,41,18.0,22.2,1034.6,,0,1
2025-12-27 04:00:00,0.0,70,0.0,,45,18.0,25.0,1034.4,,4,3
2025-12-27 05:00:00,-0.3,66,0.0,,45,14.0,25.0,1034.2,,0,1
2025-12-27 06:00:00,-0.3,77,0.0,,40,14.0,24.1,1034.6,,2,2
2025-12-27 07:00:00,-0.1,93,0.0,,47,22.0,32.0,1035.4,,8,4
2025-12-27 08:00:00,1.4,95,0.0,,55,18.0,29.0,1035.5,,8,15
2025-12-27 09:00:00,2.2,92,0.0,,56,11.0,22.2,1035.9,,8,4
2025-12-27 10:00:00,3.6,88,0.0,,43,11.0,22.0,1035.9,,8,4
2025-12-27 11:00:00,4.9,84,0.0,,36,11.0,22.0,1035.3,,8,4
2025-12-27 12:00:00,5.6,83,0.0,,33,11.0,18.5,1034.8,,8,4
2025-12-27 13:00:00,6.1,82,0.0,,20,11.0,22.0,1034.2,,8,4
2025-12-27 14:00:00,6.0,86,0.0,,20,11.0,25.0,1033.9,,8,4
2025-12-27 15:00:00,5.7,93,0.0,,25,11.0,16.7,1033.9,,8,4
2025-12-27 16:00:00,5.8,94,0.0,,20,11.0,18.0,1033.8,,8,4
2025-12-27 17:00:00,6.4,86,0.0,,25,14.0,22.0,1033.9,,8,4
2025-12-27 18:00:00,6.3,85,0.0,,16,11.0,16.7,1033.9,,8,4
2025-12-27 19:00:00,6.7,82,0.0,,10,11.0,18.0,1034.0,,8,4
2025-12-27 20:00:00,6.7,79,0.0,,12,11.0,22.0,1034.2,,8,4
2025-12-27 21:00:00,6.4,77,0.0,,21,14.0,16.7,1034.3,,8,4
2025-12-27 22:00:00,6.4,76,0.0,,8,11.0,18.0,1034.0,,8,4
2025-12-27 23:00:00,6.0,77,0.0,,2,7.0,14.0,1033.7,,8,4
2025-12-28 00:00:00,6.2,74,0.0,,14,11.0,16.7,1033.3,,8,4
2025-12-28 01:00:00,6.3,73,0.0,,6,11.0,14.0,1033.2,,8,4
2025-12-28 02:00:00,6.3,73,0.0,,34,11.0,22.0,1033.4,,8,4
2025-12-28 03:00:00,6.2,74,0.0,,42,11.0,18.5,1033.1,,8,4
2025-12-28 04:00:00,5.5,78,0.0,,48,7.0,14.0,1033.0,,8,4
2025-12-28 05:00:00,5.4,77,0.0,,54,7.0,14.0,1033.0,,8,4
2025-12-28 06:00:00,5.1,78,0.0,,56,11.0,18.5,1033.0,,8,4
2025-12-28 07:00:00,3.8,80,0.0,,67,7.0,14.0,1033.0,,8,4
2025-12-28 08:00:00,3.1,84,0.0,,13,4.0,14.0,1033.6,,8,4
2025-12-28 09:00:00,4.3,82,0.0,,54,7.0,18.5,1033.8,,8,4
2025-12-28 10:00:00,5.2,76,0.0,,53,7.0,22.0,1033.6,,7,4
2025-12-28 11:00:00,5.5,75,0.0,,20,11.0,18.0,1033.3,,3,2
2025-12-28 12:00:00,5.3,78,0.0,,50,14.0,20.4,1033.1,,5,3
2025-12-28 13:00:00,5.5,79,0.0,,74,14.0,18.0,1032.6,,1,1
2025-12-28 14:00:00,4.9,81,0.0,,71,14.0,18.0,1032.1,,3,2
2025-12-28 15:00:00,3.2,86,0.0,,66,11.0,18.5,1031.9,,7,4
2025-12-28 16:00:00,2.2,92,0.0,,94,4.0,11.0,1031.4,,5,3
2025-12-28 17:00:00,0.2,96,0.0,,84,4.0,7.0,1031.2,,8,4
2025-12-28 18:00:00,-0.5,94,0.0,,0,0.0,13.0,1030.7,,8,4
2025-12-28 19:00:00,-0.5,94,0.0,,335,4.0,7.0,1030.6,,3,5
2025-12-28 20:00:00,-1.3,97,0.0,,2,4.0,14.0,1030.3,,8,5
2025-12-28 21:00:00,0.1,96,0.0,,11,7.0,9.3,1030.2,,8,5
2025-12-28 22:00:00,-1.8,97,0.0,,0,0.0,7.0,1029.6,,3,5
2025-12-28 23:00:00,-1.5,98,0.0,,0,0.0,4.0,1029.4,,2,5
2025-12-29 00:00:00,-1.2,97,0.0,,332,4.0,7.4,1028.8,,8,5
2025-12-29 01:00:00,-0.1,96,0.0,,36,4.0,7.0,1028.6,,8,5
2025-12-29 02:00:00,0.9,97,0.0,,356,4.0,14.0,1028.4,,8,4
2025-12-29 03:00:00,1.7,95,0.0,,342,7.0,9.3,1027.9,,8,4
2025-12-29 04:00:00,4.3,82,0.0,,356,7.0,14.0,1027.5,,8,4
2025-12-29 05:00:00,4.6,81,0.0,,15,7.0,18.0,1027.3,,8,4
2025-12-29 06:00:00,4.5,81,0.0,,359,7.0,11.1,1027.1,,8,4
2025-12-29 07:00:00,4.2,83,0.0,,323,7.0,11.0,1027.3,,8,4
2025-12-29 08:00:00,5.1,79,0.0,,343,7.0,11.0,1027.4,,8,4
2025-12-29 09:00:00,5.3,79,0.0,,342,7.0,11.1,1027.4,,8,4
2025-12-29 10:00:00,5.6,80,0.0,,322,7.0,18.0,1027.4,,8,4
2025-12-29 11:00:00,6.1,80,0.0,,327,7.0,14.0,1027.1,,8,4
2025-12-29 12:00:00,6.8,77,0.0,,325,7.0,16.7,1026.1,,8,4
2025-12-29 13:00:00,7.5,74,0.0,,316,14.0,25.0,1026.0,,8,4
2025-12-29 14:00:00,6.3,91,0.0,,349,18.0,32.0,1025.6,,8,17
2025-12-29 15:00:00,6.2,89,0.0,,322,11.0,20.4,1025.3,,8,8
2025-12-29 16:00:00,5.5,89,0.0,,320,11.0,22.0,1025.2,,8,4
2025-12-29 17:00:00,6.2,93,0.3,,357,14.0,25.0,1025.3,,8,17
2025-12-29 18:00:00,5.9,89,0.0,,0,14.0,22.2,1025.8,,8,8
2025-12-29 19:00:00,4.7,93,0.0,,334,11.0,18.0,1026.3,,8,4
2025-12-29 20:00:00,4.5,84,0.0,,343,7.0,22.0,1026.6,,8,4
2025-12-29 21:00:00,3.7,85,0.0,,339,7.0,22.2,1027.1,,8,4
2025-12-29 22:00:00,3.6,83,0.0,,339,11.0,14.0,1027.4,,8,4
2025-12-29 23:00:00,4.3,79,0.0,,348,14.0,22.0,1027.7,,6,3
2025-12-30 00:00:00,4.8,75,0.0,,1,18.0,24.1,1028.1,,8,4
2025-12-30 01:00:00,2.2,83,0.0,,334,11.0,22.0,1028.4,,0,1
2025-12-30 02:00:00,4.3,74,0.0,,12,18.0,25.0,1028.9,,8,4
2025-12-30 03:00:00,3.5,74,0.0,,360,14.0,24.1,1029.1,,4,3
2025-12-30 04:00:00,2.4,80,0.0,,339,11.0,18.0,1029.2,,8,4
2025-12-30 05:00:00,0.8,83,0.0,,328,11.0,14.0,1029.5,,1,1
2025-12-30 06:00:00,0.7,83,0.0,,330,11.0,22.2,1029.6,,0,1
2025-12-30 07:00:00,1.2,81,0.0,,341,11.0,14.0,1029.9,,0,1
2025-12-30 08:00:00,1.0,82,0.0,,327,11.0,14.0,1030.7,,5,3
2025-12-30 09:00:00,1.4,79,0.0,,330,11.0,22.2,1031.2,,0,1
2025-12-30 10:00:00,4.5,69,0.0,,4,11.0,18.0,1031.4,,1,1
2025-12-30 11:00:00,5.3,67,0.0,,15,18.0,29.0,1031.5,,6,3
2025-12-30 12:00:00,5.6,70,0.0,,337,11.0,25.9,1031.0,,0,1
2025-12-30 13:00:00,6.3,68,0.0,,346,14.0,22.0,1030.8,,0,1
2025-12-30 14:00:00,5.9,63,0.0,,3,22.0,29.0,1030.8,,4,3
2025-12-30 15:00:00,4.7,69,0.0,,350,11.0,24.1,1030.9,,0,1
2025-12-30 16:00:00,2.1,81,0.0,,324,11.0,14.0,1031.0,,4,1
2025-12-30 17:00:00,3.3,76,0.0,,345,11.0,18.0,1031.0,,0,7
2025-12-30 18:00:00,2.6,79,0.0,,331,11.0,16.7,1030.8,,7,7
2025-12-30 19:00:00,1.4,84,0.0,,326,11.0,14.0,1030.7,,1,7
2025-12-30 20:00:00,0.3,88,0.0,,324,4.0,14.0,1030.8,,7,7
2025-12-30 21:00:00,0.3,88,0.0,,319,11.0,14.8,1030.9,,4,7
2025-12-30 22:00:00,0.1,90,0.1,,295,11.0,14.0,1030.5,,0,4
2025-12-30 23:00:00,-0.7,93,0.0,,273,11.0,14.0,1030.0,,5,4
2025-12-31 00:00:00,0.3,94,0.0,,318,4.0,13.0,1029.8,,8,4
2025-12-31 01:00:00,-0.6,94,0.0,,257,7.0,14.0,1028.9,,3,4
2025-12-31 02:00:00,0.4,92,0.1,,268,11.0,14.0,1028.7,,7,4
2025-12-31 03:00:00,1.1,90,0.0,,293,11.0,13.0,1028.3,,8,4
2025-12-31 04:00:00,0.0,93,0.0,,271,11.0,18.0,1027.5,,1,4
2025-12-31 05:00:00,0.5,94,0.1,,282,7.0,14.0,1027.0,,4,4
2025-12-31 06:00:00,0.0,93,0.1,,254,7.0,16.7,1026.7,,0,4
2025-12-31 07:00:00,1.1,91,0.0,,282,11.0,25.0,1026.3,,4,4
2025-12-31 08:00:00,2.4,90,0.1,,287,11.0,22.0,1026.2,,8,4
2025-12-31 09:00:00,3.1,90,0.0,,295,11.0,22.2,1025.9,,8,4
2025-12-31 10:00:00,4.9,82,0.0,,304,22.0,29.0,1025.4,,7,4
2025-12-31 11:00:00,6.0,81,0.0,,304,25.0,32.0,1024.6,,6,4
2025-12-31 12:00:00,6.0,80,0.0,,301,29.0,31.5,1023.8,,8,4
2025-12-31 13:00:00,6.2,79,0.0,,282,25.0,36.0,1023.2,,8,4
2025-12-31 14:00:00,5.5,81,0.0,,290,22.0,40.0,1022.6,,8,17
2025-12-31 15:00:00,5.0,87,0.0,,271,22.0,31.5,1022.0,,8,17
2025-12-31 16:00:00,5.0,83,0.0,,278,22.0,29.0,1021.3,,8,8
2025-12-31 17:00:00,4.9,77,0.0,,274,22.0,32.0,1020.7,,8,8
2025-12-31 18:00:00,4.2,77,0.0,,271,18.0,29.6,1020.4,,8,4
2025-12-31 19:00:00,4.5,76,0.0,,265,22.0,32.0,1019.8,,8,4
2025-12-31 20:00:00,4.5,72,0.0,,261,22.0,36.0,1018.7,,8,4
2025-12-31 21:00:00,4.4,73,0.0,,246,25.0,31.5,1017.6,,8,4
2025-12-31 22:00:00,4.7,76,0.0,,260,22.0,36.0,1016.7,,8,4
2025-12-31 23:00:00,5.1,74,0.0,,258,22.0,40.0,1015.5,,8,4
