NUTS2_code,process,season,day_type,hour,load,temperature
CH04,cooling_tertiary,,0,1,0.00517637,19.0
CH04,cooling_tertiary,,0,1,0.0103528,20.0
CH04,cooling_tertiary,,0,1,0.0155291,21.0
CH04,cooling_tertiary,,0,1,0.0207055,22.0
CH04,cooling_tertiary,,0,1,0.0258818,23.0
CH04,cooling_tertiary,,0,1,0.0310582,24.0
CH04,cooling_tertiary,,0,1,0.0362346,25.0
CH04,cooling_tertiary,,0,1,0.0414109,26.0
CH04,cooling_tertiary,,0,1,0.0465873,27.0
CH04,cooling_tertiary,,0,1,0.0517637,28.0
CH04,cooling_tertiary,,0,1,0.05694,29.0
CH04,cooling_tertiary,,0,1,0.0621164,30.0
CH04,cooling_tertiary,,0,1,0.0672928,31.0
CH04,cooling_tertiary,,0,1,0.0724693,32.0
CH04,cooling_tertiary,,0,1,0.0776452,33.0
CH04,cooling_tertiary,,0,1,0.0828218,34.0
CH04,cooling_tertiary,,0,1,0.0879985,35.0
CH04,cooling_tertiary,,0,1,0.0931744,36.0
CH04,cooling_tertiary,,0,1,0.098351,37.0
CH04,cooling_tertiary,,0,1,0.103528,38.0
CH04,cooling_tertiary,,0,1,0.108704,39.0
CH04,cooling_tertiary,,0,1,0.11388,40.0
CH04,cooling_tertiary,,0,2,0.00476792,19.0
CH04,cooling_tertiary,,0,2,0.00953587,20.0
CH04,cooling_tertiary,,0,2,0.0143038,21.0
CH04,cooling_tertiary,,0,2,0.0190717,22.0
CH04,cooling_tertiary,,0,2,0.0238396,23.0
CH04,cooling_tertiary,,0,2,0.0286075,24.0
CH04,cooling_tertiary,,0,2,0.0333754,25.0
CH04,cooling_tertiary,,0,2,0.0381433,26.0
CH04,cooling_tertiary,,0,2,0.0429113,27.0
CH04,cooling_tertiary,,0,2,0.0476792,28.0
CH04,cooling_tertiary,,0,2,0.0524471,29.0
CH04,cooling_tertiary,,0,2,0.057215,30.0
CH04,cooling_tertiary,,0,2,0.061983,31.0
CH04,cooling_tertiary,,0,2,0.066751,32.0
CH04,cooling_tertiary,,0,2,0.0715185,33.0
CH04,cooling_tertiary,,0,2,0.0762867,34.0
CH04,cooling_tertiary,,0,2,0.0810548,35.0
CH04,cooling_tertiary,,0,2,0.0858223,36.0
CH04,cooling_tertiary,,0,2,0.0905905,37.0
CH04,cooling_tertiary,,0,2,0.0953587,38.0
CH04,cooling_tertiary,,0,2,0.100126,39.0
CH04,cooling_tertiary,,0,2,0.104894,40.0
CH04,cooling_tertiary,,0,3,0.00479643,19.0
CH04,cooling_tertiary,,0,3,0.00959289,20.0
CH04,cooling_tertiary,,0,3,0.0143893,21.0
CH04,cooling_tertiary,,0,3,0.0191857,22.0
CH04,cooling_tertiary,,0,3,0.0239821,23.0
CH04,cooling_tertiary,,0,3,0.0287786,24.0
CH04,cooling_tertiary,,0,3,0.033575,25.0
CH04,cooling_tertiary,,0,3,0.0383714,26.0
CH04,cooling_tertiary,,0,3,0.0431679,27.0
CH04,cooling_tertiary,,0,3,0.0479643,28.0
CH04,cooling_tertiary,,0,3,0.0527607,29.0
CH04,cooling_tertiary,,0,3,0.0575571,30.0
CH04,cooling_tertiary,,0,3,0.0623536,31.0
CH04,cooling_tertiary,,0,3,0.0671501,32.0
CH04,cooling_tertiary,,0,3,0.0719462,33.0
CH04,cooling_tertiary,,0,3,0.0767428,34.0
CH04,cooling_tertiary,,0,3,0.0815395,35.0
CH04,cooling_tertiary,,0,3,0.0863355,36.0
CH04,cooling_tertiary,,0,3,0.0911322,37.0
CH04,cooling_tertiary,,0,3,0.0959289,38.0
CH04,cooling_tertiary,,0,3,0.100725,39.0
CH04,cooling_tertiary,,0,3,0.105522,40.0
CH04,cooling_tertiary,,0,4,0.00512087,19.0
CH04,cooling_tertiary,,0,4,0.0102418,20.0
CH04,cooling_tertiary,,0,4,0.0153626,21.0
CH04,cooling_tertiary,,0,4,0.0204835,22.0
CH04,cooling_tertiary,,0,4,0.0256043,23.0
CH04,cooling_tertiary,,0,4,0.0307252,24.0
CH04,cooling_tertiary,,0,4,0.0358461,25.0
CH04,cooling_tertiary,,0,4,0.0409669,26.0
CH04,cooling_tertiary,,0,4,0.0460878,27.0
CH04,cooling_tertiary,,0,4,0.0512087,28.0
CH04,cooling_tertiary,,0,4,0.0563295,29.0
CH04,cooling_tertiary,,0,4,0.0614504,30.0
CH04,cooling_tertiary,,0,4,0.0665713,31.0
CH04,cooling_tertiary,,0,4,0.0716923,32.0
CH04,cooling_tertiary,,0,4,0.0768127,33.0
CH04,cooling_tertiary,,0,4,0.0819338,34.0
CH04,cooling_tertiary,,0,4,0.0870549,35.0
CH04,cooling_tertiary,,0,4,0.0921754,36.0
CH04,cooling_tertiary,,0,4,0.0972965,37.0
CH04,cooling_tertiary,,0,4,0.102418,38.0
CH04,cooling_tertiary,,0,4,0.107538,39.0
CH04,cooling_tertiary,,0,4,0.112659,40.0
CH04,cooling_tertiary,,0,5,0.00626546,19.0
CH04,cooling_tertiary,,0,5,0.012531,20.0
CH04,cooling_tertiary,,0,5,0.0187964,21.0
CH04,cooling_tertiary,,0,5,0.0250618,22.0
CH04,cooling_tertiary,,0,5,0.0313273,23.0
CH04,cooling_tertiary,,0,5,0.0375928,24.0
CH04,cooling_tertiary,,0,5,0.0438582,25.0
CH04,cooling_tertiary,,0,5,0.0501237,26.0
CH04,cooling_tertiary,,0,5,0.0563892,27.0
CH04,cooling_tertiary,,0,5,0.0626546,28.0
CH04,cooling_tertiary,,0,5,0.0689201,29.0
CH04,cooling_tertiary,,0,5,0.0751855,30.0
CH04,cooling_tertiary,,0,5,0.081451,31.0
CH04,cooling_tertiary,,0,5,0.0877166,32.0
CH04,cooling_tertiary,,0,5,0.0939816,33.0
CH04,cooling_tertiary,,0,5,0.100247,34.0
CH04,cooling_tertiary,,0,5,0.106513,35.0
CH04,cooling_tertiary,,0,5,0.112778,36.0
CH04,cooling_tertiary,,0,5,0.119044,37.0
CH04,cooling_tertiary,,0,5,0.12531,38.0
CH04,cooling_tertiary,,0,5,0.131575,39.0
CH04,cooling_tertiary,,0,5,0.13784,40.0
CH04,cooling_tertiary,,0,6,0.00844383,19.0
CH04,cooling_tertiary,,0,6,0.0168877,20.0
CH04,cooling_tertiary,,0,6,0.0253315,21.0
CH04,cooling_tertiary,,0,6,0.0337753,22.0
CH04,cooling_tertiary,,0,6,0.0422191,23.0
CH04,cooling_tertiary,,0,6,0.050663,24.0
CH04,cooling_tertiary,,0,6,0.0591068,25.0
CH04,cooling_tertiary,,0,6,0.0675506,26.0
CH04,cooling_tertiary,,0,6,0.0759945,27.0
CH04,cooling_tertiary,,0,6,0.0844383,28.0
CH04,cooling_tertiary,,0,6,0.0928821,29.0
CH04,cooling_tertiary,,0,6,0.101326,30.0
CH04,cooling_tertiary,,0,6,0.10977,31.0
CH04,cooling_tertiary,,0,6,0.118214,32.0
CH04,cooling_tertiary,,0,6,0.126657,33.0
CH04,cooling_tertiary,,0,6,0.135101,34.0
CH04,cooling_tertiary,,0,6,0.143545,35.0
CH04,cooling_tertiary,,0,6,0.151989,36.0
CH04,cooling_tertiary,,0,6,0.160433,37.0
CH04,cooling_tertiary,,0,6,0.168877,38.0
CH04,cooling_tertiary,,0,6,0.17732,39.0
CH04,cooling_tertiary,,0,6,0.185764,40.0
CH04,cooling_tertiary,,0,7,0.0105183,19.0
CH04,cooling_tertiary,,0,7,0.0210367,20.0
CH04,cooling_tertiary,,0,7,0.0315549,21.0
CH04,cooling_tertiary,,0,7,0.0420732,22.0
CH04,cooling_tertiary,,0,7,0.0525914,23.0
CH04,cooling_tertiary,,0,7,0.0631098,24.0
CH04,cooling_tertiary,,0,7,0.0736281,25.0
CH04,cooling_tertiary,,0,7,0.0841464,26.0
CH04,cooling_tertiary,,0,7,0.0946648,27.0
CH04,cooling_tertiary,,0,7,0.105183,28.0
CH04,cooling_tertiary,,0,7,0.115701,29.0
CH04,cooling_tertiary,,0,7,0.12622,30.0
CH04,cooling_tertiary,,0,7,0.136738,31.0
CH04,cooling_tertiary,,0,7,0.147257,32.0
CH04,cooling_tertiary,,0,7,0.157774,33.0
CH04,cooling_tertiary,,0,7,0.168293,34.0
CH04,cooling_tertiary,,0,7,0.178812,35.0
CH04,cooling_tertiary,,0,7,0.189329,36.0
CH04,cooling_tertiary,,0,7,0.199848,37.0
CH04,cooling_tertiary,,0,7,0.210367,38.0
CH04,cooling_tertiary,,0,7,0.220884,39.0
CH04,cooling_tertiary,,0,7,0.231403,40.0
CH04,cooling_tertiary,,0,8,0.0118738,19.0
CH04,cooling_tertiary,,0,8,0.0237478,20.0
CH04,cooling_tertiary,,0,8,0.0356216,21.0
CH04,cooling_tertiary,,0,8,0.0474954,22.0
CH04,cooling_tertiary,,0,8,0.0593692,23.0
CH04,cooling_tertiary,,0,8,0.0712431,24.0
CH04,cooling_tertiary,,0,8,0.0831169,25.0
CH04,cooling_tertiary,,0,8,0.0949907,26.0
CH04,cooling_tertiary,,0,8,0.106865,27.0
CH04,cooling_tertiary,,0,8,0.118738,28.0
CH04,cooling_tertiary,,0,8,0.130612,29.0
CH04,cooling_tertiary,,0,8,0.142486,30.0
CH04,cooling_tertiary,,0,8,0.15436,31.0
CH04,cooling_tertiary,,0,8,0.166234,32.0
CH04,cooling_tertiary,,0,8,0.178107,33.0
CH04,cooling_tertiary,,0,8,0.189981,34.0
CH04,cooling_tertiary,,0,8,0.201856,35.0
CH04,cooling_tertiary,,0,8,0.213729,36.0
CH04,cooling_tertiary,,0,8,0.225603,37.0
CH04,cooling_tertiary,,0,8,0.237478,38.0
CH04,cooling_tertiary,,0,8,0.24935,39.0
CH04,cooling_tertiary,,0,8,0.261225,40.0
CH04,cooling_tertiary,,0,9,0.012286,19.0
CH04,cooling_tertiary,,0,9,0.024572,20.0
CH04,cooling_tertiary,,0,9,0.0368579,21.0
CH04,cooling_tertiary,,0,9,0.0491438,22.0
CH04,cooling_tertiary,,0,9,0.0614297,23.0
CH04,cooling_tertiary,,0,9,0.0737157,24.0
CH04,cooling_tertiary,,0,9,0.0860016,25.0
CH04,cooling_tertiary,,0,9,0.0982876,26.0
CH04,cooling_tertiary,,0,9,0.110574,27.0
CH04,cooling_tertiary,,0,9,0.12286,28.0
CH04,cooling_tertiary,,0,9,0.135145,29.0
CH04,cooling_tertiary,,0,9,0.147431,30.0
CH04,cooling_tertiary,,0,9,0.159717,31.0
CH04,cooling_tertiary,,0,9,0.172004,32.0
CH04,cooling_tertiary,,0,9,0.184289,33.0
CH04,cooling_tertiary,,0,9,0.196575,34.0
CH04,cooling_tertiary,,0,9,0.208862,35.0
CH04,cooling_tertiary,,0,9,0.221147,36.0
CH04,cooling_tertiary,,0,9,0.233433,37.0
CH04,cooling_tertiary,,0,9,0.24572,38.0
CH04,cooling_tertiary,,0,9,0.258005,39.0
CH04,cooling_tertiary,,0,9,0.270291,40.0
CH04,cooling_tertiary,,0,10,0.0125292,19.0
CH04,cooling_tertiary,,0,10,0.0250585,20.0
CH04,cooling_tertiary,,0,10,0.0375877,21.0
CH04,cooling_tertiary,,0,10,0.0501168,22.0
CH04,cooling_tertiary,,0,10,0.062646,23.0
CH04,cooling_tertiary,,0,10,0.0751753,24.0
CH04,cooling_tertiary,,0,10,0.0877045,25.0
CH04,cooling_tertiary,,0,10,0.100234,26.0
CH04,cooling_tertiary,,0,10,0.112763,27.0
CH04,cooling_tertiary,,0,10,0.125292,28.0
CH04,cooling_tertiary,,0,10,0.137821,29.0
CH04,cooling_tertiary,,0,10,0.150351,30.0
CH04,cooling_tertiary,,0,10,0.16288,31.0
CH04,cooling_tertiary,,0,10,0.175409,32.0
CH04,cooling_tertiary,,0,10,0.187937,33.0
CH04,cooling_tertiary,,0,10,0.200467,34.0
CH04,cooling_tertiary,,0,10,0.212997,35.0
CH04,cooling_tertiary,,0,10,0.225525,36.0
CH04,cooling_tertiary,,0,10,0.238055,37.0
CH04,cooling_tertiary,,0,10,0.250585,38.0
CH04,cooling_tertiary,,0,10,0.263113,39.0
CH04,cooling_tertiary,,0,10,0.275643,40.0
CH04,cooling_tertiary,,0,11,0.0125566,19.0
CH04,cooling_tertiary,,0,11,0.0251134,20.0
CH04,cooling_tertiary,,0,11,0.0376699,21.0
CH04,cooling_tertiary,,0,11,0.0502265,22.0
CH04,cooling_tertiary,,0,11,0.0627831,23.0
CH04,cooling_tertiary,,0,11,0.0753399,24.0
CH04,cooling_tertiary,,0,11,0.0878965,25.0
CH04,cooling_tertiary,,0,11,0.100453,26.0
CH04,cooling_tertiary,,0,11,0.11301,27.0
CH04,cooling_tertiary,,0,11,0.125566,28.0
CH04,cooling_tertiary,,0,11,0.138123,29.0
CH04,cooling_tertiary,,0,11,0.15068,30.0
CH04,cooling_tertiary,,0,11,0.163236,31.0
CH04,cooling_tertiary,,0,11,0.175793,32.0
CH04,cooling_tertiary,,0,11,0.188349,33.0
CH04,cooling_tertiary,,0,11,0.200906,34.0
CH04,cooling_tertiary,,0,11,0.213463,35.0
CH04,cooling_tertiary,,0,11,0.226019,36.0
CH04,cooling_tertiary,,0,11,0.238576,37.0
CH04,cooling_tertiary,,0,11,0.251134,38.0
CH04,cooling_tertiary,,0,11,0.263689,39.0
CH04,cooling_tertiary,,0,11,0.276246,40.0
CH04,cooling_tertiary,,0,12,0.0125917,19.0
CH04,cooling_tertiary,,0,12,0.0251835,20.0
CH04,cooling_tertiary,,0,12,0.0377752,21.0
CH04,cooling_tertiary,,0,12,0.0503669,22.0
CH04,cooling_tertiary,,0,12,0.0629585,23.0
CH04,cooling_tertiary,,0,12,0.0755504,24.0
CH04,cooling_tertiary,,0,12,0.088142,25.0
CH04,cooling_tertiary,,0,12,0.100734,26.0
CH04,cooling_tertiary,,0,12,0.113326,27.0
CH04,cooling_tertiary,,0,12,0.125917,28.0
CH04,cooling_tertiary,,0,12,0.138509,29.0
CH04,cooling_tertiary,,0,12,0.151101,30.0
CH04,cooling_tertiary,,0,12,0.163692,31.0
CH04,cooling_tertiary,,0,12,0.176284,32.0
CH04,cooling_tertiary,,0,12,0.188875,33.0
CH04,cooling_tertiary,,0,12,0.201467,34.0
CH04,cooling_tertiary,,0,12,0.21406,35.0
CH04,cooling_tertiary,,0,12,0.22665,36.0
CH04,cooling_tertiary,,0,12,0.239243,37.0
CH04,cooling_tertiary,,0,12,0.251835,38.0
CH04,cooling_tertiary,,0,12,0.264426,39.0
CH04,cooling_tertiary,,0,12,0.277018,40.0
CH04,cooling_tertiary,,0,13,0.0125717,19.0
CH04,cooling_tertiary,,0,13,0.0251434,20.0
CH04,cooling_tertiary,,0,13,0.0377151,21.0
CH04,cooling_tertiary,,0,13,0.0502867,22.0
CH04,cooling_tertiary,,0,13,0.0628583,23.0
CH04,cooling_tertiary,,0,13,0.0754302,24.0
CH04,cooling_tertiary,,0,13,0.0880018,25.0
CH04,cooling_tertiary,,0,13,0.100573,26.0
CH04,cooling_tertiary,,0,13,0.113145,27.0
CH04,cooling_tertiary,,0,13,0.125717,28.0
CH04,cooling_tertiary,,0,13,0.138288,29.0
CH04,cooling_tertiary,,0,13,0.15086,30.0
CH04,cooling_tertiary,,0,13,0.163432,31.0
CH04,cooling_tertiary,,0,13,0.176004,32.0
CH04,cooling_tertiary,,0,13,0.188575,33.0
CH04,cooling_tertiary,,0,13,0.201147,34.0
CH04,cooling_tertiary,,0,13,0.213719,35.0
CH04,cooling_tertiary,,0,13,0.22629,36.0
CH04,cooling_tertiary,,0,13,0.238862,37.0
CH04,cooling_tertiary,,0,13,0.251434,38.0
CH04,cooling_tertiary,,0,13,0.264005,39.0
CH04,cooling_tertiary,,0,13,0.276577,40.0
CH04,cooling_tertiary,,0,14,0.0125402,19.0
CH04,cooling_tertiary,,0,14,0.0250804,20.0
CH04,cooling_tertiary,,0,14,0.0376206,21.0
CH04,cooling_tertiary,,0,14,0.0501607,22.0
CH04,cooling_tertiary,,0,14,0.0627008,23.0
CH04,cooling_tertiary,,0,14,0.0752411,24.0
CH04,cooling_tertiary,,0,14,0.0877813,25.0
CH04,cooling_tertiary,,0,14,0.100321,26.0
CH04,cooling_tertiary,,0,14,0.112862,27.0
CH04,cooling_tertiary,,0,14,0.125402,28.0
CH04,cooling_tertiary,,0,14,0.137942,29.0
CH04,cooling_tertiary,,0,14,0.150482,30.0
CH04,cooling_tertiary,,0,14,0.163022,31.0
CH04,cooling_tertiary,,0,14,0.175563,32.0
CH04,cooling_tertiary,,0,14,0.188102,33.0
CH04,cooling_tertiary,,0,14,0.200643,34.0
CH04,cooling_tertiary,,0,14,0.213184,35.0
CH04,cooling_tertiary,,0,14,0.225723,36.0
CH04,cooling_tertiary,,0,14,0.238264,37.0
CH04,cooling_tertiary,,0,14,0.250804,38.0
CH04,cooling_tertiary,,0,14,0.263343,39.0
CH04,cooling_tertiary,,0,14,0.275884,40.0
CH04,cooling_tertiary,,0,15,0.0125212,19.0
CH04,cooling_tertiary,,0,15,0.0250424,20.0
CH04,cooling_tertiary,,0,15,0.0375635,21.0
CH04,cooling_tertiary,,0,15,0.0500846,22.0
CH04,cooling_tertiary,,0,15,0.0626057,23.0
CH04,cooling_tertiary,,0,15,0.075127,24.0
CH04,cooling_tertiary,,0,15,0.0876481,25.0
CH04,cooling_tertiary,,0,15,0.100169,26.0
CH04,cooling_tertiary,,0,15,0.11269,27.0
CH04,cooling_tertiary,,0,15,0.125212,28.0
CH04,cooling_tertiary,,0,15,0.137733,29.0
CH04,cooling_tertiary,,0,15,0.150254,30.0
CH04,cooling_tertiary,,0,15,0.162775,31.0
CH04,cooling_tertiary,,0,15,0.175297,32.0
CH04,cooling_tertiary,,0,15,0.187817,33.0
CH04,cooling_tertiary,,0,15,0.200338,34.0
CH04,cooling_tertiary,,0,15,0.21286,35.0
CH04,cooling_tertiary,,0,15,0.22538,36.0
CH04,cooling_tertiary,,0,15,0.237902,37.0
CH04,cooling_tertiary,,0,15,0.250424,38.0
CH04,cooling_tertiary,,0,15,0.262944,39.0
CH04,cooling_tertiary,,0,15,0.275466,40.0
CH04,cooling_tertiary,,0,16,0.0123961,19.0
CH04,cooling_tertiary,,0,16,0.0247923,20.0
CH04,cooling_tertiary,,0,16,0.0371884,21.0
CH04,cooling_tertiary,,0,16,0.0495844,22.0
CH04,cooling_tertiary,,0,16,0.0619805,23.0
CH04,cooling_tertiary,,0,16,0.0743767,24.0
CH04,cooling_tertiary,,0,16,0.0867728,25.0
CH04,cooling_tertiary,,0,16,0.0991688,26.0
CH04,cooling_tertiary,,0,16,0.111565,27.0
CH04,cooling_tertiary,,0,16,0.123961,28.0
CH04,cooling_tertiary,,0,16,0.136357,29.0
CH04,cooling_tertiary,,0,16,0.148753,30.0
CH04,cooling_tertiary,,0,16,0.16115,31.0
CH04,cooling_tertiary,,0,16,0.173546,32.0
CH04,cooling_tertiary,,0,16,0.185941,33.0
CH04,cooling_tertiary,,0,16,0.198338,34.0
CH04,cooling_tertiary,,0,16,0.210734,35.0
CH04,cooling_tertiary,,0,16,0.223129,36.0
CH04,cooling_tertiary,,0,16,0.235526,37.0
CH04,cooling_tertiary,,0,16,0.247923,38.0
CH04,cooling_tertiary,,0,16,0.260318,39.0
CH04,cooling_tertiary,,0,16,0.272715,40.0
CH04,cooling_tertiary,,0,17,0.0121378,19.0
CH04,cooling_tertiary,,0,17,0.0242758,20.0
CH04,cooling_tertiary,,0,17,0.0364136,21.0
CH04,cooling_tertiary,,0,17,0.0485513,22.0
CH04,cooling_tertiary,,0,17,0.0606891,23.0
CH04,cooling_tertiary,,0,17,0.0728271,24.0
CH04,cooling_tertiary,,0,17,0.0849649,25.0
CH04,cooling_tertiary,,0,17,0.0971027,26.0
CH04,cooling_tertiary,,0,17,0.109241,27.0
CH04,cooling_tertiary,,0,17,0.121378,28.0
CH04,cooling_tertiary,,0,17,0.133516,29.0
CH04,cooling_tertiary,,0,17,0.145654,30.0
CH04,cooling_tertiary,,0,17,0.157792,31.0
CH04,cooling_tertiary,,0,17,0.16993,32.0
CH04,cooling_tertiary,,0,17,0.182067,33.0
CH04,cooling_tertiary,,0,17,0.194205,34.0
CH04,cooling_tertiary,,0,17,0.206344,35.0
CH04,cooling_tertiary,,0,17,0.218481,36.0
CH04,cooling_tertiary,,0,17,0.230619,37.0
CH04,cooling_tertiary,,0,17,0.242758,38.0
CH04,cooling_tertiary,,0,17,0.254894,39.0
CH04,cooling_tertiary,,0,17,0.267033,40.0
CH04,cooling_tertiary,,0,18,0.0107194,19.0
CH04,cooling_tertiary,,0,18,0.0214388,20.0
CH04,cooling_tertiary,,0,18,0.0321581,21.0
CH04,cooling_tertiary,,0,18,0.0428774,22.0
CH04,cooling_tertiary,,0,18,0.0535967,23.0
CH04,cooling_tertiary,,0,18,0.0643162,24.0
CH04,cooling_tertiary,,0,18,0.0750355,25.0
CH04,cooling_tertiary,,0,18,0.0857548,26.0
CH04,cooling_tertiary,,0,18,0.0964743,27.0
CH04,cooling_tertiary,,0,18,0.107194,28.0
CH04,cooling_tertiary,,0,18,0.117913,29.0
CH04,cooling_tertiary,,0,18,0.128632,30.0
CH04,cooling_tertiary,,0,18,0.139352,31.0
CH04,cooling_tertiary,,0,18,0.150071,32.0
CH04,cooling_tertiary,,0,18,0.16079,33.0
CH04,cooling_tertiary,,0,18,0.17151,34.0
CH04,cooling_tertiary,,0,18,0.18223,35.0
CH04,cooling_tertiary,,0,18,0.192948,36.0
CH04,cooling_tertiary,,0,18,0.203668,37.0
CH04,cooling_tertiary,,0,18,0.214388,38.0
CH04,cooling_tertiary,,0,18,0.225106,39.0
CH04,cooling_tertiary,,0,18,0.235826,40.0
CH04,cooling_tertiary,,0,19,0.00923607,19.0
CH04,cooling_tertiary,,0,19,0.0184722,20.0
CH04,cooling_tertiary,,0,19,0.0277082,21.0
CH04,cooling_tertiary,,0,19,0.0369443,22.0
CH04,cooling_tertiary,,0,19,0.0461803,23.0
CH04,cooling_tertiary,,0,19,0.0554165,24.0
CH04,cooling_tertiary,,0,19,0.0646525,25.0
CH04,cooling_tertiary,,0,19,0.0738885,26.0
CH04,cooling_tertiary,,0,19,0.0831247,27.0
CH04,cooling_tertiary,,0,19,0.0923607,28.0
CH04,cooling_tertiary,,0,19,0.101597,29.0
CH04,cooling_tertiary,,0,19,0.110833,30.0
CH04,cooling_tertiary,,0,19,0.120069,31.0
CH04,cooling_tertiary,,0,19,0.129305,32.0
CH04,cooling_tertiary,,0,19,0.138541,33.0
CH04,cooling_tertiary,,0,19,0.147777,34.0
CH04,cooling_tertiary,,0,19,0.157014,35.0
CH04,cooling_tertiary,,0,19,0.166249,36.0
CH04,cooling_tertiary,,0,19,0.175485,37.0
CH04,cooling_tertiary,,0,19,0.184722,38.0
CH04,cooling_tertiary,,0,19,0.193957,39.0
CH04,cooling_tertiary,,0,19,0.203194,40.0
CH04,cooling_tertiary,,0,20,0.00767137,19.0
CH04,cooling_tertiary,,0,20,0.0153428,20.0
CH04,cooling_tertiary,,0,20,0.0230141,21.0
CH04,cooling_tertiary,,0,20,0.0306855,22.0
CH04,cooling_tertiary,,0,20,0.0383568,23.0
CH04,cooling_tertiary,,0,20,0.0460282,24.0
CH04,cooling_tertiary,,0,20,0.0536996,25.0
CH04,cooling_tertiary,,0,20,0.0613709,26.0
CH04,cooling_tertiary,,0,20,0.0690424,27.0
CH04,cooling_tertiary,,0,20,0.0767137,28.0
CH04,cooling_tertiary,,0,20,0.084385,29.0
CH04,cooling_tertiary,,0,20,0.0920564,30.0
CH04,cooling_tertiary,,0,20,0.0997278,31.0
CH04,cooling_tertiary,,0,20,0.107399,32.0
CH04,cooling_tertiary,,0,20,0.11507,33.0
CH04,cooling_tertiary,,0,20,0.122742,34.0
CH04,cooling_tertiary,,0,20,0.130414,35.0
CH04,cooling_tertiary,,0,20,0.138084,36.0
CH04,cooling_tertiary,,0,20,0.145756,37.0
CH04,cooling_tertiary,,0,20,0.153428,38.0
CH04,cooling_tertiary,,0,20,0.161099,39.0
CH04,cooling_tertiary,,0,20,0.16877,40.0
CH04,cooling_tertiary,,0,21,0.00714183,19.0
CH04,cooling_tertiary,,0,21,0.0142837,20.0
CH04,cooling_tertiary,,0,21,0.0214255,21.0
CH04,cooling_tertiary,,0,21,0.0285673,22.0
CH04,cooling_tertiary,,0,21,0.0357091,23.0
CH04,cooling_tertiary,,0,21,0.042851,24.0
CH04,cooling_tertiary,,0,21,0.0499928,25.0
CH04,cooling_tertiary,,0,21,0.0571346,26.0
CH04,cooling_tertiary,,0,21,0.0642765,27.0
CH04,cooling_tertiary,,0,21,0.0714183,28.0
CH04,cooling_tertiary,,0,21,0.0785601,29.0
CH04,cooling_tertiary,,0,21,0.0857019,30.0
CH04,cooling_tertiary,,0,21,0.0928439,31.0
CH04,cooling_tertiary,,0,21,0.0999859,32.0
CH04,cooling_tertiary,,0,21,0.107127,33.0
CH04,cooling_tertiary,,0,21,0.114269,34.0
CH04,cooling_tertiary,,0,21,0.121411,35.0
CH04,cooling_tertiary,,0,21,0.128553,36.0
CH04,cooling_tertiary,,0,21,0.135695,37.0
CH04,cooling_tertiary,,0,21,0.142837,38.0
CH04,cooling_tertiary,,0,21,0.149978,39.0
CH04,cooling_tertiary,,0,21,0.15712,40.0
CH04,cooling_tertiary,,0,22,0.00657322,19.0
CH04,cooling_tertiary,,0,22,0.0131465,20.0
CH04,cooling_tertiary,,0,22,0.0197197,21.0
CH04,cooling_tertiary,,0,22,0.0262929,22.0
CH04,cooling_tertiary,,0,22,0.0328661,23.0
CH04,cooling_tertiary,,0,22,0.0394394,24.0
CH04,cooling_tertiary,,0,22,0.0460126,25.0
CH04,cooling_tertiary,,0,22,0.0525858,26.0
CH04,cooling_tertiary,,0,22,0.059159,27.0
CH04,cooling_tertiary,,0,22,0.0657322,28.0
CH04,cooling_tertiary,,0,22,0.0723054,29.0
CH04,cooling_tertiary,,0,22,0.0788786,30.0
CH04,cooling_tertiary,,0,22,0.0854519,31.0
CH04,cooling_tertiary,,0,22,0.0920253,32.0
CH04,cooling_tertiary,,0,22,0.0985979,33.0
CH04,cooling_tertiary,,0,22,0.105172,34.0
CH04,cooling_tertiary,,0,22,0.111745,35.0
CH04,cooling_tertiary,,0,22,0.118318,36.0
CH04,cooling_tertiary,,0,22,0.124891,37.0
CH04,cooling_tertiary,,0,22,0.131465,38.0
CH04,cooling_tertiary,,0,22,0.138037,39.0
CH04,cooling_tertiary,,0,22,0.144611,40.0
CH04,cooling_tertiary,,0,23,0.00634091,19.0
CH04,cooling_tertiary,,0,23,0.0126819,20.0
CH04,cooling_tertiary,,0,23,0.0190227,21.0
CH04,cooling_tertiary,,0,23,0.0253636,22.0
CH04,cooling_tertiary,,0,23,0.0317045,23.0
CH04,cooling_tertiary,,0,23,0.0380455,24.0
CH04,cooling_tertiary,,0,23,0.0443864,25.0
CH04,cooling_tertiary,,0,23,0.0507273,26.0
CH04,cooling_tertiary,,0,23,0.0570682,27.0
CH04,cooling_tertiary,,0,23,0.0634091,28.0
CH04,cooling_tertiary,,0,23,0.06975,29.0
CH04,cooling_tertiary,,0,23,0.0760909,30.0
CH04,cooling_tertiary,,0,23,0.0824319,31.0
CH04,cooling_tertiary,,0,23,0.0887729,32.0
CH04,cooling_tertiary,,0,23,0.0951133,33.0
CH04,cooling_tertiary,,0,23,0.101455,34.0
CH04,cooling_tertiary,,0,23,0.107796,35.0
CH04,cooling_tertiary,,0,23,0.114136,36.0
CH04,cooling_tertiary,,0,23,0.120477,37.0
CH04,cooling_tertiary,,0,23,0.126819,38.0
CH04,cooling_tertiary,,0,23,0.133159,39.0
CH04,cooling_tertiary,,0,23,0.1395,40.0
CH04,cooling_tertiary,,0,24,0.00573474,19.0
CH04,cooling_tertiary,,0,24,0.0114695,20.0
CH04,cooling_tertiary,,0,24,0.0172042,21.0
CH04,cooling_tertiary,,0,24,0.022939,22.0
CH04,cooling_tertiary,,0,24,0.0286737,23.0
CH04,cooling_tertiary,,0,24,0.0344085,24.0
CH04,cooling_tertiary,,0,24,0.0401432,25.0
CH04,cooling_tertiary,,0,24,0.0458779,26.0
CH04,cooling_tertiary,,0,24,0.0516127,27.0
CH04,cooling_tertiary,,0,24,0.0573475,28.0
CH04,cooling_tertiary,,0,24,0.0630822,29.0
CH04,cooling_tertiary,,0,24,0.0688169,30.0
CH04,cooling_tertiary,,0,24,0.0745517,31.0
CH04,cooling_tertiary,,0,24,0.0802866,32.0
CH04,cooling_tertiary,,0,24,0.0860208,33.0
CH04,cooling_tertiary,,0,24,0.0917559,34.0
CH04,cooling_tertiary,,0,24,0.0974909,35.0
CH04,cooling_tertiary,,0,24,0.103225,36.0
CH04,cooling_tertiary,,0,24,0.10896,37.0
CH04,cooling_tertiary,,0,24,0.114695,38.0
CH04,cooling_tertiary,,0,24,0.120429,39.0
CH04,cooling_tertiary,,0,24,0.126165,40.0
CH04,cooling_tertiary,,1,1,0.00508019,19.0
CH04,cooling_tertiary,,1,1,0.0101604,20.0
CH04,cooling_tertiary,,1,1,0.0152406,21.0
CH04,cooling_tertiary,,1,1,0.0203207,22.0
CH04,cooling_tertiary,,1,1,0.0254009,23.0
CH04,cooling_tertiary,,1,1,0.0304811,24.0
CH04,cooling_tertiary,,1,1,0.0355613,25.0
CH04,cooling_tertiary,,1,1,0.0406415,26.0
CH04,cooling_tertiary,,1,1,0.0457217,27.0
CH04,cooling_tertiary,,1,1,0.0508019,28.0
CH04,cooling_tertiary,,1,1,0.055882,29.0
CH04,cooling_tertiary,,1,1,0.0609622,30.0
CH04,cooling_tertiary,,1,1,0.0660425,31.0
CH04,cooling_tertiary,,1,1,0.0711228,32.0
CH04,cooling_tertiary,,1,1,0.0762025,33.0
CH04,cooling_tertiary,,1,1,0.081283,34.0
CH04,cooling_tertiary,,1,1,0.0863634,35.0
CH04,cooling_tertiary,,1,1,0.0914431,36.0
CH04,cooling_tertiary,,1,1,0.0965236,37.0
CH04,cooling_tertiary,,1,1,0.101604,38.0
CH04,cooling_tertiary,,1,1,0.106684,39.0
CH04,cooling_tertiary,,1,1,0.111764,40.0
CH04,cooling_tertiary,,1,2,0.00468445,19.0
CH04,cooling_tertiary,,1,2,0.00936893,20.0
CH04,cooling_tertiary,,1,2,0.0140534,21.0
CH04,cooling_tertiary,,1,2,0.0187378,22.0
CH04,cooling_tertiary,,1,2,0.0234222,23.0
CH04,cooling_tertiary,,1,2,0.0281067,24.0
CH04,cooling_tertiary,,1,2,0.0327912,25.0
CH04,cooling_tertiary,,1,2,0.0374756,26.0
CH04,cooling_tertiary,,1,2,0.0421601,27.0
CH04,cooling_tertiary,,1,2,0.0468445,28.0
CH04,cooling_tertiary,,1,2,0.051529,29.0
CH04,cooling_tertiary,,1,2,0.0562134,30.0
CH04,cooling_tertiary,,1,2,0.0608979,31.0
CH04,cooling_tertiary,,1,2,0.0655825,32.0
CH04,cooling_tertiary,,1,2,0.0702665,33.0
CH04,cooling_tertiary,,1,2,0.0749512,34.0
CH04,cooling_tertiary,,1,2,0.0796359,35.0
CH04,cooling_tertiary,,1,2,0.08432,36.0
CH04,cooling_tertiary,,1,2,0.0890047,37.0
CH04,cooling_tertiary,,1,2,0.0936893,38.0
CH04,cooling_tertiary,,1,2,0.0983734,39.0
CH04,cooling_tertiary,,1,2,0.103058,40.0
CH04,cooling_tertiary,,1,3,0.00471231,19.0
CH04,cooling_tertiary,,1,3,0.00942465,20.0
CH04,cooling_tertiary,,1,3,0.0141369,21.0
CH04,cooling_tertiary,,1,3,0.0188492,22.0
CH04,cooling_tertiary,,1,3,0.0235615,23.0
CH04,cooling_tertiary,,1,3,0.0282739,24.0
CH04,cooling_tertiary,,1,3,0.0329862,25.0
CH04,cooling_tertiary,,1,3,0.0376985,26.0
CH04,cooling_tertiary,,1,3,0.0424108,27.0
CH04,cooling_tertiary,,1,3,0.0471231,28.0
CH04,cooling_tertiary,,1,3,0.0518354,29.0
CH04,cooling_tertiary,,1,3,0.0565477,30.0
CH04,cooling_tertiary,,1,3,0.0612601,31.0
CH04,cooling_tertiary,,1,3,0.0659725,32.0
CH04,cooling_tertiary,,1,3,0.0706844,33.0
CH04,cooling_tertiary,,1,3,0.0753969,34.0
CH04,cooling_tertiary,,1,3,0.0801095,35.0
CH04,cooling_tertiary,,1,3,0.0848214,36.0
CH04,cooling_tertiary,,1,3,0.089534,37.0
CH04,cooling_tertiary,,1,3,0.0942465,38.0
CH04,cooling_tertiary,,1,3,0.0989584,39.0
CH04,cooling_tertiary,,1,3,0.103671,40.0
CH04,cooling_tertiary,,1,4,0.0049666,19.0
CH04,cooling_tertiary,,1,4,0.00993322,20.0
CH04,cooling_tertiary,,1,4,0.0148998,21.0
CH04,cooling_tertiary,,1,4,0.0198664,22.0
CH04,cooling_tertiary,,1,4,0.024833,23.0
CH04,cooling_tertiary,,1,4,0.0297996,24.0
CH04,cooling_tertiary,,1,4,0.0347662,25.0
CH04,cooling_tertiary,,1,4,0.0397328,26.0
CH04,cooling_tertiary,,1,4,0.0446994,27.0
CH04,cooling_tertiary,,1,4,0.049666,28.0
CH04,cooling_tertiary,,1,4,0.0546326,29.0
CH04,cooling_tertiary,,1,4,0.0595991,30.0
CH04,cooling_tertiary,,1,4,0.0645658,31.0
CH04,cooling_tertiary,,1,4,0.0695325,32.0
CH04,cooling_tertiary,,1,4,0.0744987,33.0
CH04,cooling_tertiary,,1,4,0.0794655,34.0
CH04,cooling_tertiary,,1,4,0.0844324,35.0
CH04,cooling_tertiary,,1,4,0.0893985,36.0
CH04,cooling_tertiary,,1,4,0.0943654,37.0
CH04,cooling_tertiary,,1,4,0.0993322,38.0
CH04,cooling_tertiary,,1,4,0.104298,39.0
CH04,cooling_tertiary,,1,4,0.109265,40.0
CH04,cooling_tertiary,,1,5,0.00579114,19.0
CH04,cooling_tertiary,,1,5,0.0115823,20.0
CH04,cooling_tertiary,,1,5,0.0173734,21.0
CH04,cooling_tertiary,,1,5,0.0231645,22.0
CH04,cooling_tertiary,,1,5,0.0289557,23.0
CH04,cooling_tertiary,,1,5,0.0347469,24.0
CH04,cooling_tertiary,,1,5,0.040538,25.0
CH04,cooling_tertiary,,1,5,0.0463291,26.0
CH04,cooling_tertiary,,1,5,0.0521203,27.0
CH04,cooling_tertiary,,1,5,0.0579114,28.0
CH04,cooling_tertiary,,1,5,0.0637025,29.0
CH04,cooling_tertiary,,1,5,0.0694936,30.0
CH04,cooling_tertiary,,1,5,0.0752848,31.0
CH04,cooling_tertiary,,1,5,0.0810761,32.0
CH04,cooling_tertiary,,1,5,0.0868667,33.0
CH04,cooling_tertiary,,1,5,0.0926582,34.0
CH04,cooling_tertiary,,1,5,0.0984496,35.0
CH04,cooling_tertiary,,1,5,0.10424,36.0
CH04,cooling_tertiary,,1,5,0.110032,37.0
CH04,cooling_tertiary,,1,5,0.115823,38.0
CH04,cooling_tertiary,,1,5,0.121614,39.0
CH04,cooling_tertiary,,1,5,0.127405,40.0
CH04,cooling_tertiary,,1,6,0.00743593,19.0
CH04,cooling_tertiary,,1,6,0.0148719,20.0
CH04,cooling_tertiary,,1,6,0.0223078,21.0
CH04,cooling_tertiary,,1,6,0.0297437,22.0
CH04,cooling_tertiary,,1,6,0.0371796,23.0
CH04,cooling_tertiary,,1,6,0.0446156,24.0
CH04,cooling_tertiary,,1,6,0.0520515,25.0
CH04,cooling_tertiary,,1,6,0.0594874,26.0
CH04,cooling_tertiary,,1,6,0.0669234,27.0
CH04,cooling_tertiary,,1,6,0.0743593,28.0
CH04,cooling_tertiary,,1,6,0.0817952,29.0
CH04,cooling_tertiary,,1,6,0.0892311,30.0
CH04,cooling_tertiary,,1,6,0.0966672,31.0
CH04,cooling_tertiary,,1,6,0.104103,32.0
CH04,cooling_tertiary,,1,6,0.111539,33.0
CH04,cooling_tertiary,,1,6,0.118975,34.0
CH04,cooling_tertiary,,1,6,0.126411,35.0
CH04,cooling_tertiary,,1,6,0.133846,36.0
CH04,cooling_tertiary,,1,6,0.141283,37.0
CH04,cooling_tertiary,,1,6,0.148719,38.0
CH04,cooling_tertiary,,1,6,0.156154,39.0
CH04,cooling_tertiary,,1,6,0.163591,40.0
CH04,cooling_tertiary,,1,7,0.00902915,19.0
CH04,cooling_tertiary,,1,7,0.0180583,20.0
CH04,cooling_tertiary,,1,7,0.0270875,21.0
CH04,cooling_tertiary,,1,7,0.0361166,22.0
CH04,cooling_tertiary,,1,7,0.0451457,23.0
CH04,cooling_tertiary,,1,7,0.0541749,24.0
CH04,cooling_tertiary,,1,7,0.063204,25.0
CH04,cooling_tertiary,,1,7,0.0722331,26.0
CH04,cooling_tertiary,,1,7,0.0812624,27.0
CH04,cooling_tertiary,,1,7,0.0902915,28.0
CH04,cooling_tertiary,,1,7,0.0993206,29.0
CH04,cooling_tertiary,,1,7,0.10835,30.0
CH04,cooling_tertiary,,1,7,0.117379,31.0
CH04,cooling_tertiary,,1,7,0.126408,32.0
CH04,cooling_tertiary,,1,7,0.135437,33.0
CH04,cooling_tertiary,,1,7,0.144466,34.0
CH04,cooling_tertiary,,1,7,0.153496,35.0
CH04,cooling_tertiary,,1,7,0.162524,36.0
CH04,cooling_tertiary,,1,7,0.171554,37.0
CH04,cooling_tertiary,,1,7,0.180583,38.0
CH04,cooling_tertiary,,1,7,0.189612,39.0
CH04,cooling_tertiary,,1,7,0.198641,40.0
CH04,cooling_tertiary,,1,8,0.0101613,19.0
CH04,cooling_tertiary,,1,8,0.0203228,20.0
CH04,cooling_tertiary,,1,8,0.0304841,21.0
CH04,cooling_tertiary,,1,8,0.0406454,22.0
CH04,cooling_tertiary,,1,8,0.0508067,23.0
CH04,cooling_tertiary,,1,8,0.0609681,24.0
CH04,cooling_tertiary,,1,8,0.0711294,25.0
CH04,cooling_tertiary,,1,8,0.0812907,26.0
CH04,cooling_tertiary,,1,8,0.0914522,27.0
CH04,cooling_tertiary,,1,8,0.101613,28.0
CH04,cooling_tertiary,,1,8,0.111775,29.0
CH04,cooling_tertiary,,1,8,0.121936,30.0
CH04,cooling_tertiary,,1,8,0.132098,31.0
CH04,cooling_tertiary,,1,8,0.142259,32.0
CH04,cooling_tertiary,,1,8,0.15242,33.0
CH04,cooling_tertiary,,1,8,0.162581,34.0
CH04,cooling_tertiary,,1,8,0.172743,35.0
CH04,cooling_tertiary,,1,8,0.182904,36.0
CH04,cooling_tertiary,,1,8,0.193066,37.0
CH04,cooling_tertiary,,1,8,0.203228,38.0
CH04,cooling_tertiary,,1,8,0.213388,39.0
CH04,cooling_tertiary,,1,8,0.22355,40.0
CH04,cooling_tertiary,,1,9,0.0105336,19.0
CH04,cooling_tertiary,,1,9,0.0210673,20.0
CH04,cooling_tertiary,,1,9,0.0316009,21.0
CH04,cooling_tertiary,,1,9,0.0421345,22.0
CH04,cooling_tertiary,,1,9,0.0526681,23.0
CH04,cooling_tertiary,,1,9,0.0632018,24.0
CH04,cooling_tertiary,,1,9,0.0737354,25.0
CH04,cooling_tertiary,,1,9,0.084269,26.0
CH04,cooling_tertiary,,1,9,0.0948027,27.0
CH04,cooling_tertiary,,1,9,0.105336,28.0
CH04,cooling_tertiary,,1,9,0.11587,29.0
CH04,cooling_tertiary,,1,9,0.126403,30.0
CH04,cooling_tertiary,,1,9,0.136937,31.0
CH04,cooling_tertiary,,1,9,0.147471,32.0
CH04,cooling_tertiary,,1,9,0.158004,33.0
CH04,cooling_tertiary,,1,9,0.168538,34.0
CH04,cooling_tertiary,,1,9,0.179072,35.0
CH04,cooling_tertiary,,1,9,0.189605,36.0
CH04,cooling_tertiary,,1,9,0.200139,37.0
CH04,cooling_tertiary,,1,9,0.210673,38.0
CH04,cooling_tertiary,,1,9,0.221206,39.0
CH04,cooling_tertiary,,1,9,0.23174,40.0
CH04,cooling_tertiary,,1,10,0.0107651,19.0
CH04,cooling_tertiary,,1,10,0.0215303,20.0
CH04,cooling_tertiary,,1,10,0.0322954,21.0
CH04,cooling_tertiary,,1,10,0.0430605,22.0
CH04,cooling_tertiary,,1,10,0.0538256,23.0
CH04,cooling_tertiary,,1,10,0.0645908,24.0
CH04,cooling_tertiary,,1,10,0.0753559,25.0
CH04,cooling_tertiary,,1,10,0.086121,26.0
CH04,cooling_tertiary,,1,10,0.0968862,27.0
CH04,cooling_tertiary,,1,10,0.107651,28.0
CH04,cooling_tertiary,,1,10,0.118416,29.0
CH04,cooling_tertiary,,1,10,0.129181,30.0
CH04,cooling_tertiary,,1,10,0.139947,31.0
CH04,cooling_tertiary,,1,10,0.150712,32.0
CH04,cooling_tertiary,,1,10,0.161476,33.0
CH04,cooling_tertiary,,1,10,0.172242,34.0
CH04,cooling_tertiary,,1,10,0.183008,35.0
CH04,cooling_tertiary,,1,10,0.193772,36.0
CH04,cooling_tertiary,,1,10,0.204537,37.0
CH04,cooling_tertiary,,1,10,0.215303,38.0
CH04,cooling_tertiary,,1,10,0.226067,39.0
CH04,cooling_tertiary,,1,10,0.236833,40.0
CH04,cooling_tertiary,,1,11,0.0108012,19.0
CH04,cooling_tertiary,,1,11,0.0216024,20.0
CH04,cooling_tertiary,,1,11,0.0324036,21.0
CH04,cooling_tertiary,,1,11,0.0432048,22.0
CH04,cooling_tertiary,,1,11,0.0540059,23.0
CH04,cooling_tertiary,,1,11,0.0648072,24.0
CH04,cooling_tertiary,,1,11,0.0756084,25.0
CH04,cooling_tertiary,,1,11,0.0864095,26.0
CH04,cooling_tertiary,,1,11,0.0972108,27.0
CH04,cooling_tertiary,,1,11,0.108012,28.0
CH04,cooling_tertiary,,1,11,0.118813,29.0
CH04,cooling_tertiary,,1,11,0.129614,30.0
CH04,cooling_tertiary,,1,11,0.140416,31.0
CH04,cooling_tertiary,,1,11,0.151217,32.0
CH04,cooling_tertiary,,1,11,0.162017,33.0
CH04,cooling_tertiary,,1,11,0.172819,34.0
CH04,cooling_tertiary,,1,11,0.183621,35.0
CH04,cooling_tertiary,,1,11,0.194421,36.0
CH04,cooling_tertiary,,1,11,0.205223,37.0
CH04,cooling_tertiary,,1,11,0.216025,38.0
CH04,cooling_tertiary,,1,11,0.226825,39.0
CH04,cooling_tertiary,,1,11,0.237627,40.0
CH04,cooling_tertiary,,1,12,0.0108547,19.0
CH04,cooling_tertiary,,1,12,0.0217094,20.0
CH04,cooling_tertiary,,1,12,0.032564,21.0
CH04,cooling_tertiary,,1,12,0.0434186,22.0
CH04,cooling_tertiary,,1,12,0.0542733,23.0
CH04,cooling_tertiary,,1,12,0.065128,24.0
CH04,cooling_tertiary,,1,12,0.0759827,25.0
CH04,cooling_tertiary,,1,12,0.0868373,26.0
CH04,cooling_tertiary,,1,12,0.0976921,27.0
CH04,cooling_tertiary,,1,12,0.108547,28.0
CH04,cooling_tertiary,,1,12,0.119401,29.0
CH04,cooling_tertiary,,1,12,0.130256,30.0
CH04,cooling_tertiary,,1,12,0.141111,31.0
CH04,cooling_tertiary,,1,12,0.151966,32.0
CH04,cooling_tertiary,,1,12,0.162819,33.0
CH04,cooling_tertiary,,1,12,0.173675,34.0
CH04,cooling_tertiary,,1,12,0.18453,35.0
CH04,cooling_tertiary,,1,12,0.195384,36.0
CH04,cooling_tertiary,,1,12,0.206239,37.0
CH04,cooling_tertiary,,1,12,0.217094,38.0
CH04,cooling_tertiary,,1,12,0.227948,39.0
CH04,cooling_tertiary,,1,12,0.238803,40.0
CH04,cooling_tertiary,,1,13,0.0108499,19.0
CH04,cooling_tertiary,,1,13,0.0216998,20.0
CH04,cooling_tertiary,,1,13,0.0325497,21.0
CH04,cooling_tertiary,,1,13,0.0433995,22.0
CH04,cooling_tertiary,,1,13,0.0542493,23.0
CH04,cooling_tertiary,,1,13,0.0650993,24.0
CH04,cooling_tertiary,,1,13,0.0759492,25.0
CH04,cooling_tertiary,,1,13,0.086799,26.0
CH04,cooling_tertiary,,1,13,0.097649,27.0
CH04,cooling_tertiary,,1,13,0.108499,28.0
CH04,cooling_tertiary,,1,13,0.119349,29.0
CH04,cooling_tertiary,,1,13,0.130198,30.0
CH04,cooling_tertiary,,1,13,0.141048,31.0
CH04,cooling_tertiary,,1,13,0.151899,32.0
CH04,cooling_tertiary,,1,13,0.162748,33.0
CH04,cooling_tertiary,,1,13,0.173598,34.0
CH04,cooling_tertiary,,1,13,0.184448,35.0
CH04,cooling_tertiary,,1,13,0.195297,36.0
CH04,cooling_tertiary,,1,13,0.206148,37.0
CH04,cooling_tertiary,,1,13,0.216998,38.0
CH04,cooling_tertiary,,1,13,0.227847,39.0
CH04,cooling_tertiary,,1,13,0.238698,40.0
CH04,cooling_tertiary,,1,14,0.0108163,19.0
CH04,cooling_tertiary,,1,14,0.0216327,20.0
CH04,cooling_tertiary,,1,14,0.032449,21.0
CH04,cooling_tertiary,,1,14,0.0432653,22.0
CH04,cooling_tertiary,,1,14,0.0540816,23.0
CH04,cooling_tertiary,,1,14,0.0648981,24.0
CH04,cooling_tertiary,,1,14,0.0757144,25.0
CH04,cooling_tertiary,,1,14,0.0865307,26.0
CH04,cooling_tertiary,,1,14,0.0973471,27.0
CH04,cooling_tertiary,,1,14,0.108163,28.0
CH04,cooling_tertiary,,1,14,0.11898,29.0
CH04,cooling_tertiary,,1,14,0.129796,30.0
CH04,cooling_tertiary,,1,14,0.140612,31.0
CH04,cooling_tertiary,,1,14,0.151429,32.0
CH04,cooling_tertiary,,1,14,0.162244,33.0
CH04,cooling_tertiary,,1,14,0.173061,34.0
CH04,cooling_tertiary,,1,14,0.183878,35.0
CH04,cooling_tertiary,,1,14,0.194694,36.0
CH04,cooling_tertiary,,1,14,0.205511,37.0
CH04,cooling_tertiary,,1,14,0.216327,38.0
CH04,cooling_tertiary,,1,14,0.227143,39.0
CH04,cooling_tertiary,,1,14,0.23796,40.0
CH04,cooling_tertiary,,1,15,0.0107894,19.0
CH04,cooling_tertiary,,1,15,0.0215788,20.0
CH04,cooling_tertiary,,1,15,0.0323681,21.0
CH04,cooling_tertiary,,1,15,0.0431575,22.0
CH04,cooling_tertiary,,1,15,0.0539468,23.0
CH04,cooling_tertiary,,1,15,0.0647363,24.0
CH04,cooling_tertiary,,1,15,0.0755256,25.0
CH04,cooling_tertiary,,1,15,0.0863149,26.0
CH04,cooling_tertiary,,1,15,0.0971044,27.0
CH04,cooling_tertiary,,1,15,0.107894,28.0
CH04,cooling_tertiary,,1,15,0.118683,29.0
CH04,cooling_tertiary,,1,15,0.129472,30.0
CH04,cooling_tertiary,,1,15,0.140262,31.0
CH04,cooling_tertiary,,1,15,0.151051,32.0
CH04,cooling_tertiary,,1,15,0.16184,33.0
CH04,cooling_tertiary,,1,15,0.17263,34.0
CH04,cooling_tertiary,,1,15,0.18342,35.0
CH04,cooling_tertiary,,1,15,0.194208,36.0
CH04,cooling_tertiary,,1,15,0.204998,37.0
CH04,cooling_tertiary,,1,15,0.215788,38.0
CH04,cooling_tertiary,,1,15,0.226576,39.0
CH04,cooling_tertiary,,1,15,0.237366,40.0
CH04,cooling_tertiary,,1,16,0.0106952,19.0
CH04,cooling_tertiary,,1,16,0.0213905,20.0
CH04,cooling_tertiary,,1,16,0.0320857,21.0
CH04,cooling_tertiary,,1,16,0.0427808,22.0
CH04,cooling_tertiary,,1,16,0.053476,23.0
CH04,cooling_tertiary,,1,16,0.0641713,24.0
CH04,cooling_tertiary,,1,16,0.0748665,25.0
CH04,cooling_tertiary,,1,16,0.0855617,26.0
CH04,cooling_tertiary,,1,16,0.096257,27.0
CH04,cooling_tertiary,,1,16,0.106952,28.0
CH04,cooling_tertiary,,1,16,0.117647,29.0
CH04,cooling_tertiary,,1,16,0.128342,30.0
CH04,cooling_tertiary,,1,16,0.139038,31.0
CH04,cooling_tertiary,,1,16,0.149733,32.0
CH04,cooling_tertiary,,1,16,0.160428,33.0
CH04,cooling_tertiary,,1,16,0.171123,34.0
CH04,cooling_tertiary,,1,16,0.181819,35.0
CH04,cooling_tertiary,,1,16,0.192513,36.0
CH04,cooling_tertiary,,1,16,0.203209,37.0
CH04,cooling_tertiary,,1,16,0.213905,38.0
CH04,cooling_tertiary,,1,16,0.224599,39.0
CH04,cooling_tertiary,,1,16,0.235295,40.0
CH04,cooling_tertiary,,1,17,0.0104989,19.0
CH04,cooling_tertiary,,1,17,0.0209979,20.0
CH04,cooling_tertiary,,1,17,0.0314968,21.0
CH04,cooling_tertiary,,1,17,0.0419957,22.0
CH04,cooling_tertiary,,1,17,0.0524946,23.0
CH04,cooling_tertiary,,1,17,0.0629936,24.0
CH04,cooling_tertiary,,1,17,0.0734925,25.0
CH04,cooling_tertiary,,1,17,0.0839913,26.0
CH04,cooling_tertiary,,1,17,0.0944904,27.0
CH04,cooling_tertiary,,1,17,0.104989,28.0
CH04,cooling_tertiary,,1,17,0.115488,29.0
CH04,cooling_tertiary,,1,17,0.125987,30.0
CH04,cooling_tertiary,,1,17,0.136486,31.0
CH04,cooling_tertiary,,1,17,0.146985,32.0
CH04,cooling_tertiary,,1,17,0.157483,33.0
CH04,cooling_tertiary,,1,17,0.167983,34.0
CH04,cooling_tertiary,,1,17,0.178482,35.0
CH04,cooling_tertiary,,1,17,0.18898,36.0
CH04,cooling_tertiary,,1,17,0.19948,37.0
CH04,cooling_tertiary,,1,17,0.209979,38.0
CH04,cooling_tertiary,,1,17,0.220477,39.0
CH04,cooling_tertiary,,1,17,0.230977,40.0
CH04,cooling_tertiary,,1,18,0.00930031,19.0
CH04,cooling_tertiary,,1,18,0.0186007,20.0
CH04,cooling_tertiary,,1,18,0.027901,21.0
CH04,cooling_tertiary,,1,18,0.0372012,22.0
CH04,cooling_tertiary,,1,18,0.0465015,23.0
CH04,cooling_tertiary,,1,18,0.0558019,24.0
CH04,cooling_tertiary,,1,18,0.0651022,25.0
CH04,cooling_tertiary,,1,18,0.0744025,26.0
CH04,cooling_tertiary,,1,18,0.0837029,27.0
CH04,cooling_tertiary,,1,18,0.0930031,28.0
CH04,cooling_tertiary,,1,18,0.102303,29.0
CH04,cooling_tertiary,,1,18,0.111604,30.0
CH04,cooling_tertiary,,1,18,0.120904,31.0
CH04,cooling_tertiary,,1,18,0.130205,32.0
CH04,cooling_tertiary,,1,18,0.139504,33.0
CH04,cooling_tertiary,,1,18,0.148805,34.0
CH04,cooling_tertiary,,1,18,0.158106,35.0
CH04,cooling_tertiary,,1,18,0.167405,36.0
CH04,cooling_tertiary,,1,18,0.176706,37.0
CH04,cooling_tertiary,,1,18,0.186007,38.0
CH04,cooling_tertiary,,1,18,0.195306,39.0
CH04,cooling_tertiary,,1,18,0.204607,40.0
CH04,cooling_tertiary,,1,19,0.00803177,19.0
CH04,cooling_tertiary,,1,19,0.0160636,20.0
CH04,cooling_tertiary,,1,19,0.0240953,21.0
CH04,cooling_tertiary,,1,19,0.0321271,22.0
CH04,cooling_tertiary,,1,19,0.0401588,23.0
CH04,cooling_tertiary,,1,19,0.0481907,24.0
CH04,cooling_tertiary,,1,19,0.0562224,25.0
CH04,cooling_tertiary,,1,19,0.0642541,26.0
CH04,cooling_tertiary,,1,19,0.072286,27.0
CH04,cooling_tertiary,,1,19,0.0803177,28.0
CH04,cooling_tertiary,,1,19,0.0883495,29.0
CH04,cooling_tertiary,,1,19,0.0963812,30.0
CH04,cooling_tertiary,,1,19,0.104413,31.0
CH04,cooling_tertiary,,1,19,0.112445,32.0
CH04,cooling_tertiary,,1,19,0.120476,33.0
CH04,cooling_tertiary,,1,19,0.128508,34.0
CH04,cooling_tertiary,,1,19,0.13654,35.0
CH04,cooling_tertiary,,1,19,0.144572,36.0
CH04,cooling_tertiary,,1,19,0.152604,37.0
CH04,cooling_tertiary,,1,19,0.160636,38.0
CH04,cooling_tertiary,,1,19,0.168667,39.0
CH04,cooling_tertiary,,1,19,0.176699,40.0
CH04,cooling_tertiary,,1,20,0.0068351,19.0
CH04,cooling_tertiary,,1,20,0.0136702,20.0
CH04,cooling_tertiary,,1,20,0.0205053,21.0
CH04,cooling_tertiary,,1,20,0.0273404,22.0
CH04,cooling_tertiary,,1,20,0.0341754,23.0
CH04,cooling_tertiary,,1,20,0.0410106,24.0
CH04,cooling_tertiary,,1,20,0.0478457,25.0
CH04,cooling_tertiary,,1,20,0.0546807,26.0
CH04,cooling_tertiary,,1,20,0.0615159,27.0
CH04,cooling_tertiary,,1,20,0.0683509,28.0
CH04,cooling_tertiary,,1,20,0.075186,29.0
CH04,cooling_tertiary,,1,20,0.0820211,30.0
CH04,cooling_tertiary,,1,20,0.0888562,31.0
CH04,cooling_tertiary,,1,20,0.0956915,32.0
CH04,cooling_tertiary,,1,20,0.102526,33.0
CH04,cooling_tertiary,,1,20,0.109361,34.0
CH04,cooling_tertiary,,1,20,0.116197,35.0
CH04,cooling_tertiary,,1,20,0.123031,36.0
CH04,cooling_tertiary,,1,20,0.129867,37.0
CH04,cooling_tertiary,,1,20,0.136702,38.0
CH04,cooling_tertiary,,1,20,0.143537,39.0
CH04,cooling_tertiary,,1,20,0.150372,40.0
CH04,cooling_tertiary,,1,21,0.00656858,19.0
CH04,cooling_tertiary,,1,21,0.0131372,20.0
CH04,cooling_tertiary,,1,21,0.0197057,21.0
CH04,cooling_tertiary,,1,21,0.0262743,22.0
CH04,cooling_tertiary,,1,21,0.0328428,23.0
CH04,cooling_tertiary,,1,21,0.0394115,24.0
CH04,cooling_tertiary,,1,21,0.04598,25.0
CH04,cooling_tertiary,,1,21,0.0525486,26.0
CH04,cooling_tertiary,,1,21,0.0591172,27.0
CH04,cooling_tertiary,,1,21,0.0656858,28.0
CH04,cooling_tertiary,,1,21,0.0722543,29.0
CH04,cooling_tertiary,,1,21,0.0788229,30.0
CH04,cooling_tertiary,,1,21,0.0853915,31.0
CH04,cooling_tertiary,,1,21,0.0919602,32.0
CH04,cooling_tertiary,,1,21,0.0985282,33.0
CH04,cooling_tertiary,,1,21,0.105097,34.0
CH04,cooling_tertiary,,1,21,0.111666,35.0
CH04,cooling_tertiary,,1,21,0.118234,36.0
CH04,cooling_tertiary,,1,21,0.124803,37.0
CH04,cooling_tertiary,,1,21,0.131372,38.0
CH04,cooling_tertiary,,1,21,0.13794,39.0
CH04,cooling_tertiary,,1,21,0.144509,40.0
CH04,cooling_tertiary,,1,22,0.00628728,19.0
CH04,cooling_tertiary,,1,22,0.0125746,20.0
CH04,cooling_tertiary,,1,22,0.0188618,21.0
CH04,cooling_tertiary,,1,22,0.0251491,22.0
CH04,cooling_tertiary,,1,22,0.0314364,23.0
CH04,cooling_tertiary,,1,22,0.0377237,24.0
CH04,cooling_tertiary,,1,22,0.0440109,25.0
CH04,cooling_tertiary,,1,22,0.0502982,26.0
CH04,cooling_tertiary,,1,22,0.0565855,27.0
CH04,cooling_tertiary,,1,22,0.0628728,28.0
CH04,cooling_tertiary,,1,22,0.06916,29.0
CH04,cooling_tertiary,,1,22,0.0754473,30.0
CH04,cooling_tertiary,,1,22,0.0817346,31.0
CH04,cooling_tertiary,,1,22,0.0880221,32.0
CH04,cooling_tertiary,,1,22,0.0943088,33.0
CH04,cooling_tertiary,,1,22,0.100596,34.0
CH04,cooling_tertiary,,1,22,0.106884,35.0
CH04,cooling_tertiary,,1,22,0.113171,36.0
CH04,cooling_tertiary,,1,22,0.119458,37.0
CH04,cooling_tertiary,,1,22,0.125746,38.0
CH04,cooling_tertiary,,1,22,0.132033,39.0
CH04,cooling_tertiary,,1,22,0.13832,40.0
CH04,cooling_tertiary,,1,23,0.00614784,19.0
CH04,cooling_tertiary,,1,23,0.0122957,20.0
CH04,cooling_tertiary,,1,23,0.0184435,21.0
CH04,cooling_tertiary,,1,23,0.0245913,22.0
CH04,cooling_tertiary,,1,23,0.0307391,23.0
CH04,cooling_tertiary,,1,23,0.036887,24.0
CH04,cooling_tertiary,,1,23,0.0430349,25.0
CH04,cooling_tertiary,,1,23,0.0491827,26.0
CH04,cooling_tertiary,,1,23,0.0553306,27.0
CH04,cooling_tertiary,,1,23,0.0614784,28.0
CH04,cooling_tertiary,,1,23,0.0676262,29.0
CH04,cooling_tertiary,,1,23,0.073774,30.0
CH04,cooling_tertiary,,1,23,0.0799219,31.0
CH04,cooling_tertiary,,1,23,0.0860699,32.0
CH04,cooling_tertiary,,1,23,0.0922172,33.0
CH04,cooling_tertiary,,1,23,0.0983653,34.0
CH04,cooling_tertiary,,1,23,0.104513,35.0
CH04,cooling_tertiary,,1,23,0.110661,36.0
CH04,cooling_tertiary,,1,23,0.116809,37.0
CH04,cooling_tertiary,,1,23,0.122957,38.0
CH04,cooling_tertiary,,1,23,0.129104,39.0
CH04,cooling_tertiary,,1,23,0.135253,40.0
CH04,cooling_tertiary,,1,24,0.00562111,19.0
CH04,cooling_tertiary,,1,24,0.0112423,20.0
CH04,cooling_tertiary,,1,24,0.0168633,21.0
CH04,cooling_tertiary,,1,24,0.0224844,22.0
CH04,cooling_tertiary,,1,24,0.0281055,23.0
CH04,cooling_tertiary,,1,24,0.0337267,24.0
CH04,cooling_tertiary,,1,24,0.0393478,25.0
CH04,cooling_tertiary,,1,24,0.0449688,26.0
CH04,cooling_tertiary,,1,24,0.05059,27.0
CH04,cooling_tertiary,,1,24,0.0562111,28.0
CH04,cooling_tertiary,,1,24,0.0618322,29.0
CH04,cooling_tertiary,,1,24,0.0674533,30.0
CH04,cooling_tertiary,,1,24,0.0730744,31.0
CH04,cooling_tertiary,,1,24,0.0786957,32.0
CH04,cooling_tertiary,,1,24,0.0843163,33.0
CH04,cooling_tertiary,,1,24,0.0899377,34.0
CH04,cooling_tertiary,,1,24,0.0955591,35.0
CH04,cooling_tertiary,,1,24,0.10118,36.0
CH04,cooling_tertiary,,1,24,0.106801,37.0
CH04,cooling_tertiary,,1,24,0.112423,38.0
CH04,cooling_tertiary,,1,24,0.118043,39.0
CH04,cooling_tertiary,,1,24,0.123665,40.0
CH04,cooling_tertiary,,2,1,0.00505613,19.0
CH04,cooling_tertiary,,2,1,0.0101123,20.0
CH04,cooling_tertiary,,2,1,0.0151684,21.0
CH04,cooling_tertiary,,2,1,0.0202245,22.0
CH04,cooling_tertiary,,2,1,0.0252806,23.0
CH04,cooling_tertiary,,2,1,0.0303368,24.0
CH04,cooling_tertiary,,2,1,0.0353929,25.0
CH04,cooling_tertiary,,2,1,0.040449,26.0
CH04,cooling_tertiary,,2,1,0.0455052,27.0
CH04,cooling_tertiary,,2,1,0.0505613,28.0
CH04,cooling_tertiary,,2,1,0.0556174,29.0
CH04,cooling_tertiary,,2,1,0.0606735,30.0
CH04,cooling_tertiary,,2,1,0.0657296,31.0
CH04,cooling_tertiary,,2,1,0.0707859,32.0
CH04,cooling_tertiary,,2,1,0.0758416,33.0
CH04,cooling_tertiary,,2,1,0.080898,34.0
CH04,cooling_tertiary,,2,1,0.0859544,35.0
CH04,cooling_tertiary,,2,1,0.09101,36.0
CH04,cooling_tertiary,,2,1,0.0960664,37.0
CH04,cooling_tertiary,,2,1,0.101123,38.0
CH04,cooling_tertiary,,2,1,0.106178,39.0
CH04,cooling_tertiary,,2,1,0.111235,40.0
CH04,cooling_tertiary,,2,2,0.00466302,19.0
CH04,cooling_tertiary,,2,2,0.00932607,20.0
CH04,cooling_tertiary,,2,2,0.0139891,21.0
CH04,cooling_tertiary,,2,2,0.0186521,22.0
CH04,cooling_tertiary,,2,2,0.0233151,23.0
CH04,cooling_tertiary,,2,2,0.0279781,24.0
CH04,cooling_tertiary,,2,2,0.0326411,25.0
CH04,cooling_tertiary,,2,2,0.0373042,26.0
CH04,cooling_tertiary,,2,2,0.0419672,27.0
CH04,cooling_tertiary,,2,2,0.0466302,28.0
CH04,cooling_tertiary,,2,2,0.0512932,29.0
CH04,cooling_tertiary,,2,2,0.0559562,30.0
CH04,cooling_tertiary,,2,2,0.0606193,31.0
CH04,cooling_tertiary,,2,2,0.0652824,32.0
CH04,cooling_tertiary,,2,2,0.069945,33.0
CH04,cooling_tertiary,,2,2,0.0746083,34.0
CH04,cooling_tertiary,,2,2,0.0792716,35.0
CH04,cooling_tertiary,,2,2,0.0839342,36.0
CH04,cooling_tertiary,,2,2,0.0885974,37.0
CH04,cooling_tertiary,,2,2,0.0932607,38.0
CH04,cooling_tertiary,,2,2,0.0979233,39.0
CH04,cooling_tertiary,,2,2,0.102587,40.0
CH04,cooling_tertiary,,2,3,0.00469071,19.0
CH04,cooling_tertiary,,2,3,0.00938145,20.0
CH04,cooling_tertiary,,2,3,0.0140721,21.0
CH04,cooling_tertiary,,2,3,0.0187628,22.0
CH04,cooling_tertiary,,2,3,0.0234535,23.0
CH04,cooling_tertiary,,2,3,0.0281443,24.0
CH04,cooling_tertiary,,2,3,0.032835,25.0
CH04,cooling_tertiary,,2,3,0.0375257,26.0
CH04,cooling_tertiary,,2,3,0.0422164,27.0
CH04,cooling_tertiary,,2,3,0.0469071,28.0
CH04,cooling_tertiary,,2,3,0.0515978,29.0
CH04,cooling_tertiary,,2,3,0.0562885,30.0
CH04,cooling_tertiary,,2,3,0.0609793,31.0
CH04,cooling_tertiary,,2,3,0.0656701,32.0
CH04,cooling_tertiary,,2,3,0.0703604,33.0
CH04,cooling_tertiary,,2,3,0.0750513,34.0
CH04,cooling_tertiary,,2,3,0.0797423,35.0
CH04,cooling_tertiary,,2,3,0.0844326,36.0
CH04,cooling_tertiary,,2,3,0.0891235,37.0
CH04,cooling_tertiary,,2,3,0.0938145,38.0
CH04,cooling_tertiary,,2,3,0.0985048,39.0
CH04,cooling_tertiary,,2,3,0.103196,40.0
CH04,cooling_tertiary,,2,4,0.0048491,19.0
CH04,cooling_tertiary,,2,4,0.00969823,20.0
CH04,cooling_tertiary,,2,4,0.0145473,21.0
CH04,cooling_tertiary,,2,4,0.0193964,22.0
CH04,cooling_tertiary,,2,4,0.0242455,23.0
CH04,cooling_tertiary,,2,4,0.0290946,24.0
CH04,cooling_tertiary,,2,4,0.0339437,25.0
CH04,cooling_tertiary,,2,4,0.0387928,26.0
CH04,cooling_tertiary,,2,4,0.0436419,27.0
CH04,cooling_tertiary,,2,4,0.048491,28.0
CH04,cooling_tertiary,,2,4,0.0533401,29.0
CH04,cooling_tertiary,,2,4,0.0581892,30.0
CH04,cooling_tertiary,,2,4,0.0630383,31.0
CH04,cooling_tertiary,,2,4,0.0678876,32.0
CH04,cooling_tertiary,,2,4,0.0727362,33.0
CH04,cooling_tertiary,,2,4,0.0775856,34.0
CH04,cooling_tertiary,,2,4,0.0824349,35.0
CH04,cooling_tertiary,,2,4,0.0872836,36.0
CH04,cooling_tertiary,,2,4,0.092133,37.0
CH04,cooling_tertiary,,2,4,0.0969823,38.0
CH04,cooling_tertiary,,2,4,0.101831,39.0
CH04,cooling_tertiary,,2,4,0.10668,40.0
CH04,cooling_tertiary,,2,5,0.00525035,19.0
CH04,cooling_tertiary,,2,5,0.0105007,20.0
CH04,cooling_tertiary,,2,5,0.0157511,21.0
CH04,cooling_tertiary,,2,5,0.0210014,22.0
CH04,cooling_tertiary,,2,5,0.0262517,23.0
CH04,cooling_tertiary,,2,5,0.0315021,24.0
CH04,cooling_tertiary,,2,5,0.0367524,25.0
CH04,cooling_tertiary,,2,5,0.0420028,26.0
CH04,cooling_tertiary,,2,5,0.0472532,27.0
CH04,cooling_tertiary,,2,5,0.0525035,28.0
CH04,cooling_tertiary,,2,5,0.0577538,29.0
CH04,cooling_tertiary,,2,5,0.0630042,30.0
CH04,cooling_tertiary,,2,5,0.0682546,31.0
CH04,cooling_tertiary,,2,5,0.073505,32.0
CH04,cooling_tertiary,,2,5,0.0787549,33.0
CH04,cooling_tertiary,,2,5,0.0840055,34.0
CH04,cooling_tertiary,,2,5,0.0892562,35.0
CH04,cooling_tertiary,,2,5,0.094506,36.0
CH04,cooling_tertiary,,2,5,0.0997567,37.0
CH04,cooling_tertiary,,2,5,0.105007,38.0
CH04,cooling_tertiary,,2,5,0.110257,39.0
CH04,cooling_tertiary,,2,5,0.115508,40.0
CH04,cooling_tertiary,,2,6,0.00603089,19.0
CH04,cooling_tertiary,,2,6,0.0120618,20.0
CH04,cooling_tertiary,,2,6,0.0180927,21.0
CH04,cooling_tertiary,,2,6,0.0241236,22.0
CH04,cooling_tertiary,,2,6,0.0301544,23.0
CH04,cooling_tertiary,,2,6,0.0361854,24.0
CH04,cooling_tertiary,,2,6,0.0422162,25.0
CH04,cooling_tertiary,,2,6,0.0482471,26.0
CH04,cooling_tertiary,,2,6,0.0542781,27.0
CH04,cooling_tertiary,,2,6,0.0603089,28.0
CH04,cooling_tertiary,,2,6,0.0663398,29.0
CH04,cooling_tertiary,,2,6,0.0723707,30.0
CH04,cooling_tertiary,,2,6,0.0784016,31.0
CH04,cooling_tertiary,,2,6,0.0844326,32.0
CH04,cooling_tertiary,,2,6,0.090463,33.0
CH04,cooling_tertiary,,2,6,0.0964942,34.0
CH04,cooling_tertiary,,2,6,0.102525,35.0
CH04,cooling_tertiary,,2,6,0.108556,36.0
CH04,cooling_tertiary,,2,6,0.114587,37.0
CH04,cooling_tertiary,,2,6,0.120618,38.0
CH04,cooling_tertiary,,2,6,0.126649,39.0
CH04,cooling_tertiary,,2,6,0.13268,40.0
CH04,cooling_tertiary,,2,7,0.00679076,19.0
CH04,cooling_tertiary,,2,7,0.0135816,20.0
CH04,cooling_tertiary,,2,7,0.0203723,21.0
CH04,cooling_tertiary,,2,7,0.027163,22.0
CH04,cooling_tertiary,,2,7,0.0339538,23.0
CH04,cooling_tertiary,,2,7,0.0407446,24.0
CH04,cooling_tertiary,,2,7,0.0475353,25.0
CH04,cooling_tertiary,,2,7,0.0543261,26.0
CH04,cooling_tertiary,,2,7,0.0611169,27.0
CH04,cooling_tertiary,,2,7,0.0679076,28.0
CH04,cooling_tertiary,,2,7,0.0746984,29.0
CH04,cooling_tertiary,,2,7,0.0814891,30.0
CH04,cooling_tertiary,,2,7,0.0882799,31.0
CH04,cooling_tertiary,,2,7,0.0950709,32.0
CH04,cooling_tertiary,,2,7,0.101861,33.0
CH04,cooling_tertiary,,2,7,0.108652,34.0
CH04,cooling_tertiary,,2,7,0.115443,35.0
CH04,cooling_tertiary,,2,7,0.122233,36.0
CH04,cooling_tertiary,,2,7,0.129025,37.0
CH04,cooling_tertiary,,2,7,0.135816,38.0
CH04,cooling_tertiary,,2,7,0.142606,39.0
CH04,cooling_tertiary,,2,7,0.149397,40.0
CH04,cooling_tertiary,,2,8,0.00739292,19.0
CH04,cooling_tertiary,,2,8,0.0147859,20.0
CH04,cooling_tertiary,,2,8,0.0221788,21.0
CH04,cooling_tertiary,,2,8,0.0295717,22.0
CH04,cooling_tertiary,,2,8,0.0369646,23.0
CH04,cooling_tertiary,,2,8,0.0443575,24.0
CH04,cooling_tertiary,,2,8,0.0517504,25.0
CH04,cooling_tertiary,,2,8,0.0591433,26.0
CH04,cooling_tertiary,,2,8,0.0665363,27.0
CH04,cooling_tertiary,,2,8,0.0739292,28.0
CH04,cooling_tertiary,,2,8,0.0813221,29.0
CH04,cooling_tertiary,,2,8,0.088715,30.0
CH04,cooling_tertiary,,2,8,0.096108,31.0
CH04,cooling_tertiary,,2,8,0.103501,32.0
CH04,cooling_tertiary,,2,8,0.110893,33.0
CH04,cooling_tertiary,,2,8,0.118287,34.0
CH04,cooling_tertiary,,2,8,0.12568,35.0
CH04,cooling_tertiary,,2,8,0.133072,36.0
CH04,cooling_tertiary,,2,8,0.140466,37.0
CH04,cooling_tertiary,,2,8,0.147859,38.0
CH04,cooling_tertiary,,2,8,0.155251,39.0
CH04,cooling_tertiary,,2,8,0.162644,40.0
CH04,cooling_tertiary,,2,9,0.00762709,19.0
CH04,cooling_tertiary,,2,9,0.0152542,20.0
CH04,cooling_tertiary,,2,9,0.0228813,21.0
CH04,cooling_tertiary,,2,9,0.0305083,22.0
CH04,cooling_tertiary,,2,9,0.0381354,23.0
CH04,cooling_tertiary,,2,9,0.0457625,24.0
CH04,cooling_tertiary,,2,9,0.0533896,25.0
CH04,cooling_tertiary,,2,9,0.0610166,26.0
CH04,cooling_tertiary,,2,9,0.0686438,27.0
CH04,cooling_tertiary,,2,9,0.0762709,28.0
CH04,cooling_tertiary,,2,9,0.0838979,29.0
CH04,cooling_tertiary,,2,9,0.091525,30.0
CH04,cooling_tertiary,,2,9,0.0991521,31.0
CH04,cooling_tertiary,,2,9,0.106779,32.0
CH04,cooling_tertiary,,2,9,0.114406,33.0
CH04,cooling_tertiary,,2,9,0.122033,34.0
CH04,cooling_tertiary,,2,9,0.129661,35.0
CH04,cooling_tertiary,,2,9,0.137287,36.0
CH04,cooling_tertiary,,2,9,0.144915,37.0
CH04,cooling_tertiary,,2,9,0.152542,38.0
CH04,cooling_tertiary,,2,9,0.160169,39.0
CH04,cooling_tertiary,,2,9,0.167796,40.0
CH04,cooling_tertiary,,2,10,0.00777389,19.0
CH04,cooling_tertiary,,2,10,0.0155478,20.0
CH04,cooling_tertiary,,2,10,0.0233217,21.0
CH04,cooling_tertiary,,2,10,0.0310955,22.0
CH04,cooling_tertiary,,2,10,0.0388694,23.0
CH04,cooling_tertiary,,2,10,0.0466434,24.0
CH04,cooling_tertiary,,2,10,0.0544172,25.0
CH04,cooling_tertiary,,2,10,0.0621911,26.0
CH04,cooling_tertiary,,2,10,0.0699651,27.0
CH04,cooling_tertiary,,2,10,0.0777389,28.0
CH04,cooling_tertiary,,2,10,0.0855128,29.0
CH04,cooling_tertiary,,2,10,0.0932866,30.0
CH04,cooling_tertiary,,2,10,0.101061,31.0
CH04,cooling_tertiary,,2,10,0.108835,32.0
CH04,cooling_tertiary,,2,10,0.116608,33.0
CH04,cooling_tertiary,,2,10,0.124382,34.0
CH04,cooling_tertiary,,2,10,0.132156,35.0
CH04,cooling_tertiary,,2,10,0.13993,36.0
CH04,cooling_tertiary,,2,10,0.147704,37.0
CH04,cooling_tertiary,,2,10,0.155478,38.0
CH04,cooling_tertiary,,2,10,0.163251,39.0
CH04,cooling_tertiary,,2,10,0.171026,40.0
CH04,cooling_tertiary,,2,11,0.00780244,19.0
CH04,cooling_tertiary,,2,11,0.0156049,20.0
CH04,cooling_tertiary,,2,11,0.0234073,21.0
CH04,cooling_tertiary,,2,11,0.0312097,22.0
CH04,cooling_tertiary,,2,11,0.0390121,23.0
CH04,cooling_tertiary,,2,11,0.0468147,24.0
CH04,cooling_tertiary,,2,11,0.0546171,25.0
CH04,cooling_tertiary,,2,11,0.0624195,26.0
CH04,cooling_tertiary,,2,11,0.070222,27.0
CH04,cooling_tertiary,,2,11,0.0780244,28.0
CH04,cooling_tertiary,,2,11,0.0858268,29.0
CH04,cooling_tertiary,,2,11,0.0936292,30.0
CH04,cooling_tertiary,,2,11,0.101432,31.0
CH04,cooling_tertiary,,2,11,0.109234,32.0
CH04,cooling_tertiary,,2,11,0.117036,33.0
CH04,cooling_tertiary,,2,11,0.124839,34.0
CH04,cooling_tertiary,,2,11,0.132642,35.0
CH04,cooling_tertiary,,2,11,0.140444,36.0
CH04,cooling_tertiary,,2,11,0.148246,37.0
CH04,cooling_tertiary,,2,11,0.156049,38.0
CH04,cooling_tertiary,,2,11,0.163851,39.0
CH04,cooling_tertiary,,2,11,0.171654,40.0
CH04,cooling_tertiary,,2,12,0.00783622,19.0
CH04,cooling_tertiary,,2,12,0.0156725,20.0
CH04,cooling_tertiary,,2,12,0.0235087,21.0
CH04,cooling_tertiary,,2,12,0.0313448,22.0
CH04,cooling_tertiary,,2,12,0.039181,23.0
CH04,cooling_tertiary,,2,12,0.0470173,24.0
CH04,cooling_tertiary,,2,12,0.0548535,25.0
CH04,cooling_tertiary,,2,12,0.0626897,26.0
CH04,cooling_tertiary,,2,12,0.070526,27.0
CH04,cooling_tertiary,,2,12,0.0783622,28.0
CH04,cooling_tertiary,,2,12,0.0861983,29.0
CH04,cooling_tertiary,,2,12,0.0940345,30.0
CH04,cooling_tertiary,,2,12,0.101871,31.0
CH04,cooling_tertiary,,2,12,0.109707,32.0
CH04,cooling_tertiary,,2,12,0.117543,33.0
CH04,cooling_tertiary,,2,12,0.125379,34.0
CH04,cooling_tertiary,,2,12,0.133216,35.0
CH04,cooling_tertiary,,2,12,0.141052,36.0
CH04,cooling_tertiary,,2,12,0.148888,37.0
CH04,cooling_tertiary,,2,12,0.156725,38.0
CH04,cooling_tertiary,,2,12,0.16456,39.0
CH04,cooling_tertiary,,2,12,0.172397,40.0
CH04,cooling_tertiary,,2,13,0.0078465,19.0
CH04,cooling_tertiary,,2,13,0.0156931,20.0
CH04,cooling_tertiary,,2,13,0.0235395,21.0
CH04,cooling_tertiary,,2,13,0.031386,22.0
CH04,cooling_tertiary,,2,13,0.0392325,23.0
CH04,cooling_tertiary,,2,13,0.047079,24.0
CH04,cooling_tertiary,,2,13,0.0549255,25.0
CH04,cooling_tertiary,,2,13,0.062772,26.0
CH04,cooling_tertiary,,2,13,0.0706186,27.0
CH04,cooling_tertiary,,2,13,0.078465,28.0
CH04,cooling_tertiary,,2,13,0.0863115,29.0
CH04,cooling_tertiary,,2,13,0.094158,30.0
CH04,cooling_tertiary,,2,13,0.102005,31.0
CH04,cooling_tertiary,,2,13,0.109851,32.0
CH04,cooling_tertiary,,2,13,0.117697,33.0
CH04,cooling_tertiary,,2,13,0.125544,34.0
CH04,cooling_tertiary,,2,13,0.133391,35.0
CH04,cooling_tertiary,,2,13,0.141237,36.0
CH04,cooling_tertiary,,2,13,0.149084,37.0
CH04,cooling_tertiary,,2,13,0.156931,38.0
CH04,cooling_tertiary,,2,13,0.164776,39.0
CH04,cooling_tertiary,,2,13,0.172623,40.0
CH04,cooling_tertiary,,2,14,0.00780815,19.0
CH04,cooling_tertiary,,2,14,0.0156163,20.0
CH04,cooling_tertiary,,2,14,0.0234245,21.0
CH04,cooling_tertiary,,2,14,0.0312326,22.0
CH04,cooling_tertiary,,2,14,0.0390407,23.0
CH04,cooling_tertiary,,2,14,0.0468489,24.0
CH04,cooling_tertiary,,2,14,0.054657,25.0
CH04,cooling_tertiary,,2,14,0.0624651,26.0
CH04,cooling_tertiary,,2,14,0.0702734,27.0
CH04,cooling_tertiary,,2,14,0.0780815,28.0
CH04,cooling_tertiary,,2,14,0.0858896,29.0
CH04,cooling_tertiary,,2,14,0.0936977,30.0
CH04,cooling_tertiary,,2,14,0.101506,31.0
CH04,cooling_tertiary,,2,14,0.109314,32.0
CH04,cooling_tertiary,,2,14,0.117122,33.0
CH04,cooling_tertiary,,2,14,0.12493,34.0
CH04,cooling_tertiary,,2,14,0.132739,35.0
CH04,cooling_tertiary,,2,14,0.140546,36.0
CH04,cooling_tertiary,,2,14,0.148355,37.0
CH04,cooling_tertiary,,2,14,0.156163,38.0
CH04,cooling_tertiary,,2,14,0.163971,39.0
CH04,cooling_tertiary,,2,14,0.171779,40.0
CH04,cooling_tertiary,,2,15,0.00772343,19.0
CH04,cooling_tertiary,,2,15,0.0154469,20.0
CH04,cooling_tertiary,,2,15,0.0231703,21.0
CH04,cooling_tertiary,,2,15,0.0308937,22.0
CH04,cooling_tertiary,,2,15,0.0386171,23.0
CH04,cooling_tertiary,,2,15,0.0463406,24.0
CH04,cooling_tertiary,,2,15,0.054064,25.0
CH04,cooling_tertiary,,2,15,0.0617874,26.0
CH04,cooling_tertiary,,2,15,0.0695109,27.0
CH04,cooling_tertiary,,2,15,0.0772343,28.0
CH04,cooling_tertiary,,2,15,0.0849577,29.0
CH04,cooling_tertiary,,2,15,0.0926811,30.0
CH04,cooling_tertiary,,2,15,0.100405,31.0
CH04,cooling_tertiary,,2,15,0.108128,32.0
CH04,cooling_tertiary,,2,15,0.115851,33.0
CH04,cooling_tertiary,,2,15,0.123575,34.0
CH04,cooling_tertiary,,2,15,0.131299,35.0
CH04,cooling_tertiary,,2,15,0.139021,36.0
CH04,cooling_tertiary,,2,15,0.146745,37.0
CH04,cooling_tertiary,,2,15,0.154469,38.0
CH04,cooling_tertiary,,2,15,0.162192,39.0
CH04,cooling_tertiary,,2,15,0.169916,40.0
CH04,cooling_tertiary,,2,16,0.00725589,19.0
CH04,cooling_tertiary,,2,16,0.0145118,20.0
CH04,cooling_tertiary,,2,16,0.0217677,21.0
CH04,cooling_tertiary,,2,16,0.0290235,22.0
CH04,cooling_tertiary,,2,16,0.0362794,23.0
CH04,cooling_tertiary,,2,16,0.0435354,24.0
CH04,cooling_tertiary,,2,16,0.0507912,25.0
CH04,cooling_tertiary,,2,16,0.0580471,26.0
CH04,cooling_tertiary,,2,16,0.065303,27.0
CH04,cooling_tertiary,,2,16,0.0725589,28.0
CH04,cooling_tertiary,,2,16,0.0798148,29.0
CH04,cooling_tertiary,,2,16,0.0870706,30.0
CH04,cooling_tertiary,,2,16,0.0943266,31.0
CH04,cooling_tertiary,,2,16,0.101583,32.0
CH04,cooling_tertiary,,2,16,0.108838,33.0
CH04,cooling_tertiary,,2,16,0.116094,34.0
CH04,cooling_tertiary,,2,16,0.12335,35.0
CH04,cooling_tertiary,,2,16,0.130606,36.0
CH04,cooling_tertiary,,2,16,0.137862,37.0
CH04,cooling_tertiary,,2,16,0.145118,38.0
CH04,cooling_tertiary,,2,16,0.152373,39.0
CH04,cooling_tertiary,,2,16,0.15963,40.0
CH04,cooling_tertiary,,2,17,0.0067413,19.0
CH04,cooling_tertiary,,2,17,0.0134826,20.0
CH04,cooling_tertiary,,2,17,0.0202239,21.0
CH04,cooling_tertiary,,2,17,0.0269652,22.0
CH04,cooling_tertiary,,2,17,0.0337065,23.0
CH04,cooling_tertiary,,2,17,0.0404478,24.0
CH04,cooling_tertiary,,2,17,0.0471891,25.0
CH04,cooling_tertiary,,2,17,0.0539304,26.0
CH04,cooling_tertiary,,2,17,0.0606718,27.0
CH04,cooling_tertiary,,2,17,0.067413,28.0
CH04,cooling_tertiary,,2,17,0.0741543,29.0
CH04,cooling_tertiary,,2,17,0.0808956,30.0
CH04,cooling_tertiary,,2,17,0.0876369,31.0
CH04,cooling_tertiary,,2,17,0.0943784,32.0
CH04,cooling_tertiary,,2,17,0.101119,33.0
CH04,cooling_tertiary,,2,17,0.107861,34.0
CH04,cooling_tertiary,,2,17,0.114602,35.0
CH04,cooling_tertiary,,2,17,0.121343,36.0
CH04,cooling_tertiary,,2,17,0.128085,37.0
CH04,cooling_tertiary,,2,17,0.134826,38.0
CH04,cooling_tertiary,,2,17,0.141567,39.0
CH04,cooling_tertiary,,2,17,0.148309,40.0
CH04,cooling_tertiary,,2,18,0.00633796,19.0
CH04,cooling_tertiary,,2,18,0.012676,20.0
CH04,cooling_tertiary,,2,18,0.0190139,21.0
CH04,cooling_tertiary,,2,18,0.0253518,22.0
CH04,cooling_tertiary,,2,18,0.0316898,23.0
CH04,cooling_tertiary,,2,18,0.0380278,24.0
CH04,cooling_tertiary,,2,18,0.0443657,25.0
CH04,cooling_tertiary,,2,18,0.0507037,26.0
CH04,cooling_tertiary,,2,18,0.0570417,27.0
CH04,cooling_tertiary,,2,18,0.0633796,28.0
CH04,cooling_tertiary,,2,18,0.0697176,29.0
CH04,cooling_tertiary,,2,18,0.0760555,30.0
CH04,cooling_tertiary,,2,18,0.0823935,31.0
CH04,cooling_tertiary,,2,18,0.0887316,32.0
CH04,cooling_tertiary,,2,18,0.0950691,33.0
CH04,cooling_tertiary,,2,18,0.101407,34.0
CH04,cooling_tertiary,,2,18,0.107746,35.0
CH04,cooling_tertiary,,2,18,0.114083,36.0
CH04,cooling_tertiary,,2,18,0.120421,37.0
CH04,cooling_tertiary,,2,18,0.12676,38.0
CH04,cooling_tertiary,,2,18,0.133097,39.0
CH04,cooling_tertiary,,2,18,0.139435,40.0
CH04,cooling_tertiary,,2,19,0.00632995,19.0
CH04,cooling_tertiary,,2,19,0.0126599,20.0
CH04,cooling_tertiary,,2,19,0.0189899,21.0
CH04,cooling_tertiary,,2,19,0.0253198,22.0
CH04,cooling_tertiary,,2,19,0.0316497,23.0
CH04,cooling_tertiary,,2,19,0.0379797,24.0
CH04,cooling_tertiary,,2,19,0.0443096,25.0
CH04,cooling_tertiary,,2,19,0.0506396,26.0
CH04,cooling_tertiary,,2,19,0.0569696,27.0
CH04,cooling_tertiary,,2,19,0.0632995,28.0
CH04,cooling_tertiary,,2,19,0.0696294,29.0
CH04,cooling_tertiary,,2,19,0.0759594,30.0
CH04,cooling_tertiary,,2,19,0.0822894,31.0
CH04,cooling_tertiary,,2,19,0.0886195,32.0
CH04,cooling_tertiary,,2,19,0.0949489,33.0
CH04,cooling_tertiary,,2,19,0.101279,34.0
CH04,cooling_tertiary,,2,19,0.107609,35.0
CH04,cooling_tertiary,,2,19,0.113939,36.0
CH04,cooling_tertiary,,2,19,0.120269,37.0
CH04,cooling_tertiary,,2,19,0.126599,38.0
CH04,cooling_tertiary,,2,19,0.132929,39.0
CH04,cooling_tertiary,,2,19,0.139259,40.0
CH04,cooling_tertiary,,2,20,0.0061478,19.0
CH04,cooling_tertiary,,2,20,0.0122956,20.0
CH04,cooling_tertiary,,2,20,0.0184434,21.0
CH04,cooling_tertiary,,2,20,0.0245912,22.0
CH04,cooling_tertiary,,2,20,0.0307389,23.0
CH04,cooling_tertiary,,2,20,0.0368868,24.0
CH04,cooling_tertiary,,2,20,0.0430346,25.0
CH04,cooling_tertiary,,2,20,0.0491823,26.0
CH04,cooling_tertiary,,2,20,0.0553302,27.0
CH04,cooling_tertiary,,2,20,0.061478,28.0
CH04,cooling_tertiary,,2,20,0.0676257,29.0
CH04,cooling_tertiary,,2,20,0.0737735,30.0
CH04,cooling_tertiary,,2,20,0.0799213,31.0
CH04,cooling_tertiary,,2,20,0.0860693,32.0
CH04,cooling_tertiary,,2,20,0.0922166,33.0
CH04,cooling_tertiary,,2,20,0.0983647,34.0
CH04,cooling_tertiary,,2,20,0.104513,35.0
CH04,cooling_tertiary,,2,20,0.11066,36.0
CH04,cooling_tertiary,,2,20,0.116808,37.0
CH04,cooling_tertiary,,2,20,0.122956,38.0
CH04,cooling_tertiary,,2,20,0.129104,39.0
CH04,cooling_tertiary,,2,20,0.135252,40.0
CH04,cooling_tertiary,,2,21,0.00584838,19.0
CH04,cooling_tertiary,,2,21,0.0116968,20.0
CH04,cooling_tertiary,,2,21,0.0175451,21.0
CH04,cooling_tertiary,,2,21,0.0233935,22.0
CH04,cooling_tertiary,,2,21,0.0292419,23.0
CH04,cooling_tertiary,,2,21,0.0350903,24.0
CH04,cooling_tertiary,,2,21,0.0409386,25.0
CH04,cooling_tertiary,,2,21,0.046787,26.0
CH04,cooling_tertiary,,2,21,0.0526354,27.0
CH04,cooling_tertiary,,2,21,0.0584838,28.0
CH04,cooling_tertiary,,2,21,0.0643321,29.0
CH04,cooling_tertiary,,2,21,0.0701805,30.0
CH04,cooling_tertiary,,2,21,0.0760289,31.0
CH04,cooling_tertiary,,2,21,0.0818775,32.0
CH04,cooling_tertiary,,2,21,0.0877253,33.0
CH04,cooling_tertiary,,2,21,0.093574,34.0
CH04,cooling_tertiary,,2,21,0.0994227,35.0
CH04,cooling_tertiary,,2,21,0.105271,36.0
CH04,cooling_tertiary,,2,21,0.111119,37.0
CH04,cooling_tertiary,,2,21,0.116968,38.0
CH04,cooling_tertiary,,2,21,0.122816,39.0
CH04,cooling_tertiary,,2,21,0.128664,40.0
CH04,cooling_tertiary,,2,22,0.00554547,19.0
CH04,cooling_tertiary,,2,22,0.011091,20.0
CH04,cooling_tertiary,,2,22,0.0166364,21.0
CH04,cooling_tertiary,,2,22,0.0221819,22.0
CH04,cooling_tertiary,,2,22,0.0277273,23.0
CH04,cooling_tertiary,,2,22,0.0332728,24.0
CH04,cooling_tertiary,,2,22,0.0388183,25.0
CH04,cooling_tertiary,,2,22,0.0443637,26.0
CH04,cooling_tertiary,,2,22,0.0499092,27.0
CH04,cooling_tertiary,,2,22,0.0554547,28.0
CH04,cooling_tertiary,,2,22,0.0610001,29.0
CH04,cooling_tertiary,,2,22,0.0665456,30.0
CH04,cooling_tertiary,,2,22,0.0720911,31.0
CH04,cooling_tertiary,,2,22,0.0776367,32.0
CH04,cooling_tertiary,,2,22,0.0831817,33.0
CH04,cooling_tertiary,,2,22,0.0887274,34.0
CH04,cooling_tertiary,,2,22,0.0942732,35.0
CH04,cooling_tertiary,,2,22,0.0998181,36.0
CH04,cooling_tertiary,,2,22,0.105364,37.0
CH04,cooling_tertiary,,2,22,0.11091,38.0
CH04,cooling_tertiary,,2,22,0.116455,39.0
CH04,cooling_tertiary,,2,22,0.122,40.0
CH04,cooling_tertiary,,2,23,0.00559739,19.0
CH04,cooling_tertiary,,2,23,0.0111948,20.0
CH04,cooling_tertiary,,2,23,0.0167922,21.0
CH04,cooling_tertiary,,2,23,0.0223895,22.0
CH04,cooling_tertiary,,2,23,0.0279869,23.0
CH04,cooling_tertiary,,2,23,0.0335843,24.0
CH04,cooling_tertiary,,2,23,0.0391817,25.0
CH04,cooling_tertiary,,2,23,0.0447791,26.0
CH04,cooling_tertiary,,2,23,0.0503765,27.0
CH04,cooling_tertiary,,2,23,0.0559739,28.0
CH04,cooling_tertiary,,2,23,0.0615712,29.0
CH04,cooling_tertiary,,2,23,0.0671686,30.0
CH04,cooling_tertiary,,2,23,0.072766,31.0
CH04,cooling_tertiary,,2,23,0.0783636,32.0
CH04,cooling_tertiary,,2,23,0.0839605,33.0
CH04,cooling_tertiary,,2,23,0.0895581,34.0
CH04,cooling_tertiary,,2,23,0.0951558,35.0
CH04,cooling_tertiary,,2,23,0.100753,36.0
CH04,cooling_tertiary,,2,23,0.10635,37.0
CH04,cooling_tertiary,,2,23,0.111948,38.0
CH04,cooling_tertiary,,2,23,0.117545,39.0
CH04,cooling_tertiary,,2,23,0.123143,40.0
CH04,cooling_tertiary,,2,24,0.00537168,19.0
CH04,cooling_tertiary,,2,24,0.0107434,20.0
CH04,cooling_tertiary,,2,24,0.016115,21.0
CH04,cooling_tertiary,,2,24,0.0214867,22.0
CH04,cooling_tertiary,,2,24,0.0268584,23.0
CH04,cooling_tertiary,,2,24,0.0322301,24.0
CH04,cooling_tertiary,,2,24,0.0376018,25.0
CH04,cooling_tertiary,,2,24,0.0429734,26.0
CH04,cooling_tertiary,,2,24,0.0483451,27.0
CH04,cooling_tertiary,,2,24,0.0537168,28.0
CH04,cooling_tertiary,,2,24,0.0590885,29.0
CH04,cooling_tertiary,,2,24,0.0644601,30.0
CH04,cooling_tertiary,,2,24,0.0698318,31.0
CH04,cooling_tertiary,,2,24,0.0752036,32.0
CH04,cooling_tertiary,,2,24,0.0805749,33.0
CH04,cooling_tertiary,,2,24,0.0859468,34.0
CH04,cooling_tertiary,,2,24,0.0913188,35.0
CH04,cooling_tertiary,,2,24,0.09669,36.0
CH04,cooling_tertiary,,2,24,0.102062,37.0
CH04,cooling_tertiary,,2,24,0.107434,38.0
CH04,cooling_tertiary,,2,24,0.112805,39.0
CH04,cooling_tertiary,,2,24,0.118177,40.0
NL32,cooling_tertiary,,0,1,0.00464037,19.0
NL32,cooling_tertiary,,0,1,0.00928077,20.0
NL32,cooling_tertiary,,0,1,0.0139211,21.0
NL32,cooling_tertiary,,0,1,0.0185615,22.0
NL32,cooling_tertiary,,0,1,0.0232018,23.0
NL32,cooling_tertiary,,0,1,0.0278422,24.0
NL32,cooling_tertiary,,0,1,0.0324826,25.0
NL32,cooling_tertiary,,0,1,0.0371229,26.0
NL32,cooling_tertiary,,0,1,0.0417634,27.0
NL32,cooling_tertiary,,0,1,0.0464037,28.0
NL32,cooling_tertiary,,0,1,0.0510441,29.0
NL32,cooling_tertiary,,0,1,0.0556844,30.0
NL32,cooling_tertiary,,0,1,0.0603248,31.0
NL32,cooling_tertiary,,0,1,0.0649653,32.0
NL32,cooling_tertiary,,0,1,0.0696053,33.0
NL32,cooling_tertiary,,0,1,0.0742459,34.0
NL32,cooling_tertiary,,0,1,0.0788865,35.0
NL32,cooling_tertiary,,0,1,0.0835265,36.0
NL32,cooling_tertiary,,0,1,0.0881671,37.0
NL32,cooling_tertiary,,0,1,0.0928077,38.0
NL32,cooling_tertiary,,0,1,0.0974477,39.0
NL32,cooling_tertiary,,0,1,0.102088,40.0
NL32,cooling_tertiary,,0,2,0.00417548,19.0
NL32,cooling_tertiary,,0,2,0.00835098,20.0
NL32,cooling_tertiary,,0,2,0.0125264,21.0
NL32,cooling_tertiary,,0,2,0.0167019,22.0
NL32,cooling_tertiary,,0,2,0.0208774,23.0
NL32,cooling_tertiary,,0,2,0.0250529,24.0
NL32,cooling_tertiary,,0,2,0.0292283,25.0
NL32,cooling_tertiary,,0,2,0.0334038,26.0
NL32,cooling_tertiary,,0,2,0.0375793,27.0
NL32,cooling_tertiary,,0,2,0.0417548,28.0
NL32,cooling_tertiary,,0,2,0.0459302,29.0
NL32,cooling_tertiary,,0,2,0.0501057,30.0
NL32,cooling_tertiary,,0,2,0.0542812,31.0
NL32,cooling_tertiary,,0,2,0.0584568,32.0
NL32,cooling_tertiary,,0,2,0.0626319,33.0
NL32,cooling_tertiary,,0,2,0.0668076,34.0
NL32,cooling_tertiary,,0,2,0.0709833,35.0
NL32,cooling_tertiary,,0,2,0.0751584,36.0
NL32,cooling_tertiary,,0,2,0.0793341,37.0
NL32,cooling_tertiary,,0,2,0.0835098,38.0
NL32,cooling_tertiary,,0,2,0.0876849,39.0
NL32,cooling_tertiary,,0,2,0.0918606,40.0
NL32,cooling_tertiary,,0,3,0.00420021,19.0
NL32,cooling_tertiary,,0,3,0.00840045,20.0
NL32,cooling_tertiary,,0,3,0.0126006,21.0
NL32,cooling_tertiary,,0,3,0.0168008,22.0
NL32,cooling_tertiary,,0,3,0.021001,23.0
NL32,cooling_tertiary,,0,3,0.0252013,24.0
NL32,cooling_tertiary,,0,3,0.0294015,25.0
NL32,cooling_tertiary,,0,3,0.0336017,26.0
NL32,cooling_tertiary,,0,3,0.0378019,27.0
NL32,cooling_tertiary,,0,3,0.0420021,28.0
NL32,cooling_tertiary,,0,3,0.0462023,29.0
NL32,cooling_tertiary,,0,3,0.0504025,30.0
NL32,cooling_tertiary,,0,3,0.0546028,31.0
NL32,cooling_tertiary,,0,3,0.0588031,32.0
NL32,cooling_tertiary,,0,3,0.0630029,33.0
NL32,cooling_tertiary,,0,3,0.0672033,34.0
NL32,cooling_tertiary,,0,3,0.0714038,35.0
NL32,cooling_tertiary,,0,3,0.0756036,36.0
NL32,cooling_tertiary,,0,3,0.079804,37.0
NL32,cooling_tertiary,,0,3,0.0840045,38.0
NL32,cooling_tertiary,,0,3,0.0882043,39.0
NL32,cooling_tertiary,,0,3,0.0924047,40.0
NL32,cooling_tertiary,,0,4,0.0044645,19.0
NL32,cooling_tertiary,,0,4,0.00892903,20.0
NL32,cooling_tertiary,,0,4,0.0133935,21.0
NL32,cooling_tertiary,,0,4,0.017858,22.0
NL32,cooling_tertiary,,0,4,0.0223225,23.0
NL32,cooling_tertiary,,0,4,0.026787,24.0
NL32,cooling_tertiary,,0,4,0.0312515,25.0
NL32,cooling_tertiary,,0,4,0.035716,26.0
NL32,cooling_tertiary,,0,4,0.0401806,27.0
NL32,cooling_tertiary,,0,4,0.044645,28.0
NL32,cooling_tertiary,,0,4,0.0491095,29.0
NL32,cooling_tertiary,,0,4,0.053574,30.0
NL32,cooling_tertiary,,0,4,0.0580386,31.0
NL32,cooling_tertiary,,0,4,0.0625032,32.0
NL32,cooling_tertiary,,0,4,0.0669673,33.0
NL32,cooling_tertiary,,0,4,0.071432,34.0
NL32,cooling_tertiary,,0,4,0.0758968,35.0
NL32,cooling_tertiary,,0,4,0.0803609,36.0
NL32,cooling_tertiary,,0,4,0.0848256,37.0
NL32,cooling_tertiary,,0,4,0.0892903,38.0
NL32,cooling_tertiary,,0,4,0.0937544,39.0
NL32,cooling_tertiary,,0,4,0.0982192,40.0
NL32,cooling_tertiary,,0,5,0.00533605,19.0
NL32,cooling_tertiary,,0,5,0.0106721,20.0
NL32,cooling_tertiary,,0,5,0.0160082,21.0
NL32,cooling_tertiary,,0,5,0.0213442,22.0
NL32,cooling_tertiary,,0,5,0.0266802,23.0
NL32,cooling_tertiary,,0,5,0.0320163,24.0
NL32,cooling_tertiary,,0,5,0.0373524,25.0
NL32,cooling_tertiary,,0,5,0.0426884,26.0
NL32,cooling_tertiary,,0,5,0.0480245,27.0
NL32,cooling_tertiary,,0,5,0.0533605,28.0
NL32,cooling_tertiary,,0,5,0.0586966,29.0
NL32,cooling_tertiary,,0,5,0.0640326,30.0
NL32,cooling_tertiary,,0,5,0.0693687,31.0
NL32,cooling_tertiary,,0,5,0.0747049,32.0
NL32,cooling_tertiary,,0,5,0.0800405,33.0
NL32,cooling_tertiary,,0,5,0.0853768,34.0
NL32,cooling_tertiary,,0,5,0.0907131,35.0
NL32,cooling_tertiary,,0,5,0.0960487,36.0
NL32,cooling_tertiary,,0,5,0.101385,37.0
NL32,cooling_tertiary,,0,5,0.106721,38.0
NL32,cooling_tertiary,,0,5,0.112057,39.0
NL32,cooling_tertiary,,0,5,0.117393,40.0
NL32,cooling_tertiary,,0,6,0.00733052,19.0
NL32,cooling_tertiary,,0,6,0.0146611,20.0
NL32,cooling_tertiary,,0,6,0.0219916,21.0
NL32,cooling_tertiary,,0,6,0.0293221,22.0
NL32,cooling_tertiary,,0,6,0.0366526,23.0
NL32,cooling_tertiary,,0,6,0.0439832,24.0
NL32,cooling_tertiary,,0,6,0.0513136,25.0
NL32,cooling_tertiary,,0,6,0.0586441,26.0
NL32,cooling_tertiary,,0,6,0.0659747,27.0
NL32,cooling_tertiary,,0,6,0.0733052,28.0
NL32,cooling_tertiary,,0,6,0.0806357,29.0
NL32,cooling_tertiary,,0,6,0.0879662,30.0
NL32,cooling_tertiary,,0,6,0.0952968,31.0
NL32,cooling_tertiary,,0,6,0.102627,32.0
NL32,cooling_tertiary,,0,6,0.109957,33.0
NL32,cooling_tertiary,,0,6,0.117288,34.0
NL32,cooling_tertiary,,0,6,0.124619,35.0
NL32,cooling_tertiary,,0,6,0.131949,36.0
NL32,cooling_tertiary,,0,6,0.13928,37.0
NL32,cooling_tertiary,,0,6,0.146611,38.0
NL32,cooling_tertiary,,0,6,0.153941,39.0
NL32,cooling_tertiary,,0,6,0.161272,40.0
NL32,cooling_tertiary,,0,7,0.00935406,19.0
NL32,cooling_tertiary,,0,7,0.0187082,20.0
NL32,cooling_tertiary,,0,7,0.0280622,21.0
NL32,cooling_tertiary,,0,7,0.0374162,22.0
NL32,cooling_tertiary,,0,7,0.0467702,23.0
NL32,cooling_tertiary,,0,7,0.0561244,24.0
NL32,cooling_tertiary,,0,7,0.0654784,25.0
NL32,cooling_tertiary,,0,7,0.0748324,26.0
NL32,cooling_tertiary,,0,7,0.0841866,27.0
NL32,cooling_tertiary,,0,7,0.0935406,28.0
NL32,cooling_tertiary,,0,7,0.102895,29.0
NL32,cooling_tertiary,,0,7,0.112249,30.0
NL32,cooling_tertiary,,0,7,0.121603,31.0
NL32,cooling_tertiary,,0,7,0.130957,32.0
NL32,cooling_tertiary,,0,7,0.14031,33.0
NL32,cooling_tertiary,,0,7,0.149665,34.0
NL32,cooling_tertiary,,0,7,0.159019,35.0
NL32,cooling_tertiary,,0,7,0.168373,36.0
NL32,cooling_tertiary,,0,7,0.177727,37.0
NL32,cooling_tertiary,,0,7,0.187082,38.0
NL32,cooling_tertiary,,0,7,0.196435,39.0
NL32,cooling_tertiary,,0,7,0.20579,40.0
NL32,cooling_tertiary,,0,8,0.0108855,19.0
NL32,cooling_tertiary,,0,8,0.021771,20.0
NL32,cooling_tertiary,,0,8,0.0326564,21.0
NL32,cooling_tertiary,,0,8,0.0435418,22.0
NL32,cooling_tertiary,,0,8,0.0544272,23.0
NL32,cooling_tertiary,,0,8,0.0653127,24.0
NL32,cooling_tertiary,,0,8,0.0761981,25.0
NL32,cooling_tertiary,,0,8,0.0870835,26.0
NL32,cooling_tertiary,,0,8,0.0979691,27.0
NL32,cooling_tertiary,,0,8,0.108855,28.0
NL32,cooling_tertiary,,0,8,0.11974,29.0
NL32,cooling_tertiary,,0,8,0.130625,30.0
NL32,cooling_tertiary,,0,8,0.141511,31.0
NL32,cooling_tertiary,,0,8,0.152397,32.0
NL32,cooling_tertiary,,0,8,0.163281,33.0
NL32,cooling_tertiary,,0,8,0.174167,34.0
NL32,cooling_tertiary,,0,8,0.185053,35.0
NL32,cooling_tertiary,,0,8,0.195938,36.0
NL32,cooling_tertiary,,0,8,0.206824,37.0
NL32,cooling_tertiary,,0,8,0.21771,38.0
NL32,cooling_tertiary,,0,8,0.228594,39.0
NL32,cooling_tertiary,,0,8,0.23948,40.0
NL32,cooling_tertiary,,0,9,0.0113634,19.0
NL32,cooling_tertiary,,0,9,0.0227268,20.0
NL32,cooling_tertiary,,0,9,0.0340902,21.0
NL32,cooling_tertiary,,0,9,0.0454535,22.0
NL32,cooling_tertiary,,0,9,0.0568168,23.0
NL32,cooling_tertiary,,0,9,0.0681803,24.0
NL32,cooling_tertiary,,0,9,0.0795436,25.0
NL32,cooling_tertiary,,0,9,0.090907,26.0
NL32,cooling_tertiary,,0,9,0.10227,27.0
NL32,cooling_tertiary,,0,9,0.113634,28.0
NL32,cooling_tertiary,,0,9,0.124997,29.0
NL32,cooling_tertiary,,0,9,0.13636,30.0
NL32,cooling_tertiary,,0,9,0.147724,31.0
NL32,cooling_tertiary,,0,9,0.159088,32.0
NL32,cooling_tertiary,,0,9,0.17045,33.0
NL32,cooling_tertiary,,0,9,0.181814,34.0
NL32,cooling_tertiary,,0,9,0.193178,35.0
NL32,cooling_tertiary,,0,9,0.20454,36.0
NL32,cooling_tertiary,,0,9,0.215904,37.0
NL32,cooling_tertiary,,0,9,0.227268,38.0
NL32,cooling_tertiary,,0,9,0.238631,39.0
NL32,cooling_tertiary,,0,9,0.249995,40.0
NL32,cooling_tertiary,,0,10,0.011656,19.0
NL32,cooling_tertiary,,0,10,0.023312,20.0
NL32,cooling_tertiary,,0,10,0.0349679,21.0
NL32,cooling_tertiary,,0,10,0.0466239,22.0
NL32,cooling_tertiary,,0,10,0.0582798,23.0
NL32,cooling_tertiary,,0,10,0.0699359,24.0
NL32,cooling_tertiary,,0,10,0.0815918,25.0
NL32,cooling_tertiary,,0,10,0.0932477,26.0
NL32,cooling_tertiary,,0,10,0.104904,27.0
NL32,cooling_tertiary,,0,10,0.11656,28.0
NL32,cooling_tertiary,,0,10,0.128216,29.0
NL32,cooling_tertiary,,0,10,0.139872,30.0
NL32,cooling_tertiary,,0,10,0.151528,31.0
NL32,cooling_tertiary,,0,10,0.163184,32.0
NL32,cooling_tertiary,,0,10,0.174839,33.0
NL32,cooling_tertiary,,0,10,0.186495,34.0
NL32,cooling_tertiary,,0,10,0.198152,35.0
NL32,cooling_tertiary,,0,10,0.209807,36.0
NL32,cooling_tertiary,,0,10,0.221464,37.0
NL32,cooling_tertiary,,0,10,0.23312,38.0
NL32,cooling_tertiary,,0,10,0.244775,39.0
NL32,cooling_tertiary,,0,10,0.256432,40.0
NL32,cooling_tertiary,,0,11,0.0116964,19.0
NL32,cooling_tertiary,,0,11,0.0233929,20.0
NL32,cooling_tertiary,,0,11,0.0350893,21.0
NL32,cooling_tertiary,,0,11,0.0467856,22.0
NL32,cooling_tertiary,,0,11,0.058482,23.0
NL32,cooling_tertiary,,0,11,0.0701785,24.0
NL32,cooling_tertiary,,0,11,0.0818749,25.0
NL32,cooling_tertiary,,0,11,0.0935712,26.0
NL32,cooling_tertiary,,0,11,0.105268,27.0
NL32,cooling_tertiary,,0,11,0.116964,28.0
NL32,cooling_tertiary,,0,11,0.12866,29.0
NL32,cooling_tertiary,,0,11,0.140357,30.0
NL32,cooling_tertiary,,0,11,0.152053,31.0
NL32,cooling_tertiary,,0,11,0.16375,32.0
NL32,cooling_tertiary,,0,11,0.175445,33.0
NL32,cooling_tertiary,,0,11,0.187142,34.0
NL32,cooling_tertiary,,0,11,0.198839,35.0
NL32,cooling_tertiary,,0,11,0.210535,36.0
NL32,cooling_tertiary,,0,11,0.222232,37.0
NL32,cooling_tertiary,,0,11,0.233929,38.0
NL32,cooling_tertiary,,0,11,0.245624,39.0
NL32,cooling_tertiary,,0,11,0.257321,40.0
NL32,cooling_tertiary,,0,12,0.0117544,19.0
NL32,cooling_tertiary,,0,12,0.0235089,20.0
NL32,cooling_tertiary,,0,12,0.0352633,21.0
NL32,cooling_tertiary,,0,12,0.0470177,22.0
NL32,cooling_tertiary,,0,12,0.0587721,23.0
NL32,cooling_tertiary,,0,12,0.0705266,24.0
NL32,cooling_tertiary,,0,12,0.082281,25.0
NL32,cooling_tertiary,,0,12,0.0940353,26.0
NL32,cooling_tertiary,,0,12,0.10579,27.0
NL32,cooling_tertiary,,0,12,0.117544,28.0
NL32,cooling_tertiary,,0,12,0.129299,29.0
NL32,cooling_tertiary,,0,12,0.141053,30.0
NL32,cooling_tertiary,,0,12,0.152808,31.0
NL32,cooling_tertiary,,0,12,0.164562,32.0
NL32,cooling_tertiary,,0,12,0.176316,33.0
NL32,cooling_tertiary,,0,12,0.188071,34.0
NL32,cooling_tertiary,,0,12,0.199826,35.0
NL32,cooling_tertiary,,0,12,0.211579,36.0
NL32,cooling_tertiary,,0,12,0.223334,37.0
NL32,cooling_tertiary,,0,12,0.235089,38.0
NL32,cooling_tertiary,,0,12,0.246843,39.0
NL32,cooling_tertiary,,0,12,0.258598,40.0
NL32,cooling_tertiary,,0,13,0.0117417,19.0
NL32,cooling_tertiary,,0,13,0.0234835,20.0
NL32,cooling_tertiary,,0,13,0.0352252,21.0
NL32,cooling_tertiary,,0,13,0.0469669,22.0
NL32,cooling_tertiary,,0,13,0.0587085,23.0
NL32,cooling_tertiary,,0,13,0.0704504,24.0
NL32,cooling_tertiary,,0,13,0.082192,25.0
NL32,cooling_tertiary,,0,13,0.0939337,26.0
NL32,cooling_tertiary,,0,13,0.105676,27.0
NL32,cooling_tertiary,,0,13,0.117417,28.0
NL32,cooling_tertiary,,0,13,0.129159,29.0
NL32,cooling_tertiary,,0,13,0.140901,30.0
NL32,cooling_tertiary,,0,13,0.152642,31.0
NL32,cooling_tertiary,,0,13,0.164384,32.0
NL32,cooling_tertiary,,0,13,0.176125,33.0
NL32,cooling_tertiary,,0,13,0.187867,34.0
NL32,cooling_tertiary,,0,13,0.19961,35.0
NL32,cooling_tertiary,,0,13,0.21135,36.0
NL32,cooling_tertiary,,0,13,0.223093,37.0
NL32,cooling_tertiary,,0,13,0.234835,38.0
NL32,cooling_tertiary,,0,13,0.246576,39.0
NL32,cooling_tertiary,,0,13,0.258318,40.0
NL32,cooling_tertiary,,0,14,0.0117044,19.0
NL32,cooling_tertiary,,0,14,0.0234088,20.0
NL32,cooling_tertiary,,0,14,0.0351132,21.0
NL32,cooling_tertiary,,0,14,0.0468175,22.0
NL32,cooling_tertiary,,0,14,0.0585219,23.0
NL32,cooling_tertiary,,0,14,0.0702264,24.0
NL32,cooling_tertiary,,0,14,0.0819307,25.0
NL32,cooling_tertiary,,0,14,0.0936351,26.0
NL32,cooling_tertiary,,0,14,0.10534,27.0
NL32,cooling_tertiary,,0,14,0.117044,28.0
NL32,cooling_tertiary,,0,14,0.128748,29.0
NL32,cooling_tertiary,,0,14,0.140453,30.0
NL32,cooling_tertiary,,0,14,0.152157,31.0
NL32,cooling_tertiary,,0,14,0.163862,32.0
NL32,cooling_tertiary,,0,14,0.175565,33.0
NL32,cooling_tertiary,,0,14,0.18727,34.0
NL32,cooling_tertiary,,0,14,0.198975,35.0
NL32,cooling_tertiary,,0,14,0.210678,36.0
NL32,cooling_tertiary,,0,14,0.222383,37.0
NL32,cooling_tertiary,,0,14,0.234088,38.0
NL32,cooling_tertiary,,0,14,0.245792,39.0
NL32,cooling_tertiary,,0,14,0.257497,40.0
NL32,cooling_tertiary,,0,15,0.0116819,19.0
NL32,cooling_tertiary,,0,15,0.0233639,20.0
NL32,cooling_tertiary,,0,15,0.0350457,21.0
NL32,cooling_tertiary,,0,15,0.0467276,22.0
NL32,cooling_tertiary,,0,15,0.0584094,23.0
NL32,cooling_tertiary,,0,15,0.0700914,24.0
NL32,cooling_tertiary,,0,15,0.0817733,25.0
NL32,cooling_tertiary,,0,15,0.0934551,26.0
NL32,cooling_tertiary,,0,15,0.105137,27.0
NL32,cooling_tertiary,,0,15,0.116819,28.0
NL32,cooling_tertiary,,0,15,0.128501,29.0
NL32,cooling_tertiary,,0,15,0.140183,30.0
NL32,cooling_tertiary,,0,15,0.151865,31.0
NL32,cooling_tertiary,,0,15,0.163547,32.0
NL32,cooling_tertiary,,0,15,0.175228,33.0
NL32,cooling_tertiary,,0,15,0.18691,34.0
NL32,cooling_tertiary,,0,15,0.198593,35.0
NL32,cooling_tertiary,,0,15,0.210274,36.0
NL32,cooling_tertiary,,0,15,0.221956,37.0
NL32,cooling_tertiary,,0,15,0.233639,38.0
NL32,cooling_tertiary,,0,15,0.24532,39.0
NL32,cooling_tertiary,,0,15,0.257002,40.0
NL32,cooling_tertiary,,0,16,0.0115628,19.0
NL32,cooling_tertiary,,0,16,0.0231257,20.0
NL32,cooling_tertiary,,0,16,0.0346885,21.0
NL32,cooling_tertiary,,0,16,0.0462513,22.0
NL32,cooling_tertiary,,0,16,0.057814,23.0
NL32,cooling_tertiary,,0,16,0.069377,24.0
NL32,cooling_tertiary,,0,16,0.0809397,25.0
NL32,cooling_tertiary,,0,16,0.0925025,26.0
NL32,cooling_tertiary,,0,16,0.104065,27.0
NL32,cooling_tertiary,,0,16,0.115628,28.0
NL32,cooling_tertiary,,0,16,0.127191,29.0
NL32,cooling_tertiary,,0,16,0.138754,30.0
NL32,cooling_tertiary,,0,16,0.150317,31.0
NL32,cooling_tertiary,,0,16,0.16188,32.0
NL32,cooling_tertiary,,0,16,0.173442,33.0
NL32,cooling_tertiary,,0,16,0.185005,34.0
NL32,cooling_tertiary,,0,16,0.196568,35.0
NL32,cooling_tertiary,,0,16,0.20813,36.0
NL32,cooling_tertiary,,0,16,0.219694,37.0
NL32,cooling_tertiary,,0,16,0.231257,38.0
NL32,cooling_tertiary,,0,16,0.242819,39.0
NL32,cooling_tertiary,,0,16,0.254382,40.0
NL32,cooling_tertiary,,0,17,0.0112993,19.0
NL32,cooling_tertiary,,0,17,0.0225987,20.0
NL32,cooling_tertiary,,0,17,0.033898,21.0
NL32,cooling_tertiary,,0,17,0.0451973,22.0
NL32,cooling_tertiary,,0,17,0.0564965,23.0
NL32,cooling_tertiary,,0,17,0.067796,24.0
NL32,cooling_tertiary,,0,17,0.0790952,25.0
NL32,cooling_tertiary,,0,17,0.0903945,26.0
NL32,cooling_tertiary,,0,17,0.101694,27.0
NL32,cooling_tertiary,,0,17,0.112993,28.0
NL32,cooling_tertiary,,0,17,0.124292,29.0
NL32,cooling_tertiary,,0,17,0.135592,30.0
NL32,cooling_tertiary,,0,17,0.146891,31.0
NL32,cooling_tertiary,,0,17,0.158191,32.0
NL32,cooling_tertiary,,0,17,0.169489,33.0
NL32,cooling_tertiary,,0,17,0.180789,34.0
NL32,cooling_tertiary,,0,17,0.192089,35.0
NL32,cooling_tertiary,,0,17,0.203387,36.0
NL32,cooling_tertiary,,0,17,0.214687,37.0
NL32,cooling_tertiary,,0,17,0.225987,38.0
NL32,cooling_tertiary,,0,17,0.237285,39.0
NL32,cooling_tertiary,,0,17,0.248585,40.0
NL32,cooling_tertiary,,0,18,0.00970818,19.0
NL32,cooling_tertiary,,0,18,0.0194164,20.0
NL32,cooling_tertiary,,0,18,0.0291246,21.0
NL32,cooling_tertiary,,0,18,0.0388327,22.0
NL32,cooling_tertiary,,0,18,0.0485409,23.0
NL32,cooling_tertiary,,0,18,0.0582491,24.0
NL32,cooling_tertiary,,0,18,0.0679573,25.0
NL32,cooling_tertiary,,0,18,0.0776654,26.0
NL32,cooling_tertiary,,0,18,0.0873737,27.0
NL32,cooling_tertiary,,0,18,0.0970818,28.0
NL32,cooling_tertiary,,0,18,0.10679,29.0
NL32,cooling_tertiary,,0,18,0.116498,30.0
NL32,cooling_tertiary,,0,18,0.126206,31.0
NL32,cooling_tertiary,,0,18,0.135915,32.0
NL32,cooling_tertiary,,0,18,0.145622,33.0
NL32,cooling_tertiary,,0,18,0.155331,34.0
NL32,cooling_tertiary,,0,18,0.16504,35.0
NL32,cooling_tertiary,,0,18,0.174747,36.0
NL32,cooling_tertiary,,0,18,0.184456,37.0
NL32,cooling_tertiary,,0,18,0.194164,38.0
NL32,cooling_tertiary,,0,18,0.203872,39.0
NL32,cooling_tertiary,,0,18,0.21358,40.0
NL32,cooling_tertiary,,0,19,0.00802797,19.0
NL32,cooling_tertiary,,0,19,0.016056,20.0
NL32,cooling_tertiary,,0,19,0.0240839,21.0
NL32,cooling_tertiary,,0,19,0.0321119,22.0
NL32,cooling_tertiary,,0,19,0.0401398,23.0
NL32,cooling_tertiary,,0,19,0.0481679,24.0
NL32,cooling_tertiary,,0,19,0.0561958,25.0
NL32,cooling_tertiary,,0,19,0.0642237,26.0
NL32,cooling_tertiary,,0,19,0.0722518,27.0
NL32,cooling_tertiary,,0,19,0.0802797,28.0
NL32,cooling_tertiary,,0,19,0.0883077,29.0
NL32,cooling_tertiary,,0,19,0.0963356,30.0
NL32,cooling_tertiary,,0,19,0.104364,31.0
NL32,cooling_tertiary,,0,19,0.112392,32.0
NL32,cooling_tertiary,,0,19,0.120419,33.0
NL32,cooling_tertiary,,0,19,0.128447,34.0
NL32,cooling_tertiary,,0,19,0.136476,35.0
NL32,cooling_tertiary,,0,19,0.144503,36.0
NL32,cooling_tertiary,,0,19,0.152531,37.0
NL32,cooling_tertiary,,0,19,0.16056,38.0
NL32,cooling_tertiary,,0,19,0.168587,39.0
NL32,cooling_tertiary,,0,19,0.176616,40.0
NL32,cooling_tertiary,,0,20,0.00653083,19.0
NL32,cooling_tertiary,,0,20,0.0130617,20.0
NL32,cooling_tertiary,,0,20,0.0195925,21.0
NL32,cooling_tertiary,,0,20,0.0261233,22.0
NL32,cooling_tertiary,,0,20,0.0326541,23.0
NL32,cooling_tertiary,,0,20,0.039185,24.0
NL32,cooling_tertiary,,0,20,0.0457158,25.0
NL32,cooling_tertiary,,0,20,0.0522466,26.0
NL32,cooling_tertiary,,0,20,0.0587775,27.0
NL32,cooling_tertiary,,0,20,0.0653083,28.0
NL32,cooling_tertiary,,0,20,0.0718392,29.0
NL32,cooling_tertiary,,0,20,0.07837,30.0
NL32,cooling_tertiary,,0,20,0.0849009,31.0
NL32,cooling_tertiary,,0,20,0.0914319,32.0
NL32,cooling_tertiary,,0,20,0.0979621,33.0
NL32,cooling_tertiary,,0,20,0.104493,34.0
NL32,cooling_tertiary,,0,20,0.111024,35.0
NL32,cooling_tertiary,,0,20,0.117555,36.0
NL32,cooling_tertiary,,0,20,0.124086,37.0
NL32,cooling_tertiary,,0,20,0.130617,38.0
NL32,cooling_tertiary,,0,20,0.137147,39.0
NL32,cooling_tertiary,,0,20,0.143679,40.0
NL32,cooling_tertiary,,0,21,0.00628614,19.0
NL32,cooling_tertiary,,0,21,0.0125723,20.0
NL32,cooling_tertiary,,0,21,0.0188584,21.0
NL32,cooling_tertiary,,0,21,0.0251446,22.0
NL32,cooling_tertiary,,0,21,0.0314307,23.0
NL32,cooling_tertiary,,0,21,0.0377169,24.0
NL32,cooling_tertiary,,0,21,0.044003,25.0
NL32,cooling_tertiary,,0,21,0.0502891,26.0
NL32,cooling_tertiary,,0,21,0.0565753,27.0
NL32,cooling_tertiary,,0,21,0.0628614,28.0
NL32,cooling_tertiary,,0,21,0.0691476,29.0
NL32,cooling_tertiary,,0,21,0.0754337,30.0
NL32,cooling_tertiary,,0,21,0.0817199,31.0
NL32,cooling_tertiary,,0,21,0.0880062,32.0
NL32,cooling_tertiary,,0,21,0.0942918,33.0
NL32,cooling_tertiary,,0,21,0.100578,34.0
NL32,cooling_tertiary,,0,21,0.106865,35.0
NL32,cooling_tertiary,,0,21,0.11315,36.0
NL32,cooling_tertiary,,0,21,0.119437,37.0
NL32,cooling_tertiary,,0,21,0.125723,38.0
NL32,cooling_tertiary,,0,21,0.132009,39.0
NL32,cooling_tertiary,,0,21,0.138295,40.0
NL32,cooling_tertiary,,0,22,0.00595487,19.0
NL32,cooling_tertiary,,0,22,0.0119098,20.0
NL32,cooling_tertiary,,0,22,0.0178646,21.0
NL32,cooling_tertiary,,0,22,0.0238195,22.0
NL32,cooling_tertiary,,0,22,0.0297743,23.0
NL32,cooling_tertiary,,0,22,0.0357292,24.0
NL32,cooling_tertiary,,0,22,0.0416841,25.0
NL32,cooling_tertiary,,0,22,0.0476389,26.0
NL32,cooling_tertiary,,0,22,0.0535939,27.0
NL32,cooling_tertiary,,0,22,0.0595487,28.0
NL32,cooling_tertiary,,0,22,0.0655036,29.0
NL32,cooling_tertiary,,0,22,0.0714584,30.0
NL32,cooling_tertiary,,0,22,0.0774133,31.0
NL32,cooling_tertiary,,0,22,0.0833683,32.0
NL32,cooling_tertiary,,0,22,0.0893227,33.0
NL32,cooling_tertiary,,0,22,0.0952779,34.0
NL32,cooling_tertiary,,0,22,0.101233,35.0
NL32,cooling_tertiary,,0,22,0.107187,36.0
NL32,cooling_tertiary,,0,22,0.113143,37.0
NL32,cooling_tertiary,,0,22,0.119098,38.0
NL32,cooling_tertiary,,0,22,0.125052,39.0
NL32,cooling_tertiary,,0,22,0.131007,40.0
NL32,cooling_tertiary,,0,23,0.00579395,19.0
NL32,cooling_tertiary,,0,23,0.0115879,20.0
NL32,cooling_tertiary,,0,23,0.0173819,21.0
NL32,cooling_tertiary,,0,23,0.0231758,22.0
NL32,cooling_tertiary,,0,23,0.0289697,23.0
NL32,cooling_tertiary,,0,23,0.0347637,24.0
NL32,cooling_tertiary,,0,23,0.0405576,25.0
NL32,cooling_tertiary,,0,23,0.0463516,26.0
NL32,cooling_tertiary,,0,23,0.0521456,27.0
NL32,cooling_tertiary,,0,23,0.0579395,28.0
NL32,cooling_tertiary,,0,23,0.0637334,29.0
NL32,cooling_tertiary,,0,23,0.0695274,30.0
NL32,cooling_tertiary,,0,23,0.0753214,31.0
NL32,cooling_tertiary,,0,23,0.0811154,32.0
NL32,cooling_tertiary,,0,23,0.0869089,33.0
NL32,cooling_tertiary,,0,23,0.0927031,34.0
NL32,cooling_tertiary,,0,23,0.0984974,35.0
NL32,cooling_tertiary,,0,23,0.104291,36.0
NL32,cooling_tertiary,,0,23,0.110085,37.0
NL32,cooling_tertiary,,0,23,0.115879,38.0
NL32,cooling_tertiary,,0,23,0.121673,39.0
NL32,cooling_tertiary,,0,23,0.127467,40.0
NL32,cooling_tertiary,,0,24,0.00520299,19.0
NL32,cooling_tertiary,,0,24,0.010406,20.0
NL32,cooling_tertiary,,0,24,0.015609,21.0
NL32,cooling_tertiary,,0,24,0.0208119,22.0
NL32,cooling_tertiary,,0,24,0.0260149,23.0
NL32,cooling_tertiary,,0,24,0.0312179,24.0
NL32,cooling_tertiary,,0,24,0.0364209,25.0
NL32,cooling_tertiary,,0,24,0.0416239,26.0
NL32,cooling_tertiary,,0,24,0.0468269,27.0
NL32,cooling_tertiary,,0,24,0.0520299,28.0
NL32,cooling_tertiary,,0,24,0.0572329,29.0
NL32,cooling_tertiary,,0,24,0.0624358,30.0
NL32,cooling_tertiary,,0,24,0.0676389,31.0
NL32,cooling_tertiary,,0,24,0.072842,32.0
NL32,cooling_tertiary,,0,24,0.0780445,33.0
NL32,cooling_tertiary,,0,24,0.0832478,34.0
NL32,cooling_tertiary,,0,24,0.088451,35.0
NL32,cooling_tertiary,,0,24,0.0936535,36.0
NL32,cooling_tertiary,,0,24,0.0988568,37.0
NL32,cooling_tertiary,,0,24,0.10406,38.0
NL32,cooling_tertiary,,0,24,0.109263,39.0
NL32,cooling_tertiary,,0,24,0.114466,40.0
NL32,cooling_tertiary,,1,1,0.00453482,19.0
NL32,cooling_tertiary,,1,1,0.00906967,20.0
NL32,cooling_tertiary,,1,1,0.0136045,21.0
NL32,cooling_tertiary,,1,1,0.0181393,22.0
NL32,cooling_tertiary,,1,1,0.0226741,23.0
NL32,cooling_tertiary,,1,1,0.027209,24.0
NL32,cooling_tertiary,,1,1,0.0317438,25.0
NL32,cooling_tertiary,,1,1,0.0362786,26.0
NL32,cooling_tertiary,,1,1,0.0408134,27.0
NL32,cooling_tertiary,,1,1,0.0453482,28.0
NL32,cooling_tertiary,,1,1,0.049883,29.0
NL32,cooling_tertiary,,1,1,0.0544178,30.0
NL32,cooling_tertiary,,1,1,0.0589527,31.0
NL32,cooling_tertiary,,1,1,0.0634876,32.0
NL32,cooling_tertiary,,1,1,0.0680221,33.0
NL32,cooling_tertiary,,1,1,0.0725571,34.0
NL32,cooling_tertiary,,1,1,0.0770922,35.0
NL32,cooling_tertiary,,1,1,0.0816266,36.0
NL32,cooling_tertiary,,1,1,0.0861617,37.0
NL32,cooling_tertiary,,1,1,0.0906967,38.0
NL32,cooling_tertiary,,1,1,0.0952312,39.0
NL32,cooling_tertiary,,1,1,0.0997662,40.0
NL32,cooling_tertiary,,1,2,0.00408439,19.0
NL32,cooling_tertiary,,1,2,0.0081688,20.0
NL32,cooling_tertiary,,1,2,0.0122532,21.0
NL32,cooling_tertiary,,1,2,0.0163375,22.0
NL32,cooling_tertiary,,1,2,0.0204219,23.0
NL32,cooling_tertiary,,1,2,0.0245063,24.0
NL32,cooling_tertiary,,1,2,0.0285907,25.0
NL32,cooling_tertiary,,1,2,0.0326751,26.0
NL32,cooling_tertiary,,1,2,0.0367595,27.0
NL32,cooling_tertiary,,1,2,0.0408439,28.0
NL32,cooling_tertiary,,1,2,0.0449282,29.0
NL32,cooling_tertiary,,1,2,0.0490126,30.0
NL32,cooling_tertiary,,1,2,0.053097,31.0
NL32,cooling_tertiary,,1,2,0.0571815,32.0
NL32,cooling_tertiary,,1,2,0.0612656,33.0
NL32,cooling_tertiary,,1,2,0.0653502,34.0
NL32,cooling_tertiary,,1,2,0.0694347,35.0
NL32,cooling_tertiary,,1,2,0.0735188,36.0
NL32,cooling_tertiary,,1,2,0.0776034,37.0
NL32,cooling_tertiary,,1,2,0.081688,38.0
NL32,cooling_tertiary,,1,2,0.085772,39.0
NL32,cooling_tertiary,,1,2,0.0898566,40.0
NL32,cooling_tertiary,,1,3,0.0041084,19.0
NL32,cooling_tertiary,,1,3,0.00821682,20.0
NL32,cooling_tertiary,,1,3,0.0123252,21.0
NL32,cooling_tertiary,,1,3,0.0164336,22.0
NL32,cooling_tertiary,,1,3,0.020542,23.0
NL32,cooling_tertiary,,1,3,0.0246504,24.0
NL32,cooling_tertiary,,1,3,0.0287588,25.0
NL32,cooling_tertiary,,1,3,0.0328672,26.0
NL32,cooling_tertiary,,1,3,0.0369756,27.0
NL32,cooling_tertiary,,1,3,0.041084,28.0
NL32,cooling_tertiary,,1,3,0.0451924,29.0
NL32,cooling_tertiary,,1,3,0.0493008,30.0
NL32,cooling_tertiary,,1,3,0.0534092,31.0
NL32,cooling_tertiary,,1,3,0.0575177,32.0
NL32,cooling_tertiary,,1,3,0.0616257,33.0
NL32,cooling_tertiary,,1,3,0.0657343,34.0
NL32,cooling_tertiary,,1,3,0.0698429,35.0
NL32,cooling_tertiary,,1,3,0.073951,36.0
NL32,cooling_tertiary,,1,3,0.0780596,37.0
NL32,cooling_tertiary,,1,3,0.0821682,38.0
NL32,cooling_tertiary,,1,3,0.0862762,39.0
NL32,cooling_tertiary,,1,3,0.0903849,40.0
NL32,cooling_tertiary,,1,4,0.0043363,19.0
NL32,cooling_tertiary,,1,4,0.00867262,20.0
NL32,cooling_tertiary,,1,4,0.0130089,21.0
NL32,cooling_tertiary,,1,4,0.0173452,22.0
NL32,cooling_tertiary,,1,4,0.0216815,23.0
NL32,cooling_tertiary,,1,4,0.0260178,24.0
NL32,cooling_tertiary,,1,4,0.0303541,25.0
NL32,cooling_tertiary,,1,4,0.0346904,26.0
NL32,cooling_tertiary,,1,4,0.0390267,27.0
NL32,cooling_tertiary,,1,4,0.043363,28.0
NL32,cooling_tertiary,,1,4,0.0476993,29.0
NL32,cooling_tertiary,,1,4,0.0520356,30.0
NL32,cooling_tertiary,,1,4,0.0563719,31.0
NL32,cooling_tertiary,,1,4,0.0607083,32.0
NL32,cooling_tertiary,,1,4,0.0650442,33.0
NL32,cooling_tertiary,,1,4,0.0693808,34.0
NL32,cooling_tertiary,,1,4,0.0737173,35.0
NL32,cooling_tertiary,,1,4,0.0780532,36.0
NL32,cooling_tertiary,,1,4,0.0823897,37.0
NL32,cooling_tertiary,,1,4,0.0867262,38.0
NL32,cooling_tertiary,,1,4,0.0910622,39.0
NL32,cooling_tertiary,,1,4,0.0953987,40.0
NL32,cooling_tertiary,,1,5,0.00504888,19.0
NL32,cooling_tertiary,,1,5,0.0100978,20.0
NL32,cooling_tertiary,,1,5,0.0151466,21.0
NL32,cooling_tertiary,,1,5,0.0201955,22.0
NL32,cooling_tertiary,,1,5,0.0252444,23.0
NL32,cooling_tertiary,,1,5,0.0302933,24.0
NL32,cooling_tertiary,,1,5,0.0353421,25.0
NL32,cooling_tertiary,,1,5,0.040391,26.0
NL32,cooling_tertiary,,1,5,0.0454399,27.0
NL32,cooling_tertiary,,1,5,0.0504888,28.0
NL32,cooling_tertiary,,1,5,0.0555376,29.0
NL32,cooling_tertiary,,1,5,0.0605865,30.0
NL32,cooling_tertiary,,1,5,0.0656354,31.0
NL32,cooling_tertiary,,1,5,0.0706844,32.0
NL32,cooling_tertiary,,1,5,0.0757329,33.0
NL32,cooling_tertiary,,1,5,0.080782,34.0
NL32,cooling_tertiary,,1,5,0.0858311,35.0
NL32,cooling_tertiary,,1,5,0.0908796,36.0
NL32,cooling_tertiary,,1,5,0.0959287,37.0
NL32,cooling_tertiary,,1,5,0.100978,38.0
NL32,cooling_tertiary,,1,5,0.106026,39.0
NL32,cooling_tertiary,,1,5,0.111075,40.0
NL32,cooling_tertiary,,1,6,0.0066716,19.0
NL32,cooling_tertiary,,1,6,0.0133432,20.0
NL32,cooling_tertiary,,1,6,0.0200148,21.0
NL32,cooling_tertiary,,1,6,0.0266864,22.0
NL32,cooling_tertiary,,1,6,0.033358,23.0
NL32,cooling_tertiary,,1,6,0.0400296,24.0
NL32,cooling_tertiary,,1,6,0.0467012,25.0
NL32,cooling_tertiary,,1,6,0.0533728,26.0
NL32,cooling_tertiary,,1,6,0.0600444,27.0
NL32,cooling_tertiary,,1,6,0.066716,28.0
NL32,cooling_tertiary,,1,6,0.0733876,29.0
NL32,cooling_tertiary,,1,6,0.0800591,30.0
NL32,cooling_tertiary,,1,6,0.0867308,31.0
NL32,cooling_tertiary,,1,6,0.0934026,32.0
NL32,cooling_tertiary,,1,6,0.100074,33.0
NL32,cooling_tertiary,,1,6,0.106746,34.0
NL32,cooling_tertiary,,1,6,0.113417,35.0
NL32,cooling_tertiary,,1,6,0.120088,36.0
NL32,cooling_tertiary,,1,6,0.12676,37.0
NL32,cooling_tertiary,,1,6,0.133432,38.0
NL32,cooling_tertiary,,1,6,0.140103,39.0
NL32,cooling_tertiary,,1,6,0.146775,40.0
NL32,cooling_tertiary,,1,7,0.00831684,19.0
NL32,cooling_tertiary,,1,7,0.0166337,20.0
NL32,cooling_tertiary,,1,7,0.0249505,21.0
NL32,cooling_tertiary,,1,7,0.0332673,22.0
NL32,cooling_tertiary,,1,7,0.0415841,23.0
NL32,cooling_tertiary,,1,7,0.049901,24.0
NL32,cooling_tertiary,,1,7,0.0582179,25.0
NL32,cooling_tertiary,,1,7,0.0665347,26.0
NL32,cooling_tertiary,,1,7,0.0748516,27.0
NL32,cooling_tertiary,,1,7,0.0831684,28.0
NL32,cooling_tertiary,,1,7,0.0914852,29.0
NL32,cooling_tertiary,,1,7,0.099802,30.0
NL32,cooling_tertiary,,1,7,0.108119,31.0
NL32,cooling_tertiary,,1,7,0.116436,32.0
NL32,cooling_tertiary,,1,7,0.124752,33.0
NL32,cooling_tertiary,,1,7,0.133069,34.0
NL32,cooling_tertiary,,1,7,0.141387,35.0
NL32,cooling_tertiary,,1,7,0.149703,36.0
NL32,cooling_tertiary,,1,7,0.15802,37.0
NL32,cooling_tertiary,,1,7,0.166337,38.0
NL32,cooling_tertiary,,1,7,0.174653,39.0
NL32,cooling_tertiary,,1,7,0.182971,40.0
NL32,cooling_tertiary,,1,8,0.00961185,19.0
NL32,cooling_tertiary,,1,8,0.0192238,20.0
NL32,cooling_tertiary,,1,8,0.0288356,21.0
NL32,cooling_tertiary,,1,8,0.0384474,22.0
NL32,cooling_tertiary,,1,8,0.0480592,23.0
NL32,cooling_tertiary,,1,8,0.0576711,24.0
NL32,cooling_tertiary,,1,8,0.0672829,25.0
NL32,cooling_tertiary,,1,8,0.0768948,26.0
NL32,cooling_tertiary,,1,8,0.0865067,27.0
NL32,cooling_tertiary,,1,8,0.0961185,28.0
NL32,cooling_tertiary,,1,8,0.10573,29.0
NL32,cooling_tertiary,,1,8,0.115342,30.0
NL32,cooling_tertiary,,1,8,0.124954,31.0
NL32,cooling_tertiary,,1,8,0.134566,32.0
NL32,cooling_tertiary,,1,8,0.144177,33.0
NL32,cooling_tertiary,,1,8,0.15379,34.0
NL32,cooling_tertiary,,1,8,0.163402,35.0
NL32,cooling_tertiary,,1,8,0.173013,36.0
NL32,cooling_tertiary,,1,8,0.182625,37.0
NL32,cooling_tertiary,,1,8,0.192238,38.0
NL32,cooling_tertiary,,1,8,0.201849,39.0
NL32,cooling_tertiary,,1,8,0.211461,40.0
NL32,cooling_tertiary,,1,9,0.0100533,19.0
NL32,cooling_tertiary,,1,9,0.0201067,20.0
NL32,cooling_tertiary,,1,9,0.03016,21.0
NL32,cooling_tertiary,,1,9,0.0402133,22.0
NL32,cooling_tertiary,,1,9,0.0502666,23.0
NL32,cooling_tertiary,,1,9,0.06032,24.0
NL32,cooling_tertiary,,1,9,0.0703733,25.0
NL32,cooling_tertiary,,1,9,0.0804266,26.0
NL32,cooling_tertiary,,1,9,0.09048,27.0
NL32,cooling_tertiary,,1,9,0.100533,28.0
NL32,cooling_tertiary,,1,9,0.110587,29.0
NL32,cooling_tertiary,,1,9,0.12064,30.0
NL32,cooling_tertiary,,1,9,0.130693,31.0
NL32,cooling_tertiary,,1,9,0.140747,32.0
NL32,cooling_tertiary,,1,9,0.150799,33.0
NL32,cooling_tertiary,,1,9,0.160853,34.0
NL32,cooling_tertiary,,1,9,0.170907,35.0
NL32,cooling_tertiary,,1,9,0.180959,36.0
NL32,cooling_tertiary,,1,9,0.191013,37.0
NL32,cooling_tertiary,,1,9,0.201067,38.0
NL32,cooling_tertiary,,1,9,0.21112,39.0
NL32,cooling_tertiary,,1,9,0.221173,40.0
NL32,cooling_tertiary,,1,10,0.0103347,19.0
NL32,cooling_tertiary,,1,10,0.0206694,20.0
NL32,cooling_tertiary,,1,10,0.0310041,21.0
NL32,cooling_tertiary,,1,10,0.0413387,22.0
NL32,cooling_tertiary,,1,10,0.0516733,23.0
NL32,cooling_tertiary,,1,10,0.0620081,24.0
NL32,cooling_tertiary,,1,10,0.0723428,25.0
NL32,cooling_tertiary,,1,10,0.0826774,26.0
NL32,cooling_tertiary,,1,10,0.0930122,27.0
NL32,cooling_tertiary,,1,10,0.103347,28.0
NL32,cooling_tertiary,,1,10,0.113681,29.0
NL32,cooling_tertiary,,1,10,0.124016,30.0
NL32,cooling_tertiary,,1,10,0.134351,31.0
NL32,cooling_tertiary,,1,10,0.144686,32.0
NL32,cooling_tertiary,,1,10,0.15502,33.0
NL32,cooling_tertiary,,1,10,0.165355,34.0
NL32,cooling_tertiary,,1,10,0.17569,35.0
NL32,cooling_tertiary,,1,10,0.186024,36.0
NL32,cooling_tertiary,,1,10,0.196359,37.0
NL32,cooling_tertiary,,1,10,0.206694,38.0
NL32,cooling_tertiary,,1,10,0.217028,39.0
NL32,cooling_tertiary,,1,10,0.227363,40.0
NL32,cooling_tertiary,,1,11,0.0103803,19.0
NL32,cooling_tertiary,,1,11,0.0207607,20.0
NL32,cooling_tertiary,,1,11,0.031141,21.0
NL32,cooling_tertiary,,1,11,0.0415213,22.0
NL32,cooling_tertiary,,1,11,0.0519016,23.0
NL32,cooling_tertiary,,1,11,0.062282,24.0
NL32,cooling_tertiary,,1,11,0.0726623,25.0
NL32,cooling_tertiary,,1,11,0.0830426,26.0
NL32,cooling_tertiary,,1,11,0.093423,27.0
NL32,cooling_tertiary,,1,11,0.103803,28.0
NL32,cooling_tertiary,,1,11,0.114184,29.0
NL32,cooling_tertiary,,1,11,0.124564,30.0
NL32,cooling_tertiary,,1,11,0.134944,31.0
NL32,cooling_tertiary,,1,11,0.145325,32.0
NL32,cooling_tertiary,,1,11,0.155704,33.0
NL32,cooling_tertiary,,1,11,0.166085,34.0
NL32,cooling_tertiary,,1,11,0.176466,35.0
NL32,cooling_tertiary,,1,11,0.186845,36.0
NL32,cooling_tertiary,,1,11,0.197226,37.0
NL32,cooling_tertiary,,1,11,0.207607,38.0
NL32,cooling_tertiary,,1,11,0.217987,39.0
NL32,cooling_tertiary,,1,11,0.228367,40.0
NL32,cooling_tertiary,,1,12,0.010447,19.0
NL32,cooling_tertiary,,1,12,0.020894,20.0
NL32,cooling_tertiary,,1,12,0.031341,21.0
NL32,cooling_tertiary,,1,12,0.0417879,22.0
NL32,cooling_tertiary,,1,12,0.0522348,23.0
NL32,cooling_tertiary,,1,12,0.0626819,24.0
NL32,cooling_tertiary,,1,12,0.0731288,25.0
NL32,cooling_tertiary,,1,12,0.0835758,26.0
NL32,cooling_tertiary,,1,12,0.0940229,27.0
NL32,cooling_tertiary,,1,12,0.10447,28.0
NL32,cooling_tertiary,,1,12,0.114917,29.0
NL32,cooling_tertiary,,1,12,0.125364,30.0
NL32,cooling_tertiary,,1,12,0.135811,31.0
NL32,cooling_tertiary,,1,12,0.146258,32.0
NL32,cooling_tertiary,,1,12,0.156704,33.0
NL32,cooling_tertiary,,1,12,0.167152,34.0
NL32,cooling_tertiary,,1,12,0.177599,35.0
NL32,cooling_tertiary,,1,12,0.188045,36.0
NL32,cooling_tertiary,,1,12,0.198493,37.0
NL32,cooling_tertiary,,1,12,0.20894,38.0
NL32,cooling_tertiary,,1,12,0.219386,39.0
NL32,cooling_tertiary,,1,12,0.229834,40.0
NL32,cooling_tertiary,,1,13,0.0104436,19.0
NL32,cooling_tertiary,,1,13,0.0208873,20.0
NL32,cooling_tertiary,,1,13,0.0313309,21.0
NL32,cooling_tertiary,,1,13,0.0417745,22.0
NL32,cooling_tertiary,,1,13,0.0522181,23.0
NL32,cooling_tertiary,,1,13,0.0626618,24.0
NL32,cooling_tertiary,,1,13,0.0731054,25.0
NL32,cooling_tertiary,,1,13,0.083549,26.0
NL32,cooling_tertiary,,1,13,0.0939927,27.0
NL32,cooling_tertiary,,1,13,0.104436,28.0
NL32,cooling_tertiary,,1,13,0.11488,29.0
NL32,cooling_tertiary,,1,13,0.125323,30.0
NL32,cooling_tertiary,,1,13,0.135767,31.0
NL32,cooling_tertiary,,1,13,0.146211,32.0
NL32,cooling_tertiary,,1,13,0.156654,33.0
NL32,cooling_tertiary,,1,13,0.167098,34.0
NL32,cooling_tertiary,,1,13,0.177542,35.0
NL32,cooling_tertiary,,1,13,0.187985,36.0
NL32,cooling_tertiary,,1,13,0.198429,37.0
NL32,cooling_tertiary,,1,13,0.208873,38.0
NL32,cooling_tertiary,,1,13,0.219316,39.0
NL32,cooling_tertiary,,1,13,0.22976,40.0
NL32,cooling_tertiary,,1,14,0.0104065,19.0
NL32,cooling_tertiary,,1,14,0.0208131,20.0
NL32,cooling_tertiary,,1,14,0.0312196,21.0
NL32,cooling_tertiary,,1,14,0.0416261,22.0
NL32,cooling_tertiary,,1,14,0.0520326,23.0
NL32,cooling_tertiary,,1,14,0.0624393,24.0
NL32,cooling_tertiary,,1,14,0.0728458,25.0
NL32,cooling_tertiary,,1,14,0.0832523,26.0
NL32,cooling_tertiary,,1,14,0.0936589,27.0
NL32,cooling_tertiary,,1,14,0.104065,28.0
NL32,cooling_tertiary,,1,14,0.114472,29.0
NL32,cooling_tertiary,,1,14,0.124878,30.0
NL32,cooling_tertiary,,1,14,0.135285,31.0
NL32,cooling_tertiary,,1,14,0.145692,32.0
NL32,cooling_tertiary,,1,14,0.156098,33.0
NL32,cooling_tertiary,,1,14,0.166505,34.0
NL32,cooling_tertiary,,1,14,0.176912,35.0
NL32,cooling_tertiary,,1,14,0.187317,36.0
NL32,cooling_tertiary,,1,14,0.197724,37.0
NL32,cooling_tertiary,,1,14,0.208131,38.0
NL32,cooling_tertiary,,1,14,0.218537,39.0
NL32,cooling_tertiary,,1,14,0.228944,40.0
NL32,cooling_tertiary,,1,15,0.0103804,19.0
NL32,cooling_tertiary,,1,15,0.0207609,20.0
NL32,cooling_tertiary,,1,15,0.0311412,21.0
NL32,cooling_tertiary,,1,15,0.0415216,22.0
NL32,cooling_tertiary,,1,15,0.051902,23.0
NL32,cooling_tertiary,,1,15,0.0622825,24.0
NL32,cooling_tertiary,,1,15,0.0726628,25.0
NL32,cooling_tertiary,,1,15,0.0830432,26.0
NL32,cooling_tertiary,,1,15,0.0934237,27.0
NL32,cooling_tertiary,,1,15,0.103804,28.0
NL32,cooling_tertiary,,1,15,0.114184,29.0
NL32,cooling_tertiary,,1,15,0.124565,30.0
NL32,cooling_tertiary,,1,15,0.134945,31.0
NL32,cooling_tertiary,,1,15,0.145326,32.0
NL32,cooling_tertiary,,1,15,0.155705,33.0
NL32,cooling_tertiary,,1,15,0.166086,34.0
NL32,cooling_tertiary,,1,15,0.176467,35.0
NL32,cooling_tertiary,,1,15,0.186847,36.0
NL32,cooling_tertiary,,1,15,0.197228,37.0
NL32,cooling_tertiary,,1,15,0.207609,38.0
NL32,cooling_tertiary,,1,15,0.217988,39.0
NL32,cooling_tertiary,,1,15,0.228369,40.0
NL32,cooling_tertiary,,1,16,0.0102881,19.0
NL32,cooling_tertiary,,1,16,0.0205763,20.0
NL32,cooling_tertiary,,1,16,0.0308643,21.0
NL32,cooling_tertiary,,1,16,0.0411524,22.0
NL32,cooling_tertiary,,1,16,0.0514405,23.0
NL32,cooling_tertiary,,1,16,0.0617287,24.0
NL32,cooling_tertiary,,1,16,0.0720168,25.0
NL32,cooling_tertiary,,1,16,0.0823048,26.0
NL32,cooling_tertiary,,1,16,0.092593,27.0
NL32,cooling_tertiary,,1,16,0.102881,28.0
NL32,cooling_tertiary,,1,16,0.113169,29.0
NL32,cooling_tertiary,,1,16,0.123457,30.0
NL32,cooling_tertiary,,1,16,0.133745,31.0
NL32,cooling_tertiary,,1,16,0.144034,32.0
NL32,cooling_tertiary,,1,16,0.154321,33.0
NL32,cooling_tertiary,,1,16,0.16461,34.0
NL32,cooling_tertiary,,1,16,0.174898,35.0
NL32,cooling_tertiary,,1,16,0.185186,36.0
NL32,cooling_tertiary,,1,16,0.195474,37.0
NL32,cooling_tertiary,,1,16,0.205763,38.0
NL32,cooling_tertiary,,1,16,0.21605,39.0
NL32,cooling_tertiary,,1,16,0.226339,40.0
NL32,cooling_tertiary,,1,17,0.0100805,19.0
NL32,cooling_tertiary,,1,17,0.020161,20.0
NL32,cooling_tertiary,,1,17,0.0302414,21.0
NL32,cooling_tertiary,,1,17,0.0403219,22.0
NL32,cooling_tertiary,,1,17,0.0504023,23.0
NL32,cooling_tertiary,,1,17,0.0604829,24.0
NL32,cooling_tertiary,,1,17,0.0705633,25.0
NL32,cooling_tertiary,,1,17,0.0806438,26.0
NL32,cooling_tertiary,,1,17,0.0907243,27.0
NL32,cooling_tertiary,,1,17,0.100805,28.0
NL32,cooling_tertiary,,1,17,0.110885,29.0
NL32,cooling_tertiary,,1,17,0.120966,30.0
NL32,cooling_tertiary,,1,17,0.131046,31.0
NL32,cooling_tertiary,,1,17,0.141127,32.0
NL32,cooling_tertiary,,1,17,0.151207,33.0
NL32,cooling_tertiary,,1,17,0.161288,34.0
NL32,cooling_tertiary,,1,17,0.171369,35.0
NL32,cooling_tertiary,,1,17,0.181448,36.0
NL32,cooling_tertiary,,1,17,0.191529,37.0
NL32,cooling_tertiary,,1,17,0.20161,38.0
NL32,cooling_tertiary,,1,17,0.21169,39.0
NL32,cooling_tertiary,,1,17,0.221771,40.0
NL32,cooling_tertiary,,1,18,0.00872931,19.0
NL32,cooling_tertiary,,1,18,0.0174587,20.0
NL32,cooling_tertiary,,1,18,0.0261879,21.0
NL32,cooling_tertiary,,1,18,0.0349172,22.0
NL32,cooling_tertiary,,1,18,0.0436465,23.0
NL32,cooling_tertiary,,1,18,0.0523759,24.0
NL32,cooling_tertiary,,1,18,0.0611052,25.0
NL32,cooling_tertiary,,1,18,0.0698344,26.0
NL32,cooling_tertiary,,1,18,0.0785638,27.0
NL32,cooling_tertiary,,1,18,0.0872931,28.0
NL32,cooling_tertiary,,1,18,0.0960224,29.0
NL32,cooling_tertiary,,1,18,0.104752,30.0
NL32,cooling_tertiary,,1,18,0.113481,31.0
NL32,cooling_tertiary,,1,18,0.122211,32.0
NL32,cooling_tertiary,,1,18,0.130939,33.0
NL32,cooling_tertiary,,1,18,0.139669,34.0
NL32,cooling_tertiary,,1,18,0.148399,35.0
NL32,cooling_tertiary,,1,18,0.157127,36.0
NL32,cooling_tertiary,,1,18,0.165857,37.0
NL32,cooling_tertiary,,1,18,0.174587,38.0
NL32,cooling_tertiary,,1,18,0.183315,39.0
NL32,cooling_tertiary,,1,18,0.192045,40.0
NL32,cooling_tertiary,,1,19,0.00729087,19.0
NL32,cooling_tertiary,,1,19,0.0145818,20.0
NL32,cooling_tertiary,,1,19,0.0218726,21.0
NL32,cooling_tertiary,,1,19,0.0291635,22.0
NL32,cooling_tertiary,,1,19,0.0364543,23.0
NL32,cooling_tertiary,,1,19,0.0437453,24.0
NL32,cooling_tertiary,,1,19,0.0510361,25.0
NL32,cooling_tertiary,,1,19,0.0583269,26.0
NL32,cooling_tertiary,,1,19,0.0656179,27.0
NL32,cooling_tertiary,,1,19,0.0729087,28.0
NL32,cooling_tertiary,,1,19,0.0801996,29.0
NL32,cooling_tertiary,,1,19,0.0874904,30.0
NL32,cooling_tertiary,,1,19,0.0947814,31.0
NL32,cooling_tertiary,,1,19,0.102072,32.0
NL32,cooling_tertiary,,1,19,0.109363,33.0
NL32,cooling_tertiary,,1,19,0.116654,34.0
NL32,cooling_tertiary,,1,19,0.123945,35.0
NL32,cooling_tertiary,,1,19,0.131235,36.0
NL32,cooling_tertiary,,1,19,0.138527,37.0
NL32,cooling_tertiary,,1,19,0.145818,38.0
NL32,cooling_tertiary,,1,19,0.153108,39.0
NL32,cooling_tertiary,,1,19,0.160399,40.0
NL32,cooling_tertiary,,1,20,0.00607154,19.0
NL32,cooling_tertiary,,1,20,0.0121431,20.0
NL32,cooling_tertiary,,1,20,0.0182146,21.0
NL32,cooling_tertiary,,1,20,0.0242861,22.0
NL32,cooling_tertiary,,1,20,0.0303576,23.0
NL32,cooling_tertiary,,1,20,0.0364292,24.0
NL32,cooling_tertiary,,1,20,0.0425008,25.0
NL32,cooling_tertiary,,1,20,0.0485723,26.0
NL32,cooling_tertiary,,1,20,0.0546439,27.0
NL32,cooling_tertiary,,1,20,0.0607154,28.0
NL32,cooling_tertiary,,1,20,0.0667869,29.0
NL32,cooling_tertiary,,1,20,0.0728584,30.0
NL32,cooling_tertiary,,1,20,0.07893,31.0
NL32,cooling_tertiary,,1,20,0.0850017,32.0
NL32,cooling_tertiary,,1,20,0.0910727,33.0
NL32,cooling_tertiary,,1,20,0.0971445,34.0
NL32,cooling_tertiary,,1,20,0.103216,35.0
NL32,cooling_tertiary,,1,20,0.109287,36.0
NL32,cooling_tertiary,,1,20,0.115359,37.0
NL32,cooling_tertiary,,1,20,0.121431,38.0
NL32,cooling_tertiary,,1,20,0.127502,39.0
NL32,cooling_tertiary,,1,20,0.133574,40.0
NL32,cooling_tertiary,,1,21,0.00594736,19.0
NL32,cooling_tertiary,,1,21,0.0118948,20.0
NL32,cooling_tertiary,,1,21,0.0178421,21.0
NL32,cooling_tertiary,,1,21,0.0237894,22.0
NL32,cooling_tertiary,,1,21,0.0297368,23.0
NL32,cooling_tertiary,,1,21,0.0356842,24.0
NL32,cooling_tertiary,,1,21,0.0416315,25.0
NL32,cooling_tertiary,,1,21,0.0475789,26.0
NL32,cooling_tertiary,,1,21,0.0535263,27.0
NL32,cooling_tertiary,,1,21,0.0594736,28.0
NL32,cooling_tertiary,,1,21,0.065421,29.0
NL32,cooling_tertiary,,1,21,0.0713683,30.0
NL32,cooling_tertiary,,1,21,0.0773157,31.0
NL32,cooling_tertiary,,1,21,0.0832632,32.0
NL32,cooling_tertiary,,1,21,0.0892101,33.0
NL32,cooling_tertiary,,1,21,0.0951577,34.0
NL32,cooling_tertiary,,1,21,0.101105,35.0
NL32,cooling_tertiary,,1,21,0.107052,36.0
NL32,cooling_tertiary,,1,21,0.113,37.0
NL32,cooling_tertiary,,1,21,0.118948,38.0
NL32,cooling_tertiary,,1,21,0.124894,39.0
NL32,cooling_tertiary,,1,21,0.130842,40.0
NL32,cooling_tertiary,,1,22,0.00574617,19.0
NL32,cooling_tertiary,,1,22,0.0114924,20.0
NL32,cooling_tertiary,,1,22,0.0172385,21.0
NL32,cooling_tertiary,,1,22,0.0229847,22.0
NL32,cooling_tertiary,,1,22,0.0287308,23.0
NL32,cooling_tertiary,,1,22,0.0344771,24.0
NL32,cooling_tertiary,,1,22,0.0402232,25.0
NL32,cooling_tertiary,,1,22,0.0459694,26.0
NL32,cooling_tertiary,,1,22,0.0517156,27.0
NL32,cooling_tertiary,,1,22,0.0574617,28.0
NL32,cooling_tertiary,,1,22,0.0632079,29.0
NL32,cooling_tertiary,,1,22,0.068954,30.0
NL32,cooling_tertiary,,1,22,0.0747003,31.0
NL32,cooling_tertiary,,1,22,0.0804466,32.0
NL32,cooling_tertiary,,1,22,0.0861923,33.0
NL32,cooling_tertiary,,1,22,0.0919387,34.0
NL32,cooling_tertiary,,1,22,0.0976852,35.0
NL32,cooling_tertiary,,1,22,0.103431,36.0
NL32,cooling_tertiary,,1,22,0.109177,37.0
NL32,cooling_tertiary,,1,22,0.114924,38.0
NL32,cooling_tertiary,,1,22,0.120669,39.0
NL32,cooling_tertiary,,1,22,0.126416,40.0
NL32,cooling_tertiary,,1,23,0.0056262,19.0
NL32,cooling_tertiary,,1,23,0.0112524,20.0
NL32,cooling_tertiary,,1,23,0.0168786,21.0
NL32,cooling_tertiary,,1,23,0.0225048,22.0
NL32,cooling_tertiary,,1,23,0.028131,23.0
NL32,cooling_tertiary,,1,23,0.0337572,24.0
NL32,cooling_tertiary,,1,23,0.0393834,25.0
NL32,cooling_tertiary,,1,23,0.0450096,26.0
NL32,cooling_tertiary,,1,23,0.0506358,27.0
NL32,cooling_tertiary,,1,23,0.056262,28.0
NL32,cooling_tertiary,,1,23,0.0618882,29.0
NL32,cooling_tertiary,,1,23,0.0675143,30.0
NL32,cooling_tertiary,,1,23,0.0731406,31.0
NL32,cooling_tertiary,,1,23,0.0787669,32.0
NL32,cooling_tertiary,,1,23,0.0843926,33.0
NL32,cooling_tertiary,,1,23,0.0900191,34.0
NL32,cooling_tertiary,,1,23,0.0956456,35.0
NL32,cooling_tertiary,,1,23,0.101271,36.0
NL32,cooling_tertiary,,1,23,0.106898,37.0
NL32,cooling_tertiary,,1,23,0.112524,38.0
NL32,cooling_tertiary,,1,23,0.11815,39.0
NL32,cooling_tertiary,,1,23,0.123776,40.0
NL32,cooling_tertiary,,1,24,0.00507881,19.0
NL32,cooling_tertiary,,1,24,0.0101576,20.0
NL32,cooling_tertiary,,1,24,0.0152364,21.0
NL32,cooling_tertiary,,1,24,0.0203152,22.0
NL32,cooling_tertiary,,1,24,0.025394,23.0
NL32,cooling_tertiary,,1,24,0.0304729,24.0
NL32,cooling_tertiary,,1,24,0.0355516,25.0
NL32,cooling_tertiary,,1,24,0.0406304,26.0
NL32,cooling_tertiary,,1,24,0.0457093,27.0
NL32,cooling_tertiary,,1,24,0.0507881,28.0
NL32,cooling_tertiary,,1,24,0.0558669,29.0
NL32,cooling_tertiary,,1,24,0.0609456,30.0
NL32,cooling_tertiary,,1,24,0.0660245,31.0
NL32,cooling_tertiary,,1,24,0.0711034,32.0
NL32,cooling_tertiary,,1,24,0.0761818,33.0
NL32,cooling_tertiary,,1,24,0.0812609,34.0
NL32,cooling_tertiary,,1,24,0.0863399,35.0
NL32,cooling_tertiary,,1,24,0.0914183,36.0
NL32,cooling_tertiary,,1,24,0.0964974,37.0
NL32,cooling_tertiary,,1,24,0.101576,38.0
NL32,cooling_tertiary,,1,24,0.106655,39.0
NL32,cooling_tertiary,,1,24,0.111734,40.0
NL32,cooling_tertiary,,2,1,0.00451142,19.0
NL32,cooling_tertiary,,2,1,0.00902286,20.0
NL32,cooling_tertiary,,2,1,0.0135343,21.0
NL32,cooling_tertiary,,2,1,0.0180457,22.0
NL32,cooling_tertiary,,2,1,0.0225571,23.0
NL32,cooling_tertiary,,2,1,0.0270685,24.0
NL32,cooling_tertiary,,2,1,0.0315799,25.0
NL32,cooling_tertiary,,2,1,0.0360913,26.0
NL32,cooling_tertiary,,2,1,0.0406028,27.0
NL32,cooling_tertiary,,2,1,0.0451142,28.0
NL32,cooling_tertiary,,2,1,0.0496256,29.0
NL32,cooling_tertiary,,2,1,0.054137,30.0
NL32,cooling_tertiary,,2,1,0.0586485,31.0
NL32,cooling_tertiary,,2,1,0.06316,32.0
NL32,cooling_tertiary,,2,1,0.067671,33.0
NL32,cooling_tertiary,,2,1,0.0721827,34.0
NL32,cooling_tertiary,,2,1,0.0766943,35.0
NL32,cooling_tertiary,,2,1,0.0812053,36.0
NL32,cooling_tertiary,,2,1,0.085717,37.0
NL32,cooling_tertiary,,2,1,0.0902286,38.0
NL32,cooling_tertiary,,2,1,0.0947397,39.0
NL32,cooling_tertiary,,2,1,0.0992513,40.0
NL32,cooling_tertiary,,2,2,0.00406395,19.0
NL32,cooling_tertiary,,2,2,0.00812792,20.0
NL32,cooling_tertiary,,2,2,0.0121919,21.0
NL32,cooling_tertiary,,2,2,0.0162558,22.0
NL32,cooling_tertiary,,2,2,0.0203197,23.0
NL32,cooling_tertiary,,2,2,0.0243837,24.0
NL32,cooling_tertiary,,2,2,0.0284477,25.0
NL32,cooling_tertiary,,2,2,0.0325116,26.0
NL32,cooling_tertiary,,2,2,0.0365756,27.0
NL32,cooling_tertiary,,2,2,0.0406395,28.0
NL32,cooling_tertiary,,2,2,0.0447034,29.0
NL32,cooling_tertiary,,2,2,0.0487674,30.0
NL32,cooling_tertiary,,2,2,0.0528314,31.0
NL32,cooling_tertiary,,2,2,0.0568954,32.0
NL32,cooling_tertiary,,2,2,0.060959,33.0
NL32,cooling_tertiary,,2,2,0.0650232,34.0
NL32,cooling_tertiary,,2,2,0.0690873,35.0
NL32,cooling_tertiary,,2,2,0.0731509,36.0
NL32,cooling_tertiary,,2,2,0.0772151,37.0
NL32,cooling_tertiary,,2,2,0.0812792,38.0
NL32,cooling_tertiary,,2,2,0.0853428,39.0
NL32,cooling_tertiary,,2,2,0.089407,40.0
NL32,cooling_tertiary,,2,3,0.00408779,19.0
NL32,cooling_tertiary,,2,3,0.00817561,20.0
NL32,cooling_tertiary,,2,3,0.0122634,21.0
NL32,cooling_tertiary,,2,3,0.0163512,22.0
NL32,cooling_tertiary,,2,3,0.0204389,23.0
NL32,cooling_tertiary,,2,3,0.0245268,24.0
NL32,cooling_tertiary,,2,3,0.0286146,25.0
NL32,cooling_tertiary,,2,3,0.0327023,26.0
NL32,cooling_tertiary,,2,3,0.0367902,27.0
NL32,cooling_tertiary,,2,3,0.0408779,28.0
NL32,cooling_tertiary,,2,3,0.0449657,29.0
NL32,cooling_tertiary,,2,3,0.0490535,30.0
NL32,cooling_tertiary,,2,3,0.0531413,31.0
NL32,cooling_tertiary,,2,3,0.0572292,32.0
NL32,cooling_tertiary,,2,3,0.0613167,33.0
NL32,cooling_tertiary,,2,3,0.0654047,34.0
NL32,cooling_tertiary,,2,3,0.0694927,35.0
NL32,cooling_tertiary,,2,3,0.0735801,36.0
NL32,cooling_tertiary,,2,3,0.0776681,37.0
NL32,cooling_tertiary,,2,3,0.0817561,38.0
NL32,cooling_tertiary,,2,3,0.0858435,39.0
NL32,cooling_tertiary,,2,3,0.0899315,40.0
NL32,cooling_tertiary,,2,4,0.00421272,19.0
NL32,cooling_tertiary,,2,4,0.00842547,20.0
NL32,cooling_tertiary,,2,4,0.0126382,21.0
NL32,cooling_tertiary,,2,4,0.0168509,22.0
NL32,cooling_tertiary,,2,4,0.0210636,23.0
NL32,cooling_tertiary,,2,4,0.0252764,24.0
NL32,cooling_tertiary,,2,4,0.0294891,25.0
NL32,cooling_tertiary,,2,4,0.0337018,26.0
NL32,cooling_tertiary,,2,4,0.0379145,27.0
NL32,cooling_tertiary,,2,4,0.0421272,28.0
NL32,cooling_tertiary,,2,4,0.04634,29.0
NL32,cooling_tertiary,,2,4,0.0505527,30.0
NL32,cooling_tertiary,,2,4,0.0547654,31.0
NL32,cooling_tertiary,,2,4,0.0589782,32.0
NL32,cooling_tertiary,,2,4,0.0631906,33.0
NL32,cooling_tertiary,,2,4,0.0674035,34.0
NL32,cooling_tertiary,,2,4,0.0716165,35.0
NL32,cooling_tertiary,,2,4,0.0758288,36.0
NL32,cooling_tertiary,,2,4,0.0800418,37.0
NL32,cooling_tertiary,,2,4,0.0842547,38.0
NL32,cooling_tertiary,,2,4,0.0884671,39.0
NL32,cooling_tertiary,,2,4,0.09268,40.0
NL32,cooling_tertiary,,2,5,0.00447246,19.0
NL32,cooling_tertiary,,2,5,0.00894494,20.0
NL32,cooling_tertiary,,2,5,0.0134174,21.0
NL32,cooling_tertiary,,2,5,0.0178898,22.0
NL32,cooling_tertiary,,2,5,0.0223623,23.0
NL32,cooling_tertiary,,2,5,0.0268348,24.0
NL32,cooling_tertiary,,2,5,0.0313072,25.0
NL32,cooling_tertiary,,2,5,0.0357796,26.0
NL32,cooling_tertiary,,2,5,0.0402521,27.0
NL32,cooling_tertiary,,2,5,0.0447246,28.0
NL32,cooling_tertiary,,2,5,0.049197,29.0
NL32,cooling_tertiary,,2,5,0.0536694,30.0
NL32,cooling_tertiary,,2,5,0.0581419,31.0
NL32,cooling_tertiary,,2,5,0.0626145,32.0
NL32,cooling_tertiary,,2,5,0.0670866,33.0
NL32,cooling_tertiary,,2,5,0.0715593,34.0
NL32,cooling_tertiary,,2,5,0.0760319,35.0
NL32,cooling_tertiary,,2,5,0.080504,36.0
NL32,cooling_tertiary,,2,5,0.0849767,37.0
NL32,cooling_tertiary,,2,5,0.0894494,38.0
NL32,cooling_tertiary,,2,5,0.0939214,39.0
NL32,cooling_tertiary,,2,5,0.0983941,40.0
NL32,cooling_tertiary,,2,6,0.00514595,19.0
NL32,cooling_tertiary,,2,6,0.0102919,20.0
NL32,cooling_tertiary,,2,6,0.0154379,21.0
NL32,cooling_tertiary,,2,6,0.0205838,22.0
NL32,cooling_tertiary,,2,6,0.0257297,23.0
NL32,cooling_tertiary,,2,6,0.0308757,24.0
NL32,cooling_tertiary,,2,6,0.0360216,25.0
NL32,cooling_tertiary,,2,6,0.0411676,26.0
NL32,cooling_tertiary,,2,6,0.0463136,27.0
NL32,cooling_tertiary,,2,6,0.0514595,28.0
NL32,cooling_tertiary,,2,6,0.0566054,29.0
NL32,cooling_tertiary,,2,6,0.0617514,30.0
NL32,cooling_tertiary,,2,6,0.0668974,31.0
NL32,cooling_tertiary,,2,6,0.0720434,32.0
NL32,cooling_tertiary,,2,6,0.0771889,33.0
NL32,cooling_tertiary,,2,6,0.0823351,34.0
NL32,cooling_tertiary,,2,6,0.0874813,35.0
NL32,cooling_tertiary,,2,6,0.0926269,36.0
NL32,cooling_tertiary,,2,6,0.0977731,37.0
NL32,cooling_tertiary,,2,6,0.102919,38.0
NL32,cooling_tertiary,,2,6,0.108065,39.0
NL32,cooling_tertiary,,2,6,0.113211,40.0
NL32,cooling_tertiary,,2,7,0.00586809,19.0
NL32,cooling_tertiary,,2,7,0.0117362,20.0
NL32,cooling_tertiary,,2,7,0.0176043,21.0
NL32,cooling_tertiary,,2,7,0.0234724,22.0
NL32,cooling_tertiary,,2,7,0.0293404,23.0
NL32,cooling_tertiary,,2,7,0.0352086,24.0
NL32,cooling_tertiary,,2,7,0.0410767,25.0
NL32,cooling_tertiary,,2,7,0.0469447,26.0
NL32,cooling_tertiary,,2,7,0.0528129,27.0
NL32,cooling_tertiary,,2,7,0.0586809,28.0
NL32,cooling_tertiary,,2,7,0.064549,29.0
NL32,cooling_tertiary,,2,7,0.0704171,30.0
NL32,cooling_tertiary,,2,7,0.0762852,31.0
NL32,cooling_tertiary,,2,7,0.0821535,32.0
NL32,cooling_tertiary,,2,7,0.088021,33.0
NL32,cooling_tertiary,,2,7,0.0938894,34.0
NL32,cooling_tertiary,,2,7,0.0997578,35.0
NL32,cooling_tertiary,,2,7,0.105625,36.0
NL32,cooling_tertiary,,2,7,0.111494,37.0
NL32,cooling_tertiary,,2,7,0.117362,38.0
NL32,cooling_tertiary,,2,7,0.12323,39.0
NL32,cooling_tertiary,,2,7,0.129098,40.0
NL32,cooling_tertiary,,2,8,0.00655842,19.0
NL32,cooling_tertiary,,2,8,0.0131169,20.0
NL32,cooling_tertiary,,2,8,0.0196753,21.0
NL32,cooling_tertiary,,2,8,0.0262337,22.0
NL32,cooling_tertiary,,2,8,0.0327921,23.0
NL32,cooling_tertiary,,2,8,0.0393506,24.0
NL32,cooling_tertiary,,2,8,0.045909,25.0
NL32,cooling_tertiary,,2,8,0.0524673,26.0
NL32,cooling_tertiary,,2,8,0.0590258,27.0
NL32,cooling_tertiary,,2,8,0.0655842,28.0
NL32,cooling_tertiary,,2,8,0.0721426,29.0
NL32,cooling_tertiary,,2,8,0.078701,30.0
NL32,cooling_tertiary,,2,8,0.0852595,31.0
NL32,cooling_tertiary,,2,8,0.0918181,32.0
NL32,cooling_tertiary,,2,8,0.0983759,33.0
NL32,cooling_tertiary,,2,8,0.104935,34.0
NL32,cooling_tertiary,,2,8,0.111493,35.0
NL32,cooling_tertiary,,2,8,0.118051,36.0
NL32,cooling_tertiary,,2,8,0.12461,37.0
NL32,cooling_tertiary,,2,8,0.131169,38.0
NL32,cooling_tertiary,,2,8,0.137727,39.0
NL32,cooling_tertiary,,2,8,0.144285,40.0
NL32,cooling_tertiary,,2,9,0.00683762,19.0
NL32,cooling_tertiary,,2,9,0.0136753,20.0
NL32,cooling_tertiary,,2,9,0.0205129,21.0
NL32,cooling_tertiary,,2,9,0.0273505,22.0
NL32,cooling_tertiary,,2,9,0.034188,23.0
NL32,cooling_tertiary,,2,9,0.0410257,24.0
NL32,cooling_tertiary,,2,9,0.0478633,25.0
NL32,cooling_tertiary,,2,9,0.0547009,26.0
NL32,cooling_tertiary,,2,9,0.0615386,27.0
NL32,cooling_tertiary,,2,9,0.0683762,28.0
NL32,cooling_tertiary,,2,9,0.0752138,29.0
NL32,cooling_tertiary,,2,9,0.0820514,30.0
NL32,cooling_tertiary,,2,9,0.088889,31.0
NL32,cooling_tertiary,,2,9,0.0957268,32.0
NL32,cooling_tertiary,,2,9,0.102564,33.0
NL32,cooling_tertiary,,2,9,0.109402,34.0
NL32,cooling_tertiary,,2,9,0.11624,35.0
NL32,cooling_tertiary,,2,9,0.123077,36.0
NL32,cooling_tertiary,,2,9,0.129915,37.0
NL32,cooling_tertiary,,2,9,0.136753,38.0
NL32,cooling_tertiary,,2,9,0.14359,39.0
NL32,cooling_tertiary,,2,9,0.150428,40.0
NL32,cooling_tertiary,,2,10,0.00701726,19.0
NL32,cooling_tertiary,,2,10,0.0140346,20.0
NL32,cooling_tertiary,,2,10,0.0210518,21.0
NL32,cooling_tertiary,,2,10,0.028069,22.0
NL32,cooling_tertiary,,2,10,0.0350863,23.0
NL32,cooling_tertiary,,2,10,0.0421036,24.0
NL32,cooling_tertiary,,2,10,0.0491208,25.0
NL32,cooling_tertiary,,2,10,0.0561381,26.0
NL32,cooling_tertiary,,2,10,0.0631554,27.0
NL32,cooling_tertiary,,2,10,0.0701726,28.0
NL32,cooling_tertiary,,2,10,0.0771898,29.0
NL32,cooling_tertiary,,2,10,0.0842071,30.0
NL32,cooling_tertiary,,2,10,0.0912244,31.0
NL32,cooling_tertiary,,2,10,0.0982418,32.0
NL32,cooling_tertiary,,2,10,0.105258,33.0
NL32,cooling_tertiary,,2,10,0.112276,34.0
NL32,cooling_tertiary,,2,10,0.119294,35.0
NL32,cooling_tertiary,,2,10,0.12631,36.0
NL32,cooling_tertiary,,2,10,0.133328,37.0
NL32,cooling_tertiary,,2,10,0.140346,38.0
NL32,cooling_tertiary,,2,10,0.147362,39.0
NL32,cooling_tertiary,,2,10,0.15438,40.0
NL32,cooling_tertiary,,2,11,0.00705318,19.0
NL32,cooling_tertiary,,2,11,0.0141064,20.0
NL32,cooling_tertiary,,2,11,0.0211596,21.0
NL32,cooling_tertiary,,2,11,0.0282127,22.0
NL32,cooling_tertiary,,2,11,0.0352659,23.0
NL32,cooling_tertiary,,2,11,0.0423191,24.0
NL32,cooling_tertiary,,2,11,0.0493723,25.0
NL32,cooling_tertiary,,2,11,0.0564254,26.0
NL32,cooling_tertiary,,2,11,0.0634786,27.0
NL32,cooling_tertiary,,2,11,0.0705318,28.0
NL32,cooling_tertiary,,2,11,0.077585,29.0
NL32,cooling_tertiary,,2,11,0.0846381,30.0
NL32,cooling_tertiary,,2,11,0.0916914,31.0
NL32,cooling_tertiary,,2,11,0.0987447,32.0
NL32,cooling_tertiary,,2,11,0.105797,33.0
NL32,cooling_tertiary,,2,11,0.112851,34.0
NL32,cooling_tertiary,,2,11,0.119904,35.0
NL32,cooling_tertiary,,2,11,0.126957,36.0
NL32,cooling_tertiary,,2,11,0.13401,37.0
NL32,cooling_tertiary,,2,11,0.141064,38.0
NL32,cooling_tertiary,,2,11,0.148117,39.0
NL32,cooling_tertiary,,2,11,0.15517,40.0
NL32,cooling_tertiary,,2,12,0.00709602,19.0
NL32,cooling_tertiary,,2,12,0.0141921,20.0
NL32,cooling_tertiary,,2,12,0.0212881,21.0
NL32,cooling_tertiary,,2,12,0.0283841,22.0
NL32,cooling_tertiary,,2,12,0.0354801,23.0
NL32,cooling_tertiary,,2,12,0.0425762,24.0
NL32,cooling_tertiary,,2,12,0.0496721,25.0
NL32,cooling_tertiary,,2,12,0.0567681,26.0
NL32,cooling_tertiary,,2,12,0.0638642,27.0
NL32,cooling_tertiary,,2,12,0.0709602,28.0
NL32,cooling_tertiary,,2,12,0.0780562,29.0
NL32,cooling_tertiary,,2,12,0.0851522,30.0
NL32,cooling_tertiary,,2,12,0.0922483,31.0
NL32,cooling_tertiary,,2,12,0.0993445,32.0
NL32,cooling_tertiary,,2,12,0.10644,33.0
NL32,cooling_tertiary,,2,12,0.113536,34.0
NL32,cooling_tertiary,,2,12,0.120633,35.0
NL32,cooling_tertiary,,2,12,0.127728,36.0
NL32,cooling_tertiary,,2,12,0.134824,37.0
NL32,cooling_tertiary,,2,12,0.141921,38.0
NL32,cooling_tertiary,,2,12,0.149016,39.0
NL32,cooling_tertiary,,2,12,0.156113,40.0
NL32,cooling_tertiary,,2,13,0.00710932,19.0
NL32,cooling_tertiary,,2,13,0.0142187,20.0
NL32,cooling_tertiary,,2,13,0.021328,21.0
NL32,cooling_tertiary,,2,13,0.0284373,22.0
NL32,cooling_tertiary,,2,13,0.0355465,23.0
NL32,cooling_tertiary,,2,13,0.0426559,24.0
NL32,cooling_tertiary,,2,13,0.0497652,25.0
NL32,cooling_tertiary,,2,13,0.0568745,26.0
NL32,cooling_tertiary,,2,13,0.0639839,27.0
NL32,cooling_tertiary,,2,13,0.0710932,28.0
NL32,cooling_tertiary,,2,13,0.0782025,29.0
NL32,cooling_tertiary,,2,13,0.0853118,30.0
NL32,cooling_tertiary,,2,13,0.0924212,31.0
NL32,cooling_tertiary,,2,13,0.0995306,32.0
NL32,cooling_tertiary,,2,13,0.106639,33.0
NL32,cooling_tertiary,,2,13,0.113749,34.0
NL32,cooling_tertiary,,2,13,0.120859,35.0
NL32,cooling_tertiary,,2,13,0.127967,36.0
NL32,cooling_tertiary,,2,13,0.135077,37.0
NL32,cooling_tertiary,,2,13,0.142187,38.0
NL32,cooling_tertiary,,2,13,0.149295,39.0
NL32,cooling_tertiary,,2,13,0.156405,40.0
NL32,cooling_tertiary,,2,14,0.00706683,19.0
NL32,cooling_tertiary,,2,14,0.0141337,20.0
NL32,cooling_tertiary,,2,14,0.0212005,21.0
NL32,cooling_tertiary,,2,14,0.0282673,22.0
NL32,cooling_tertiary,,2,14,0.0353341,23.0
NL32,cooling_tertiary,,2,14,0.042401,24.0
NL32,cooling_tertiary,,2,14,0.0494678,25.0
NL32,cooling_tertiary,,2,14,0.0565346,26.0
NL32,cooling_tertiary,,2,14,0.0636015,27.0
NL32,cooling_tertiary,,2,14,0.0706683,28.0
NL32,cooling_tertiary,,2,14,0.0777351,29.0
NL32,cooling_tertiary,,2,14,0.0848019,30.0
NL32,cooling_tertiary,,2,14,0.0918688,31.0
NL32,cooling_tertiary,,2,14,0.0989358,32.0
NL32,cooling_tertiary,,2,14,0.106002,33.0
NL32,cooling_tertiary,,2,14,0.113069,34.0
NL32,cooling_tertiary,,2,14,0.120136,35.0
NL32,cooling_tertiary,,2,14,0.127203,36.0
NL32,cooling_tertiary,,2,14,0.13427,37.0
NL32,cooling_tertiary,,2,14,0.141337,38.0
NL32,cooling_tertiary,,2,14,0.148403,39.0
NL32,cooling_tertiary,,2,14,0.15547,40.0
NL32,cooling_tertiary,,2,15,0.00697471,19.0
NL32,cooling_tertiary,,2,15,0.0139495,20.0
NL32,cooling_tertiary,,2,15,0.0209241,21.0
NL32,cooling_tertiary,,2,15,0.0278988,22.0
NL32,cooling_tertiary,,2,15,0.0348735,23.0
NL32,cooling_tertiary,,2,15,0.0418483,24.0
NL32,cooling_tertiary,,2,15,0.048823,25.0
NL32,cooling_tertiary,,2,15,0.0557977,26.0
NL32,cooling_tertiary,,2,15,0.0627724,27.0
NL32,cooling_tertiary,,2,15,0.0697471,28.0
NL32,cooling_tertiary,,2,15,0.0767218,29.0
NL32,cooling_tertiary,,2,15,0.0836965,30.0
NL32,cooling_tertiary,,2,15,0.0906713,31.0
NL32,cooling_tertiary,,2,15,0.0976461,32.0
NL32,cooling_tertiary,,2,15,0.10462,33.0
NL32,cooling_tertiary,,2,15,0.111595,34.0
NL32,cooling_tertiary,,2,15,0.11857,35.0
NL32,cooling_tertiary,,2,15,0.125544,36.0
NL32,cooling_tertiary,,2,15,0.13252,37.0
NL32,cooling_tertiary,,2,15,0.139495,38.0
NL32,cooling_tertiary,,2,15,0.146469,39.0
NL32,cooling_tertiary,,2,15,0.153444,40.0
NL32,cooling_tertiary,,2,16,0.00645585,19.0
NL32,cooling_tertiary,,2,16,0.0129117,20.0
NL32,cooling_tertiary,,2,16,0.0193676,21.0
NL32,cooling_tertiary,,2,16,0.0258234,22.0
NL32,cooling_tertiary,,2,16,0.0322792,23.0
NL32,cooling_tertiary,,2,16,0.0387351,24.0
NL32,cooling_tertiary,,2,16,0.0451909,25.0
NL32,cooling_tertiary,,2,16,0.0516468,26.0
NL32,cooling_tertiary,,2,16,0.0581027,27.0
NL32,cooling_tertiary,,2,16,0.0645585,28.0
NL32,cooling_tertiary,,2,16,0.0710143,29.0
NL32,cooling_tertiary,,2,16,0.0774701,30.0
NL32,cooling_tertiary,,2,16,0.0839261,31.0
NL32,cooling_tertiary,,2,16,0.0903821,32.0
NL32,cooling_tertiary,,2,16,0.0968373,33.0
NL32,cooling_tertiary,,2,16,0.103294,34.0
NL32,cooling_tertiary,,2,16,0.10975,35.0
NL32,cooling_tertiary,,2,16,0.116205,36.0
NL32,cooling_tertiary,,2,16,0.122661,37.0
NL32,cooling_tertiary,,2,16,0.129117,38.0
NL32,cooling_tertiary,,2,16,0.135573,39.0
NL32,cooling_tertiary,,2,16,0.142029,40.0
NL32,cooling_tertiary,,2,17,0.00588415,19.0
NL32,cooling_tertiary,,2,17,0.0117683,20.0
NL32,cooling_tertiary,,2,17,0.0176524,21.0
NL32,cooling_tertiary,,2,17,0.0235366,22.0
NL32,cooling_tertiary,,2,17,0.0294207,23.0
NL32,cooling_tertiary,,2,17,0.0353049,24.0
NL32,cooling_tertiary,,2,17,0.041189,25.0
NL32,cooling_tertiary,,2,17,0.0470731,26.0
NL32,cooling_tertiary,,2,17,0.0529573,27.0
NL32,cooling_tertiary,,2,17,0.0588415,28.0
NL32,cooling_tertiary,,2,17,0.0647256,29.0
NL32,cooling_tertiary,,2,17,0.0706097,30.0
NL32,cooling_tertiary,,2,17,0.0764939,31.0
NL32,cooling_tertiary,,2,17,0.0823782,32.0
NL32,cooling_tertiary,,2,17,0.0882618,33.0
NL32,cooling_tertiary,,2,17,0.0941463,34.0
NL32,cooling_tertiary,,2,17,0.100031,35.0
NL32,cooling_tertiary,,2,17,0.105914,36.0
NL32,cooling_tertiary,,2,17,0.111799,37.0
NL32,cooling_tertiary,,2,17,0.117683,38.0
NL32,cooling_tertiary,,2,17,0.123567,39.0
NL32,cooling_tertiary,,2,17,0.129451,40.0
NL32,cooling_tertiary,,2,18,0.00543461,19.0
NL32,cooling_tertiary,,2,18,0.0108692,20.0
NL32,cooling_tertiary,,2,18,0.0163038,21.0
NL32,cooling_tertiary,,2,18,0.0217384,22.0
NL32,cooling_tertiary,,2,18,0.027173,23.0
NL32,cooling_tertiary,,2,18,0.0326077,24.0
NL32,cooling_tertiary,,2,18,0.0380422,25.0
NL32,cooling_tertiary,,2,18,0.0434768,26.0
NL32,cooling_tertiary,,2,18,0.0489115,27.0
NL32,cooling_tertiary,,2,18,0.0543461,28.0
NL32,cooling_tertiary,,2,18,0.0597807,29.0
NL32,cooling_tertiary,,2,18,0.0652152,30.0
NL32,cooling_tertiary,,2,18,0.0706499,31.0
NL32,cooling_tertiary,,2,18,0.0760846,32.0
NL32,cooling_tertiary,,2,18,0.0815188,33.0
NL32,cooling_tertiary,,2,18,0.0869537,34.0
NL32,cooling_tertiary,,2,18,0.0923885,35.0
NL32,cooling_tertiary,,2,18,0.0978227,36.0
NL32,cooling_tertiary,,2,18,0.103258,37.0
NL32,cooling_tertiary,,2,18,0.108692,38.0
NL32,cooling_tertiary,,2,18,0.114127,39.0
NL32,cooling_tertiary,,2,18,0.119561,40.0
NL32,cooling_tertiary,,2,19,0.00542777,19.0
NL32,cooling_tertiary,,2,19,0.0108556,20.0
NL32,cooling_tertiary,,2,19,0.0162833,21.0
NL32,cooling_tertiary,,2,19,0.0217111,22.0
NL32,cooling_tertiary,,2,19,0.0271388,23.0
NL32,cooling_tertiary,,2,19,0.0325666,24.0
NL32,cooling_tertiary,,2,19,0.0379944,25.0
NL32,cooling_tertiary,,2,19,0.0434221,26.0
NL32,cooling_tertiary,,2,19,0.04885,27.0
NL32,cooling_tertiary,,2,19,0.0542777,28.0
NL32,cooling_tertiary,,2,19,0.0597055,29.0
NL32,cooling_tertiary,,2,19,0.0651332,30.0
NL32,cooling_tertiary,,2,19,0.0705611,31.0
NL32,cooling_tertiary,,2,19,0.0759889,32.0
NL32,cooling_tertiary,,2,19,0.0814162,33.0
NL32,cooling_tertiary,,2,19,0.0868443,34.0
NL32,cooling_tertiary,,2,19,0.0922723,35.0
NL32,cooling_tertiary,,2,19,0.0976996,36.0
NL32,cooling_tertiary,,2,19,0.103128,37.0
NL32,cooling_tertiary,,2,19,0.108556,38.0
NL32,cooling_tertiary,,2,19,0.113983,39.0
NL32,cooling_tertiary,,2,19,0.119411,40.0
NL32,cooling_tertiary,,2,20,0.00534182,19.0
NL32,cooling_tertiary,,2,20,0.0106837,20.0
NL32,cooling_tertiary,,2,20,0.0160255,21.0
NL32,cooling_tertiary,,2,20,0.0213673,22.0
NL32,cooling_tertiary,,2,20,0.0267091,23.0
NL32,cooling_tertiary,,2,20,0.032051,24.0
NL32,cooling_tertiary,,2,20,0.0373928,25.0
NL32,cooling_tertiary,,2,20,0.0427346,26.0
NL32,cooling_tertiary,,2,20,0.0480764,27.0
NL32,cooling_tertiary,,2,20,0.0534182,28.0
NL32,cooling_tertiary,,2,20,0.05876,29.0
NL32,cooling_tertiary,,2,20,0.0641018,30.0
NL32,cooling_tertiary,,2,20,0.0694437,31.0
NL32,cooling_tertiary,,2,20,0.0747857,32.0
NL32,cooling_tertiary,,2,20,0.080127,33.0
NL32,cooling_tertiary,,2,20,0.0854691,34.0
NL32,cooling_tertiary,,2,20,0.0908112,35.0
NL32,cooling_tertiary,,2,20,0.0961526,36.0
NL32,cooling_tertiary,,2,20,0.101495,37.0
NL32,cooling_tertiary,,2,20,0.106837,38.0
NL32,cooling_tertiary,,2,20,0.112178,39.0
NL32,cooling_tertiary,,2,20,0.11752,40.0
NL32,cooling_tertiary,,2,21,0.00515596,19.0
NL32,cooling_tertiary,,2,21,0.0103119,20.0
NL32,cooling_tertiary,,2,21,0.0154679,21.0
NL32,cooling_tertiary,,2,21,0.0206238,22.0
NL32,cooling_tertiary,,2,21,0.0257798,23.0
NL32,cooling_tertiary,,2,21,0.0309358,24.0
NL32,cooling_tertiary,,2,21,0.0360917,25.0
NL32,cooling_tertiary,,2,21,0.0412476,26.0
NL32,cooling_tertiary,,2,21,0.0464036,27.0
NL32,cooling_tertiary,,2,21,0.0515596,28.0
NL32,cooling_tertiary,,2,21,0.0567155,29.0
NL32,cooling_tertiary,,2,21,0.0618715,30.0
NL32,cooling_tertiary,,2,21,0.0670275,31.0
NL32,cooling_tertiary,,2,21,0.0721835,32.0
NL32,cooling_tertiary,,2,21,0.0773391,33.0
NL32,cooling_tertiary,,2,21,0.0824953,34.0
NL32,cooling_tertiary,,2,21,0.0876515,35.0
NL32,cooling_tertiary,,2,21,0.092807,36.0
NL32,cooling_tertiary,,2,21,0.0979632,37.0
NL32,cooling_tertiary,,2,21,0.103119,38.0
NL32,cooling_tertiary,,2,21,0.108275,39.0
NL32,cooling_tertiary,,2,21,0.113431,40.0
NL32,cooling_tertiary,,2,22,0.00490626,19.0
NL32,cooling_tertiary,,2,22,0.00981254,20.0
NL32,cooling_tertiary,,2,22,0.0147188,21.0
NL32,cooling_tertiary,,2,22,0.019625,22.0
NL32,cooling_tertiary,,2,22,0.0245313,23.0
NL32,cooling_tertiary,,2,22,0.0294376,24.0
NL32,cooling_tertiary,,2,22,0.0343438,25.0
NL32,cooling_tertiary,,2,22,0.03925,26.0
NL32,cooling_tertiary,,2,22,0.0441563,27.0
NL32,cooling_tertiary,,2,22,0.0490626,28.0
NL32,cooling_tertiary,,2,22,0.0539688,29.0
NL32,cooling_tertiary,,2,22,0.058875,30.0
NL32,cooling_tertiary,,2,22,0.0637814,31.0
NL32,cooling_tertiary,,2,22,0.0686877,32.0
NL32,cooling_tertiary,,2,22,0.0735935,33.0
NL32,cooling_tertiary,,2,22,0.0785001,34.0
NL32,cooling_tertiary,,2,22,0.0834066,35.0
NL32,cooling_tertiary,,2,22,0.0883124,36.0
NL32,cooling_tertiary,,2,22,0.0932189,37.0
NL32,cooling_tertiary,,2,22,0.0981254,38.0
NL32,cooling_tertiary,,2,22,0.103031,39.0
NL32,cooling_tertiary,,2,22,0.107938,40.0
NL32,cooling_tertiary,,2,23,0.00500142,19.0
NL32,cooling_tertiary,,2,23,0.0100029,20.0
NL32,cooling_tertiary,,2,23,0.0150043,21.0
NL32,cooling_tertiary,,2,23,0.0200057,22.0
NL32,cooling_tertiary,,2,23,0.0250071,23.0
NL32,cooling_tertiary,,2,23,0.0300085,24.0
NL32,cooling_tertiary,,2,23,0.0350099,25.0
NL32,cooling_tertiary,,2,23,0.0400113,26.0
NL32,cooling_tertiary,,2,23,0.0450128,27.0
NL32,cooling_tertiary,,2,23,0.0500142,28.0
NL32,cooling_tertiary,,2,23,0.0550156,29.0
NL32,cooling_tertiary,,2,23,0.060017,30.0
NL32,cooling_tertiary,,2,23,0.0650185,31.0
NL32,cooling_tertiary,,2,23,0.07002,32.0
NL32,cooling_tertiary,,2,23,0.075021,33.0
NL32,cooling_tertiary,,2,23,0.0800226,34.0
NL32,cooling_tertiary,,2,23,0.0850243,35.0
NL32,cooling_tertiary,,2,23,0.0900253,36.0
NL32,cooling_tertiary,,2,23,0.095027,37.0
NL32,cooling_tertiary,,2,23,0.100029,38.0
NL32,cooling_tertiary,,2,23,0.10503,39.0
NL32,cooling_tertiary,,2,23,0.110031,40.0
NL32,cooling_tertiary,,2,24,0.00479636,19.0
NL32,cooling_tertiary,,2,24,0.00959275,20.0
NL32,cooling_tertiary,,2,24,0.0143891,21.0
NL32,cooling_tertiary,,2,24,0.0191854,22.0
NL32,cooling_tertiary,,2,24,0.0239818,23.0
NL32,cooling_tertiary,,2,24,0.0287782,24.0
NL32,cooling_tertiary,,2,24,0.0335745,25.0
NL32,cooling_tertiary,,2,24,0.0383709,26.0
NL32,cooling_tertiary,,2,24,0.0431673,27.0
NL32,cooling_tertiary,,2,24,0.0479636,28.0
NL32,cooling_tertiary,,2,24,0.05276,29.0
NL32,cooling_tertiary,,2,24,0.0575563,30.0
NL32,cooling_tertiary,,2,24,0.0623527,31.0
NL32,cooling_tertiary,,2,24,0.0671492,32.0
NL32,cooling_tertiary,,2,24,0.0719451,33.0
NL32,cooling_tertiary,,2,24,0.0767417,34.0
NL32,cooling_tertiary,,2,24,0.0815383,35.0
NL32,cooling_tertiary,,2,24,0.0863343,36.0
NL32,cooling_tertiary,,2,24,0.0911309,37.0
NL32,cooling_tertiary,,2,24,0.0959275,38.0
NL32,cooling_tertiary,,2,24,0.100723,39.0
NL32,cooling_tertiary,,2,24,0.10552,40.0
