NUTS2_code,process,season,day_type,hour,load,temperature
CH04,heating_tertiary,,0,1,0.105937,-15.0
CH04,heating_tertiary,,0,1,0.101277,-14.0
CH04,heating_tertiary,,0,1,0.0967837,-13.0
CH04,heating_tertiary,,0,1,0.0923836,-12.0
CH04,heating_tertiary,,0,1,0.0880949,-11.0
CH04,heating_tertiary,,0,1,0.0839176,-10.0
CH04,heating_tertiary,,0,1,0.0798331,-9.0
CH04,heating_tertiary,,0,1,0.0758414,-8.0
CH04,heating_tertiary,,0,1,0.0719612,-7.0
CH04,heating_tertiary,,0,1,0.0681552,-6.0
CH04,heating_tertiary,,0,1,0.0644606,-5.0
CH04,heating_tertiary,,0,1,0.0608402,-4.0
CH04,heating_tertiary,,0,1,0.0572942,-3.0
CH04,heating_tertiary,,0,1,0.0538409,-2.0
CH04,heating_tertiary,,0,1,0.050759,-1.0
CH04,heating_tertiary,,0,1,0.0478256,0.0
CH04,heating_tertiary,,0,1,0.0447808,1.0
CH04,heating_tertiary,,0,1,0.0415318,2.0
CH04,heating_tertiary,,0,1,0.038357,3.0
CH04,heating_tertiary,,0,1,0.0353865,4.0
CH04,heating_tertiary,,0,1,0.0325645,5.0
CH04,heating_tertiary,,0,1,0.0299281,6.0
CH04,heating_tertiary,,0,1,0.0273289,7.0
CH04,heating_tertiary,,0,1,0.0248597,8.0
CH04,heating_tertiary,,0,1,0.0221119,9.0
CH04,heating_tertiary,,0,1,0.0194384,10.0
CH04,heating_tertiary,,0,1,0.0168206,11.0
CH04,heating_tertiary,,0,1,0.0142586,12.0
CH04,heating_tertiary,,0,1,0.0116408,13.0
CH04,heating_tertiary,,0,1,0.00913439,14.0
CH04,heating_tertiary,,0,1,0.00579254,15.0
CH04,heating_tertiary,,0,1,0.00267348,16.0
CH04,heating_tertiary,,0,1,0.00267348,17.0
CH04,heating_tertiary,,0,2,0.111289,-15.0
CH04,heating_tertiary,,0,2,0.106394,-14.0
CH04,heating_tertiary,,0,2,0.101674,-13.0
CH04,heating_tertiary,,0,2,0.0970513,-12.0
CH04,heating_tertiary,,0,2,0.0925459,-11.0
CH04,heating_tertiary,,0,2,0.0881575,-10.0
CH04,heating_tertiary,,0,2,0.0838667,-9.0
CH04,heating_tertiary,,0,2,0.0796733,-8.0
CH04,heating_tertiary,,0,2,0.075597,-7.0
CH04,heating_tertiary,,0,2,0.0715987,-6.0
CH04,heating_tertiary,,0,2,0.0677175,-5.0
CH04,heating_tertiary,,0,2,0.0639142,-4.0
CH04,heating_tertiary,,0,2,0.060189,-3.0
CH04,heating_tertiary,,0,2,0.0565613,-2.0
CH04,heating_tertiary,,0,2,0.0533236,-1.0
CH04,heating_tertiary,,0,2,0.050242,0.0
CH04,heating_tertiary,,0,2,0.0470434,1.0
CH04,heating_tertiary,,0,2,0.0436302,2.0
CH04,heating_tertiary,,0,2,0.040295,3.0
CH04,heating_tertiary,,0,2,0.0371744,4.0
CH04,heating_tertiary,,0,2,0.0342098,5.0
CH04,heating_tertiary,,0,2,0.0314403,6.0
CH04,heating_tertiary,,0,2,0.0287097,7.0
CH04,heating_tertiary,,0,2,0.0261157,8.0
CH04,heating_tertiary,,0,2,0.0232291,9.0
CH04,heating_tertiary,,0,2,0.0204206,10.0
CH04,heating_tertiary,,0,2,0.0176705,11.0
CH04,heating_tertiary,,0,2,0.014979,12.0
CH04,heating_tertiary,,0,2,0.0122289,13.0
CH04,heating_tertiary,,0,2,0.00959591,14.0
CH04,heating_tertiary,,0,2,0.00608521,15.0
CH04,heating_tertiary,,0,2,0.00280856,16.0
CH04,heating_tertiary,,0,2,0.00280856,17.0
CH04,heating_tertiary,,0,3,0.114058,-15.0
CH04,heating_tertiary,,0,3,0.109041,-14.0
CH04,heating_tertiary,,0,3,0.104204,-13.0
CH04,heating_tertiary,,0,3,0.0994663,-12.0
CH04,heating_tertiary,,0,3,0.0948488,-11.0
CH04,heating_tertiary,,0,3,0.0903512,-10.0
CH04,heating_tertiary,,0,3,0.0859536,-9.0
CH04,heating_tertiary,,0,3,0.0816559,-8.0
CH04,heating_tertiary,,0,3,0.0774782,-7.0
CH04,heating_tertiary,,0,3,0.0733804,-6.0
CH04,heating_tertiary,,0,3,0.0694025,-5.0
CH04,heating_tertiary,,0,3,0.0655046,-4.0
CH04,heating_tertiary,,0,3,0.0616867,-3.0
CH04,heating_tertiary,,0,3,0.0579687,-2.0
CH04,heating_tertiary,,0,3,0.0546505,-1.0
CH04,heating_tertiary,,0,3,0.0514922,0.0
CH04,heating_tertiary,,0,3,0.048214,1.0
CH04,heating_tertiary,,0,3,0.0447159,2.0
CH04,heating_tertiary,,0,3,0.0412977,3.0
CH04,heating_tertiary,,0,3,0.0380994,4.0
CH04,heating_tertiary,,0,3,0.0350611,5.0
CH04,heating_tertiary,,0,3,0.0322226,6.0
CH04,heating_tertiary,,0,3,0.0294241,7.0
CH04,heating_tertiary,,0,3,0.0267656,8.0
CH04,heating_tertiary,,0,3,0.0238071,9.0
CH04,heating_tertiary,,0,3,0.0209287,10.0
CH04,heating_tertiary,,0,3,0.0181102,11.0
CH04,heating_tertiary,,0,3,0.0153517,12.0
CH04,heating_tertiary,,0,3,0.0125332,13.0
CH04,heating_tertiary,,0,3,0.00983469,14.0
CH04,heating_tertiary,,0,3,0.00623663,15.0
CH04,heating_tertiary,,0,3,0.00287845,16.0
CH04,heating_tertiary,,0,3,0.00287845,17.0
CH04,heating_tertiary,,0,4,0.115153,-15.0
CH04,heating_tertiary,,0,4,0.110088,-14.0
CH04,heating_tertiary,,0,4,0.105204,-13.0
CH04,heating_tertiary,,0,4,0.100421,-12.0
CH04,heating_tertiary,,0,4,0.0957594,-11.0
CH04,heating_tertiary,,0,4,0.0912187,-10.0
CH04,heating_tertiary,,0,4,0.0867788,-9.0
CH04,heating_tertiary,,0,4,0.0824399,-8.0
CH04,heating_tertiary,,0,4,0.078222,-7.0
CH04,heating_tertiary,,0,4,0.0740849,-6.0
CH04,heating_tertiary,,0,4,0.0700689,-5.0
CH04,heating_tertiary,,0,4,0.0661335,-4.0
CH04,heating_tertiary,,0,4,0.0622789,-3.0
CH04,heating_tertiary,,0,4,0.0585253,-2.0
CH04,heating_tertiary,,0,4,0.0551752,-1.0
CH04,heating_tertiary,,0,4,0.0519866,0.0
CH04,heating_tertiary,,0,4,0.0486769,1.0
CH04,heating_tertiary,,0,4,0.0451452,2.0
CH04,heating_tertiary,,0,4,0.0416942,3.0
CH04,heating_tertiary,,0,4,0.0384652,4.0
CH04,heating_tertiary,,0,4,0.0353977,5.0
CH04,heating_tertiary,,0,4,0.032532,6.0
CH04,heating_tertiary,,0,4,0.0297066,7.0
CH04,heating_tertiary,,0,4,0.0270225,8.0
CH04,heating_tertiary,,0,4,0.0240357,9.0
CH04,heating_tertiary,,0,4,0.0211296,10.0
CH04,heating_tertiary,,0,4,0.0182841,11.0
CH04,heating_tertiary,,0,4,0.0154991,12.0
CH04,heating_tertiary,,0,4,0.0126536,13.0
CH04,heating_tertiary,,0,4,0.00992911,14.0
CH04,heating_tertiary,,0,4,0.00629651,15.0
CH04,heating_tertiary,,0,4,0.00290608,16.0
CH04,heating_tertiary,,0,4,0.00290608,17.0
CH04,heating_tertiary,,0,5,0.11318,-15.0
CH04,heating_tertiary,,0,5,0.108202,-14.0
CH04,heating_tertiary,,0,5,0.103401,-13.0
CH04,heating_tertiary,,0,5,0.0987005,-12.0
CH04,heating_tertiary,,0,5,0.0941185,-11.0
CH04,heating_tertiary,,0,5,0.0896556,-10.0
CH04,heating_tertiary,,0,5,0.0852918,-9.0
CH04,heating_tertiary,,0,5,0.0810272,-8.0
CH04,heating_tertiary,,0,5,0.0768816,-7.0
CH04,heating_tertiary,,0,5,0.0728154,-6.0
CH04,heating_tertiary,,0,5,0.0688682,-5.0
CH04,heating_tertiary,,0,5,0.0650003,-4.0
CH04,heating_tertiary,,0,5,0.0612118,-3.0
CH04,heating_tertiary,,0,5,0.0575224,-2.0
CH04,heating_tertiary,,0,5,0.0542297,-1.0
CH04,heating_tertiary,,0,5,0.0510957,0.0
CH04,heating_tertiary,,0,5,0.0478428,1.0
CH04,heating_tertiary,,0,5,0.0443716,2.0
CH04,heating_tertiary,,0,5,0.0409797,3.0
CH04,heating_tertiary,,0,5,0.0378061,4.0
CH04,heating_tertiary,,0,5,0.0347911,5.0
CH04,heating_tertiary,,0,5,0.0319745,6.0
CH04,heating_tertiary,,0,5,0.0291976,7.0
CH04,heating_tertiary,,0,5,0.0265595,8.0
CH04,heating_tertiary,,0,5,0.0236239,9.0
CH04,heating_tertiary,,0,5,0.0207676,10.0
CH04,heating_tertiary,,0,5,0.0179708,11.0
CH04,heating_tertiary,,0,5,0.0152335,12.0
CH04,heating_tertiary,,0,5,0.0124367,13.0
CH04,heating_tertiary,,0,5,0.00975897,14.0
CH04,heating_tertiary,,0,5,0.00618862,15.0
CH04,heating_tertiary,,0,5,0.00285628,16.0
CH04,heating_tertiary,,0,5,0.00285628,17.0
CH04,heating_tertiary,,0,6,0.106624,-15.0
CH04,heating_tertiary,,0,6,0.101934,-14.0
CH04,heating_tertiary,,0,6,0.0974115,-13.0
CH04,heating_tertiary,,0,6,0.0929828,-12.0
CH04,heating_tertiary,,0,6,0.0886663,-11.0
CH04,heating_tertiary,,0,6,0.0844619,-10.0
CH04,heating_tertiary,,0,6,0.0803509,-9.0
CH04,heating_tertiary,,0,6,0.0763334,-8.0
CH04,heating_tertiary,,0,6,0.072428,-7.0
CH04,heating_tertiary,,0,6,0.0685973,-6.0
CH04,heating_tertiary,,0,6,0.0648787,-5.0
CH04,heating_tertiary,,0,6,0.0612349,-4.0
CH04,heating_tertiary,,0,6,0.0576658,-3.0
CH04,heating_tertiary,,0,6,0.0541902,-2.0
CH04,heating_tertiary,,0,6,0.0510882,-1.0
CH04,heating_tertiary,,0,6,0.0481358,0.0
CH04,heating_tertiary,,0,6,0.0450713,1.0
CH04,heating_tertiary,,0,6,0.0418012,2.0
CH04,heating_tertiary,,0,6,0.0386058,3.0
CH04,heating_tertiary,,0,6,0.035616,4.0
CH04,heating_tertiary,,0,6,0.0327757,5.0
CH04,heating_tertiary,,0,6,0.0301223,6.0
CH04,heating_tertiary,,0,6,0.0275062,7.0
CH04,heating_tertiary,,0,6,0.0250209,8.0
CH04,heating_tertiary,,0,6,0.0222553,9.0
CH04,heating_tertiary,,0,6,0.0195645,10.0
CH04,heating_tertiary,,0,6,0.0169298,11.0
CH04,heating_tertiary,,0,6,0.014351,12.0
CH04,heating_tertiary,,0,6,0.0117163,13.0
CH04,heating_tertiary,,0,6,0.00919364,14.0
CH04,heating_tertiary,,0,6,0.00583011,15.0
CH04,heating_tertiary,,0,6,0.00269082,16.0
CH04,heating_tertiary,,0,6,0.00269082,17.0
CH04,heating_tertiary,,0,7,0.0962049,-15.0
CH04,heating_tertiary,,0,7,0.091973,-14.0
CH04,heating_tertiary,,0,7,0.0878928,-13.0
CH04,heating_tertiary,,0,7,0.0838969,-12.0
CH04,heating_tertiary,,0,7,0.0800022,-11.0
CH04,heating_tertiary,,0,7,0.0762086,-10.0
CH04,heating_tertiary,,0,7,0.0724993,-9.0
CH04,heating_tertiary,,0,7,0.0688744,-8.0
CH04,heating_tertiary,,0,7,0.0653505,-7.0
CH04,heating_tertiary,,0,7,0.0618942,-6.0
CH04,heating_tertiary,,0,7,0.058539,-5.0
CH04,heating_tertiary,,0,7,0.0552512,-4.0
CH04,heating_tertiary,,0,7,0.0520309,-3.0
CH04,heating_tertiary,,0,7,0.0488949,-2.0
CH04,heating_tertiary,,0,7,0.0460961,-1.0
CH04,heating_tertiary,,0,7,0.0434322,0.0
CH04,heating_tertiary,,0,7,0.0406671,1.0
CH04,heating_tertiary,,0,7,0.0377165,2.0
CH04,heating_tertiary,,0,7,0.0348334,3.0
CH04,heating_tertiary,,0,7,0.0321357,4.0
CH04,heating_tertiary,,0,7,0.029573,5.0
CH04,heating_tertiary,,0,7,0.0271788,6.0
CH04,heating_tertiary,,0,7,0.0248184,7.0
CH04,heating_tertiary,,0,7,0.022576,8.0
CH04,heating_tertiary,,0,7,0.0200806,9.0
CH04,heating_tertiary,,0,7,0.0176527,10.0
CH04,heating_tertiary,,0,7,0.0152754,11.0
CH04,heating_tertiary,,0,7,0.0129487,12.0
CH04,heating_tertiary,,0,7,0.0105714,13.0
CH04,heating_tertiary,,0,7,0.00829527,14.0
CH04,heating_tertiary,,0,7,0.00526042,15.0
CH04,heating_tertiary,,0,7,0.00242788,16.0
CH04,heating_tertiary,,0,7,0.00242788,17.0
CH04,heating_tertiary,,0,8,0.084182,-15.0
CH04,heating_tertiary,,0,8,0.0804789,-14.0
CH04,heating_tertiary,,0,8,0.0769086,-13.0
CH04,heating_tertiary,,0,8,0.0734121,-12.0
CH04,heating_tertiary,,0,8,0.0700041,-11.0
CH04,heating_tertiary,,0,8,0.0666846,-10.0
CH04,heating_tertiary,,0,8,0.0634389,-9.0
CH04,heating_tertiary,,0,8,0.060267,-8.0
CH04,heating_tertiary,,0,8,0.0571836,-7.0
CH04,heating_tertiary,,0,8,0.0541591,-6.0
CH04,heating_tertiary,,0,8,0.0512233,-5.0
CH04,heating_tertiary,,0,8,0.0483464,-4.0
CH04,heating_tertiary,,0,8,0.0455285,-3.0
CH04,heating_tertiary,,0,8,0.0427844,-2.0
CH04,heating_tertiary,,0,8,0.0403354,-1.0
CH04,heating_tertiary,,0,8,0.0380043,0.0
CH04,heating_tertiary,,0,8,0.0355848,1.0
CH04,heating_tertiary,,0,8,0.033003,2.0
CH04,heating_tertiary,,0,8,0.0304802,3.0
CH04,heating_tertiary,,0,8,0.0281197,4.0
CH04,heating_tertiary,,0,8,0.0258772,5.0
CH04,heating_tertiary,,0,8,0.0237822,6.0
CH04,heating_tertiary,,0,8,0.0217168,7.0
CH04,heating_tertiary,,0,8,0.0197546,8.0
CH04,heating_tertiary,,0,8,0.0175711,9.0
CH04,heating_tertiary,,0,8,0.0154466,10.0
CH04,heating_tertiary,,0,8,0.0133664,11.0
CH04,heating_tertiary,,0,8,0.0113305,12.0
CH04,heating_tertiary,,0,8,0.00925028,13.0
CH04,heating_tertiary,,0,8,0.00725859,14.0
CH04,heating_tertiary,,0,8,0.00460301,15.0
CH04,heating_tertiary,,0,8,0.00212447,16.0
CH04,heating_tertiary,,0,8,0.00212447,17.0
CH04,heating_tertiary,,0,9,0.0733437,-15.0
CH04,heating_tertiary,,0,9,0.0701174,-14.0
CH04,heating_tertiary,,0,9,0.0670068,-13.0
CH04,heating_tertiary,,0,9,0.0639605,-12.0
CH04,heating_tertiary,,0,9,0.0609913,-11.0
CH04,heating_tertiary,,0,9,0.0580991,-10.0
CH04,heating_tertiary,,0,9,0.0552713,-9.0
CH04,heating_tertiary,,0,9,0.0525077,-8.0
CH04,heating_tertiary,,0,9,0.0498213,-7.0
CH04,heating_tertiary,,0,9,0.0471863,-6.0
CH04,heating_tertiary,,0,9,0.0446284,-5.0
CH04,heating_tertiary,,0,9,0.0421219,-4.0
CH04,heating_tertiary,,0,9,0.0396668,-3.0
CH04,heating_tertiary,,0,9,0.037276,-2.0
CH04,heating_tertiary,,0,9,0.0351423,-1.0
CH04,heating_tertiary,,0,9,0.0331114,0.0
CH04,heating_tertiary,,0,9,0.0310034,1.0
CH04,heating_tertiary,,0,9,0.0287539,2.0
CH04,heating_tertiary,,0,9,0.0265559,3.0
CH04,heating_tertiary,,0,9,0.0244993,4.0
CH04,heating_tertiary,,0,9,0.0225456,5.0
CH04,heating_tertiary,,0,9,0.0207203,6.0
CH04,heating_tertiary,,0,9,0.0189208,7.0
CH04,heating_tertiary,,0,9,0.0172112,8.0
CH04,heating_tertiary,,0,9,0.0153089,9.0
CH04,heating_tertiary,,0,9,0.0134579,10.0
CH04,heating_tertiary,,0,9,0.0116455,11.0
CH04,heating_tertiary,,0,9,0.00987171,12.0
CH04,heating_tertiary,,0,9,0.00805933,13.0
CH04,heating_tertiary,,0,9,0.00632407,14.0
CH04,heating_tertiary,,0,9,0.00401038,15.0
CH04,heating_tertiary,,0,9,0.00185095,16.0
CH04,heating_tertiary,,0,9,0.00185095,17.0
CH04,heating_tertiary,,0,10,0.0649319,-15.0
CH04,heating_tertiary,,0,10,0.0620756,-14.0
CH04,heating_tertiary,,0,10,0.0593217,-13.0
CH04,heating_tertiary,,0,10,0.0566248,-12.0
CH04,heating_tertiary,,0,10,0.0539961,-11.0
CH04,heating_tertiary,,0,10,0.0514357,-10.0
CH04,heating_tertiary,,0,10,0.0489322,-9.0
CH04,heating_tertiary,,0,10,0.0464856,-8.0
CH04,heating_tertiary,,0,10,0.0441072,-7.0
CH04,heating_tertiary,,0,10,0.0417744,-6.0
CH04,heating_tertiary,,0,10,0.0395099,-5.0
CH04,heating_tertiary,,0,10,0.0372909,-4.0
CH04,heating_tertiary,,0,10,0.0351174,-3.0
CH04,heating_tertiary,,0,10,0.0330008,-2.0
CH04,heating_tertiary,,0,10,0.0311118,-1.0
CH04,heating_tertiary,,0,10,0.0293138,0.0
CH04,heating_tertiary,,0,10,0.0274475,1.0
CH04,heating_tertiary,,0,10,0.0254561,2.0
CH04,heating_tertiary,,0,10,0.0235102,3.0
CH04,heating_tertiary,,0,10,0.0216895,4.0
CH04,heating_tertiary,,0,10,0.0199598,5.0
CH04,heating_tertiary,,0,10,0.0183439,6.0
CH04,heating_tertiary,,0,10,0.0167507,7.0
CH04,heating_tertiary,,0,10,0.0152373,8.0
CH04,heating_tertiary,,0,10,0.0135531,9.0
CH04,heating_tertiary,,0,10,0.0119144,10.0
CH04,heating_tertiary,,0,10,0.0103099,11.0
CH04,heating_tertiary,,0,10,0.00873952,12.0
CH04,heating_tertiary,,0,10,0.00713499,13.0
CH04,heating_tertiary,,0,10,0.00559875,14.0
CH04,heating_tertiary,,0,10,0.00355043,15.0
CH04,heating_tertiary,,0,10,0.00163866,16.0
CH04,heating_tertiary,,0,10,0.00163866,17.0
CH04,heating_tertiary,,0,11,0.0591083,-15.0
CH04,heating_tertiary,,0,11,0.0565082,-14.0
CH04,heating_tertiary,,0,11,0.0540013,-13.0
CH04,heating_tertiary,,0,11,0.0515462,-12.0
CH04,heating_tertiary,,0,11,0.0491533,-11.0
CH04,heating_tertiary,,0,11,0.0468225,-10.0
CH04,heating_tertiary,,0,11,0.0445436,-9.0
CH04,heating_tertiary,,0,11,0.0423164,-8.0
CH04,heating_tertiary,,0,11,0.0401514,-7.0
CH04,heating_tertiary,,0,11,0.0380278,-6.0
CH04,heating_tertiary,,0,11,0.0359663,-5.0
CH04,heating_tertiary,,0,11,0.0339463,-4.0
CH04,heating_tertiary,,0,11,0.0319678,-3.0
CH04,heating_tertiary,,0,11,0.030041,-2.0
CH04,heating_tertiary,,0,11,0.0283214,-1.0
CH04,heating_tertiary,,0,11,0.0266847,0.0
CH04,heating_tertiary,,0,11,0.0249858,1.0
CH04,heating_tertiary,,0,11,0.023173,2.0
CH04,heating_tertiary,,0,11,0.0214016,3.0
CH04,heating_tertiary,,0,11,0.0197442,4.0
CH04,heating_tertiary,,0,11,0.0181696,5.0
CH04,heating_tertiary,,0,11,0.0166987,6.0
CH04,heating_tertiary,,0,11,0.0152484,7.0
CH04,heating_tertiary,,0,11,0.0138707,8.0
CH04,heating_tertiary,,0,11,0.0123375,9.0
CH04,heating_tertiary,,0,11,0.0108458,10.0
CH04,heating_tertiary,,0,11,0.00938523,11.0
CH04,heating_tertiary,,0,11,0.00795569,12.0
CH04,heating_tertiary,,0,11,0.00649507,13.0
CH04,heating_tertiary,,0,11,0.00509661,14.0
CH04,heating_tertiary,,0,11,0.003232,15.0
CH04,heating_tertiary,,0,11,0.00149169,16.0
CH04,heating_tertiary,,0,11,0.00149169,17.0
CH04,heating_tertiary,,0,12,0.0547463,-15.0
CH04,heating_tertiary,,0,12,0.052338,-14.0
CH04,heating_tertiary,,0,12,0.0500162,-13.0
CH04,heating_tertiary,,0,12,0.0477423,-12.0
CH04,heating_tertiary,,0,12,0.0455259,-11.0
CH04,heating_tertiary,,0,12,0.0433672,-10.0
CH04,heating_tertiary,,0,12,0.0412564,-9.0
CH04,heating_tertiary,,0,12,0.0391936,-8.0
CH04,heating_tertiary,,0,12,0.0371883,-7.0
CH04,heating_tertiary,,0,12,0.0352214,-6.0
CH04,heating_tertiary,,0,12,0.0333121,-5.0
CH04,heating_tertiary,,0,12,0.0314412,-4.0
CH04,heating_tertiary,,0,12,0.0296086,-3.0
CH04,heating_tertiary,,0,12,0.0278241,-2.0
CH04,heating_tertiary,,0,12,0.0262314,-1.0
CH04,heating_tertiary,,0,12,0.0247154,0.0
CH04,heating_tertiary,,0,12,0.0231419,1.0
CH04,heating_tertiary,,0,12,0.0214629,2.0
CH04,heating_tertiary,,0,12,0.0198222,3.0
CH04,heating_tertiary,,0,12,0.0182871,4.0
CH04,heating_tertiary,,0,12,0.0168288,5.0
CH04,heating_tertiary,,0,12,0.0154663,6.0
CH04,heating_tertiary,,0,12,0.0141231,7.0
CH04,heating_tertiary,,0,12,0.012847,8.0
CH04,heating_tertiary,,0,12,0.0114271,9.0
CH04,heating_tertiary,,0,12,0.0100454,10.0
CH04,heating_tertiary,,0,12,0.00869262,11.0
CH04,heating_tertiary,,0,12,0.00736858,12.0
CH04,heating_tertiary,,0,12,0.00601575,13.0
CH04,heating_tertiary,,0,12,0.0047205,14.0
CH04,heating_tertiary,,0,12,0.00299349,15.0
CH04,heating_tertiary,,0,12,0.00138161,16.0
CH04,heating_tertiary,,0,12,0.00138161,17.0
CH04,heating_tertiary,,0,13,0.0517952,-15.0
CH04,heating_tertiary,,0,13,0.0495168,-14.0
CH04,heating_tertiary,,0,13,0.04732,-13.0
CH04,heating_tertiary,,0,13,0.0451687,-12.0
CH04,heating_tertiary,,0,13,0.0430719,-11.0
CH04,heating_tertiary,,0,13,0.0410295,-10.0
CH04,heating_tertiary,,0,13,0.0390325,-9.0
CH04,heating_tertiary,,0,13,0.0370808,-8.0
CH04,heating_tertiary,,0,13,0.0351837,-7.0
CH04,heating_tertiary,,0,13,0.0333228,-6.0
CH04,heating_tertiary,,0,13,0.0315164,-5.0
CH04,heating_tertiary,,0,13,0.0297464,-4.0
CH04,heating_tertiary,,0,13,0.0280126,-3.0
CH04,heating_tertiary,,0,13,0.0263242,-2.0
CH04,heating_tertiary,,0,13,0.0248174,-1.0
CH04,heating_tertiary,,0,13,0.0233832,0.0
CH04,heating_tertiary,,0,13,0.0218945,1.0
CH04,heating_tertiary,,0,13,0.020306,2.0
CH04,heating_tertiary,,0,13,0.0187537,3.0
CH04,heating_tertiary,,0,13,0.0173014,4.0
CH04,heating_tertiary,,0,13,0.0159216,5.0
CH04,heating_tertiary,,0,13,0.0146326,6.0
CH04,heating_tertiary,,0,13,0.0133618,7.0
CH04,heating_tertiary,,0,13,0.0121545,8.0
CH04,heating_tertiary,,0,13,0.0108111,9.0
CH04,heating_tertiary,,0,13,0.00950395,10.0
CH04,heating_tertiary,,0,13,0.00822405,11.0
CH04,heating_tertiary,,0,13,0.00697138,12.0
CH04,heating_tertiary,,0,13,0.00569148,13.0
CH04,heating_tertiary,,0,13,0.00446604,14.0
CH04,heating_tertiary,,0,13,0.00283212,15.0
CH04,heating_tertiary,,0,13,0.00130713,16.0
CH04,heating_tertiary,,0,13,0.00130713,17.0
CH04,heating_tertiary,,0,14,0.0504581,-15.0
CH04,heating_tertiary,,0,14,0.0482385,-14.0
CH04,heating_tertiary,,0,14,0.0460985,-13.0
CH04,heating_tertiary,,0,14,0.0440027,-12.0
CH04,heating_tertiary,,0,14,0.04196,-11.0
CH04,heating_tertiary,,0,14,0.0399703,-10.0
CH04,heating_tertiary,,0,14,0.0380249,-9.0
CH04,heating_tertiary,,0,14,0.0361236,-8.0
CH04,heating_tertiary,,0,14,0.0342754,-7.0
CH04,heating_tertiary,,0,14,0.0324626,-6.0
CH04,heating_tertiary,,0,14,0.0307029,-5.0
CH04,heating_tertiary,,0,14,0.0289785,-4.0
CH04,heating_tertiary,,0,14,0.0272895,-3.0
CH04,heating_tertiary,,0,14,0.0256447,-2.0
CH04,heating_tertiary,,0,14,0.0241767,-1.0
CH04,heating_tertiary,,0,14,0.0227796,0.0
CH04,heating_tertiary,,0,14,0.0213293,1.0
CH04,heating_tertiary,,0,14,0.0197818,2.0
CH04,heating_tertiary,,0,14,0.0182696,3.0
CH04,heating_tertiary,,0,14,0.0168547,4.0
CH04,heating_tertiary,,0,14,0.0155106,5.0
CH04,heating_tertiary,,0,14,0.0142549,6.0
CH04,heating_tertiary,,0,14,0.0130169,7.0
CH04,heating_tertiary,,0,14,0.0118408,8.0
CH04,heating_tertiary,,0,14,0.010532,9.0
CH04,heating_tertiary,,0,14,0.00925862,10.0
CH04,heating_tertiary,,0,14,0.00801175,11.0
CH04,heating_tertiary,,0,14,0.00679142,12.0
CH04,heating_tertiary,,0,14,0.00554456,13.0
CH04,heating_tertiary,,0,14,0.00435075,14.0
CH04,heating_tertiary,,0,14,0.00275901,15.0
CH04,heating_tertiary,,0,14,0.00127339,16.0
CH04,heating_tertiary,,0,14,0.00127339,17.0
CH04,heating_tertiary,,0,15,0.0505011,-15.0
CH04,heating_tertiary,,0,15,0.0482796,-14.0
CH04,heating_tertiary,,0,15,0.0461378,-13.0
CH04,heating_tertiary,,0,15,0.0440402,-12.0
CH04,heating_tertiary,,0,15,0.0419957,-11.0
CH04,heating_tertiary,,0,15,0.0400044,-10.0
CH04,heating_tertiary,,0,15,0.0380573,-9.0
CH04,heating_tertiary,,0,15,0.0361544,-8.0
CH04,heating_tertiary,,0,15,0.0343046,-7.0
CH04,heating_tertiary,,0,15,0.0324903,-6.0
CH04,heating_tertiary,,0,15,0.030729,-5.0
CH04,heating_tertiary,,0,15,0.0290032,-4.0
CH04,heating_tertiary,,0,15,0.0273127,-3.0
CH04,heating_tertiary,,0,15,0.0256665,-2.0
CH04,heating_tertiary,,0,15,0.0241973,-1.0
CH04,heating_tertiary,,0,15,0.0227989,0.0
CH04,heating_tertiary,,0,15,0.0213475,1.0
CH04,heating_tertiary,,0,15,0.0197986,2.0
CH04,heating_tertiary,,0,15,0.0182852,3.0
CH04,heating_tertiary,,0,15,0.0168691,4.0
CH04,heating_tertiary,,0,15,0.0155238,5.0
CH04,heating_tertiary,,0,15,0.014267,6.0
CH04,heating_tertiary,,0,15,0.013028,7.0
CH04,heating_tertiary,,0,15,0.0118509,8.0
CH04,heating_tertiary,,0,15,0.010541,9.0
CH04,heating_tertiary,,0,15,0.0092665,10.0
CH04,heating_tertiary,,0,15,0.00801857,11.0
CH04,heating_tertiary,,0,15,0.0067972,12.0
CH04,heating_tertiary,,0,15,0.00554928,13.0
CH04,heating_tertiary,,0,15,0.00435446,14.0
CH04,heating_tertiary,,0,15,0.00276136,15.0
CH04,heating_tertiary,,0,15,0.00127448,16.0
CH04,heating_tertiary,,0,15,0.00127448,17.0
CH04,heating_tertiary,,0,16,0.0510312,-15.0
CH04,heating_tertiary,,0,16,0.0487864,-14.0
CH04,heating_tertiary,,0,16,0.046622,-13.0
CH04,heating_tertiary,,0,16,0.0445025,-12.0
CH04,heating_tertiary,,0,16,0.0424365,-11.0
CH04,heating_tertiary,,0,16,0.0404243,-10.0
CH04,heating_tertiary,,0,16,0.0384567,-9.0
CH04,heating_tertiary,,0,16,0.0365339,-8.0
CH04,heating_tertiary,,0,16,0.0346647,-7.0
CH04,heating_tertiary,,0,16,0.0328313,-6.0
CH04,heating_tertiary,,0,16,0.0310516,-5.0
CH04,heating_tertiary,,0,16,0.0293076,-4.0
CH04,heating_tertiary,,0,16,0.0275994,-3.0
CH04,heating_tertiary,,0,16,0.0259359,-2.0
CH04,heating_tertiary,,0,16,0.0244513,-1.0
CH04,heating_tertiary,,0,16,0.0230382,0.0
CH04,heating_tertiary,,0,16,0.0215715,1.0
CH04,heating_tertiary,,0,16,0.0200064,2.0
CH04,heating_tertiary,,0,16,0.0184771,3.0
CH04,heating_tertiary,,0,16,0.0170462,4.0
CH04,heating_tertiary,,0,16,0.0156868,5.0
CH04,heating_tertiary,,0,16,0.0144168,6.0
CH04,heating_tertiary,,0,16,0.0131647,7.0
CH04,heating_tertiary,,0,16,0.0119752,8.0
CH04,heating_tertiary,,0,16,0.0106516,9.0
CH04,heating_tertiary,,0,16,0.00936376,10.0
CH04,heating_tertiary,,0,16,0.00810274,11.0
CH04,heating_tertiary,,0,16,0.00686855,12.0
CH04,heating_tertiary,,0,16,0.00560752,13.0
CH04,heating_tertiary,,0,16,0.00440016,14.0
CH04,heating_tertiary,,0,16,0.00279035,15.0
CH04,heating_tertiary,,0,16,0.00128785,16.0
CH04,heating_tertiary,,0,16,0.00128785,17.0
CH04,heating_tertiary,,0,17,0.0512065,-15.0
CH04,heating_tertiary,,0,17,0.048954,-14.0
CH04,heating_tertiary,,0,17,0.0467822,-13.0
CH04,heating_tertiary,,0,17,0.0446554,-12.0
CH04,heating_tertiary,,0,17,0.0425823,-11.0
CH04,heating_tertiary,,0,17,0.0405632,-10.0
CH04,heating_tertiary,,0,17,0.0385888,-9.0
CH04,heating_tertiary,,0,17,0.0366594,-8.0
CH04,heating_tertiary,,0,17,0.0347838,-7.0
CH04,heating_tertiary,,0,17,0.0329441,-6.0
CH04,heating_tertiary,,0,17,0.0311582,-5.0
CH04,heating_tertiary,,0,17,0.0294083,-4.0
CH04,heating_tertiary,,0,17,0.0276942,-3.0
CH04,heating_tertiary,,0,17,0.026025,-2.0
CH04,heating_tertiary,,0,17,0.0245353,-1.0
CH04,heating_tertiary,,0,17,0.0231174,0.0
CH04,heating_tertiary,,0,17,0.0216457,1.0
CH04,heating_tertiary,,0,17,0.0200752,2.0
CH04,heating_tertiary,,0,17,0.0185406,3.0
CH04,heating_tertiary,,0,17,0.0171047,4.0
CH04,heating_tertiary,,0,17,0.0157407,5.0
CH04,heating_tertiary,,0,17,0.0144663,6.0
CH04,heating_tertiary,,0,17,0.0132099,7.0
CH04,heating_tertiary,,0,17,0.0120164,8.0
CH04,heating_tertiary,,0,17,0.0106882,9.0
CH04,heating_tertiary,,0,17,0.00939593,10.0
CH04,heating_tertiary,,0,17,0.00813058,11.0
CH04,heating_tertiary,,0,17,0.00689215,12.0
CH04,heating_tertiary,,0,17,0.00562679,13.0
CH04,heating_tertiary,,0,17,0.00441528,14.0
CH04,heating_tertiary,,0,17,0.00279993,15.0
CH04,heating_tertiary,,0,17,0.00129228,16.0
CH04,heating_tertiary,,0,17,0.00129228,17.0
CH04,heating_tertiary,,0,18,0.0514702,-15.0
CH04,heating_tertiary,,0,18,0.0492061,-14.0
CH04,heating_tertiary,,0,18,0.0470232,-13.0
CH04,heating_tertiary,,0,18,0.0448853,-12.0
CH04,heating_tertiary,,0,18,0.0428016,-11.0
CH04,heating_tertiary,,0,18,0.040772,-10.0
CH04,heating_tertiary,,0,18,0.0387876,-9.0
CH04,heating_tertiary,,0,18,0.0368482,-8.0
CH04,heating_tertiary,,0,18,0.0349629,-7.0
CH04,heating_tertiary,,0,18,0.0331138,-6.0
CH04,heating_tertiary,,0,18,0.0313187,-5.0
CH04,heating_tertiary,,0,18,0.0295597,-4.0
CH04,heating_tertiary,,0,18,0.0278368,-3.0
CH04,heating_tertiary,,0,18,0.0261591,-2.0
CH04,heating_tertiary,,0,18,0.0246617,-1.0
CH04,heating_tertiary,,0,18,0.0232365,0.0
CH04,heating_tertiary,,0,18,0.0217571,1.0
CH04,heating_tertiary,,0,18,0.0201786,2.0
CH04,heating_tertiary,,0,18,0.0186361,3.0
CH04,heating_tertiary,,0,18,0.0171928,4.0
CH04,heating_tertiary,,0,18,0.0158217,5.0
CH04,heating_tertiary,,0,18,0.0145408,6.0
CH04,heating_tertiary,,0,18,0.013278,7.0
CH04,heating_tertiary,,0,18,0.0120783,8.0
CH04,heating_tertiary,,0,18,0.0107433,9.0
CH04,heating_tertiary,,0,18,0.00944432,10.0
CH04,heating_tertiary,,0,18,0.00817245,11.0
CH04,heating_tertiary,,0,18,0.00692764,12.0
CH04,heating_tertiary,,0,18,0.00565577,13.0
CH04,heating_tertiary,,0,18,0.00443802,14.0
CH04,heating_tertiary,,0,18,0.00281435,15.0
CH04,heating_tertiary,,0,18,0.00129893,16.0
CH04,heating_tertiary,,0,18,0.00129893,17.0
CH04,heating_tertiary,,0,19,0.0526647,-15.0
CH04,heating_tertiary,,0,19,0.050348,-14.0
CH04,heating_tertiary,,0,19,0.0481145,-13.0
CH04,heating_tertiary,,0,19,0.045927,-12.0
CH04,heating_tertiary,,0,19,0.043795,-11.0
CH04,heating_tertiary,,0,19,0.0417183,-10.0
CH04,heating_tertiary,,0,19,0.0396877,-9.0
CH04,heating_tertiary,,0,19,0.0377034,-8.0
CH04,heating_tertiary,,0,19,0.0357743,-7.0
CH04,heating_tertiary,,0,19,0.0338823,-6.0
CH04,heating_tertiary,,0,19,0.0320455,-5.0
CH04,heating_tertiary,,0,19,0.0302457,-4.0
CH04,heating_tertiary,,0,19,0.0284829,-3.0
CH04,heating_tertiary,,0,19,0.0267661,-2.0
CH04,heating_tertiary,,0,19,0.025234,-1.0
CH04,heating_tertiary,,0,19,0.0237757,0.0
CH04,heating_tertiary,,0,19,0.0222621,1.0
CH04,heating_tertiary,,0,19,0.0206469,2.0
CH04,heating_tertiary,,0,19,0.0190686,3.0
CH04,heating_tertiary,,0,19,0.0175918,4.0
CH04,heating_tertiary,,0,19,0.0161889,5.0
CH04,heating_tertiary,,0,19,0.0148783,6.0
CH04,heating_tertiary,,0,19,0.0135861,7.0
CH04,heating_tertiary,,0,19,0.0123586,8.0
CH04,heating_tertiary,,0,19,0.0109926,9.0
CH04,heating_tertiary,,0,19,0.0096635,10.0
CH04,heating_tertiary,,0,19,0.00836211,11.0
CH04,heating_tertiary,,0,19,0.00708841,12.0
CH04,heating_tertiary,,0,19,0.00578703,13.0
CH04,heating_tertiary,,0,19,0.00454102,14.0
CH04,heating_tertiary,,0,19,0.00287967,15.0
CH04,heating_tertiary,,0,19,0.00132908,16.0
CH04,heating_tertiary,,0,19,0.00132908,17.0
CH04,heating_tertiary,,0,20,0.0562089,-15.0
CH04,heating_tertiary,,0,20,0.0537363,-14.0
CH04,heating_tertiary,,0,20,0.0513524,-13.0
CH04,heating_tertiary,,0,20,0.0490178,-12.0
CH04,heating_tertiary,,0,20,0.0467422,-11.0
CH04,heating_tertiary,,0,20,0.0445258,-10.0
CH04,heating_tertiary,,0,20,0.0423586,-9.0
CH04,heating_tertiary,,0,20,0.0402407,-8.0
CH04,heating_tertiary,,0,20,0.0381818,-7.0
CH04,heating_tertiary,,0,20,0.0361624,-6.0
CH04,heating_tertiary,,0,20,0.0342021,-5.0
CH04,heating_tertiary,,0,20,0.0322812,-4.0
CH04,heating_tertiary,,0,20,0.0303997,-3.0
CH04,heating_tertiary,,0,20,0.0285674,-2.0
CH04,heating_tertiary,,0,20,0.0269322,-1.0
CH04,heating_tertiary,,0,20,0.0253758,0.0
CH04,heating_tertiary,,0,20,0.0237602,1.0
CH04,heating_tertiary,,0,20,0.0220363,2.0
CH04,heating_tertiary,,0,20,0.0203518,3.0
CH04,heating_tertiary,,0,20,0.0187757,4.0
CH04,heating_tertiary,,0,20,0.0172784,5.0
CH04,heating_tertiary,,0,20,0.0158796,6.0
CH04,heating_tertiary,,0,20,0.0145004,7.0
CH04,heating_tertiary,,0,20,0.0131903,8.0
CH04,heating_tertiary,,0,20,0.0117323,9.0
CH04,heating_tertiary,,0,20,0.0103138,10.0
CH04,heating_tertiary,,0,20,0.00892486,11.0
CH04,heating_tertiary,,0,20,0.00756544,12.0
CH04,heating_tertiary,,0,20,0.00617648,13.0
CH04,heating_tertiary,,0,20,0.00484661,14.0
CH04,heating_tertiary,,0,20,0.00307346,15.0
CH04,heating_tertiary,,0,20,0.00141852,16.0
CH04,heating_tertiary,,0,20,0.00141852,17.0
CH04,heating_tertiary,,0,21,0.0631725,-15.0
CH04,heating_tertiary,,0,21,0.0603936,-14.0
CH04,heating_tertiary,,0,21,0.0577144,-13.0
CH04,heating_tertiary,,0,21,0.0550905,-12.0
CH04,heating_tertiary,,0,21,0.052533,-11.0
CH04,heating_tertiary,,0,21,0.050042,-10.0
CH04,heating_tertiary,,0,21,0.0476063,-9.0
CH04,heating_tertiary,,0,21,0.045226,-8.0
CH04,heating_tertiary,,0,21,0.0429121,-7.0
CH04,heating_tertiary,,0,21,0.0406425,-6.0
CH04,heating_tertiary,,0,21,0.0384393,-5.0
CH04,heating_tertiary,,0,21,0.0362804,-4.0
CH04,heating_tertiary,,0,21,0.0341658,-3.0
CH04,heating_tertiary,,0,21,0.0321066,-2.0
CH04,heating_tertiary,,0,21,0.0302688,-1.0
CH04,heating_tertiary,,0,21,0.0285195,0.0
CH04,heating_tertiary,,0,21,0.0267038,1.0
CH04,heating_tertiary,,0,21,0.0247664,2.0
CH04,heating_tertiary,,0,21,0.0228732,3.0
CH04,heating_tertiary,,0,21,0.0211018,4.0
CH04,heating_tertiary,,0,21,0.019419,5.0
CH04,heating_tertiary,,0,21,0.0178468,6.0
CH04,heating_tertiary,,0,21,0.0162969,7.0
CH04,heating_tertiary,,0,21,0.0148244,8.0
CH04,heating_tertiary,,0,21,0.0131858,9.0
CH04,heating_tertiary,,0,21,0.0115916,10.0
CH04,heating_tertiary,,0,21,0.0100305,11.0
CH04,heating_tertiary,,0,21,0.00850271,12.0
CH04,heating_tertiary,,0,21,0.00694167,13.0
CH04,heating_tertiary,,0,21,0.00544705,14.0
CH04,heating_tertiary,,0,21,0.00345423,15.0
CH04,heating_tertiary,,0,21,0.00159426,16.0
CH04,heating_tertiary,,0,21,0.00159426,17.0
CH04,heating_tertiary,,0,22,0.0734676,-15.0
CH04,heating_tertiary,,0,22,0.0702358,-14.0
CH04,heating_tertiary,,0,22,0.06712,-13.0
CH04,heating_tertiary,,0,22,0.0640685,-12.0
CH04,heating_tertiary,,0,22,0.0610942,-11.0
CH04,heating_tertiary,,0,22,0.0581973,-10.0
CH04,heating_tertiary,,0,22,0.0553646,-9.0
CH04,heating_tertiary,,0,22,0.0525964,-8.0
CH04,heating_tertiary,,0,22,0.0499054,-7.0
CH04,heating_tertiary,,0,22,0.047266,-6.0
CH04,heating_tertiary,,0,22,0.0447037,-5.0
CH04,heating_tertiary,,0,22,0.042193,-4.0
CH04,heating_tertiary,,0,22,0.0397338,-3.0
CH04,heating_tertiary,,0,22,0.0373389,-2.0
CH04,heating_tertiary,,0,22,0.0352016,-1.0
CH04,heating_tertiary,,0,22,0.0331673,0.0
CH04,heating_tertiary,,0,22,0.0310557,1.0
CH04,heating_tertiary,,0,22,0.0288025,2.0
CH04,heating_tertiary,,0,22,0.0266008,3.0
CH04,heating_tertiary,,0,22,0.0245407,4.0
CH04,heating_tertiary,,0,22,0.0225836,5.0
CH04,heating_tertiary,,0,22,0.0207553,6.0
CH04,heating_tertiary,,0,22,0.0189527,7.0
CH04,heating_tertiary,,0,22,0.0172403,8.0
CH04,heating_tertiary,,0,22,0.0153347,9.0
CH04,heating_tertiary,,0,22,0.0134806,10.0
CH04,heating_tertiary,,0,22,0.0116652,11.0
CH04,heating_tertiary,,0,22,0.00988838,12.0
CH04,heating_tertiary,,0,22,0.00807294,13.0
CH04,heating_tertiary,,0,22,0.00633475,14.0
CH04,heating_tertiary,,0,22,0.00401716,15.0
CH04,heating_tertiary,,0,22,0.00185407,16.0
CH04,heating_tertiary,,0,22,0.00185407,17.0
CH04,heating_tertiary,,0,23,0.0855897,-15.0
CH04,heating_tertiary,,0,23,0.0818247,-14.0
CH04,heating_tertiary,,0,23,0.0781947,-13.0
CH04,heating_tertiary,,0,23,0.0746397,-12.0
CH04,heating_tertiary,,0,23,0.0711747,-11.0
CH04,heating_tertiary,,0,23,0.0677998,-10.0
CH04,heating_tertiary,,0,23,0.0644998,-9.0
CH04,heating_tertiary,,0,23,0.0612748,-8.0
CH04,heating_tertiary,,0,23,0.0581398,-7.0
CH04,heating_tertiary,,0,23,0.0550648,-6.0
CH04,heating_tertiary,,0,23,0.0520798,-5.0
CH04,heating_tertiary,,0,23,0.0491548,-4.0
CH04,heating_tertiary,,0,23,0.0462898,-3.0
CH04,heating_tertiary,,0,23,0.0434998,-2.0
CH04,heating_tertiary,,0,23,0.0410099,-1.0
CH04,heating_tertiary,,0,23,0.0386399,0.0
CH04,heating_tertiary,,0,23,0.0361799,1.0
CH04,heating_tertiary,,0,23,0.0335549,2.0
CH04,heating_tertiary,,0,23,0.0309899,3.0
CH04,heating_tertiary,,0,23,0.0285899,4.0
CH04,heating_tertiary,,0,23,0.0263099,5.0
CH04,heating_tertiary,,0,23,0.0241799,6.0
CH04,heating_tertiary,,0,23,0.0220799,7.0
CH04,heating_tertiary,,0,23,0.0200849,8.0
CH04,heating_tertiary,,0,23,0.0178649,9.0
CH04,heating_tertiary,,0,23,0.0157049,10.0
CH04,heating_tertiary,,0,23,0.01359,11.0
CH04,heating_tertiary,,0,23,0.01152,12.0
CH04,heating_tertiary,,0,23,0.00940497,13.0
CH04,heating_tertiary,,0,23,0.00737997,14.0
CH04,heating_tertiary,,0,23,0.00467998,15.0
CH04,heating_tertiary,,0,23,0.00215999,16.0
CH04,heating_tertiary,,0,23,0.00215999,17.0
CH04,heating_tertiary,,0,24,0.0970796,-15.0
CH04,heating_tertiary,,0,24,0.0928092,-14.0
CH04,heating_tertiary,,0,24,0.0886919,-13.0
CH04,heating_tertiary,,0,24,0.0846597,-12.0
CH04,heating_tertiary,,0,24,0.0807296,-11.0
CH04,heating_tertiary,,0,24,0.0769015,-10.0
CH04,heating_tertiary,,0,24,0.0731585,-9.0
CH04,heating_tertiary,,0,24,0.0695006,-8.0
CH04,heating_tertiary,,0,24,0.0659447,-7.0
CH04,heating_tertiary,,0,24,0.062457,-6.0
CH04,heating_tertiary,,0,24,0.0590712,-5.0
CH04,heating_tertiary,,0,24,0.0557536,-4.0
CH04,heating_tertiary,,0,24,0.052504,-3.0
CH04,heating_tertiary,,0,24,0.0493395,-2.0
CH04,heating_tertiary,,0,24,0.0465152,-1.0
CH04,heating_tertiary,,0,24,0.043827,0.0
CH04,heating_tertiary,,0,24,0.0410368,1.0
CH04,heating_tertiary,,0,24,0.0380594,2.0
CH04,heating_tertiary,,0,24,0.0351501,3.0
CH04,heating_tertiary,,0,24,0.0324279,4.0
CH04,heating_tertiary,,0,24,0.0298419,5.0
CH04,heating_tertiary,,0,24,0.0274259,6.0
CH04,heating_tertiary,,0,24,0.025044,7.0
CH04,heating_tertiary,,0,24,0.0227812,8.0
CH04,heating_tertiary,,0,24,0.0202632,9.0
CH04,heating_tertiary,,0,24,0.0178132,10.0
CH04,heating_tertiary,,0,24,0.0154143,11.0
CH04,heating_tertiary,,0,24,0.0130665,12.0
CH04,heating_tertiary,,0,24,0.0106675,13.0
CH04,heating_tertiary,,0,24,0.00837069,14.0
CH04,heating_tertiary,,0,24,0.00530824,15.0
CH04,heating_tertiary,,0,24,0.00244996,16.0
CH04,heating_tertiary,,0,24,0.00244996,17.0
CH04,heating_tertiary,,1,1,0.111559,-15.0
CH04,heating_tertiary,,1,1,0.106652,-14.0
CH04,heating_tertiary,,1,1,0.10192,-13.0
CH04,heating_tertiary,,1,1,0.0972868,-12.0
CH04,heating_tertiary,,1,1,0.0927705,-11.0
CH04,heating_tertiary,,1,1,0.0883714,-10.0
CH04,heating_tertiary,,1,1,0.0840702,-9.0
CH04,heating_tertiary,,1,1,0.0798667,-8.0
CH04,heating_tertiary,,1,1,0.0757805,-7.0
CH04,heating_tertiary,,1,1,0.0717725,-6.0
CH04,heating_tertiary,,1,1,0.0678818,-5.0
CH04,heating_tertiary,,1,1,0.0640693,-4.0
CH04,heating_tertiary,,1,1,0.060335,-3.0
CH04,heating_tertiary,,1,1,0.0566985,-2.0
CH04,heating_tertiary,,1,1,0.053453,-1.0
CH04,heating_tertiary,,1,1,0.0503639,0.0
CH04,heating_tertiary,,1,1,0.0471575,1.0
CH04,heating_tertiary,,1,1,0.043736,2.0
CH04,heating_tertiary,,1,1,0.0403928,3.0
CH04,heating_tertiary,,1,1,0.0372646,4.0
CH04,heating_tertiary,,1,1,0.0342928,5.0
CH04,heating_tertiary,,1,1,0.0315165,6.0
CH04,heating_tertiary,,1,1,0.0287794,7.0
CH04,heating_tertiary,,1,1,0.0261791,8.0
CH04,heating_tertiary,,1,1,0.0232855,9.0
CH04,heating_tertiary,,1,1,0.0204701,10.0
CH04,heating_tertiary,,1,1,0.0177134,11.0
CH04,heating_tertiary,,1,1,0.0150153,12.0
CH04,heating_tertiary,,1,1,0.0122586,13.0
CH04,heating_tertiary,,1,1,0.00961919,14.0
CH04,heating_tertiary,,1,1,0.00609998,15.0
CH04,heating_tertiary,,1,1,0.00281537,16.0
CH04,heating_tertiary,,1,1,0.00281537,17.0
CH04,heating_tertiary,,1,2,0.116877,-15.0
CH04,heating_tertiary,,1,2,0.111736,-14.0
CH04,heating_tertiary,,1,2,0.106779,-13.0
CH04,heating_tertiary,,1,2,0.101924,-12.0
CH04,heating_tertiary,,1,2,0.0971926,-11.0
CH04,heating_tertiary,,1,2,0.0925839,-10.0
CH04,heating_tertiary,,1,2,0.0880776,-9.0
CH04,heating_tertiary,,1,2,0.0836737,-8.0
CH04,heating_tertiary,,1,2,0.0793927,-7.0
CH04,heating_tertiary,,1,2,0.0751937,-6.0
CH04,heating_tertiary,,1,2,0.0711176,-5.0
CH04,heating_tertiary,,1,2,0.0671233,-4.0
CH04,heating_tertiary,,1,2,0.063211,-3.0
CH04,heating_tertiary,,1,2,0.0594012,-2.0
CH04,heating_tertiary,,1,2,0.056001,-1.0
CH04,heating_tertiary,,1,2,0.0527646,0.0
CH04,heating_tertiary,,1,2,0.0494054,1.0
CH04,heating_tertiary,,1,2,0.0458208,2.0
CH04,heating_tertiary,,1,2,0.0423182,3.0
CH04,heating_tertiary,,1,2,0.0390409,4.0
CH04,heating_tertiary,,1,2,0.0359275,5.0
CH04,heating_tertiary,,1,2,0.0330189,6.0
CH04,heating_tertiary,,1,2,0.0301512,7.0
CH04,heating_tertiary,,1,2,0.027427,8.0
CH04,heating_tertiary,,1,2,0.0243954,9.0
CH04,heating_tertiary,,1,2,0.0214459,10.0
CH04,heating_tertiary,,1,2,0.0185577,11.0
CH04,heating_tertiary,,1,2,0.0157311,12.0
CH04,heating_tertiary,,1,2,0.0128429,13.0
CH04,heating_tertiary,,1,2,0.0100777,14.0
CH04,heating_tertiary,,1,2,0.00639075,15.0
CH04,heating_tertiary,,1,2,0.00294958,16.0
CH04,heating_tertiary,,1,2,0.00294958,17.0
CH04,heating_tertiary,,1,3,0.120075,-15.0
CH04,heating_tertiary,,1,3,0.114793,-14.0
CH04,heating_tertiary,,1,3,0.109701,-13.0
CH04,heating_tertiary,,1,3,0.104713,-12.0
CH04,heating_tertiary,,1,3,0.0998522,-11.0
CH04,heating_tertiary,,1,3,0.0951174,-10.0
CH04,heating_tertiary,,1,3,0.0904878,-9.0
CH04,heating_tertiary,,1,3,0.0859634,-8.0
CH04,heating_tertiary,,1,3,0.0815653,-7.0
CH04,heating_tertiary,,1,3,0.0772513,-6.0
CH04,heating_tertiary,,1,3,0.0730636,-5.0
CH04,heating_tertiary,,1,3,0.0689601,-4.0
CH04,heating_tertiary,,1,3,0.0649408,-3.0
CH04,heating_tertiary,,1,3,0.0610266,-2.0
CH04,heating_tertiary,,1,3,0.0575334,-1.0
CH04,heating_tertiary,,1,3,0.0542085,0.0
CH04,heating_tertiary,,1,3,0.0507573,1.0
CH04,heating_tertiary,,1,3,0.0470747,2.0
CH04,heating_tertiary,,1,3,0.0434762,3.0
CH04,heating_tertiary,,1,3,0.0401092,4.0
CH04,heating_tertiary,,1,3,0.0369106,5.0
CH04,heating_tertiary,,1,3,0.0339224,6.0
CH04,heating_tertiary,,1,3,0.0309763,7.0
CH04,heating_tertiary,,1,3,0.0281775,8.0
CH04,heating_tertiary,,1,3,0.025063,9.0
CH04,heating_tertiary,,1,3,0.0220327,10.0
CH04,heating_tertiary,,1,3,0.0190656,11.0
CH04,heating_tertiary,,1,3,0.0161615,12.0
CH04,heating_tertiary,,1,3,0.0131944,13.0
CH04,heating_tertiary,,1,3,0.0103535,14.0
CH04,heating_tertiary,,1,3,0.00656562,15.0
CH04,heating_tertiary,,1,3,0.00303029,16.0
CH04,heating_tertiary,,1,3,0.00303029,17.0
CH04,heating_tertiary,,1,4,0.121828,-15.0
CH04,heating_tertiary,,1,4,0.116469,-14.0
CH04,heating_tertiary,,1,4,0.111302,-13.0
CH04,heating_tertiary,,1,4,0.106242,-12.0
CH04,heating_tertiary,,1,4,0.10131,-11.0
CH04,heating_tertiary,,1,4,0.0965057,-10.0
CH04,heating_tertiary,,1,4,0.0918085,-9.0
CH04,heating_tertiary,,1,4,0.0872181,-8.0
CH04,heating_tertiary,,1,4,0.0827558,-7.0
CH04,heating_tertiary,,1,4,0.0783789,-6.0
CH04,heating_tertiary,,1,4,0.07413,-5.0
CH04,heating_tertiary,,1,4,0.0699666,-4.0
CH04,heating_tertiary,,1,4,0.0658886,-3.0
CH04,heating_tertiary,,1,4,0.0619174,-2.0
CH04,heating_tertiary,,1,4,0.0583731,-1.0
CH04,heating_tertiary,,1,4,0.0549997,0.0
CH04,heating_tertiary,,1,4,0.0514982,1.0
CH04,heating_tertiary,,1,4,0.0477618,2.0
CH04,heating_tertiary,,1,4,0.0441108,3.0
CH04,heating_tertiary,,1,4,0.0406947,4.0
CH04,heating_tertiary,,1,4,0.0374493,5.0
CH04,heating_tertiary,,1,4,0.0344175,6.0
CH04,heating_tertiary,,1,4,0.0314284,7.0
CH04,heating_tertiary,,1,4,0.0285887,8.0
CH04,heating_tertiary,,1,4,0.0254288,9.0
CH04,heating_tertiary,,1,4,0.0223543,10.0
CH04,heating_tertiary,,1,4,0.0193438,11.0
CH04,heating_tertiary,,1,4,0.0163974,12.0
CH04,heating_tertiary,,1,4,0.013387,13.0
CH04,heating_tertiary,,1,4,0.0105046,14.0
CH04,heating_tertiary,,1,4,0.00666146,15.0
CH04,heating_tertiary,,1,4,0.00307452,16.0
CH04,heating_tertiary,,1,4,0.00307452,17.0
CH04,heating_tertiary,,1,5,0.120259,-15.0
CH04,heating_tertiary,,1,5,0.114969,-14.0
CH04,heating_tertiary,,1,5,0.109868,-13.0
CH04,heating_tertiary,,1,5,0.104873,-12.0
CH04,heating_tertiary,,1,5,0.100005,-11.0
CH04,heating_tertiary,,1,5,0.0952628,-10.0
CH04,heating_tertiary,,1,5,0.0906261,-9.0
CH04,heating_tertiary,,1,5,0.0860948,-8.0
CH04,heating_tertiary,,1,5,0.0816899,-7.0
CH04,heating_tertiary,,1,5,0.0773694,-6.0
CH04,heating_tertiary,,1,5,0.0731753,-5.0
CH04,heating_tertiary,,1,5,0.0690655,-4.0
CH04,heating_tertiary,,1,5,0.06504,-3.0
CH04,heating_tertiary,,1,5,0.0611199,-2.0
CH04,heating_tertiary,,1,5,0.0576213,-1.0
CH04,heating_tertiary,,1,5,0.0542913,0.0
CH04,heating_tertiary,,1,5,0.0508349,1.0
CH04,heating_tertiary,,1,5,0.0471466,2.0
CH04,heating_tertiary,,1,5,0.0435427,3.0
CH04,heating_tertiary,,1,5,0.0401705,4.0
CH04,heating_tertiary,,1,5,0.036967,5.0
CH04,heating_tertiary,,1,5,0.0339742,6.0
CH04,heating_tertiary,,1,5,0.0310236,7.0
CH04,heating_tertiary,,1,5,0.0282205,8.0
CH04,heating_tertiary,,1,5,0.0251013,9.0
CH04,heating_tertiary,,1,5,0.0220664,10.0
CH04,heating_tertiary,,1,5,0.0190947,11.0
CH04,heating_tertiary,,1,5,0.0161862,12.0
CH04,heating_tertiary,,1,5,0.0132145,13.0
CH04,heating_tertiary,,1,5,0.0103693,14.0
CH04,heating_tertiary,,1,5,0.00657566,15.0
CH04,heating_tertiary,,1,5,0.00303492,16.0
CH04,heating_tertiary,,1,5,0.00303492,17.0
CH04,heating_tertiary,,1,6,0.113911,-15.0
CH04,heating_tertiary,,1,6,0.1089,-14.0
CH04,heating_tertiary,,1,6,0.104069,-13.0
CH04,heating_tertiary,,1,6,0.0993374,-12.0
CH04,heating_tertiary,,1,6,0.0947259,-11.0
CH04,heating_tertiary,,1,6,0.0902341,-10.0
CH04,heating_tertiary,,1,6,0.0858422,-9.0
CH04,heating_tertiary,,1,6,0.0815501,-8.0
CH04,heating_tertiary,,1,6,0.0773778,-7.0
CH04,heating_tertiary,,1,6,0.0732853,-6.0
CH04,heating_tertiary,,1,6,0.0693126,-5.0
CH04,heating_tertiary,,1,6,0.0654197,-4.0
CH04,heating_tertiary,,1,6,0.0616067,-3.0
CH04,heating_tertiary,,1,6,0.0578936,-2.0
CH04,heating_tertiary,,1,6,0.0545797,-1.0
CH04,heating_tertiary,,1,6,0.0514255,0.0
CH04,heating_tertiary,,1,6,0.0481515,1.0
CH04,heating_tertiary,,1,6,0.0446579,2.0
CH04,heating_tertiary,,1,6,0.0412442,3.0
CH04,heating_tertiary,,1,6,0.0380501,4.0
CH04,heating_tertiary,,1,6,0.0350156,5.0
CH04,heating_tertiary,,1,6,0.0321808,6.0
CH04,heating_tertiary,,1,6,0.029386,7.0
CH04,heating_tertiary,,1,6,0.0267309,8.0
CH04,heating_tertiary,,1,6,0.0237763,9.0
CH04,heating_tertiary,,1,6,0.0209016,10.0
CH04,heating_tertiary,,1,6,0.0180868,11.0
CH04,heating_tertiary,,1,6,0.0153318,12.0
CH04,heating_tertiary,,1,6,0.012517,13.0
CH04,heating_tertiary,,1,6,0.00982194,14.0
CH04,heating_tertiary,,1,6,0.00622855,15.0
CH04,heating_tertiary,,1,6,0.00287472,16.0
CH04,heating_tertiary,,1,6,0.00287472,17.0
CH04,heating_tertiary,,1,7,0.103487,-15.0
CH04,heating_tertiary,,1,7,0.0989351,-14.0
CH04,heating_tertiary,,1,7,0.094546,-13.0
CH04,heating_tertiary,,1,7,0.0902476,-12.0
CH04,heating_tertiary,,1,7,0.0860581,-11.0
CH04,heating_tertiary,,1,7,0.0819774,-10.0
CH04,heating_tertiary,,1,7,0.0779873,-9.0
CH04,heating_tertiary,,1,7,0.0740879,-8.0
CH04,heating_tertiary,,1,7,0.0702974,-7.0
CH04,heating_tertiary,,1,7,0.0665794,-6.0
CH04,heating_tertiary,,1,7,0.0629702,-5.0
CH04,heating_tertiary,,1,7,0.0594336,-4.0
CH04,heating_tertiary,,1,7,0.0559695,-3.0
CH04,heating_tertiary,,1,7,0.0525961,-2.0
CH04,heating_tertiary,,1,7,0.0495854,-1.0
CH04,heating_tertiary,,1,7,0.0467198,0.0
CH04,heating_tertiary,,1,7,0.0437454,1.0
CH04,heating_tertiary,,1,7,0.0405715,2.0
CH04,heating_tertiary,,1,7,0.0374702,3.0
CH04,heating_tertiary,,1,7,0.0345683,4.0
CH04,heating_tertiary,,1,7,0.0318116,5.0
CH04,heating_tertiary,,1,7,0.0292362,6.0
CH04,heating_tertiary,,1,7,0.0266971,7.0
CH04,heating_tertiary,,1,7,0.0242849,8.0
CH04,heating_tertiary,,1,7,0.0216007,9.0
CH04,heating_tertiary,,1,7,0.018989,10.0
CH04,heating_tertiary,,1,7,0.0164317,11.0
CH04,heating_tertiary,,1,7,0.0139289,12.0
CH04,heating_tertiary,,1,7,0.0113716,13.0
CH04,heating_tertiary,,1,7,0.0089232,14.0
CH04,heating_tertiary,,1,7,0.00565861,15.0
CH04,heating_tertiary,,1,7,0.00261167,16.0
CH04,heating_tertiary,,1,7,0.00261167,17.0
CH04,heating_tertiary,,1,8,0.0911195,-15.0
CH04,heating_tertiary,,1,8,0.0871113,-14.0
CH04,heating_tertiary,,1,8,0.0832467,-13.0
CH04,heating_tertiary,,1,8,0.0794621,-12.0
CH04,heating_tertiary,,1,8,0.0757732,-11.0
CH04,heating_tertiary,,1,8,0.0721802,-10.0
CH04,heating_tertiary,,1,8,0.068667,-9.0
CH04,heating_tertiary,,1,8,0.0652336,-8.0
CH04,heating_tertiary,,1,8,0.0618961,-7.0
CH04,heating_tertiary,,1,8,0.0586224,-6.0
CH04,heating_tertiary,,1,8,0.0554446,-5.0
CH04,heating_tertiary,,1,8,0.0523306,-4.0
CH04,heating_tertiary,,1,8,0.0492805,-3.0
CH04,heating_tertiary,,1,8,0.0463103,-2.0
CH04,heating_tertiary,,1,8,0.0436594,-1.0
CH04,heating_tertiary,,1,8,0.0411363,0.0
CH04,heating_tertiary,,1,8,0.0385174,1.0
CH04,heating_tertiary,,1,8,0.0357228,2.0
CH04,heating_tertiary,,1,8,0.0329921,3.0
CH04,heating_tertiary,,1,8,0.030437,4.0
CH04,heating_tertiary,,1,8,0.0280097,5.0
CH04,heating_tertiary,,1,8,0.0257421,6.0
CH04,heating_tertiary,,1,8,0.0235065,7.0
CH04,heating_tertiary,,1,8,0.0213826,8.0
CH04,heating_tertiary,,1,8,0.0190192,9.0
CH04,heating_tertiary,,1,8,0.0167196,10.0
CH04,heating_tertiary,,1,8,0.014468,11.0
CH04,heating_tertiary,,1,8,0.0122642,12.0
CH04,heating_tertiary,,1,8,0.0100126,13.0
CH04,heating_tertiary,,1,8,0.00785678,14.0
CH04,heating_tertiary,,1,8,0.00498235,15.0
CH04,heating_tertiary,,1,8,0.00229955,16.0
CH04,heating_tertiary,,1,8,0.00229955,17.0
CH04,heating_tertiary,,1,9,0.0791622,-15.0
CH04,heating_tertiary,,1,9,0.07568,-14.0
CH04,heating_tertiary,,1,9,0.0723226,-13.0
CH04,heating_tertiary,,1,9,0.0690346,-12.0
CH04,heating_tertiary,,1,9,0.0658298,-11.0
CH04,heating_tertiary,,1,9,0.0627082,-10.0
CH04,heating_tertiary,,1,9,0.0596561,-9.0
CH04,heating_tertiary,,1,9,0.0566733,-8.0
CH04,heating_tertiary,,1,9,0.0537737,-7.0
CH04,heating_tertiary,,1,9,0.0509296,-6.0
CH04,heating_tertiary,,1,9,0.0481688,-5.0
CH04,heating_tertiary,,1,9,0.0454635,-4.0
CH04,heating_tertiary,,1,9,0.0428136,-3.0
CH04,heating_tertiary,,1,9,0.0402332,-2.0
CH04,heating_tertiary,,1,9,0.0379302,-1.0
CH04,heating_tertiary,,1,9,0.0357381,0.0
CH04,heating_tertiary,,1,9,0.0334629,1.0
CH04,heating_tertiary,,1,9,0.031035,2.0
CH04,heating_tertiary,,1,9,0.0286627,3.0
CH04,heating_tertiary,,1,9,0.0264429,4.0
CH04,heating_tertiary,,1,9,0.0243341,5.0
CH04,heating_tertiary,,1,9,0.0223641,6.0
CH04,heating_tertiary,,1,9,0.0204218,7.0
CH04,heating_tertiary,,1,9,0.0185766,8.0
CH04,heating_tertiary,,1,9,0.0165233,9.0
CH04,heating_tertiary,,1,9,0.0145256,10.0
CH04,heating_tertiary,,1,9,0.0125694,11.0
CH04,heating_tertiary,,1,9,0.0106549,12.0
CH04,heating_tertiary,,1,9,0.00869869,13.0
CH04,heating_tertiary,,1,9,0.00682576,14.0
CH04,heating_tertiary,,1,9,0.00432853,15.0
CH04,heating_tertiary,,1,9,0.00199778,16.0
CH04,heating_tertiary,,1,9,0.00199778,17.0
CH04,heating_tertiary,,1,10,0.0695442,-15.0
CH04,heating_tertiary,,1,10,0.066485,-14.0
CH04,heating_tertiary,,1,10,0.0635355,-13.0
CH04,heating_tertiary,,1,10,0.060647,-12.0
CH04,heating_tertiary,,1,10,0.0578316,-11.0
CH04,heating_tertiary,,1,10,0.0550893,-10.0
CH04,heating_tertiary,,1,10,0.052408,-9.0
CH04,heating_tertiary,,1,10,0.0497876,-8.0
CH04,heating_tertiary,,1,10,0.0472403,-7.0
CH04,heating_tertiary,,1,10,0.0447418,-6.0
CH04,heating_tertiary,,1,10,0.0423164,-5.0
CH04,heating_tertiary,,1,10,0.0399397,-4.0
CH04,heating_tertiary,,1,10,0.0376119,-3.0
CH04,heating_tertiary,,1,10,0.0353449,-2.0
CH04,heating_tertiary,,1,10,0.0333217,-1.0
CH04,heating_tertiary,,1,10,0.031396,0.0
CH04,heating_tertiary,,1,10,0.0293972,1.0
CH04,heating_tertiary,,1,10,0.0272643,2.0
CH04,heating_tertiary,,1,10,0.0251802,3.0
CH04,heating_tertiary,,1,10,0.0232301,4.0
CH04,heating_tertiary,,1,10,0.0213776,5.0
CH04,heating_tertiary,,1,10,0.0196469,6.0
CH04,heating_tertiary,,1,10,0.0179406,7.0
CH04,heating_tertiary,,1,10,0.0163196,8.0
CH04,heating_tertiary,,1,10,0.0145158,9.0
CH04,heating_tertiary,,1,10,0.0127607,10.0
CH04,heating_tertiary,,1,10,0.0110422,11.0
CH04,heating_tertiary,,1,10,0.00936031,12.0
CH04,heating_tertiary,,1,10,0.00764181,13.0
CH04,heating_tertiary,,1,10,0.00599645,14.0
CH04,heating_tertiary,,1,10,0.00380262,15.0
CH04,heating_tertiary,,1,10,0.00175506,16.0
CH04,heating_tertiary,,1,10,0.00175506,17.0
CH04,heating_tertiary,,1,11,0.0626711,-15.0
CH04,heating_tertiary,,1,11,0.0599143,-14.0
CH04,heating_tertiary,,1,11,0.0572563,-13.0
CH04,heating_tertiary,,1,11,0.0546533,-12.0
CH04,heating_tertiary,,1,11,0.0521161,-11.0
CH04,heating_tertiary,,1,11,0.0496449,-10.0
CH04,heating_tertiary,,1,11,0.0472285,-9.0
CH04,heating_tertiary,,1,11,0.0448671,-8.0
CH04,heating_tertiary,,1,11,0.0425716,-7.0
CH04,heating_tertiary,,1,11,0.04032,-6.0
CH04,heating_tertiary,,1,11,0.0381343,-5.0
CH04,heating_tertiary,,1,11,0.0359925,-4.0
CH04,heating_tertiary,,1,11,0.0338947,-3.0
CH04,heating_tertiary,,1,11,0.0318518,-2.0
CH04,heating_tertiary,,1,11,0.0300285,-1.0
CH04,heating_tertiary,,1,11,0.0282932,0.0
CH04,heating_tertiary,,1,11,0.0264919,1.0
CH04,heating_tertiary,,1,11,0.0245698,2.0
CH04,heating_tertiary,,1,11,0.0226917,3.0
CH04,heating_tertiary,,1,11,0.0209343,4.0
CH04,heating_tertiary,,1,11,0.0192648,5.0
CH04,heating_tertiary,,1,11,0.0177052,6.0
CH04,heating_tertiary,,1,11,0.0161675,7.0
CH04,heating_tertiary,,1,11,0.0147067,8.0
CH04,heating_tertiary,,1,11,0.0130812,9.0
CH04,heating_tertiary,,1,11,0.0114996,10.0
CH04,heating_tertiary,,1,11,0.00995094,11.0
CH04,heating_tertiary,,1,11,0.00843523,12.0
CH04,heating_tertiary,,1,11,0.00688657,13.0
CH04,heating_tertiary,,1,11,0.00540382,14.0
CH04,heating_tertiary,,1,11,0.00342681,15.0
CH04,heating_tertiary,,1,11,0.00158161,16.0
CH04,heating_tertiary,,1,11,0.00158161,17.0
CH04,heating_tertiary,,1,12,0.0576328,-15.0
CH04,heating_tertiary,,1,12,0.0550976,-14.0
CH04,heating_tertiary,,1,12,0.0526533,-13.0
CH04,heating_tertiary,,1,12,0.0502595,-12.0
CH04,heating_tertiary,,1,12,0.0479263,-11.0
CH04,heating_tertiary,,1,12,0.0456537,-10.0
CH04,heating_tertiary,,1,12,0.0434316,-9.0
CH04,heating_tertiary,,1,12,0.0412601,-8.0
CH04,heating_tertiary,,1,12,0.0391491,-7.0
CH04,heating_tertiary,,1,12,0.0370785,-6.0
CH04,heating_tertiary,,1,12,0.0350685,-5.0
CH04,heating_tertiary,,1,12,0.0330989,-4.0
CH04,heating_tertiary,,1,12,0.0311698,-3.0
CH04,heating_tertiary,,1,12,0.0292911,-2.0
CH04,heating_tertiary,,1,12,0.0276144,-1.0
CH04,heating_tertiary,,1,12,0.0260186,0.0
CH04,heating_tertiary,,1,12,0.0243621,1.0
CH04,heating_tertiary,,1,12,0.0225946,2.0
CH04,heating_tertiary,,1,12,0.0208674,3.0
CH04,heating_tertiary,,1,12,0.0192513,4.0
CH04,heating_tertiary,,1,12,0.0177161,5.0
CH04,heating_tertiary,,1,12,0.0162818,6.0
CH04,heating_tertiary,,1,12,0.0148678,7.0
CH04,heating_tertiary,,1,12,0.0135244,8.0
CH04,heating_tertiary,,1,12,0.0120296,9.0
CH04,heating_tertiary,,1,12,0.0105751,10.0
CH04,heating_tertiary,,1,12,0.00915094,11.0
CH04,heating_tertiary,,1,12,0.00775709,12.0
CH04,heating_tertiary,,1,12,0.00633294,13.0
CH04,heating_tertiary,,1,12,0.00496939,14.0
CH04,heating_tertiary,,1,12,0.00315132,15.0
CH04,heating_tertiary,,1,12,0.00145445,16.0
CH04,heating_tertiary,,1,12,0.00145445,17.0
CH04,heating_tertiary,,1,13,0.0540496,-15.0
CH04,heating_tertiary,,1,13,0.0516721,-14.0
CH04,heating_tertiary,,1,13,0.0493797,-13.0
CH04,heating_tertiary,,1,13,0.0471348,-12.0
CH04,heating_tertiary,,1,13,0.0449466,-11.0
CH04,heating_tertiary,,1,13,0.0428153,-10.0
CH04,heating_tertiary,,1,13,0.0407314,-9.0
CH04,heating_tertiary,,1,13,0.0386948,-8.0
CH04,heating_tertiary,,1,13,0.0367151,-7.0
CH04,heating_tertiary,,1,13,0.0347733,-6.0
CH04,heating_tertiary,,1,13,0.0328883,-5.0
CH04,heating_tertiary,,1,13,0.0310411,-4.0
CH04,heating_tertiary,,1,13,0.0292319,-3.0
CH04,heating_tertiary,,1,13,0.02747,-2.0
CH04,heating_tertiary,,1,13,0.0258976,-1.0
CH04,heating_tertiary,,1,13,0.024401,0.0
CH04,heating_tertiary,,1,13,0.0228475,1.0
CH04,heating_tertiary,,1,13,0.0211898,2.0
CH04,heating_tertiary,,1,13,0.01957,3.0
CH04,heating_tertiary,,1,13,0.0180544,4.0
CH04,heating_tertiary,,1,13,0.0166146,5.0
CH04,heating_tertiary,,1,13,0.0152695,6.0
CH04,heating_tertiary,,1,13,0.0139434,7.0
CH04,heating_tertiary,,1,13,0.0126836,8.0
CH04,heating_tertiary,,1,13,0.0112817,9.0
CH04,heating_tertiary,,1,13,0.00991763,10.0
CH04,heating_tertiary,,1,13,0.00858201,11.0
CH04,heating_tertiary,,1,13,0.00727482,12.0
CH04,heating_tertiary,,1,13,0.00593921,13.0
CH04,heating_tertiary,,1,13,0.00466043,14.0
CH04,heating_tertiary,,1,13,0.0029554,15.0
CH04,heating_tertiary,,1,13,0.00136403,16.0
CH04,heating_tertiary,,1,13,0.00136403,17.0
CH04,heating_tertiary,,1,14,0.0524315,-15.0
CH04,heating_tertiary,,1,14,0.0501251,-14.0
CH04,heating_tertiary,,1,14,0.0479014,-13.0
CH04,heating_tertiary,,1,14,0.0457237,-12.0
CH04,heating_tertiary,,1,14,0.043601,-11.0
CH04,heating_tertiary,,1,14,0.0415336,-10.0
CH04,heating_tertiary,,1,14,0.039512,-9.0
CH04,heating_tertiary,,1,14,0.0375364,-8.0
CH04,heating_tertiary,,1,14,0.0356159,-7.0
CH04,heating_tertiary,,1,14,0.0337322,-6.0
CH04,heating_tertiary,,1,14,0.0319037,-5.0
CH04,heating_tertiary,,1,14,0.0301118,-4.0
CH04,heating_tertiary,,1,14,0.0283568,-3.0
CH04,heating_tertiary,,1,14,0.0266476,-2.0
CH04,heating_tertiary,,1,14,0.0251223,-1.0
CH04,heating_tertiary,,1,14,0.0236705,0.0
CH04,heating_tertiary,,1,14,0.0221635,1.0
CH04,heating_tertiary,,1,14,0.0205554,2.0
CH04,heating_tertiary,,1,14,0.0189841,3.0
CH04,heating_tertiary,,1,14,0.0175139,4.0
CH04,heating_tertiary,,1,14,0.0161172,5.0
CH04,heating_tertiary,,1,14,0.0148124,6.0
CH04,heating_tertiary,,1,14,0.013526,7.0
CH04,heating_tertiary,,1,14,0.0123039,8.0
CH04,heating_tertiary,,1,14,0.0109439,9.0
CH04,heating_tertiary,,1,14,0.00962071,10.0
CH04,heating_tertiary,,1,14,0.00832509,11.0
CH04,heating_tertiary,,1,14,0.00705703,12.0
CH04,heating_tertiary,,1,14,0.0057614,13.0
CH04,heating_tertiary,,1,14,0.00452091,14.0
CH04,heating_tertiary,,1,14,0.00286692,15.0
CH04,heating_tertiary,,1,14,0.00132319,16.0
CH04,heating_tertiary,,1,14,0.00132319,17.0
CH04,heating_tertiary,,1,15,0.0526015,-15.0
CH04,heating_tertiary,,1,15,0.0502876,-14.0
CH04,heating_tertiary,,1,15,0.0480567,-13.0
CH04,heating_tertiary,,1,15,0.0458719,-12.0
CH04,heating_tertiary,,1,15,0.0437424,-11.0
CH04,heating_tertiary,,1,15,0.0416682,-10.0
CH04,heating_tertiary,,1,15,0.0396401,-9.0
CH04,heating_tertiary,,1,15,0.0376581,-8.0
CH04,heating_tertiary,,1,15,0.0357314,-7.0
CH04,heating_tertiary,,1,15,0.0338416,-6.0
CH04,heating_tertiary,,1,15,0.0320071,-5.0
CH04,heating_tertiary,,1,15,0.0302095,-4.0
CH04,heating_tertiary,,1,15,0.0284487,-3.0
CH04,heating_tertiary,,1,15,0.026734,-2.0
CH04,heating_tertiary,,1,15,0.0252037,-1.0
CH04,heating_tertiary,,1,15,0.0237472,0.0
CH04,heating_tertiary,,1,15,0.0222353,1.0
CH04,heating_tertiary,,1,15,0.0206221,2.0
CH04,heating_tertiary,,1,15,0.0190457,3.0
CH04,heating_tertiary,,1,15,0.0175707,4.0
CH04,heating_tertiary,,1,15,0.0161695,5.0
CH04,heating_tertiary,,1,15,0.0148604,6.0
CH04,heating_tertiary,,1,15,0.0135698,7.0
CH04,heating_tertiary,,1,15,0.0123437,8.0
CH04,heating_tertiary,,1,15,0.0109794,9.0
CH04,heating_tertiary,,1,15,0.00965191,10.0
CH04,heating_tertiary,,1,15,0.00835208,11.0
CH04,heating_tertiary,,1,15,0.00707991,12.0
CH04,heating_tertiary,,1,15,0.00578008,13.0
CH04,heating_tertiary,,1,15,0.00453557,14.0
CH04,heating_tertiary,,1,15,0.00287621,15.0
CH04,heating_tertiary,,1,15,0.00132748,16.0
CH04,heating_tertiary,,1,15,0.00132748,17.0
CH04,heating_tertiary,,1,16,0.0533226,-15.0
CH04,heating_tertiary,,1,16,0.050977,-14.0
CH04,heating_tertiary,,1,16,0.0487155,-13.0
CH04,heating_tertiary,,1,16,0.0465007,-12.0
CH04,heating_tertiary,,1,16,0.044342,-11.0
CH04,heating_tertiary,,1,16,0.0422394,-10.0
CH04,heating_tertiary,,1,16,0.0401835,-9.0
CH04,heating_tertiary,,1,16,0.0381743,-8.0
CH04,heating_tertiary,,1,16,0.0362212,-7.0
CH04,heating_tertiary,,1,16,0.0343055,-6.0
CH04,heating_tertiary,,1,16,0.0324458,-5.0
CH04,heating_tertiary,,1,16,0.0306236,-4.0
CH04,heating_tertiary,,1,16,0.0288387,-3.0
CH04,heating_tertiary,,1,16,0.0271005,-2.0
CH04,heating_tertiary,,1,16,0.0255492,-1.0
CH04,heating_tertiary,,1,16,0.0240727,0.0
CH04,heating_tertiary,,1,16,0.0225401,1.0
CH04,heating_tertiary,,1,16,0.0209048,2.0
CH04,heating_tertiary,,1,16,0.0193068,3.0
CH04,heating_tertiary,,1,16,0.0178116,4.0
CH04,heating_tertiary,,1,16,0.0163911,5.0
CH04,heating_tertiary,,1,16,0.0150641,6.0
CH04,heating_tertiary,,1,16,0.0137558,7.0
CH04,heating_tertiary,,1,16,0.012513,8.0
CH04,heating_tertiary,,1,16,0.0111299,9.0
CH04,heating_tertiary,,1,16,0.00978422,10.0
CH04,heating_tertiary,,1,16,0.00846657,11.0
CH04,heating_tertiary,,1,16,0.00717696,12.0
CH04,heating_tertiary,,1,16,0.00585932,13.0
CH04,heating_tertiary,,1,16,0.00459774,14.0
CH04,heating_tertiary,,1,16,0.00291564,15.0
CH04,heating_tertiary,,1,16,0.00134568,16.0
CH04,heating_tertiary,,1,16,0.00134568,17.0
CH04,heating_tertiary,,1,17,0.0535617,-15.0
CH04,heating_tertiary,,1,17,0.0512056,-14.0
CH04,heating_tertiary,,1,17,0.0489339,-13.0
CH04,heating_tertiary,,1,17,0.0467092,-12.0
CH04,heating_tertiary,,1,17,0.0445409,-11.0
CH04,heating_tertiary,,1,17,0.0424288,-10.0
CH04,heating_tertiary,,1,17,0.0403637,-9.0
CH04,heating_tertiary,,1,17,0.0383455,-8.0
CH04,heating_tertiary,,1,17,0.0363836,-7.0
CH04,heating_tertiary,,1,17,0.0344593,-6.0
CH04,heating_tertiary,,1,17,0.0325913,-5.0
CH04,heating_tertiary,,1,17,0.0307609,-4.0
CH04,heating_tertiary,,1,17,0.028968,-3.0
CH04,heating_tertiary,,1,17,0.027222,-2.0
CH04,heating_tertiary,,1,17,0.0256638,-1.0
CH04,heating_tertiary,,1,17,0.0241807,0.0
CH04,heating_tertiary,,1,17,0.0226412,1.0
CH04,heating_tertiary,,1,17,0.0209985,2.0
CH04,heating_tertiary,,1,17,0.0193933,3.0
CH04,heating_tertiary,,1,17,0.0178914,4.0
CH04,heating_tertiary,,1,17,0.0164646,5.0
CH04,heating_tertiary,,1,17,0.0151317,6.0
CH04,heating_tertiary,,1,17,0.0138175,7.0
CH04,heating_tertiary,,1,17,0.0125691,8.0
CH04,heating_tertiary,,1,17,0.0111798,9.0
CH04,heating_tertiary,,1,17,0.00982809,10.0
CH04,heating_tertiary,,1,17,0.00850454,11.0
CH04,heating_tertiary,,1,17,0.00720914,12.0
CH04,heating_tertiary,,1,17,0.00588559,13.0
CH04,heating_tertiary,,1,17,0.00461836,14.0
CH04,heating_tertiary,,1,17,0.00292871,15.0
CH04,heating_tertiary,,1,17,0.00135171,16.0
CH04,heating_tertiary,,1,17,0.00135171,17.0
CH04,heating_tertiary,,1,18,0.0535055,-15.0
CH04,heating_tertiary,,1,18,0.0511519,-14.0
CH04,heating_tertiary,,1,18,0.0488826,-13.0
CH04,heating_tertiary,,1,18,0.0466603,-12.0
CH04,heating_tertiary,,1,18,0.0444942,-11.0
CH04,heating_tertiary,,1,18,0.0423843,-10.0
CH04,heating_tertiary,,1,18,0.0403214,-9.0
CH04,heating_tertiary,,1,18,0.0383053,-8.0
CH04,heating_tertiary,,1,18,0.0363455,-7.0
CH04,heating_tertiary,,1,18,0.0344232,-6.0
CH04,heating_tertiary,,1,18,0.0325572,-5.0
CH04,heating_tertiary,,1,18,0.0307286,-4.0
CH04,heating_tertiary,,1,18,0.0289376,-3.0
CH04,heating_tertiary,,1,18,0.0271935,-2.0
CH04,heating_tertiary,,1,18,0.0256369,-1.0
CH04,heating_tertiary,,1,18,0.0241553,0.0
CH04,heating_tertiary,,1,18,0.0226175,1.0
CH04,heating_tertiary,,1,18,0.0209765,2.0
CH04,heating_tertiary,,1,18,0.019373,3.0
CH04,heating_tertiary,,1,18,0.0178727,4.0
CH04,heating_tertiary,,1,18,0.0164474,5.0
CH04,heating_tertiary,,1,18,0.0151158,6.0
CH04,heating_tertiary,,1,18,0.013803,7.0
CH04,heating_tertiary,,1,18,0.0125559,8.0
CH04,heating_tertiary,,1,18,0.0111681,9.0
CH04,heating_tertiary,,1,18,0.00981779,10.0
CH04,heating_tertiary,,1,18,0.00849562,11.0
CH04,heating_tertiary,,1,18,0.00720158,12.0
CH04,heating_tertiary,,1,18,0.00587942,13.0
CH04,heating_tertiary,,1,18,0.00461352,14.0
CH04,heating_tertiary,,1,18,0.00292564,15.0
CH04,heating_tertiary,,1,18,0.0013503,16.0
CH04,heating_tertiary,,1,18,0.0013503,17.0
CH04,heating_tertiary,,1,19,0.0541222,-15.0
CH04,heating_tertiary,,1,19,0.0517414,-14.0
CH04,heating_tertiary,,1,19,0.049446,-13.0
CH04,heating_tertiary,,1,19,0.047198,-12.0
CH04,heating_tertiary,,1,19,0.0450069,-11.0
CH04,heating_tertiary,,1,19,0.0428728,-10.0
CH04,heating_tertiary,,1,19,0.0407861,-9.0
CH04,heating_tertiary,,1,19,0.0387468,-8.0
CH04,heating_tertiary,,1,19,0.0367644,-7.0
CH04,heating_tertiary,,1,19,0.0348199,-6.0
CH04,heating_tertiary,,1,19,0.0329324,-5.0
CH04,heating_tertiary,,1,19,0.0310828,-4.0
CH04,heating_tertiary,,1,19,0.0292711,-3.0
CH04,heating_tertiary,,1,19,0.0275069,-2.0
CH04,heating_tertiary,,1,19,0.0259323,-1.0
CH04,heating_tertiary,,1,19,0.0244337,0.0
CH04,heating_tertiary,,1,19,0.0228781,1.0
CH04,heating_tertiary,,1,19,0.0212182,2.0
CH04,heating_tertiary,,1,19,0.0195963,3.0
CH04,heating_tertiary,,1,19,0.0180787,4.0
CH04,heating_tertiary,,1,19,0.0166369,5.0
CH04,heating_tertiary,,1,19,0.01529,6.0
CH04,heating_tertiary,,1,19,0.0139621,7.0
CH04,heating_tertiary,,1,19,0.0127006,8.0
CH04,heating_tertiary,,1,19,0.0112968,9.0
CH04,heating_tertiary,,1,19,0.00993093,10.0
CH04,heating_tertiary,,1,19,0.00859353,11.0
CH04,heating_tertiary,,1,19,0.00728458,12.0
CH04,heating_tertiary,,1,19,0.00594718,13.0
CH04,heating_tertiary,,1,19,0.00466669,14.0
CH04,heating_tertiary,,1,19,0.00295936,15.0
CH04,heating_tertiary,,1,19,0.00136586,16.0
CH04,heating_tertiary,,1,19,0.00136586,17.0
CH04,heating_tertiary,,1,20,0.0571695,-15.0
CH04,heating_tertiary,,1,20,0.0546546,-14.0
CH04,heating_tertiary,,1,20,0.05223,-13.0
CH04,heating_tertiary,,1,20,0.0498555,-12.0
CH04,heating_tertiary,,1,20,0.047541,-11.0
CH04,heating_tertiary,,1,20,0.0452867,-10.0
CH04,heating_tertiary,,1,20,0.0430825,-9.0
CH04,heating_tertiary,,1,20,0.0409284,-8.0
CH04,heating_tertiary,,1,20,0.0388344,-7.0
CH04,heating_tertiary,,1,20,0.0367804,-6.0
CH04,heating_tertiary,,1,20,0.0347866,-5.0
CH04,heating_tertiary,,1,20,0.0328329,-4.0
CH04,heating_tertiary,,1,20,0.0309192,-3.0
CH04,heating_tertiary,,1,20,0.0290556,-2.0
CH04,heating_tertiary,,1,20,0.0273924,-1.0
CH04,heating_tertiary,,1,20,0.0258094,0.0
CH04,heating_tertiary,,1,20,0.0241663,1.0
CH04,heating_tertiary,,1,20,0.0224129,2.0
CH04,heating_tertiary,,1,20,0.0206996,3.0
CH04,heating_tertiary,,1,20,0.0190966,4.0
CH04,heating_tertiary,,1,20,0.0175736,5.0
CH04,heating_tertiary,,1,20,0.0161509,6.0
CH04,heating_tertiary,,1,20,0.0147482,7.0
CH04,heating_tertiary,,1,20,0.0134157,8.0
CH04,heating_tertiary,,1,20,0.0119328,9.0
CH04,heating_tertiary,,1,20,0.0104901,10.0
CH04,heating_tertiary,,1,20,0.00907738,11.0
CH04,heating_tertiary,,1,20,0.00769473,12.0
CH04,heating_tertiary,,1,20,0.00628203,13.0
CH04,heating_tertiary,,1,20,0.00492944,14.0
CH04,heating_tertiary,,1,20,0.00312598,15.0
CH04,heating_tertiary,,1,20,0.00144276,16.0
CH04,heating_tertiary,,1,20,0.00144276,17.0
CH04,heating_tertiary,,1,21,0.0644265,-15.0
CH04,heating_tertiary,,1,21,0.0615924,-14.0
CH04,heating_tertiary,,1,21,0.05886,-13.0
CH04,heating_tertiary,,1,21,0.056184,-12.0
CH04,heating_tertiary,,1,21,0.0535758,-11.0
CH04,heating_tertiary,,1,21,0.0510353,-10.0
CH04,heating_tertiary,,1,21,0.0485513,-9.0
CH04,heating_tertiary,,1,21,0.0461238,-8.0
CH04,heating_tertiary,,1,21,0.0437639,-7.0
CH04,heating_tertiary,,1,21,0.0414493,-6.0
CH04,heating_tertiary,,1,21,0.0392024,-5.0
CH04,heating_tertiary,,1,21,0.0370006,-4.0
CH04,heating_tertiary,,1,21,0.034844,-3.0
CH04,heating_tertiary,,1,21,0.0327439,-2.0
CH04,heating_tertiary,,1,21,0.0308696,-1.0
CH04,heating_tertiary,,1,21,0.0290856,0.0
CH04,heating_tertiary,,1,21,0.0272339,1.0
CH04,heating_tertiary,,1,21,0.025258,2.0
CH04,heating_tertiary,,1,21,0.0233272,3.0
CH04,heating_tertiary,,1,21,0.0215207,4.0
CH04,heating_tertiary,,1,21,0.0198044,5.0
CH04,heating_tertiary,,1,21,0.0182011,6.0
CH04,heating_tertiary,,1,21,0.0166204,7.0
CH04,heating_tertiary,,1,21,0.0151187,8.0
CH04,heating_tertiary,,1,21,0.0134476,9.0
CH04,heating_tertiary,,1,21,0.0118217,10.0
CH04,heating_tertiary,,1,21,0.0102296,11.0
CH04,heating_tertiary,,1,21,0.00867149,12.0
CH04,heating_tertiary,,1,21,0.00707946,13.0
CH04,heating_tertiary,,1,21,0.00555517,14.0
CH04,heating_tertiary,,1,21,0.00352279,15.0
CH04,heating_tertiary,,1,21,0.00162591,16.0
CH04,heating_tertiary,,1,21,0.00162591,17.0
CH04,heating_tertiary,,1,22,0.0758241,-15.0
CH04,heating_tertiary,,1,22,0.0724886,-14.0
CH04,heating_tertiary,,1,22,0.0692728,-13.0
CH04,heating_tertiary,,1,22,0.0661235,-12.0
CH04,heating_tertiary,,1,22,0.0630538,-11.0
CH04,heating_tertiary,,1,22,0.0600639,-10.0
CH04,heating_tertiary,,1,22,0.0571405,-9.0
CH04,heating_tertiary,,1,22,0.0542834,-8.0
CH04,heating_tertiary,,1,22,0.0515061,-7.0
CH04,heating_tertiary,,1,22,0.048782,-6.0
CH04,heating_tertiary,,1,22,0.0461376,-5.0
CH04,heating_tertiary,,1,22,0.0435463,-4.0
CH04,heating_tertiary,,1,22,0.0410082,-3.0
CH04,heating_tertiary,,1,22,0.0385366,-2.0
CH04,heating_tertiary,,1,22,0.0363307,-1.0
CH04,heating_tertiary,,1,22,0.0342311,0.0
CH04,heating_tertiary,,1,22,0.0320518,1.0
CH04,heating_tertiary,,1,22,0.0297263,2.0
CH04,heating_tertiary,,1,22,0.027454,3.0
CH04,heating_tertiary,,1,22,0.0253278,4.0
CH04,heating_tertiary,,1,22,0.023308,5.0
CH04,heating_tertiary,,1,22,0.021421,6.0
CH04,heating_tertiary,,1,22,0.0195606,7.0
CH04,heating_tertiary,,1,22,0.0177933,8.0
CH04,heating_tertiary,,1,22,0.0158266,9.0
CH04,heating_tertiary,,1,22,0.013913,10.0
CH04,heating_tertiary,,1,22,0.0120394,11.0
CH04,heating_tertiary,,1,22,0.0102056,12.0
CH04,heating_tertiary,,1,22,0.00833188,13.0
CH04,heating_tertiary,,1,22,0.00653793,14.0
CH04,heating_tertiary,,1,22,0.00414601,15.0
CH04,heating_tertiary,,1,22,0.00191354,16.0
CH04,heating_tertiary,,1,22,0.00191354,17.0
CH04,heating_tertiary,,1,23,0.0896806,-15.0
CH04,heating_tertiary,,1,23,0.0857357,-14.0
CH04,heating_tertiary,,1,23,0.0819322,-13.0
CH04,heating_tertiary,,1,23,0.0782073,-12.0
CH04,heating_tertiary,,1,23,0.0745767,-11.0
CH04,heating_tertiary,,1,23,0.0710404,-10.0
CH04,heating_tertiary,,1,23,0.0675827,-9.0
CH04,heating_tertiary,,1,23,0.0642035,-8.0
CH04,heating_tertiary,,1,23,0.0609187,-7.0
CH04,heating_tertiary,,1,23,0.0576967,-6.0
CH04,heating_tertiary,,1,23,0.0545691,-5.0
CH04,heating_tertiary,,1,23,0.0515043,-4.0
CH04,heating_tertiary,,1,23,0.0485023,-3.0
CH04,heating_tertiary,,1,23,0.045579,-2.0
CH04,heating_tertiary,,1,23,0.04297,-1.0
CH04,heating_tertiary,,1,23,0.0404867,0.0
CH04,heating_tertiary,,1,23,0.0379092,1.0
CH04,heating_tertiary,,1,23,0.0351587,2.0
CH04,heating_tertiary,,1,23,0.0324711,3.0
CH04,heating_tertiary,,1,23,0.0299564,4.0
CH04,heating_tertiary,,1,23,0.0275674,5.0
CH04,heating_tertiary,,1,23,0.0253356,6.0
CH04,heating_tertiary,,1,23,0.0231353,7.0
CH04,heating_tertiary,,1,23,0.0210449,8.0
CH04,heating_tertiary,,1,23,0.0187188,9.0
CH04,heating_tertiary,,1,23,0.0164556,10.0
CH04,heating_tertiary,,1,23,0.0142395,11.0
CH04,heating_tertiary,,1,23,0.0120706,12.0
CH04,heating_tertiary,,1,23,0.00985449,13.0
CH04,heating_tertiary,,1,23,0.00773271,14.0
CH04,heating_tertiary,,1,23,0.00490367,15.0
CH04,heating_tertiary,,1,23,0.00226323,16.0
CH04,heating_tertiary,,1,23,0.00226323,17.0
CH04,heating_tertiary,,1,24,0.102276,-15.0
CH04,heating_tertiary,,1,24,0.0977767,-14.0
CH04,heating_tertiary,,1,24,0.0934391,-13.0
CH04,heating_tertiary,,1,24,0.089191,-12.0
CH04,heating_tertiary,,1,24,0.0850505,-11.0
CH04,heating_tertiary,,1,24,0.0810176,-10.0
CH04,heating_tertiary,,1,24,0.0770742,-9.0
CH04,heating_tertiary,,1,24,0.0732205,-8.0
CH04,heating_tertiary,,1,24,0.0694743,-7.0
CH04,heating_tertiary,,1,24,0.0657999,-6.0
CH04,heating_tertiary,,1,24,0.062233,-5.0
CH04,heating_tertiary,,1,24,0.0587377,-4.0
CH04,heating_tertiary,,1,24,0.0553142,-3.0
CH04,heating_tertiary,,1,24,0.0519803,-2.0
CH04,heating_tertiary,,1,24,0.0490049,-1.0
CH04,heating_tertiary,,1,24,0.0461728,0.0
CH04,heating_tertiary,,1,24,0.0432333,1.0
CH04,heating_tertiary,,1,24,0.0400965,2.0
CH04,heating_tertiary,,1,24,0.0370315,3.0
CH04,heating_tertiary,,1,24,0.0341636,4.0
CH04,heating_tertiary,,1,24,0.0314391,5.0
CH04,heating_tertiary,,1,24,0.0288939,6.0
CH04,heating_tertiary,,1,24,0.0263845,7.0
CH04,heating_tertiary,,1,24,0.0240006,8.0
CH04,heating_tertiary,,1,24,0.0213478,9.0
CH04,heating_tertiary,,1,24,0.0187667,10.0
CH04,heating_tertiary,,1,24,0.0162394,11.0
CH04,heating_tertiary,,1,24,0.0137658,12.0
CH04,heating_tertiary,,1,24,0.0112385,13.0
CH04,heating_tertiary,,1,24,0.00881873,14.0
CH04,heating_tertiary,,1,24,0.00559236,15.0
CH04,heating_tertiary,,1,24,0.00258109,16.0
CH04,heating_tertiary,,1,24,0.00258109,17.0
CH04,heating_tertiary,,2,1,0.113356,-15.0
CH04,heating_tertiary,,2,1,0.10837,-14.0
CH04,heating_tertiary,,2,1,0.103562,-13.0
CH04,heating_tertiary,,2,1,0.098854,-12.0
CH04,heating_tertiary,,2,1,0.0942649,-11.0
CH04,heating_tertiary,,2,1,0.089795,-10.0
CH04,heating_tertiary,,2,1,0.0854245,-9.0
CH04,heating_tertiary,,2,1,0.0811533,-8.0
CH04,heating_tertiary,,2,1,0.0770012,-7.0
CH04,heating_tertiary,,2,1,0.0729287,-6.0
CH04,heating_tertiary,,2,1,0.0689753,-5.0
CH04,heating_tertiary,,2,1,0.0651014,-4.0
CH04,heating_tertiary,,2,1,0.061307,-3.0
CH04,heating_tertiary,,2,1,0.0576119,-2.0
CH04,heating_tertiary,,2,1,0.0543141,-1.0
CH04,heating_tertiary,,2,1,0.0511752,0.0
CH04,heating_tertiary,,2,1,0.0479172,1.0
CH04,heating_tertiary,,2,1,0.0444406,2.0
CH04,heating_tertiary,,2,1,0.0410435,3.0
CH04,heating_tertiary,,2,1,0.0378649,4.0
CH04,heating_tertiary,,2,1,0.0348452,5.0
CH04,heating_tertiary,,2,1,0.0320242,6.0
CH04,heating_tertiary,,2,1,0.029243,7.0
CH04,heating_tertiary,,2,1,0.0266008,8.0
CH04,heating_tertiary,,2,1,0.0236606,9.0
CH04,heating_tertiary,,2,1,0.0207999,10.0
CH04,heating_tertiary,,2,1,0.0179987,11.0
CH04,heating_tertiary,,2,1,0.0152572,12.0
CH04,heating_tertiary,,2,1,0.0124561,13.0
CH04,heating_tertiary,,2,1,0.00977415,14.0
CH04,heating_tertiary,,2,1,0.00619824,15.0
CH04,heating_tertiary,,2,1,0.00286073,16.0
CH04,heating_tertiary,,2,1,0.00286073,17.0
CH04,heating_tertiary,,2,2,0.120243,-15.0
CH04,heating_tertiary,,2,2,0.114953,-14.0
CH04,heating_tertiary,,2,2,0.109854,-13.0
CH04,heating_tertiary,,2,2,0.104859,-12.0
CH04,heating_tertiary,,2,2,0.0999916,-11.0
CH04,heating_tertiary,,2,2,0.0952501,-10.0
CH04,heating_tertiary,,2,2,0.0906141,-9.0
CH04,heating_tertiary,,2,2,0.0860834,-8.0
CH04,heating_tertiary,,2,2,0.0816791,-7.0
CH04,heating_tertiary,,2,2,0.0773591,-6.0
CH04,heating_tertiary,,2,2,0.0731656,-5.0
CH04,heating_tertiary,,2,2,0.0690563,-4.0
CH04,heating_tertiary,,2,2,0.0650314,-3.0
CH04,heating_tertiary,,2,2,0.0611118,-2.0
CH04,heating_tertiary,,2,2,0.0576137,-1.0
CH04,heating_tertiary,,2,2,0.0542841,0.0
CH04,heating_tertiary,,2,2,0.0508282,1.0
CH04,heating_tertiary,,2,2,0.0471404,2.0
CH04,heating_tertiary,,2,2,0.0435369,3.0
CH04,heating_tertiary,,2,2,0.0401652,4.0
CH04,heating_tertiary,,2,2,0.0369621,5.0
CH04,heating_tertiary,,2,2,0.0339697,6.0
CH04,heating_tertiary,,2,2,0.0310195,7.0
CH04,heating_tertiary,,2,2,0.0282168,8.0
CH04,heating_tertiary,,2,2,0.025098,9.0
CH04,heating_tertiary,,2,2,0.0220635,10.0
CH04,heating_tertiary,,2,2,0.0190922,11.0
CH04,heating_tertiary,,2,2,0.0161841,12.0
CH04,heating_tertiary,,2,2,0.0132128,13.0
CH04,heating_tertiary,,2,2,0.0103679,14.0
CH04,heating_tertiary,,2,2,0.00657479,15.0
CH04,heating_tertiary,,2,2,0.00303452,16.0
CH04,heating_tertiary,,2,2,0.00303452,17.0
CH04,heating_tertiary,,2,3,0.123363,-15.0
CH04,heating_tertiary,,2,3,0.117936,-14.0
CH04,heating_tertiary,,2,3,0.112704,-13.0
CH04,heating_tertiary,,2,3,0.10758,-12.0
CH04,heating_tertiary,,2,3,0.102586,-11.0
CH04,heating_tertiary,,2,3,0.0977217,-10.0
CH04,heating_tertiary,,2,3,0.0929653,-9.0
CH04,heating_tertiary,,2,3,0.088317,-8.0
CH04,heating_tertiary,,2,3,0.0837985,-7.0
CH04,heating_tertiary,,2,3,0.0793664,-6.0
CH04,heating_tertiary,,2,3,0.0750641,-5.0
CH04,heating_tertiary,,2,3,0.0708482,-4.0
CH04,heating_tertiary,,2,3,0.0667188,-3.0
CH04,heating_tertiary,,2,3,0.0626975,-2.0
CH04,heating_tertiary,,2,3,0.0591086,-1.0
CH04,heating_tertiary,,2,3,0.0556927,0.0
CH04,heating_tertiary,,2,3,0.0521471,1.0
CH04,heating_tertiary,,2,3,0.0483636,2.0
CH04,heating_tertiary,,2,3,0.0446666,3.0
CH04,heating_tertiary,,2,3,0.0412074,4.0
CH04,heating_tertiary,,2,3,0.0379212,5.0
CH04,heating_tertiary,,2,3,0.0348512,6.0
CH04,heating_tertiary,,2,3,0.0318244,7.0
CH04,heating_tertiary,,2,3,0.028949,8.0
CH04,heating_tertiary,,2,3,0.0257492,9.0
CH04,heating_tertiary,,2,3,0.022636,10.0
CH04,heating_tertiary,,2,3,0.0195876,11.0
CH04,heating_tertiary,,2,3,0.016604,12.0
CH04,heating_tertiary,,2,3,0.0135556,13.0
CH04,heating_tertiary,,2,3,0.010637,14.0
CH04,heating_tertiary,,2,3,0.00674539,15.0
CH04,heating_tertiary,,2,3,0.00311326,16.0
CH04,heating_tertiary,,2,3,0.00311326,17.0
CH04,heating_tertiary,,2,4,0.124509,-15.0
CH04,heating_tertiary,,2,4,0.119032,-14.0
CH04,heating_tertiary,,2,4,0.113751,-13.0
CH04,heating_tertiary,,2,4,0.10858,-12.0
CH04,heating_tertiary,,2,4,0.103539,-11.0
CH04,heating_tertiary,,2,4,0.0986296,-10.0
CH04,heating_tertiary,,2,4,0.0938291,-9.0
CH04,heating_tertiary,,2,4,0.0891376,-8.0
CH04,heating_tertiary,,2,4,0.0845771,-7.0
CH04,heating_tertiary,,2,4,0.0801038,-6.0
CH04,heating_tertiary,,2,4,0.0757615,-5.0
CH04,heating_tertiary,,2,4,0.0715065,-4.0
CH04,heating_tertiary,,2,4,0.0673387,-3.0
CH04,heating_tertiary,,2,4,0.0632801,-2.0
CH04,heating_tertiary,,2,4,0.0596578,-1.0
CH04,heating_tertiary,,2,4,0.0562102,0.0
CH04,heating_tertiary,,2,4,0.0526316,1.0
CH04,heating_tertiary,,2,4,0.0488129,2.0
CH04,heating_tertiary,,2,4,0.0450816,3.0
CH04,heating_tertiary,,2,4,0.0415903,4.0
CH04,heating_tertiary,,2,4,0.0382735,5.0
CH04,heating_tertiary,,2,4,0.035175,6.0
CH04,heating_tertiary,,2,4,0.0321201,7.0
CH04,heating_tertiary,,2,4,0.0292179,8.0
CH04,heating_tertiary,,2,4,0.0259885,9.0
CH04,heating_tertiary,,2,4,0.0228463,10.0
CH04,heating_tertiary,,2,4,0.0197696,11.0
CH04,heating_tertiary,,2,4,0.0167583,12.0
CH04,heating_tertiary,,2,4,0.0136816,13.0
CH04,heating_tertiary,,2,4,0.0107358,14.0
CH04,heating_tertiary,,2,4,0.00680806,15.0
CH04,heating_tertiary,,2,4,0.00314218,16.0
CH04,heating_tertiary,,2,4,0.00314218,17.0
CH04,heating_tertiary,,2,5,0.122415,-15.0
CH04,heating_tertiary,,2,5,0.11703,-14.0
CH04,heating_tertiary,,2,5,0.111839,-13.0
CH04,heating_tertiary,,2,5,0.106754,-12.0
CH04,heating_tertiary,,2,5,0.101798,-11.0
CH04,heating_tertiary,,2,5,0.0969711,-10.0
CH04,heating_tertiary,,2,5,0.0922513,-9.0
CH04,heating_tertiary,,2,5,0.0876387,-8.0
CH04,heating_tertiary,,2,5,0.0831549,-7.0
CH04,heating_tertiary,,2,5,0.0787568,-6.0
CH04,heating_tertiary,,2,5,0.0744875,-5.0
CH04,heating_tertiary,,2,5,0.070304,-4.0
CH04,heating_tertiary,,2,5,0.0662064,-3.0
CH04,heating_tertiary,,2,5,0.062216,-2.0
CH04,heating_tertiary,,2,5,0.0586546,-1.0
CH04,heating_tertiary,,2,5,0.0552649,0.0
CH04,heating_tertiary,,2,5,0.0517465,1.0
CH04,heating_tertiary,,2,5,0.0479921,2.0
CH04,heating_tertiary,,2,5,0.0443235,3.0
CH04,heating_tertiary,,2,5,0.0408909,4.0
CH04,heating_tertiary,,2,5,0.0376299,5.0
CH04,heating_tertiary,,2,5,0.0345835,6.0
CH04,heating_tertiary,,2,5,0.03158,7.0
CH04,heating_tertiary,,2,5,0.0287266,8.0
CH04,heating_tertiary,,2,5,0.0255515,9.0
CH04,heating_tertiary,,2,5,0.0224621,10.0
CH04,heating_tertiary,,2,5,0.0194371,11.0
CH04,heating_tertiary,,2,5,0.0164765,12.0
CH04,heating_tertiary,,2,5,0.0134515,13.0
CH04,heating_tertiary,,2,5,0.0105553,14.0
CH04,heating_tertiary,,2,5,0.00669358,15.0
CH04,heating_tertiary,,2,5,0.00308934,16.0
CH04,heating_tertiary,,2,5,0.00308934,17.0
CH04,heating_tertiary,,2,6,0.115984,-15.0
CH04,heating_tertiary,,2,6,0.110882,-14.0
CH04,heating_tertiary,,2,6,0.105963,-13.0
CH04,heating_tertiary,,2,6,0.101145,-12.0
CH04,heating_tertiary,,2,6,0.0964499,-11.0
CH04,heating_tertiary,,2,6,0.0918764,-10.0
CH04,heating_tertiary,,2,6,0.0874045,-9.0
CH04,heating_tertiary,,2,6,0.0830343,-8.0
CH04,heating_tertiary,,2,6,0.078786,-7.0
CH04,heating_tertiary,,2,6,0.0746191,-6.0
CH04,heating_tertiary,,2,6,0.0705741,-5.0
CH04,heating_tertiary,,2,6,0.0666104,-4.0
CH04,heating_tertiary,,2,6,0.062728,-3.0
CH04,heating_tertiary,,2,6,0.0589472,-2.0
CH04,heating_tertiary,,2,6,0.055573,-1.0
CH04,heating_tertiary,,2,6,0.0523614,0.0
CH04,heating_tertiary,,2,6,0.0490278,1.0
CH04,heating_tertiary,,2,6,0.0454707,2.0
CH04,heating_tertiary,,2,6,0.0419948,3.0
CH04,heating_tertiary,,2,6,0.0387426,4.0
CH04,heating_tertiary,,2,6,0.0356529,5.0
CH04,heating_tertiary,,2,6,0.0327665,6.0
CH04,heating_tertiary,,2,6,0.0299208,7.0
CH04,heating_tertiary,,2,6,0.0272174,8.0
CH04,heating_tertiary,,2,6,0.024209,9.0
CH04,heating_tertiary,,2,6,0.021282,10.0
CH04,heating_tertiary,,2,6,0.0184159,11.0
CH04,heating_tertiary,,2,6,0.0156109,12.0
CH04,heating_tertiary,,2,6,0.0127448,13.0
CH04,heating_tertiary,,2,6,0.0100007,14.0
CH04,heating_tertiary,,2,6,0.00634191,15.0
CH04,heating_tertiary,,2,6,0.00292704,16.0
CH04,heating_tertiary,,2,6,0.00292704,17.0
CH04,heating_tertiary,,2,7,0.105646,-15.0
CH04,heating_tertiary,,2,7,0.100999,-14.0
CH04,heating_tertiary,,2,7,0.096518,-13.0
CH04,heating_tertiary,,2,7,0.09213,-12.0
CH04,heating_tertiary,,2,7,0.087853,-11.0
CH04,heating_tertiary,,2,7,0.0836872,-10.0
CH04,heating_tertiary,,2,7,0.0796139,-9.0
CH04,heating_tertiary,,2,7,0.0756332,-8.0
CH04,heating_tertiary,,2,7,0.0717636,-7.0
CH04,heating_tertiary,,2,7,0.0679681,-6.0
CH04,heating_tertiary,,2,7,0.0642836,-5.0
CH04,heating_tertiary,,2,7,0.0606732,-4.0
CH04,heating_tertiary,,2,7,0.0571369,-3.0
CH04,heating_tertiary,,2,7,0.0536931,-2.0
CH04,heating_tertiary,,2,7,0.0506196,-1.0
CH04,heating_tertiary,,2,7,0.0476943,0.0
CH04,heating_tertiary,,2,7,0.0446578,1.0
CH04,heating_tertiary,,2,7,0.0414177,2.0
CH04,heating_tertiary,,2,7,0.0382517,3.0
CH04,heating_tertiary,,2,7,0.0352893,4.0
CH04,heating_tertiary,,2,7,0.0324751,5.0
CH04,heating_tertiary,,2,7,0.029846,6.0
CH04,heating_tertiary,,2,7,0.0272539,7.0
CH04,heating_tertiary,,2,7,0.0247914,8.0
CH04,heating_tertiary,,2,7,0.0220512,9.0
CH04,heating_tertiary,,2,7,0.0193851,10.0
CH04,heating_tertiary,,2,7,0.0167745,11.0
CH04,heating_tertiary,,2,7,0.0142194,12.0
CH04,heating_tertiary,,2,7,0.0116088,13.0
CH04,heating_tertiary,,2,7,0.00910931,14.0
CH04,heating_tertiary,,2,7,0.00577664,15.0
CH04,heating_tertiary,,2,7,0.00266614,16.0
CH04,heating_tertiary,,2,7,0.00266614,17.0
CH04,heating_tertiary,,2,8,0.0933391,-15.0
CH04,heating_tertiary,,2,8,0.0892332,-14.0
CH04,heating_tertiary,,2,8,0.0852746,-13.0
CH04,heating_tertiary,,2,8,0.0813977,-12.0
CH04,heating_tertiary,,2,8,0.077619,-11.0
CH04,heating_tertiary,,2,8,0.0739384,-10.0
CH04,heating_tertiary,,2,8,0.0703397,-9.0
CH04,heating_tertiary,,2,8,0.0668227,-8.0
CH04,heating_tertiary,,2,8,0.0634038,-7.0
CH04,heating_tertiary,,2,8,0.0600504,-6.0
CH04,heating_tertiary,,2,8,0.0567952,-5.0
CH04,heating_tertiary,,2,8,0.0536054,-4.0
CH04,heating_tertiary,,2,8,0.050481,-3.0
CH04,heating_tertiary,,2,8,0.0474384,-2.0
CH04,heating_tertiary,,2,8,0.0447229,-1.0
CH04,heating_tertiary,,2,8,0.0421384,0.0
CH04,heating_tertiary,,2,8,0.0394556,1.0
CH04,heating_tertiary,,2,8,0.036593,2.0
CH04,heating_tertiary,,2,8,0.0337958,3.0
CH04,heating_tertiary,,2,8,0.0311785,4.0
CH04,heating_tertiary,,2,8,0.028692,5.0
CH04,heating_tertiary,,2,8,0.0263692,6.0
CH04,heating_tertiary,,2,8,0.0240791,7.0
CH04,heating_tertiary,,2,8,0.0219034,8.0
CH04,heating_tertiary,,2,8,0.0194824,9.0
CH04,heating_tertiary,,2,8,0.0171269,10.0
CH04,heating_tertiary,,2,8,0.0148204,11.0
CH04,heating_tertiary,,2,8,0.012563,12.0
CH04,heating_tertiary,,2,8,0.0102565,13.0
CH04,heating_tertiary,,2,8,0.00804816,14.0
CH04,heating_tertiary,,2,8,0.00510371,15.0
CH04,heating_tertiary,,2,8,0.00235556,16.0
CH04,heating_tertiary,,2,8,0.00235556,17.0
CH04,heating_tertiary,,2,9,0.0817171,-15.0
CH04,heating_tertiary,,2,9,0.0781224,-14.0
CH04,heating_tertiary,,2,9,0.0746567,-13.0
CH04,heating_tertiary,,2,9,0.0712626,-12.0
CH04,heating_tertiary,,2,9,0.0679543,-11.0
CH04,heating_tertiary,,2,9,0.0647321,-10.0
CH04,heating_tertiary,,2,9,0.0615814,-9.0
CH04,heating_tertiary,,2,9,0.0585023,-8.0
CH04,heating_tertiary,,2,9,0.0555092,-7.0
CH04,heating_tertiary,,2,9,0.0525733,-6.0
CH04,heating_tertiary,,2,9,0.0497234,-5.0
CH04,heating_tertiary,,2,9,0.0469307,-4.0
CH04,heating_tertiary,,2,9,0.0441954,-3.0
CH04,heating_tertiary,,2,9,0.0415316,-2.0
CH04,heating_tertiary,,2,9,0.0391543,-1.0
CH04,heating_tertiary,,2,9,0.0368915,0.0
CH04,heating_tertiary,,2,9,0.0345429,1.0
CH04,heating_tertiary,,2,9,0.0320366,2.0
CH04,heating_tertiary,,2,9,0.0295877,3.0
CH04,heating_tertiary,,2,9,0.0272963,4.0
CH04,heating_tertiary,,2,9,0.0251195,5.0
CH04,heating_tertiary,,2,9,0.0230859,6.0
CH04,heating_tertiary,,2,9,0.0210809,7.0
CH04,heating_tertiary,,2,9,0.0191762,8.0
CH04,heating_tertiary,,2,9,0.0170566,9.0
CH04,heating_tertiary,,2,9,0.0149944,10.0
CH04,heating_tertiary,,2,9,0.0129751,11.0
CH04,heating_tertiary,,2,9,0.0109987,12.0
CH04,heating_tertiary,,2,9,0.00897942,13.0
CH04,heating_tertiary,,2,9,0.00704606,14.0
CH04,heating_tertiary,,2,9,0.00446823,15.0
CH04,heating_tertiary,,2,9,0.00206226,16.0
CH04,heating_tertiary,,2,9,0.00206226,17.0
CH04,heating_tertiary,,2,10,0.0727167,-15.0
CH04,heating_tertiary,,2,10,0.069518,-14.0
CH04,heating_tertiary,,2,10,0.066434,-13.0
CH04,heating_tertiary,,2,10,0.0634137,-12.0
CH04,heating_tertiary,,2,10,0.0604698,-11.0
CH04,heating_tertiary,,2,10,0.0576024,-10.0
CH04,heating_tertiary,,2,10,0.0547988,-9.0
CH04,heating_tertiary,,2,10,0.0520588,-8.0
CH04,heating_tertiary,,2,10,0.0493954,-7.0
CH04,heating_tertiary,,2,10,0.0467829,-6.0
CH04,heating_tertiary,,2,10,0.0442468,-5.0
CH04,heating_tertiary,,2,10,0.0417618,-4.0
CH04,heating_tertiary,,2,10,0.0393277,-3.0
CH04,heating_tertiary,,2,10,0.0369573,-2.0
CH04,heating_tertiary,,2,10,0.0348418,-1.0
CH04,heating_tertiary,,2,10,0.0328283,0.0
CH04,heating_tertiary,,2,10,0.0307383,1.0
CH04,heating_tertiary,,2,10,0.0285081,2.0
CH04,heating_tertiary,,2,10,0.0263289,3.0
CH04,heating_tertiary,,2,10,0.0242899,4.0
CH04,heating_tertiary,,2,10,0.0223528,5.0
CH04,heating_tertiary,,2,10,0.0205432,6.0
CH04,heating_tertiary,,2,10,0.018759,7.0
CH04,heating_tertiary,,2,10,0.0170641,8.0
CH04,heating_tertiary,,2,10,0.015178,9.0
CH04,heating_tertiary,,2,10,0.0133429,10.0
CH04,heating_tertiary,,2,10,0.011546,11.0
CH04,heating_tertiary,,2,10,0.00978732,12.0
CH04,heating_tertiary,,2,10,0.00799043,13.0
CH04,heating_tertiary,,2,10,0.00627,14.0
CH04,heating_tertiary,,2,10,0.0039761,15.0
CH04,heating_tertiary,,2,10,0.00183512,16.0
CH04,heating_tertiary,,2,10,0.00183512,17.0
CH04,heating_tertiary,,2,11,0.0665219,-15.0
CH04,heating_tertiary,,2,11,0.0635957,-14.0
CH04,heating_tertiary,,2,11,0.0607744,-13.0
CH04,heating_tertiary,,2,11,0.0580114,-12.0
CH04,heating_tertiary,,2,11,0.0553183,-11.0
CH04,heating_tertiary,,2,11,0.0526952,-10.0
CH04,heating_tertiary,,2,11,0.0501304,-9.0
CH04,heating_tertiary,,2,11,0.0476239,-8.0
CH04,heating_tertiary,,2,11,0.0451873,-7.0
CH04,heating_tertiary,,2,11,0.0427974,-6.0
CH04,heating_tertiary,,2,11,0.0404774,-5.0
CH04,heating_tertiary,,2,11,0.038204,-4.0
CH04,heating_tertiary,,2,11,0.0359773,-3.0
CH04,heating_tertiary,,2,11,0.0338089,-2.0
CH04,heating_tertiary,,2,11,0.0318736,-1.0
CH04,heating_tertiary,,2,11,0.0300316,0.0
CH04,heating_tertiary,,2,11,0.0281197,1.0
CH04,heating_tertiary,,2,11,0.0260795,2.0
CH04,heating_tertiary,,2,11,0.0240859,3.0
CH04,heating_tertiary,,2,11,0.0222206,4.0
CH04,heating_tertiary,,2,11,0.0204485,5.0
CH04,heating_tertiary,,2,11,0.0187931,6.0
CH04,heating_tertiary,,2,11,0.0171609,7.0
CH04,heating_tertiary,,2,11,0.0156104,8.0
CH04,heating_tertiary,,2,11,0.013885,9.0
CH04,heating_tertiary,,2,11,0.0122062,10.0
CH04,heating_tertiary,,2,11,0.0105624,11.0
CH04,heating_tertiary,,2,11,0.00895352,12.0
CH04,heating_tertiary,,2,11,0.00730971,13.0
CH04,heating_tertiary,,2,11,0.00573585,14.0
CH04,heating_tertiary,,2,11,0.00363737,15.0
CH04,heating_tertiary,,2,11,0.00167878,16.0
CH04,heating_tertiary,,2,11,0.00167878,17.0
CH04,heating_tertiary,,2,12,0.0617628,-15.0
CH04,heating_tertiary,,2,12,0.0590459,-14.0
CH04,heating_tertiary,,2,12,0.0564265,-13.0
CH04,heating_tertiary,,2,12,0.0538612,-12.0
CH04,heating_tertiary,,2,12,0.0513608,-11.0
CH04,heating_tertiary,,2,12,0.0489253,-10.0
CH04,heating_tertiary,,2,12,0.046544,-9.0
CH04,heating_tertiary,,2,12,0.0442168,-8.0
CH04,heating_tertiary,,2,12,0.0419546,-7.0
CH04,heating_tertiary,,2,12,0.0397356,-6.0
CH04,heating_tertiary,,2,12,0.0375816,-5.0
CH04,heating_tertiary,,2,12,0.0354709,-4.0
CH04,heating_tertiary,,2,12,0.0334034,-3.0
CH04,heating_tertiary,,2,12,0.0313901,-2.0
CH04,heating_tertiary,,2,12,0.0295933,-1.0
CH04,heating_tertiary,,2,12,0.0278831,0.0
CH04,heating_tertiary,,2,12,0.0261079,1.0
CH04,heating_tertiary,,2,12,0.0242137,2.0
CH04,heating_tertiary,,2,12,0.0223628,3.0
CH04,heating_tertiary,,2,12,0.0206309,4.0
CH04,heating_tertiary,,2,12,0.0189856,5.0
CH04,heating_tertiary,,2,12,0.0174486,6.0
CH04,heating_tertiary,,2,12,0.0159332,7.0
CH04,heating_tertiary,,2,12,0.0144936,8.0
CH04,heating_tertiary,,2,12,0.0128916,9.0
CH04,heating_tertiary,,2,12,0.0113329,10.0
CH04,heating_tertiary,,2,12,0.00980671,11.0
CH04,heating_tertiary,,2,12,0.00831298,12.0
CH04,heating_tertiary,,2,12,0.00678677,13.0
CH04,heating_tertiary,,2,12,0.0053255,14.0
CH04,heating_tertiary,,2,12,0.00337715,15.0
CH04,heating_tertiary,,2,12,0.00155868,16.0
CH04,heating_tertiary,,2,12,0.00155868,17.0
CH04,heating_tertiary,,2,13,0.058058,-15.0
CH04,heating_tertiary,,2,13,0.0555041,-14.0
CH04,heating_tertiary,,2,13,0.0530418,-13.0
CH04,heating_tertiary,,2,13,0.0506303,-12.0
CH04,heating_tertiary,,2,13,0.0482799,-11.0
CH04,heating_tertiary,,2,13,0.0459906,-10.0
CH04,heating_tertiary,,2,13,0.0437521,-9.0
CH04,heating_tertiary,,2,13,0.0415645,-8.0
CH04,heating_tertiary,,2,13,0.0394379,-7.0
CH04,heating_tertiary,,2,13,0.0373521,-6.0
CH04,heating_tertiary,,2,13,0.0353273,-5.0
CH04,heating_tertiary,,2,13,0.0333432,-4.0
CH04,heating_tertiary,,2,13,0.0313998,-3.0
CH04,heating_tertiary,,2,13,0.0295072,-2.0
CH04,heating_tertiary,,2,13,0.0278182,-1.0
CH04,heating_tertiary,,2,13,0.0262106,0.0
CH04,heating_tertiary,,2,13,0.0245419,1.0
CH04,heating_tertiary,,2,13,0.0227613,2.0
CH04,heating_tertiary,,2,13,0.0210214,3.0
CH04,heating_tertiary,,2,13,0.0193934,4.0
CH04,heating_tertiary,,2,13,0.0178468,5.0
CH04,heating_tertiary,,2,13,0.016402,6.0
CH04,heating_tertiary,,2,13,0.0149775,7.0
CH04,heating_tertiary,,2,13,0.0136242,8.0
CH04,heating_tertiary,,2,13,0.0121183,9.0
CH04,heating_tertiary,,2,13,0.0106531,10.0
CH04,heating_tertiary,,2,13,0.00921847,11.0
CH04,heating_tertiary,,2,13,0.00781433,12.0
CH04,heating_tertiary,,2,13,0.00637967,13.0
CH04,heating_tertiary,,2,13,0.00500605,14.0
CH04,heating_tertiary,,2,13,0.00317457,15.0
CH04,heating_tertiary,,2,13,0.00146519,16.0
CH04,heating_tertiary,,2,13,0.00146519,17.0
CH04,heating_tertiary,,2,14,0.0560044,-15.0
CH04,heating_tertiary,,2,14,0.0535408,-14.0
CH04,heating_tertiary,,2,14,0.0511656,-13.0
CH04,heating_tertiary,,2,14,0.0488394,-12.0
CH04,heating_tertiary,,2,14,0.0465722,-11.0
CH04,heating_tertiary,,2,14,0.0443638,-10.0
CH04,heating_tertiary,,2,14,0.0422045,-9.0
CH04,heating_tertiary,,2,14,0.0400943,-8.0
CH04,heating_tertiary,,2,14,0.0380429,-7.0
CH04,heating_tertiary,,2,14,0.0360309,-6.0
CH04,heating_tertiary,,2,14,0.0340777,-5.0
CH04,heating_tertiary,,2,14,0.0321638,-4.0
CH04,heating_tertiary,,2,14,0.0302891,-3.0
CH04,heating_tertiary,,2,14,0.0284635,-2.0
CH04,heating_tertiary,,2,14,0.0268342,-1.0
CH04,heating_tertiary,,2,14,0.0252834,0.0
CH04,heating_tertiary,,2,14,0.0236738,1.0
CH04,heating_tertiary,,2,14,0.0219562,2.0
CH04,heating_tertiary,,2,14,0.0202778,3.0
CH04,heating_tertiary,,2,14,0.0187074,4.0
CH04,heating_tertiary,,2,14,0.0172155,5.0
CH04,heating_tertiary,,2,14,0.0158218,6.0
CH04,heating_tertiary,,2,14,0.0144477,7.0
CH04,heating_tertiary,,2,14,0.0131423,8.0
CH04,heating_tertiary,,2,14,0.0116897,9.0
CH04,heating_tertiary,,2,14,0.0102763,10.0
CH04,heating_tertiary,,2,14,0.00889239,11.0
CH04,heating_tertiary,,2,14,0.00753792,12.0
CH04,heating_tertiary,,2,14,0.006154,13.0
CH04,heating_tertiary,,2,14,0.00482898,14.0
CH04,heating_tertiary,,2,14,0.00306228,15.0
CH04,heating_tertiary,,2,14,0.00141336,16.0
CH04,heating_tertiary,,2,14,0.00141336,17.0
CH04,heating_tertiary,,2,15,0.0550799,-15.0
CH04,heating_tertiary,,2,15,0.052657,-14.0
CH04,heating_tertiary,,2,15,0.0503209,-13.0
CH04,heating_tertiary,,2,15,0.0480332,-12.0
CH04,heating_tertiary,,2,15,0.0458033,-11.0
CH04,heating_tertiary,,2,15,0.0436314,-10.0
CH04,heating_tertiary,,2,15,0.0415078,-9.0
CH04,heating_tertiary,,2,15,0.0394324,-8.0
CH04,heating_tertiary,,2,15,0.0374149,-7.0
CH04,heating_tertiary,,2,15,0.0354361,-6.0
CH04,heating_tertiary,,2,15,0.0335151,-5.0
CH04,heating_tertiary,,2,15,0.0316328,-4.0
CH04,heating_tertiary,,2,15,0.0297891,-3.0
CH04,heating_tertiary,,2,15,0.0279936,-2.0
CH04,heating_tertiary,,2,15,0.0263912,-1.0
CH04,heating_tertiary,,2,15,0.0248661,0.0
CH04,heating_tertiary,,2,15,0.023283,1.0
CH04,heating_tertiary,,2,15,0.0215937,2.0
CH04,heating_tertiary,,2,15,0.019943,3.0
CH04,heating_tertiary,,2,15,0.0183986,4.0
CH04,heating_tertiary,,2,15,0.0169313,5.0
CH04,heating_tertiary,,2,15,0.0155606,6.0
CH04,heating_tertiary,,2,15,0.0142092,7.0
CH04,heating_tertiary,,2,15,0.0129253,8.0
CH04,heating_tertiary,,2,15,0.0114967,9.0
CH04,heating_tertiary,,2,15,0.0101067,10.0
CH04,heating_tertiary,,2,15,0.00874559,11.0
CH04,heating_tertiary,,2,15,0.00741348,12.0
CH04,heating_tertiary,,2,15,0.00605241,13.0
CH04,heating_tertiary,,2,15,0.00474926,14.0
CH04,heating_tertiary,,2,15,0.00301173,15.0
CH04,heating_tertiary,,2,15,0.00139003,16.0
CH04,heating_tertiary,,2,15,0.00139003,17.0
CH04,heating_tertiary,,2,16,0.0546645,-15.0
CH04,heating_tertiary,,2,16,0.0522599,-14.0
CH04,heating_tertiary,,2,16,0.0499415,-13.0
CH04,heating_tertiary,,2,16,0.047671,-12.0
CH04,heating_tertiary,,2,16,0.045458,-11.0
CH04,heating_tertiary,,2,16,0.0433024,-10.0
CH04,heating_tertiary,,2,16,0.0411948,-9.0
CH04,heating_tertiary,,2,16,0.0391351,-8.0
CH04,heating_tertiary,,2,16,0.0371328,-7.0
CH04,heating_tertiary,,2,16,0.0351689,-6.0
CH04,heating_tertiary,,2,16,0.0332624,-5.0
CH04,heating_tertiary,,2,16,0.0313943,-4.0
CH04,heating_tertiary,,2,16,0.0295645,-3.0
CH04,heating_tertiary,,2,16,0.0277825,-2.0
CH04,heating_tertiary,,2,16,0.0261922,-1.0
CH04,heating_tertiary,,2,16,0.0246786,0.0
CH04,heating_tertiary,,2,16,0.0231074,1.0
CH04,heating_tertiary,,2,16,0.0214309,2.0
CH04,heating_tertiary,,2,16,0.0197927,3.0
CH04,heating_tertiary,,2,16,0.0182598,4.0
CH04,heating_tertiary,,2,16,0.0168036,5.0
CH04,heating_tertiary,,2,16,0.0154433,6.0
CH04,heating_tertiary,,2,16,0.014102,7.0
CH04,heating_tertiary,,2,16,0.0128279,8.0
CH04,heating_tertiary,,2,16,0.01141,9.0
CH04,heating_tertiary,,2,16,0.0100305,10.0
CH04,heating_tertiary,,2,16,0.00867965,11.0
CH04,heating_tertiary,,2,16,0.00735758,12.0
CH04,heating_tertiary,,2,16,0.00600678,13.0
CH04,heating_tertiary,,2,16,0.00471345,14.0
CH04,heating_tertiary,,2,16,0.00298902,15.0
CH04,heating_tertiary,,2,16,0.00137955,16.0
CH04,heating_tertiary,,2,16,0.00137955,17.0
CH04,heating_tertiary,,2,17,0.053964,-15.0
CH04,heating_tertiary,,2,17,0.0515901,-14.0
CH04,heating_tertiary,,2,17,0.0493015,-13.0
CH04,heating_tertiary,,2,17,0.0470601,-12.0
CH04,heating_tertiary,,2,17,0.0448754,-11.0
CH04,heating_tertiary,,2,17,0.0427475,-10.0
CH04,heating_tertiary,,2,17,0.0406668,-9.0
CH04,heating_tertiary,,2,17,0.0386335,-8.0
CH04,heating_tertiary,,2,17,0.0366569,-7.0
CH04,heating_tertiary,,2,17,0.0347181,-6.0
CH04,heating_tertiary,,2,17,0.0328361,-5.0
CH04,heating_tertiary,,2,17,0.0309919,-4.0
CH04,heating_tertiary,,2,17,0.0291856,-3.0
CH04,heating_tertiary,,2,17,0.0274265,-2.0
CH04,heating_tertiary,,2,17,0.0258565,-1.0
CH04,heating_tertiary,,2,17,0.0243623,0.0
CH04,heating_tertiary,,2,17,0.0228113,1.0
CH04,heating_tertiary,,2,17,0.0211562,2.0
CH04,heating_tertiary,,2,17,0.019539,3.0
CH04,heating_tertiary,,2,17,0.0180258,4.0
CH04,heating_tertiary,,2,17,0.0165883,5.0
CH04,heating_tertiary,,2,17,0.0152453,6.0
CH04,heating_tertiary,,2,17,0.0139213,7.0
CH04,heating_tertiary,,2,17,0.0126635,8.0
CH04,heating_tertiary,,2,17,0.0112638,9.0
CH04,heating_tertiary,,2,17,0.0099019,10.0
CH04,heating_tertiary,,2,17,0.00856841,11.0
CH04,heating_tertiary,,2,17,0.00726329,12.0
CH04,heating_tertiary,,2,17,0.00592979,13.0
CH04,heating_tertiary,,2,17,0.00465304,14.0
CH04,heating_tertiary,,2,17,0.00295071,15.0
CH04,heating_tertiary,,2,17,0.00136187,16.0
CH04,heating_tertiary,,2,17,0.00136187,17.0
CH04,heating_tertiary,,2,18,0.053697,-15.0
CH04,heating_tertiary,,2,18,0.0513349,-14.0
CH04,heating_tertiary,,2,18,0.0490576,-13.0
CH04,heating_tertiary,,2,18,0.0468272,-12.0
CH04,heating_tertiary,,2,18,0.0446534,-11.0
CH04,heating_tertiary,,2,18,0.042536,-10.0
CH04,heating_tertiary,,2,18,0.0404657,-9.0
CH04,heating_tertiary,,2,18,0.0384424,-8.0
CH04,heating_tertiary,,2,18,0.0364756,-7.0
CH04,heating_tertiary,,2,18,0.0345464,-6.0
CH04,heating_tertiary,,2,18,0.0326737,-5.0
CH04,heating_tertiary,,2,18,0.0308386,-4.0
CH04,heating_tertiary,,2,18,0.0290412,-3.0
CH04,heating_tertiary,,2,18,0.0272908,-2.0
CH04,heating_tertiary,,2,18,0.0257286,-1.0
CH04,heating_tertiary,,2,18,0.0242418,0.0
CH04,heating_tertiary,,2,18,0.0226984,1.0
CH04,heating_tertiary,,2,18,0.0210516,2.0
CH04,heating_tertiary,,2,18,0.0194423,3.0
CH04,heating_tertiary,,2,18,0.0179366,4.0
CH04,heating_tertiary,,2,18,0.0165062,5.0
CH04,heating_tertiary,,2,18,0.0151699,6.0
CH04,heating_tertiary,,2,18,0.0138524,7.0
CH04,heating_tertiary,,2,18,0.0126008,8.0
CH04,heating_tertiary,,2,18,0.011208,9.0
CH04,heating_tertiary,,2,18,0.00985292,10.0
CH04,heating_tertiary,,2,18,0.00852602,11.0
CH04,heating_tertiary,,2,18,0.00722736,12.0
CH04,heating_tertiary,,2,18,0.00590046,13.0
CH04,heating_tertiary,,2,18,0.00463002,14.0
CH04,heating_tertiary,,2,18,0.00293611,15.0
CH04,heating_tertiary,,2,18,0.00135513,16.0
CH04,heating_tertiary,,2,18,0.00135513,17.0
CH04,heating_tertiary,,2,19,0.054592,-15.0
CH04,heating_tertiary,,2,19,0.0521905,-14.0
CH04,heating_tertiary,,2,19,0.0498752,-13.0
CH04,heating_tertiary,,2,19,0.0476077,-12.0
CH04,heating_tertiary,,2,19,0.0453976,-11.0
CH04,heating_tertiary,,2,19,0.043245,-10.0
CH04,heating_tertiary,,2,19,0.0411401,-9.0
CH04,heating_tertiary,,2,19,0.0390831,-8.0
CH04,heating_tertiary,,2,19,0.0370835,-7.0
CH04,heating_tertiary,,2,19,0.0351222,-6.0
CH04,heating_tertiary,,2,19,0.0332183,-5.0
CH04,heating_tertiary,,2,19,0.0313526,-4.0
CH04,heating_tertiary,,2,19,0.0295252,-3.0
CH04,heating_tertiary,,2,19,0.0277457,-2.0
CH04,heating_tertiary,,2,19,0.0261575,-1.0
CH04,heating_tertiary,,2,19,0.0246458,0.0
CH04,heating_tertiary,,2,19,0.0230767,1.0
CH04,heating_tertiary,,2,19,0.0214024,2.0
CH04,heating_tertiary,,2,19,0.0197664,3.0
CH04,heating_tertiary,,2,19,0.0182356,4.0
CH04,heating_tertiary,,2,19,0.0167813,5.0
CH04,heating_tertiary,,2,19,0.0154228,6.0
CH04,heating_tertiary,,2,19,0.0140833,7.0
CH04,heating_tertiary,,2,19,0.0128108,8.0
CH04,heating_tertiary,,2,19,0.0113949,9.0
CH04,heating_tertiary,,2,19,0.0100171,10.0
CH04,heating_tertiary,,2,19,0.00866813,11.0
CH04,heating_tertiary,,2,19,0.00734782,12.0
CH04,heating_tertiary,,2,19,0.0059988,13.0
CH04,heating_tertiary,,2,19,0.00470719,14.0
CH04,heating_tertiary,,2,19,0.00298505,15.0
CH04,heating_tertiary,,2,19,0.00137772,16.0
CH04,heating_tertiary,,2,19,0.00137772,17.0
CH04,heating_tertiary,,2,20,0.057937,-15.0
CH04,heating_tertiary,,2,20,0.0553885,-14.0
CH04,heating_tertiary,,2,20,0.0529313,-13.0
CH04,heating_tertiary,,2,20,0.0505248,-12.0
CH04,heating_tertiary,,2,20,0.0481793,-11.0
CH04,heating_tertiary,,2,20,0.0458947,-10.0
CH04,heating_tertiary,,2,20,0.0436609,-9.0
CH04,heating_tertiary,,2,20,0.0414779,-8.0
CH04,heating_tertiary,,2,20,0.0393558,-7.0
CH04,heating_tertiary,,2,20,0.0372742,-6.0
CH04,heating_tertiary,,2,20,0.0352537,-5.0
CH04,heating_tertiary,,2,20,0.0332737,-4.0
CH04,heating_tertiary,,2,20,0.0313343,-3.0
CH04,heating_tertiary,,2,20,0.0294457,-2.0
CH04,heating_tertiary,,2,20,0.0277602,-1.0
CH04,heating_tertiary,,2,20,0.0261559,0.0
CH04,heating_tertiary,,2,20,0.0244907,1.0
CH04,heating_tertiary,,2,20,0.0227138,2.0
CH04,heating_tertiary,,2,20,0.0209776,3.0
CH04,heating_tertiary,,2,20,0.019353,4.0
CH04,heating_tertiary,,2,20,0.0178096,5.0
CH04,heating_tertiary,,2,20,0.0163678,6.0
CH04,heating_tertiary,,2,20,0.0149463,7.0
CH04,heating_tertiary,,2,20,0.0135958,8.0
CH04,heating_tertiary,,2,20,0.0120931,9.0
CH04,heating_tertiary,,2,20,0.0106309,10.0
CH04,heating_tertiary,,2,20,0.00919926,11.0
CH04,heating_tertiary,,2,20,0.00779804,12.0
CH04,heating_tertiary,,2,20,0.00636637,13.0
CH04,heating_tertiary,,2,20,0.00499562,14.0
CH04,heating_tertiary,,2,20,0.00316795,15.0
CH04,heating_tertiary,,2,20,0.00146213,16.0
CH04,heating_tertiary,,2,20,0.00146213,17.0
CH04,heating_tertiary,,2,21,0.064942,-15.0
CH04,heating_tertiary,,2,21,0.0620853,-14.0
CH04,heating_tertiary,,2,21,0.059331,-13.0
CH04,heating_tertiary,,2,21,0.0566336,-12.0
CH04,heating_tertiary,,2,21,0.0540045,-11.0
CH04,heating_tertiary,,2,21,0.0514437,-10.0
CH04,heating_tertiary,,2,21,0.0489398,-9.0
CH04,heating_tertiary,,2,21,0.0464928,-8.0
CH04,heating_tertiary,,2,21,0.0441141,-7.0
CH04,heating_tertiary,,2,21,0.041781,-6.0
CH04,heating_tertiary,,2,21,0.0395161,-5.0
CH04,heating_tertiary,,2,21,0.0372967,-4.0
CH04,heating_tertiary,,2,21,0.0351229,-3.0
CH04,heating_tertiary,,2,21,0.0330059,-2.0
CH04,heating_tertiary,,2,21,0.0311166,-1.0
CH04,heating_tertiary,,2,21,0.0293184,0.0
CH04,heating_tertiary,,2,21,0.0274518,1.0
CH04,heating_tertiary,,2,21,0.0254601,2.0
CH04,heating_tertiary,,2,21,0.0235139,3.0
CH04,heating_tertiary,,2,21,0.0216929,4.0
CH04,heating_tertiary,,2,21,0.0199629,5.0
CH04,heating_tertiary,,2,21,0.0183467,6.0
CH04,heating_tertiary,,2,21,0.0167534,7.0
CH04,heating_tertiary,,2,21,0.0152396,8.0
CH04,heating_tertiary,,2,21,0.0135552,9.0
CH04,heating_tertiary,,2,21,0.0119163,10.0
CH04,heating_tertiary,,2,21,0.0103115,11.0
CH04,heating_tertiary,,2,21,0.00874088,12.0
CH04,heating_tertiary,,2,21,0.00713611,13.0
CH04,heating_tertiary,,2,21,0.00559963,14.0
CH04,heating_tertiary,,2,21,0.00355098,15.0
CH04,heating_tertiary,,2,21,0.00163892,16.0
CH04,heating_tertiary,,2,21,0.00163892,17.0
CH04,heating_tertiary,,2,22,0.0754711,-15.0
CH04,heating_tertiary,,2,22,0.0721512,-14.0
CH04,heating_tertiary,,2,22,0.0689504,-13.0
CH04,heating_tertiary,,2,22,0.0658157,-12.0
CH04,heating_tertiary,,2,22,0.0627603,-11.0
CH04,heating_tertiary,,2,22,0.0597843,-10.0
CH04,heating_tertiary,,2,22,0.0568745,-9.0
CH04,heating_tertiary,,2,22,0.0540308,-8.0
CH04,heating_tertiary,,2,22,0.0512664,-7.0
CH04,heating_tertiary,,2,22,0.0485549,-6.0
CH04,heating_tertiary,,2,22,0.0459228,-5.0
CH04,heating_tertiary,,2,22,0.0433436,-4.0
CH04,heating_tertiary,,2,22,0.0408174,-3.0
CH04,heating_tertiary,,2,22,0.0383572,-2.0
CH04,heating_tertiary,,2,22,0.0361616,-1.0
CH04,heating_tertiary,,2,22,0.0340718,0.0
CH04,heating_tertiary,,2,22,0.0319026,1.0
CH04,heating_tertiary,,2,22,0.029588,2.0
CH04,heating_tertiary,,2,22,0.0273262,3.0
CH04,heating_tertiary,,2,22,0.0252099,4.0
CH04,heating_tertiary,,2,22,0.0231995,5.0
CH04,heating_tertiary,,2,22,0.0213213,6.0
CH04,heating_tertiary,,2,22,0.0194696,7.0
CH04,heating_tertiary,,2,22,0.0177104,8.0
CH04,heating_tertiary,,2,22,0.0157529,9.0
CH04,heating_tertiary,,2,22,0.0138483,10.0
CH04,heating_tertiary,,2,22,0.0119833,11.0
CH04,heating_tertiary,,2,22,0.010158,12.0
CH04,heating_tertiary,,2,22,0.00829309,13.0
CH04,heating_tertiary,,2,22,0.0065075,14.0
CH04,heating_tertiary,,2,22,0.00412671,15.0
CH04,heating_tertiary,,2,22,0.00190463,16.0
CH04,heating_tertiary,,2,22,0.00190463,17.0
CH04,heating_tertiary,,2,23,0.0886662,-15.0
CH04,heating_tertiary,,2,23,0.0847659,-14.0
CH04,heating_tertiary,,2,23,0.0810054,-13.0
CH04,heating_tertiary,,2,23,0.0773226,-12.0
CH04,heating_tertiary,,2,23,0.0737331,-11.0
CH04,heating_tertiary,,2,23,0.0702368,-10.0
CH04,heating_tertiary,,2,23,0.0668182,-9.0
CH04,heating_tertiary,,2,23,0.0634773,-8.0
CH04,heating_tertiary,,2,23,0.0602296,-7.0
CH04,heating_tertiary,,2,23,0.0570441,-6.0
CH04,heating_tertiary,,2,23,0.0539518,-5.0
CH04,heating_tertiary,,2,23,0.0509217,-4.0
CH04,heating_tertiary,,2,23,0.0479537,-3.0
CH04,heating_tertiary,,2,23,0.0450634,-2.0
CH04,heating_tertiary,,2,23,0.0424839,-1.0
CH04,heating_tertiary,,2,23,0.0400288,0.0
CH04,heating_tertiary,,2,23,0.0374803,1.0
CH04,heating_tertiary,,2,23,0.034761,2.0
CH04,heating_tertiary,,2,23,0.0321038,3.0
CH04,heating_tertiary,,2,23,0.0296175,4.0
CH04,heating_tertiary,,2,23,0.0272556,5.0
CH04,heating_tertiary,,2,23,0.025049,6.0
CH04,heating_tertiary,,2,23,0.0228736,7.0
CH04,heating_tertiary,,2,23,0.0208069,8.0
CH04,heating_tertiary,,2,23,0.0185071,9.0
CH04,heating_tertiary,,2,23,0.0162695,10.0
CH04,heating_tertiary,,2,23,0.0140784,11.0
CH04,heating_tertiary,,2,23,0.011934,12.0
CH04,heating_tertiary,,2,23,0.00974302,13.0
CH04,heating_tertiary,,2,23,0.00764524,14.0
CH04,heating_tertiary,,2,23,0.0048482,15.0
CH04,heating_tertiary,,2,23,0.00223763,16.0
CH04,heating_tertiary,,2,23,0.00223763,17.0
CH04,heating_tertiary,,2,24,0.102281,-15.0
CH04,heating_tertiary,,2,24,0.0977819,-14.0
CH04,heating_tertiary,,2,24,0.093444,-13.0
CH04,heating_tertiary,,2,24,0.0891957,-12.0
CH04,heating_tertiary,,2,24,0.085055,-11.0
CH04,heating_tertiary,,2,24,0.0810218,-10.0
CH04,heating_tertiary,,2,24,0.0770783,-9.0
CH04,heating_tertiary,,2,24,0.0732244,-8.0
CH04,heating_tertiary,,2,24,0.069478,-7.0
CH04,heating_tertiary,,2,24,0.0658033,-6.0
CH04,heating_tertiary,,2,24,0.0622362,-5.0
CH04,heating_tertiary,,2,24,0.0587408,-4.0
CH04,heating_tertiary,,2,24,0.0553171,-3.0
CH04,heating_tertiary,,2,24,0.051983,-2.0
CH04,heating_tertiary,,2,24,0.0490074,-1.0
CH04,heating_tertiary,,2,24,0.0461753,0.0
CH04,heating_tertiary,,2,24,0.0432355,1.0
CH04,heating_tertiary,,2,24,0.0400986,2.0
CH04,heating_tertiary,,2,24,0.0370334,3.0
CH04,heating_tertiary,,2,24,0.0341654,4.0
CH04,heating_tertiary,,2,24,0.0314408,5.0
CH04,heating_tertiary,,2,24,0.0288954,6.0
CH04,heating_tertiary,,2,24,0.0263859,7.0
CH04,heating_tertiary,,2,24,0.0240018,8.0
CH04,heating_tertiary,,2,24,0.0213489,9.0
CH04,heating_tertiary,,2,24,0.0187677,10.0
CH04,heating_tertiary,,2,24,0.0162402,11.0
CH04,heating_tertiary,,2,24,0.0137665,12.0
CH04,heating_tertiary,,2,24,0.0112391,13.0
CH04,heating_tertiary,,2,24,0.00881919,14.0
CH04,heating_tertiary,,2,24,0.00559266,15.0
CH04,heating_tertiary,,2,24,0.00258123,16.0
CH04,heating_tertiary,,2,24,0.00258123,17.0
NL32,heating_tertiary,,0,1,0.102261,-15.0
NL32,heating_tertiary,,0,1,0.097763,-14.0
NL32,heating_tertiary,,0,1,0.093426,-13.0
NL32,heating_tertiary,,0,1,0.0891785,-12.0
NL32,heating_tertiary,,0,1,0.0850386,-11.0
NL32,heating_tertiary,,0,1,0.0810062,-10.0
NL32,heating_tertiary,,0,1,0.0770634,-9.0
NL32,heating_tertiary,,0,1,0.0732103,-8.0
NL32,heating_tertiary,,0,1,0.0694646,-7.0
NL32,heating_tertiary,,0,1,0.0657907,-6.0
NL32,heating_tertiary,,0,1,0.0622242,-5.0
NL32,heating_tertiary,,0,1,0.0587295,-4.0
NL32,heating_tertiary,,0,1,0.0553064,-3.0
NL32,heating_tertiary,,0,1,0.051973,-2.0
NL32,heating_tertiary,,0,1,0.048998,-1.0
NL32,heating_tertiary,,0,1,0.0461664,0.0
NL32,heating_tertiary,,0,1,0.0432272,1.0
NL32,heating_tertiary,,0,1,0.0400909,2.0
NL32,heating_tertiary,,0,1,0.0370263,3.0
NL32,heating_tertiary,,0,1,0.0341588,4.0
NL32,heating_tertiary,,0,1,0.0314347,5.0
NL32,heating_tertiary,,0,1,0.0288898,6.0
NL32,heating_tertiary,,0,1,0.0263808,7.0
NL32,heating_tertiary,,0,1,0.0239972,8.0
NL32,heating_tertiary,,0,1,0.0213448,9.0
NL32,heating_tertiary,,0,1,0.018764,10.0
NL32,heating_tertiary,,0,1,0.0162371,11.0
NL32,heating_tertiary,,0,1,0.0137639,12.0
NL32,heating_tertiary,,0,1,0.0112369,13.0
NL32,heating_tertiary,,0,1,0.00881749,14.0
NL32,heating_tertiary,,0,1,0.00559158,15.0
NL32,heating_tertiary,,0,1,0.00258073,16.0
NL32,heating_tertiary,,0,1,0.00258073,17.0
NL32,heating_tertiary,,0,2,0.107609,-15.0
NL32,heating_tertiary,,0,2,0.102876,-14.0
NL32,heating_tertiary,,0,2,0.0983116,-13.0
NL32,heating_tertiary,,0,2,0.0938421,-12.0
NL32,heating_tertiary,,0,2,0.0894857,-11.0
NL32,heating_tertiary,,0,2,0.0852424,-10.0
NL32,heating_tertiary,,0,2,0.0810934,-9.0
NL32,heating_tertiary,,0,2,0.0770388,-8.0
NL32,heating_tertiary,,0,2,0.0730972,-7.0
NL32,heating_tertiary,,0,2,0.0692312,-6.0
NL32,heating_tertiary,,0,2,0.0654782,-5.0
NL32,heating_tertiary,,0,2,0.0618007,-4.0
NL32,heating_tertiary,,0,2,0.0581987,-3.0
NL32,heating_tertiary,,0,2,0.0546909,-2.0
NL32,heating_tertiary,,0,2,0.0515603,-1.0
NL32,heating_tertiary,,0,2,0.0485806,0.0
NL32,heating_tertiary,,0,2,0.0454878,1.0
NL32,heating_tertiary,,0,2,0.0421874,2.0
NL32,heating_tertiary,,0,2,0.0389626,3.0
NL32,heating_tertiary,,0,2,0.0359451,4.0
NL32,heating_tertiary,,0,2,0.0330786,5.0
NL32,heating_tertiary,,0,2,0.0304006,6.0
NL32,heating_tertiary,,0,2,0.0277604,7.0
NL32,heating_tertiary,,0,2,0.0252521,8.0
NL32,heating_tertiary,,0,2,0.022461,9.0
NL32,heating_tertiary,,0,2,0.0197453,10.0
NL32,heating_tertiary,,0,2,0.0170862,11.0
NL32,heating_tertiary,,0,2,0.0144837,12.0
NL32,heating_tertiary,,0,2,0.0118246,13.0
NL32,heating_tertiary,,0,2,0.0092786,14.0
NL32,heating_tertiary,,0,2,0.00588399,15.0
NL32,heating_tertiary,,0,2,0.00271569,16.0
NL32,heating_tertiary,,0,2,0.00271569,17.0
NL32,heating_tertiary,,0,3,0.110367,-15.0
NL32,heating_tertiary,,0,3,0.105512,-14.0
NL32,heating_tertiary,,0,3,0.100831,-13.0
NL32,heating_tertiary,,0,3,0.0962471,-12.0
NL32,heating_tertiary,,0,3,0.091779,-11.0
NL32,heating_tertiary,,0,3,0.087427,-10.0
NL32,heating_tertiary,,0,3,0.0831717,-9.0
NL32,heating_tertiary,,0,3,0.0790131,-8.0
NL32,heating_tertiary,,0,3,0.0749706,-7.0
NL32,heating_tertiary,,0,3,0.0710054,-6.0
NL32,heating_tertiary,,0,3,0.0671563,-5.0
NL32,heating_tertiary,,0,3,0.0633846,-4.0
NL32,heating_tertiary,,0,3,0.0596902,-3.0
NL32,heating_tertiary,,0,3,0.0560925,-2.0
NL32,heating_tertiary,,0,3,0.0528817,-1.0
NL32,heating_tertiary,,0,3,0.0498257,0.0
NL32,heating_tertiary,,0,3,0.0466535,1.0
NL32,heating_tertiary,,0,3,0.0432686,2.0
NL32,heating_tertiary,,0,3,0.0399611,3.0
NL32,heating_tertiary,,0,3,0.0368663,4.0
NL32,heating_tertiary,,0,3,0.0339263,5.0
NL32,heating_tertiary,,0,3,0.0311797,6.0
NL32,heating_tertiary,,0,3,0.0284718,7.0
NL32,heating_tertiary,,0,3,0.0258993,8.0
NL32,heating_tertiary,,0,3,0.0230366,9.0
NL32,heating_tertiary,,0,3,0.0202513,10.0
NL32,heating_tertiary,,0,3,0.0175241,11.0
NL32,heating_tertiary,,0,3,0.0148549,12.0
NL32,heating_tertiary,,0,3,0.0121276,13.0
NL32,heating_tertiary,,0,3,0.00951639,14.0
NL32,heating_tertiary,,0,3,0.00603478,15.0
NL32,heating_tertiary,,0,3,0.00278529,16.0
NL32,heating_tertiary,,0,3,0.00278529,17.0
NL32,heating_tertiary,,0,4,0.111566,-15.0
NL32,heating_tertiary,,0,4,0.106658,-14.0
NL32,heating_tertiary,,0,4,0.101926,-13.0
NL32,heating_tertiary,,0,4,0.0972926,-12.0
NL32,heating_tertiary,,0,4,0.092776,-11.0
NL32,heating_tertiary,,0,4,0.0883767,-10.0
NL32,heating_tertiary,,0,4,0.0840752,-9.0
NL32,heating_tertiary,,0,4,0.0798714,-8.0
NL32,heating_tertiary,,0,4,0.075785,-7.0
NL32,heating_tertiary,,0,4,0.0717767,-6.0
NL32,heating_tertiary,,0,4,0.0678858,-5.0
NL32,heating_tertiary,,0,4,0.0640731,-4.0
NL32,heating_tertiary,,0,4,0.0603386,-3.0
NL32,heating_tertiary,,0,4,0.0567019,-2.0
NL32,heating_tertiary,,0,4,0.0534562,-1.0
NL32,heating_tertiary,,0,4,0.0503669,0.0
NL32,heating_tertiary,,0,4,0.0471603,1.0
NL32,heating_tertiary,,0,4,0.0437386,2.0
NL32,heating_tertiary,,0,4,0.0403952,3.0
NL32,heating_tertiary,,0,4,0.0372668,4.0
NL32,heating_tertiary,,0,4,0.0342948,5.0
NL32,heating_tertiary,,0,4,0.0315184,6.0
NL32,heating_tertiary,,0,4,0.0287811,7.0
NL32,heating_tertiary,,0,4,0.0261806,8.0
NL32,heating_tertiary,,0,4,0.0232869,9.0
NL32,heating_tertiary,,0,4,0.0204713,10.0
NL32,heating_tertiary,,0,4,0.0177144,11.0
NL32,heating_tertiary,,0,4,0.0150162,12.0
NL32,heating_tertiary,,0,4,0.0122593,13.0
NL32,heating_tertiary,,0,4,0.00961976,14.0
NL32,heating_tertiary,,0,4,0.00610034,15.0
NL32,heating_tertiary,,0,4,0.00281554,16.0
NL32,heating_tertiary,,0,4,0.00281554,17.0
NL32,heating_tertiary,,0,5,0.10991,-15.0
NL32,heating_tertiary,,0,5,0.105075,-14.0
NL32,heating_tertiary,,0,5,0.100414,-13.0
NL32,heating_tertiary,,0,5,0.0958489,-12.0
NL32,heating_tertiary,,0,5,0.0913993,-11.0
NL32,heating_tertiary,,0,5,0.0870653,-10.0
NL32,heating_tertiary,,0,5,0.0828276,-9.0
NL32,heating_tertiary,,0,5,0.0786862,-8.0
NL32,heating_tertiary,,0,5,0.0746604,-7.0
NL32,heating_tertiary,,0,5,0.0707117,-6.0
NL32,heating_tertiary,,0,5,0.0668785,-5.0
NL32,heating_tertiary,,0,5,0.0631223,-4.0
NL32,heating_tertiary,,0,5,0.0594433,-3.0
NL32,heating_tertiary,,0,5,0.0558605,-2.0
NL32,heating_tertiary,,0,5,0.0526629,-1.0
NL32,heating_tertiary,,0,5,0.0496195,0.0
NL32,heating_tertiary,,0,5,0.0464605,1.0
NL32,heating_tertiary,,0,5,0.0430896,2.0
NL32,heating_tertiary,,0,5,0.0397958,3.0
NL32,heating_tertiary,,0,5,0.0367138,4.0
NL32,heating_tertiary,,0,5,0.033786,5.0
NL32,heating_tertiary,,0,5,0.0310507,6.0
NL32,heating_tertiary,,0,5,0.028354,7.0
NL32,heating_tertiary,,0,5,0.0257921,8.0
NL32,heating_tertiary,,0,5,0.0229413,9.0
NL32,heating_tertiary,,0,5,0.0201676,10.0
NL32,heating_tertiary,,0,5,0.0174516,11.0
NL32,heating_tertiary,,0,5,0.0147934,12.0
NL32,heating_tertiary,,0,5,0.0120774,13.0
NL32,heating_tertiary,,0,5,0.00947702,14.0
NL32,heating_tertiary,,0,5,0.00600982,15.0
NL32,heating_tertiary,,0,5,0.00277376,16.0
NL32,heating_tertiary,,0,5,0.00277376,17.0
NL32,heating_tertiary,,0,6,0.103799,-15.0
NL32,heating_tertiary,,0,6,0.099233,-14.0
NL32,heating_tertiary,,0,6,0.0948307,-13.0
NL32,heating_tertiary,,0,6,0.0905194,-12.0
NL32,heating_tertiary,,0,6,0.0863172,-11.0
NL32,heating_tertiary,,0,6,0.0822242,-10.0
NL32,heating_tertiary,,0,6,0.0782222,-9.0
NL32,heating_tertiary,,0,6,0.0743111,-8.0
NL32,heating_tertiary,,0,6,0.0705091,-7.0
NL32,heating_tertiary,,0,6,0.0667799,-6.0
NL32,heating_tertiary,,0,6,0.0631598,-5.0
NL32,heating_tertiary,,0,6,0.0596126,-4.0
NL32,heating_tertiary,,0,6,0.056138,-3.0
NL32,heating_tertiary,,0,6,0.0527545,-2.0
NL32,heating_tertiary,,0,6,0.0497347,-1.0
NL32,heating_tertiary,,0,6,0.0468605,0.0
NL32,heating_tertiary,,0,6,0.0438772,1.0
NL32,heating_tertiary,,0,6,0.0406937,2.0
NL32,heating_tertiary,,0,6,0.037583,3.0
NL32,heating_tertiary,,0,6,0.0346724,4.0
NL32,heating_tertiary,,0,6,0.0319074,5.0
NL32,heating_tertiary,,0,6,0.0293242,6.0
NL32,heating_tertiary,,0,6,0.0267774,7.0
NL32,heating_tertiary,,0,6,0.024358,8.0
NL32,heating_tertiary,,0,6,0.0216657,9.0
NL32,heating_tertiary,,0,6,0.0190462,10.0
NL32,heating_tertiary,,0,6,0.0164812,11.0
NL32,heating_tertiary,,0,6,0.0139708,12.0
NL32,heating_tertiary,,0,6,0.0114059,13.0
NL32,heating_tertiary,,0,6,0.00895007,14.0
NL32,heating_tertiary,,0,6,0.00567565,15.0
NL32,heating_tertiary,,0,6,0.00261953,16.0
NL32,heating_tertiary,,0,6,0.00261953,17.0
NL32,heating_tertiary,,0,7,0.0938419,-15.0
NL32,heating_tertiary,,0,7,0.0897139,-14.0
NL32,heating_tertiary,,0,7,0.085734,-13.0
NL32,heating_tertiary,,0,7,0.0818362,-12.0
NL32,heating_tertiary,,0,7,0.0780372,-11.0
NL32,heating_tertiary,,0,7,0.0743368,-10.0
NL32,heating_tertiary,,0,7,0.0707186,-9.0
NL32,heating_tertiary,,0,7,0.0671827,-8.0
NL32,heating_tertiary,,0,7,0.0637454,-7.0
NL32,heating_tertiary,,0,7,0.0603739,-6.0
NL32,heating_tertiary,,0,7,0.0571012,-5.0
NL32,heating_tertiary,,0,7,0.0538942,-4.0
NL32,heating_tertiary,,0,7,0.0507529,-3.0
NL32,heating_tertiary,,0,7,0.0476939,-2.0
NL32,heating_tertiary,,0,7,0.0449639,-1.0
NL32,heating_tertiary,,0,7,0.0423654,0.0
NL32,heating_tertiary,,0,7,0.0396682,1.0
NL32,heating_tertiary,,0,7,0.0367901,2.0
NL32,heating_tertiary,,0,7,0.0339778,3.0
NL32,heating_tertiary,,0,7,0.0313464,4.0
NL32,heating_tertiary,,0,7,0.0288466,5.0
NL32,heating_tertiary,,0,7,0.0265113,6.0
NL32,heating_tertiary,,0,7,0.0242088,7.0
NL32,heating_tertiary,,0,7,0.0220214,8.0
NL32,heating_tertiary,,0,7,0.0195874,9.0
NL32,heating_tertiary,,0,7,0.0172192,10.0
NL32,heating_tertiary,,0,7,0.0149002,11.0
NL32,heating_tertiary,,0,7,0.0126307,12.0
NL32,heating_tertiary,,0,7,0.0103118,13.0
NL32,heating_tertiary,,0,7,0.00809152,14.0
NL32,heating_tertiary,,0,7,0.00513121,15.0
NL32,heating_tertiary,,0,7,0.00236825,16.0
NL32,heating_tertiary,,0,7,0.00236825,17.0
NL32,heating_tertiary,,0,8,0.082153,-15.0
NL32,heating_tertiary,,0,8,0.0785392,-14.0
NL32,heating_tertiary,,0,8,0.0750549,-13.0
NL32,heating_tertiary,,0,8,0.0716427,-12.0
NL32,heating_tertiary,,0,8,0.0683168,-11.0
NL32,heating_tertiary,,0,8,0.0650774,-10.0
NL32,heating_tertiary,,0,8,0.0619099,-9.0
NL32,heating_tertiary,,0,8,0.0588144,-8.0
NL32,heating_tertiary,,0,8,0.0558053,-7.0
NL32,heating_tertiary,,0,8,0.0528538,-6.0
NL32,heating_tertiary,,0,8,0.0499886,-5.0
NL32,heating_tertiary,,0,8,0.0471811,-4.0
NL32,heating_tertiary,,0,8,0.0444311,-3.0
NL32,heating_tertiary,,0,8,0.0417532,-2.0
NL32,heating_tertiary,,0,8,0.0393632,-1.0
NL32,heating_tertiary,,0,8,0.0370883,0.0
NL32,heating_tertiary,,0,8,0.0347271,1.0
NL32,heating_tertiary,,0,8,0.0322075,2.0
NL32,heating_tertiary,,0,8,0.0297455,3.0
NL32,heating_tertiary,,0,8,0.0274419,4.0
NL32,heating_tertiary,,0,8,0.0252535,5.0
NL32,heating_tertiary,,0,8,0.023209,6.0
NL32,heating_tertiary,,0,8,0.0211933,7.0
NL32,heating_tertiary,,0,8,0.0192784,8.0
NL32,heating_tertiary,,0,8,0.0171476,9.0
NL32,heating_tertiary,,0,8,0.0150743,10.0
NL32,heating_tertiary,,0,8,0.0130443,11.0
NL32,heating_tertiary,,0,8,0.0110574,12.0
NL32,heating_tertiary,,0,8,0.00902732,13.0
NL32,heating_tertiary,,0,8,0.00708364,14.0
NL32,heating_tertiary,,0,8,0.00449206,15.0
NL32,heating_tertiary,,0,8,0.00207326,16.0
NL32,heating_tertiary,,0,8,0.00207326,17.0
NL32,heating_tertiary,,0,9,0.0715335,-15.0
NL32,heating_tertiary,,0,9,0.0683868,-14.0
NL32,heating_tertiary,,0,9,0.065353,-13.0
NL32,heating_tertiary,,0,9,0.0623818,-12.0
NL32,heating_tertiary,,0,9,0.0594859,-11.0
NL32,heating_tertiary,,0,9,0.0566651,-10.0
NL32,heating_tertiary,,0,9,0.0539071,-9.0
NL32,heating_tertiary,,0,9,0.0512117,-8.0
NL32,heating_tertiary,,0,9,0.0485916,-7.0
NL32,heating_tertiary,,0,9,0.0460216,-6.0
NL32,heating_tertiary,,0,9,0.0435269,-5.0
NL32,heating_tertiary,,0,9,0.0410822,-4.0
NL32,heating_tertiary,,0,9,0.0386878,-3.0
NL32,heating_tertiary,,0,9,0.036356,-2.0
NL32,heating_tertiary,,0,9,0.0342749,-1.0
NL32,heating_tertiary,,0,9,0.0322941,0.0
NL32,heating_tertiary,,0,9,0.0302381,1.0
NL32,heating_tertiary,,0,9,0.0280442,2.0
NL32,heating_tertiary,,0,9,0.0259005,3.0
NL32,heating_tertiary,,0,9,0.0238946,4.0
NL32,heating_tertiary,,0,9,0.0219891,5.0
NL32,heating_tertiary,,0,9,0.0202089,6.0
NL32,heating_tertiary,,0,9,0.0184538,7.0
NL32,heating_tertiary,,0,9,0.0167864,8.0
NL32,heating_tertiary,,0,9,0.014931,9.0
NL32,heating_tertiary,,0,9,0.0131258,10.0
NL32,heating_tertiary,,0,9,0.0113581,11.0
NL32,heating_tertiary,,0,9,0.00962806,12.0
NL32,heating_tertiary,,0,9,0.00786041,13.0
NL32,heating_tertiary,,0,9,0.00616798,14.0
NL32,heating_tertiary,,0,9,0.0039114,15.0
NL32,heating_tertiary,,0,9,0.00180526,16.0
NL32,heating_tertiary,,0,9,0.00180526,17.0
NL32,heating_tertiary,,0,10,0.0632247,-15.0
NL32,heating_tertiary,,0,10,0.0604435,-14.0
NL32,heating_tertiary,,0,10,0.057762,-13.0
NL32,heating_tertiary,,0,10,0.055136,-12.0
NL32,heating_tertiary,,0,10,0.0525764,-11.0
NL32,heating_tertiary,,0,10,0.0500833,-10.0
NL32,heating_tertiary,,0,10,0.0476457,-9.0
NL32,heating_tertiary,,0,10,0.0452634,-8.0
NL32,heating_tertiary,,0,10,0.0429476,-7.0
NL32,heating_tertiary,,0,10,0.0406761,-6.0
NL32,heating_tertiary,,0,10,0.0384711,-5.0
NL32,heating_tertiary,,0,10,0.0363104,-4.0
NL32,heating_tertiary,,0,10,0.0341941,-3.0
NL32,heating_tertiary,,0,10,0.0321331,-2.0
NL32,heating_tertiary,,0,10,0.0302938,-1.0
NL32,heating_tertiary,,0,10,0.0285431,0.0
NL32,heating_tertiary,,0,10,0.0267259,1.0
NL32,heating_tertiary,,0,10,0.0247868,2.0
NL32,heating_tertiary,,0,10,0.0228921,3.0
NL32,heating_tertiary,,0,10,0.0211192,4.0
NL32,heating_tertiary,,0,10,0.019435,5.0
NL32,heating_tertiary,,0,10,0.0178616,6.0
NL32,heating_tertiary,,0,10,0.0163103,7.0
NL32,heating_tertiary,,0,10,0.0148366,8.0
NL32,heating_tertiary,,0,10,0.0131967,9.0
NL32,heating_tertiary,,0,10,0.0116012,10.0
NL32,heating_tertiary,,0,10,0.0100388,11.0
NL32,heating_tertiary,,0,10,0.00850973,12.0
NL32,heating_tertiary,,0,10,0.0069474,13.0
NL32,heating_tertiary,,0,10,0.00545155,14.0
NL32,heating_tertiary,,0,10,0.00345708,15.0
NL32,heating_tertiary,,0,10,0.00159558,16.0
NL32,heating_tertiary,,0,10,0.00159558,17.0
NL32,heating_tertiary,,0,11,0.0575023,-15.0
NL32,heating_tertiary,,0,11,0.0549728,-14.0
NL32,heating_tertiary,,0,11,0.052534,-13.0
NL32,heating_tertiary,,0,11,0.0501457,-12.0
NL32,heating_tertiary,,0,11,0.0478178,-11.0
NL32,heating_tertiary,,0,11,0.0455503,-10.0
NL32,heating_tertiary,,0,11,0.0433333,-9.0
NL32,heating_tertiary,,0,11,0.0411666,-8.0
NL32,heating_tertiary,,0,11,0.0390604,-7.0
NL32,heating_tertiary,,0,11,0.0369945,-6.0
NL32,heating_tertiary,,0,11,0.0349891,-5.0
NL32,heating_tertiary,,0,11,0.033024,-4.0
NL32,heating_tertiary,,0,11,0.0310992,-3.0
NL32,heating_tertiary,,0,11,0.0292248,-2.0
NL32,heating_tertiary,,0,11,0.0275519,-1.0
NL32,heating_tertiary,,0,11,0.0259597,0.0
NL32,heating_tertiary,,0,11,0.0243069,1.0
NL32,heating_tertiary,,0,11,0.0225434,2.0
NL32,heating_tertiary,,0,11,0.0208201,3.0
NL32,heating_tertiary,,0,11,0.0192077,4.0
NL32,heating_tertiary,,0,11,0.0176759,5.0
NL32,heating_tertiary,,0,11,0.0162449,6.0
NL32,heating_tertiary,,0,11,0.0148341,7.0
NL32,heating_tertiary,,0,11,0.0134938,8.0
NL32,heating_tertiary,,0,11,0.0120023,9.0
NL32,heating_tertiary,,0,11,0.0105511,10.0
NL32,heating_tertiary,,0,11,0.00913022,11.0
NL32,heating_tertiary,,0,11,0.00773952,12.0
NL32,heating_tertiary,,0,11,0.0063186,13.0
NL32,heating_tertiary,,0,11,0.00495813,14.0
NL32,heating_tertiary,,0,11,0.00314418,15.0
NL32,heating_tertiary,,0,11,0.00145116,16.0
NL32,heating_tertiary,,0,11,0.00145116,17.0
NL32,heating_tertiary,,0,12,0.0532045,-15.0
NL32,heating_tertiary,,0,12,0.0508641,-14.0
NL32,heating_tertiary,,0,12,0.0486076,-13.0
NL32,heating_tertiary,,0,12,0.0463978,-12.0
NL32,heating_tertiary,,0,12,0.0442439,-11.0
NL32,heating_tertiary,,0,12,0.0421459,-10.0
NL32,heating_tertiary,,0,12,0.0400945,-9.0
NL32,heating_tertiary,,0,12,0.0380898,-8.0
NL32,heating_tertiary,,0,12,0.036141,-7.0
NL32,heating_tertiary,,0,12,0.0342295,-6.0
NL32,heating_tertiary,,0,12,0.032374,-5.0
NL32,heating_tertiary,,0,12,0.0305558,-4.0
NL32,heating_tertiary,,0,12,0.0287748,-3.0
NL32,heating_tertiary,,0,12,0.0270405,-2.0
NL32,heating_tertiary,,0,12,0.0254927,-1.0
NL32,heating_tertiary,,0,12,0.0240194,0.0
NL32,heating_tertiary,,0,12,0.0224902,1.0
NL32,heating_tertiary,,0,12,0.0208585,2.0
NL32,heating_tertiary,,0,12,0.019264,3.0
NL32,heating_tertiary,,0,12,0.0177721,4.0
NL32,heating_tertiary,,0,12,0.0163548,5.0
NL32,heating_tertiary,,0,12,0.0150308,6.0
NL32,heating_tertiary,,0,12,0.0137254,7.0
NL32,heating_tertiary,,0,12,0.0124853,8.0
NL32,heating_tertiary,,0,12,0.0111053,9.0
NL32,heating_tertiary,,0,12,0.00976255,10.0
NL32,heating_tertiary,,0,12,0.00844783,11.0
NL32,heating_tertiary,,0,12,0.00716107,12.0
NL32,heating_tertiary,,0,12,0.00584634,13.0
NL32,heating_tertiary,,0,12,0.00458756,14.0
NL32,heating_tertiary,,0,12,0.00290918,15.0
NL32,heating_tertiary,,0,12,0.0013427,16.0
NL32,heating_tertiary,,0,12,0.0013427,17.0
NL32,heating_tertiary,,0,13,0.0502573,-15.0
NL32,heating_tertiary,,0,13,0.0480465,-14.0
NL32,heating_tertiary,,0,13,0.045915,-13.0
NL32,heating_tertiary,,0,13,0.0438276,-12.0
NL32,heating_tertiary,,0,13,0.041793,-11.0
NL32,heating_tertiary,,0,13,0.0398112,-10.0
NL32,heating_tertiary,,0,13,0.0378735,-9.0
NL32,heating_tertiary,,0,13,0.0359798,-8.0
NL32,heating_tertiary,,0,13,0.034139,-7.0
NL32,heating_tertiary,,0,13,0.0323334,-6.0
NL32,heating_tertiary,,0,13,0.0305807,-5.0
NL32,heating_tertiary,,0,13,0.0288631,-4.0
NL32,heating_tertiary,,0,13,0.0271809,-3.0
NL32,heating_tertiary,,0,13,0.0255426,-2.0
NL32,heating_tertiary,,0,13,0.0240805,-1.0
NL32,heating_tertiary,,0,13,0.0226889,0.0
NL32,heating_tertiary,,0,13,0.0212444,1.0
NL32,heating_tertiary,,0,13,0.019703,2.0
NL32,heating_tertiary,,0,13,0.0181969,3.0
NL32,heating_tertiary,,0,13,0.0167877,4.0
NL32,heating_tertiary,,0,13,0.0154489,5.0
NL32,heating_tertiary,,0,13,0.0141982,6.0
NL32,heating_tertiary,,0,13,0.0129651,7.0
NL32,heating_tertiary,,0,13,0.0117936,8.0
NL32,heating_tertiary,,0,13,0.0104901,9.0
NL32,heating_tertiary,,0,13,0.00922176,10.0
NL32,heating_tertiary,,0,13,0.00797986,11.0
NL32,heating_tertiary,,0,13,0.00676439,12.0
NL32,heating_tertiary,,0,13,0.00552249,13.0
NL32,heating_tertiary,,0,13,0.00433344,14.0
NL32,heating_tertiary,,0,13,0.00274803,15.0
NL32,heating_tertiary,,0,13,0.00126832,16.0
NL32,heating_tertiary,,0,13,0.00126832,17.0
NL32,heating_tertiary,,0,14,0.0488761,-15.0
NL32,heating_tertiary,,0,14,0.0467261,-14.0
NL32,heating_tertiary,,0,14,0.0446532,-13.0
NL32,heating_tertiary,,0,14,0.0426231,-12.0
NL32,heating_tertiary,,0,14,0.0406444,-11.0
NL32,heating_tertiary,,0,14,0.0387171,-10.0
NL32,heating_tertiary,,0,14,0.0368327,-9.0
NL32,heating_tertiary,,0,14,0.034991,-8.0
NL32,heating_tertiary,,0,14,0.0332008,-7.0
NL32,heating_tertiary,,0,14,0.0314448,-6.0
NL32,heating_tertiary,,0,14,0.0297402,-5.0
NL32,heating_tertiary,,0,14,0.0280699,-4.0
NL32,heating_tertiary,,0,14,0.0264339,-3.0
NL32,heating_tertiary,,0,14,0.0248406,-2.0
NL32,heating_tertiary,,0,14,0.0234187,-1.0
NL32,heating_tertiary,,0,14,0.0220653,0.0
NL32,heating_tertiary,,0,14,0.0206605,1.0
NL32,heating_tertiary,,0,14,0.0191615,2.0
NL32,heating_tertiary,,0,14,0.0176968,3.0
NL32,heating_tertiary,,0,14,0.0163263,4.0
NL32,heating_tertiary,,0,14,0.0150243,5.0
NL32,heating_tertiary,,0,14,0.013808,6.0
NL32,heating_tertiary,,0,14,0.0126088,7.0
NL32,heating_tertiary,,0,14,0.0114695,8.0
NL32,heating_tertiary,,0,14,0.0102018,9.0
NL32,heating_tertiary,,0,14,0.00896832,10.0
NL32,heating_tertiary,,0,14,0.00776055,11.0
NL32,heating_tertiary,,0,14,0.00657848,12.0
NL32,heating_tertiary,,0,14,0.00537072,13.0
NL32,heating_tertiary,,0,14,0.00421434,14.0
NL32,heating_tertiary,,0,14,0.00267251,15.0
NL32,heating_tertiary,,0,14,0.00123347,16.0
NL32,heating_tertiary,,0,14,0.00123347,17.0
NL32,heating_tertiary,,0,15,0.0488734,-15.0
NL32,heating_tertiary,,0,15,0.0467236,-14.0
NL32,heating_tertiary,,0,15,0.0446508,-13.0
NL32,heating_tertiary,,0,15,0.0426208,-12.0
NL32,heating_tertiary,,0,15,0.0406422,-11.0
NL32,heating_tertiary,,0,15,0.038715,-10.0
NL32,heating_tertiary,,0,15,0.0368307,-9.0
NL32,heating_tertiary,,0,15,0.0349891,-8.0
NL32,heating_tertiary,,0,15,0.033199,-7.0
NL32,heating_tertiary,,0,15,0.0314431,-6.0
NL32,heating_tertiary,,0,15,0.0297386,-5.0
NL32,heating_tertiary,,0,15,0.0280684,-4.0
NL32,heating_tertiary,,0,15,0.0264324,-3.0
NL32,heating_tertiary,,0,15,0.0248393,-2.0
NL32,heating_tertiary,,0,15,0.0234175,-1.0
NL32,heating_tertiary,,0,15,0.0220641,0.0
NL32,heating_tertiary,,0,15,0.0206594,1.0
NL32,heating_tertiary,,0,15,0.0191605,2.0
NL32,heating_tertiary,,0,15,0.0176959,3.0
NL32,heating_tertiary,,0,15,0.0163254,4.0
NL32,heating_tertiary,,0,15,0.0150235,5.0
NL32,heating_tertiary,,0,15,0.0138072,6.0
NL32,heating_tertiary,,0,15,0.0126081,7.0
NL32,heating_tertiary,,0,15,0.0114689,8.0
NL32,heating_tertiary,,0,15,0.0102012,9.0
NL32,heating_tertiary,,0,15,0.00896784,10.0
NL32,heating_tertiary,,0,15,0.00776014,11.0
NL32,heating_tertiary,,0,15,0.00657813,12.0
NL32,heating_tertiary,,0,15,0.00537043,13.0
NL32,heating_tertiary,,0,15,0.00421411,14.0
NL32,heating_tertiary,,0,15,0.00267236,15.0
NL32,heating_tertiary,,0,15,0.0012334,16.0
NL32,heating_tertiary,,0,15,0.0012334,17.0
NL32,heating_tertiary,,0,16,0.0494115,-15.0
NL32,heating_tertiary,,0,16,0.047238,-14.0
NL32,heating_tertiary,,0,16,0.0451423,-13.0
NL32,heating_tertiary,,0,16,0.04309,-12.0
NL32,heating_tertiary,,0,16,0.0410897,-11.0
NL32,heating_tertiary,,0,16,0.0391413,-10.0
NL32,heating_tertiary,,0,16,0.0372362,-9.0
NL32,heating_tertiary,,0,16,0.0353743,-8.0
NL32,heating_tertiary,,0,16,0.0335645,-7.0
NL32,heating_tertiary,,0,16,0.0317893,-6.0
NL32,heating_tertiary,,0,16,0.030066,-5.0
NL32,heating_tertiary,,0,16,0.0283774,-4.0
NL32,heating_tertiary,,0,16,0.0267234,-3.0
NL32,heating_tertiary,,0,16,0.0251128,-2.0
NL32,heating_tertiary,,0,16,0.0236753,-1.0
NL32,heating_tertiary,,0,16,0.0223071,0.0
NL32,heating_tertiary,,0,16,0.0208869,1.0
NL32,heating_tertiary,,0,16,0.0193715,2.0
NL32,heating_tertiary,,0,16,0.0178907,3.0
NL32,heating_tertiary,,0,16,0.0165051,4.0
NL32,heating_tertiary,,0,16,0.0151889,5.0
NL32,heating_tertiary,,0,16,0.0139592,6.0
NL32,heating_tertiary,,0,16,0.0127469,7.0
NL32,heating_tertiary,,0,16,0.0115952,8.0
NL32,heating_tertiary,,0,16,0.0103135,9.0
NL32,heating_tertiary,,0,16,0.00906657,10.0
NL32,heating_tertiary,,0,16,0.00784557,11.0
NL32,heating_tertiary,,0,16,0.00665055,12.0
NL32,heating_tertiary,,0,16,0.00542955,13.0
NL32,heating_tertiary,,0,16,0.00426051,14.0
NL32,heating_tertiary,,0,16,0.00270179,15.0
NL32,heating_tertiary,,0,16,0.00124698,16.0
NL32,heating_tertiary,,0,16,0.00124698,17.0
NL32,heating_tertiary,,0,17,0.0495853,-15.0
NL32,heating_tertiary,,0,17,0.0474041,-14.0
NL32,heating_tertiary,,0,17,0.0453012,-13.0
NL32,heating_tertiary,,0,17,0.0432416,-12.0
NL32,heating_tertiary,,0,17,0.0412342,-11.0
NL32,heating_tertiary,,0,17,0.039279,-10.0
NL32,heating_tertiary,,0,17,0.0373672,-9.0
NL32,heating_tertiary,,0,17,0.0354988,-8.0
NL32,heating_tertiary,,0,17,0.0336826,-7.0
NL32,heating_tertiary,,0,17,0.0319011,-6.0
NL32,heating_tertiary,,0,17,0.0301718,-5.0
NL32,heating_tertiary,,0,17,0.0284772,-4.0
NL32,heating_tertiary,,0,17,0.0268174,-3.0
NL32,heating_tertiary,,0,17,0.0252011,-2.0
NL32,heating_tertiary,,0,17,0.0237586,-1.0
NL32,heating_tertiary,,0,17,0.0223855,0.0
NL32,heating_tertiary,,0,17,0.0209604,1.0
NL32,heating_tertiary,,0,17,0.0194396,2.0
NL32,heating_tertiary,,0,17,0.0179536,3.0
NL32,heating_tertiary,,0,17,0.0165632,4.0
NL32,heating_tertiary,,0,17,0.0152423,5.0
NL32,heating_tertiary,,0,17,0.0140083,6.0
NL32,heating_tertiary,,0,17,0.0127917,7.0
NL32,heating_tertiary,,0,17,0.011636,8.0
NL32,heating_tertiary,,0,17,0.0103498,9.0
NL32,heating_tertiary,,0,17,0.00909847,10.0
NL32,heating_tertiary,,0,17,0.00787317,11.0
NL32,heating_tertiary,,0,17,0.00667395,12.0
NL32,heating_tertiary,,0,17,0.00544865,13.0
NL32,heating_tertiary,,0,17,0.0042755,14.0
NL32,heating_tertiary,,0,17,0.00271129,15.0
NL32,heating_tertiary,,0,17,0.00125137,16.0
NL32,heating_tertiary,,0,17,0.00125137,17.0
NL32,heating_tertiary,,0,18,0.0498099,-15.0
NL32,heating_tertiary,,0,18,0.0476188,-14.0
NL32,heating_tertiary,,0,18,0.0455063,-13.0
NL32,heating_tertiary,,0,18,0.0434374,-12.0
NL32,heating_tertiary,,0,18,0.0414209,-11.0
NL32,heating_tertiary,,0,18,0.0394568,-10.0
NL32,heating_tertiary,,0,18,0.0375364,-9.0
NL32,heating_tertiary,,0,18,0.0356595,-8.0
NL32,heating_tertiary,,0,18,0.0338351,-7.0
NL32,heating_tertiary,,0,18,0.0320456,-6.0
NL32,heating_tertiary,,0,18,0.0303084,-5.0
NL32,heating_tertiary,,0,18,0.0286062,-4.0
NL32,heating_tertiary,,0,18,0.0269389,-3.0
NL32,heating_tertiary,,0,18,0.0253152,-2.0
NL32,heating_tertiary,,0,18,0.0238661,-1.0
NL32,heating_tertiary,,0,18,0.0224869,0.0
NL32,heating_tertiary,,0,18,0.0210553,1.0
NL32,heating_tertiary,,0,18,0.0195276,2.0
NL32,heating_tertiary,,0,18,0.0180349,3.0
NL32,heating_tertiary,,0,18,0.0166382,4.0
NL32,heating_tertiary,,0,18,0.0153113,5.0
NL32,heating_tertiary,,0,18,0.0140718,6.0
NL32,heating_tertiary,,0,18,0.0128497,7.0
NL32,heating_tertiary,,0,18,0.0116886,8.0
NL32,heating_tertiary,,0,18,0.0103967,9.0
NL32,heating_tertiary,,0,18,0.00913967,10.0
NL32,heating_tertiary,,0,18,0.00790882,11.0
NL32,heating_tertiary,,0,18,0.00670417,12.0
NL32,heating_tertiary,,0,18,0.00547332,13.0
NL32,heating_tertiary,,0,18,0.00429486,14.0
NL32,heating_tertiary,,0,18,0.00272357,15.0
NL32,heating_tertiary,,0,18,0.00125703,16.0
NL32,heating_tertiary,,0,18,0.00125703,17.0
NL32,heating_tertiary,,0,19,0.0508566,-15.0
NL32,heating_tertiary,,0,19,0.0486195,-14.0
NL32,heating_tertiary,,0,19,0.0464626,-13.0
NL32,heating_tertiary,,0,19,0.0443503,-12.0
NL32,heating_tertiary,,0,19,0.0422914,-11.0
NL32,heating_tertiary,,0,19,0.040286,-10.0
NL32,heating_tertiary,,0,19,0.0383252,-9.0
NL32,heating_tertiary,,0,19,0.0364089,-8.0
NL32,heating_tertiary,,0,19,0.0345461,-7.0
NL32,heating_tertiary,,0,19,0.032719,-6.0
NL32,heating_tertiary,,0,19,0.0309454,-5.0
NL32,heating_tertiary,,0,19,0.0292074,-4.0
NL32,heating_tertiary,,0,19,0.027505,-3.0
NL32,heating_tertiary,,0,19,0.0258472,-2.0
NL32,heating_tertiary,,0,19,0.0243677,-1.0
NL32,heating_tertiary,,0,19,0.0229595,0.0
NL32,heating_tertiary,,0,19,0.0214978,1.0
NL32,heating_tertiary,,0,19,0.019938,2.0
NL32,heating_tertiary,,0,19,0.0184139,3.0
NL32,heating_tertiary,,0,19,0.0169879,4.0
NL32,heating_tertiary,,0,19,0.0156331,5.0
NL32,heating_tertiary,,0,19,0.0143675,6.0
NL32,heating_tertiary,,0,19,0.0131197,7.0
NL32,heating_tertiary,,0,19,0.0119343,8.0
NL32,heating_tertiary,,0,19,0.0106152,9.0
NL32,heating_tertiary,,0,19,0.00933174,10.0
NL32,heating_tertiary,,0,19,0.00807503,11.0
NL32,heating_tertiary,,0,19,0.00684506,12.0
NL32,heating_tertiary,,0,19,0.00558835,13.0
NL32,heating_tertiary,,0,19,0.00438512,14.0
NL32,heating_tertiary,,0,19,0.0027808,15.0
NL32,heating_tertiary,,0,19,0.00128345,16.0
NL32,heating_tertiary,,0,19,0.00128345,17.0
NL32,heating_tertiary,,0,20,0.0541055,-15.0
NL32,heating_tertiary,,0,20,0.0517255,-14.0
NL32,heating_tertiary,,0,20,0.0494308,-13.0
NL32,heating_tertiary,,0,20,0.0471835,-12.0
NL32,heating_tertiary,,0,20,0.0449931,-11.0
NL32,heating_tertiary,,0,20,0.0428596,-10.0
NL32,heating_tertiary,,0,20,0.0407735,-9.0
NL32,heating_tertiary,,0,20,0.0387348,-8.0
NL32,heating_tertiary,,0,20,0.0367531,-7.0
NL32,heating_tertiary,,0,20,0.0348092,-6.0
NL32,heating_tertiary,,0,20,0.0329222,-5.0
NL32,heating_tertiary,,0,20,0.0310732,-4.0
NL32,heating_tertiary,,0,20,0.0292621,-3.0
NL32,heating_tertiary,,0,20,0.0274984,-2.0
NL32,heating_tertiary,,0,20,0.0259244,-1.0
NL32,heating_tertiary,,0,20,0.0244262,0.0
NL32,heating_tertiary,,0,20,0.0228711,1.0
NL32,heating_tertiary,,0,20,0.0212117,2.0
NL32,heating_tertiary,,0,20,0.0195903,3.0
NL32,heating_tertiary,,0,20,0.0180731,4.0
NL32,heating_tertiary,,0,20,0.0166318,5.0
NL32,heating_tertiary,,0,20,0.0152853,6.0
NL32,heating_tertiary,,0,20,0.0139578,7.0
NL32,heating_tertiary,,0,20,0.0126967,8.0
NL32,heating_tertiary,,0,20,0.0112933,9.0
NL32,heating_tertiary,,0,20,0.00992788,10.0
NL32,heating_tertiary,,0,20,0.00859089,11.0
NL32,heating_tertiary,,0,20,0.00728234,12.0
NL32,heating_tertiary,,0,20,0.00594535,13.0
NL32,heating_tertiary,,0,20,0.00466525,14.0
NL32,heating_tertiary,,0,20,0.00295845,15.0
NL32,heating_tertiary,,0,20,0.00136544,16.0
NL32,heating_tertiary,,0,20,0.00136544,17.0
NL32,heating_tertiary,,0,21,0.060651,-15.0
NL32,heating_tertiary,,0,21,0.057983,-14.0
NL32,heating_tertiary,,0,21,0.0554107,-13.0
NL32,heating_tertiary,,0,21,0.0528915,-12.0
NL32,heating_tertiary,,0,21,0.0504362,-11.0
NL32,heating_tertiary,,0,21,0.0480446,-10.0
NL32,heating_tertiary,,0,21,0.0457061,-9.0
NL32,heating_tertiary,,0,21,0.0434208,-8.0
NL32,heating_tertiary,,0,21,0.0411993,-7.0
NL32,heating_tertiary,,0,21,0.0390203,-6.0
NL32,heating_tertiary,,0,21,0.036905,-5.0
NL32,heating_tertiary,,0,21,0.0348323,-4.0
NL32,heating_tertiary,,0,21,0.0328021,-3.0
NL32,heating_tertiary,,0,21,0.0308251,-2.0
NL32,heating_tertiary,,0,21,0.0290606,-1.0
NL32,heating_tertiary,,0,21,0.0273812,0.0
NL32,heating_tertiary,,0,21,0.0256379,1.0
NL32,heating_tertiary,,0,21,0.0237778,2.0
NL32,heating_tertiary,,0,21,0.0219602,3.0
NL32,heating_tertiary,,0,21,0.0202595,4.0
NL32,heating_tertiary,,0,21,0.0186438,5.0
NL32,heating_tertiary,,0,21,0.0171345,6.0
NL32,heating_tertiary,,0,21,0.0156464,7.0
NL32,heating_tertiary,,0,21,0.0142327,8.0
NL32,heating_tertiary,,0,21,0.0126595,9.0
NL32,heating_tertiary,,0,21,0.0111289,10.0
NL32,heating_tertiary,,0,21,0.00963017,11.0
NL32,heating_tertiary,,0,21,0.00816332,12.0
NL32,heating_tertiary,,0,21,0.00666459,13.0
NL32,heating_tertiary,,0,21,0.00522963,14.0
NL32,heating_tertiary,,0,21,0.00331635,15.0
NL32,heating_tertiary,,0,21,0.00153062,16.0
NL32,heating_tertiary,,0,21,0.00153062,17.0
NL32,heating_tertiary,,0,22,0.0704858,-15.0
NL32,heating_tertiary,,0,22,0.0673852,-14.0
NL32,heating_tertiary,,0,22,0.0643958,-13.0
NL32,heating_tertiary,,0,22,0.0614682,-12.0
NL32,heating_tertiary,,0,22,0.0586146,-11.0
NL32,heating_tertiary,,0,22,0.0558352,-10.0
NL32,heating_tertiary,,0,22,0.0531176,-9.0
NL32,heating_tertiary,,0,22,0.0504617,-8.0
NL32,heating_tertiary,,0,22,0.04788,-7.0
NL32,heating_tertiary,,0,22,0.0453476,-6.0
NL32,heating_tertiary,,0,22,0.0428894,-5.0
NL32,heating_tertiary,,0,22,0.0404805,-4.0
NL32,heating_tertiary,,0,22,0.0381211,-3.0
NL32,heating_tertiary,,0,22,0.0358235,-2.0
NL32,heating_tertiary,,0,22,0.0337729,-1.0
NL32,heating_tertiary,,0,22,0.0318211,0.0
NL32,heating_tertiary,,0,22,0.0297953,1.0
NL32,heating_tertiary,,0,22,0.0276335,2.0
NL32,heating_tertiary,,0,22,0.0255212,3.0
NL32,heating_tertiary,,0,22,0.0235447,4.0
NL32,heating_tertiary,,0,22,0.021667,5.0
NL32,heating_tertiary,,0,22,0.0199129,6.0
NL32,heating_tertiary,,0,22,0.0181835,7.0
NL32,heating_tertiary,,0,22,0.0165406,8.0
NL32,heating_tertiary,,0,22,0.0147123,9.0
NL32,heating_tertiary,,0,22,0.0129335,10.0
NL32,heating_tertiary,,0,22,0.0111918,11.0
NL32,heating_tertiary,,0,22,0.00948705,12.0
NL32,heating_tertiary,,0,22,0.00774529,13.0
NL32,heating_tertiary,,0,22,0.00607764,14.0
NL32,heating_tertiary,,0,22,0.00385411,15.0
NL32,heating_tertiary,,0,22,0.00177882,16.0
NL32,heating_tertiary,,0,22,0.00177882,17.0
NL32,heating_tertiary,,0,23,0.0822296,-15.0
NL32,heating_tertiary,,0,23,0.0786124,-14.0
NL32,heating_tertiary,,0,23,0.075125,-13.0
NL32,heating_tertiary,,0,23,0.0717095,-12.0
NL32,heating_tertiary,,0,23,0.0683806,-11.0
NL32,heating_tertiary,,0,23,0.0651381,-10.0
NL32,heating_tertiary,,0,23,0.0619676,-9.0
NL32,heating_tertiary,,0,23,0.0588693,-8.0
NL32,heating_tertiary,,0,23,0.0558573,-7.0
NL32,heating_tertiary,,0,23,0.0529031,-6.0
NL32,heating_tertiary,,0,23,0.0500353,-5.0
NL32,heating_tertiary,,0,23,0.0472251,-4.0
NL32,heating_tertiary,,0,23,0.0444726,-3.0
NL32,heating_tertiary,,0,23,0.0417921,-2.0
NL32,heating_tertiary,,0,23,0.0393999,-1.0
NL32,heating_tertiary,,0,23,0.0371229,0.0
NL32,heating_tertiary,,0,23,0.0347595,1.0
NL32,heating_tertiary,,0,23,0.0322376,2.0
NL32,heating_tertiary,,0,23,0.0297733,3.0
NL32,heating_tertiary,,0,23,0.0274675,4.0
NL32,heating_tertiary,,0,23,0.025277,5.0
NL32,heating_tertiary,,0,23,0.0232307,6.0
NL32,heating_tertiary,,0,23,0.0212131,7.0
NL32,heating_tertiary,,0,23,0.0192964,8.0
NL32,heating_tertiary,,0,23,0.0171636,9.0
NL32,heating_tertiary,,0,23,0.0150884,10.0
NL32,heating_tertiary,,0,23,0.0130564,11.0
NL32,heating_tertiary,,0,23,0.0110677,12.0
NL32,heating_tertiary,,0,23,0.00903575,13.0
NL32,heating_tertiary,,0,23,0.00709025,14.0
NL32,heating_tertiary,,0,23,0.00449626,15.0
NL32,heating_tertiary,,0,23,0.0020752,16.0
NL32,heating_tertiary,,0,23,0.0020752,17.0
NL32,heating_tertiary,,0,24,0.093482,-15.0
NL32,heating_tertiary,,0,24,0.0893698,-14.0
NL32,heating_tertiary,,0,24,0.0854051,-13.0
NL32,heating_tertiary,,0,24,0.0815223,-12.0
NL32,heating_tertiary,,0,24,0.0777378,-11.0
NL32,heating_tertiary,,0,24,0.0740516,-10.0
NL32,heating_tertiary,,0,24,0.0704473,-9.0
NL32,heating_tertiary,,0,24,0.066925,-8.0
NL32,heating_tertiary,,0,24,0.0635009,-7.0
NL32,heating_tertiary,,0,24,0.0601424,-6.0
NL32,heating_tertiary,,0,24,0.0568821,-5.0
NL32,heating_tertiary,,0,24,0.0536874,-4.0
NL32,heating_tertiary,,0,24,0.0505583,-3.0
NL32,heating_tertiary,,0,24,0.047511,-2.0
NL32,heating_tertiary,,0,24,0.0447914,-1.0
NL32,heating_tertiary,,0,24,0.0422029,0.0
NL32,heating_tertiary,,0,24,0.039516,1.0
NL32,heating_tertiary,,0,24,0.036649,2.0
NL32,heating_tertiary,,0,24,0.0338475,3.0
NL32,heating_tertiary,,0,24,0.0312262,4.0
NL32,heating_tertiary,,0,24,0.028736,5.0
NL32,heating_tertiary,,0,24,0.0264096,6.0
NL32,heating_tertiary,,0,24,0.0241159,7.0
NL32,heating_tertiary,,0,24,0.021937,8.0
NL32,heating_tertiary,,0,24,0.0195123,9.0
NL32,heating_tertiary,,0,24,0.0171531,10.0
NL32,heating_tertiary,,0,24,0.0148431,11.0
NL32,heating_tertiary,,0,24,0.0125822,12.0
NL32,heating_tertiary,,0,24,0.0102722,13.0
NL32,heating_tertiary,,0,24,0.00806049,14.0
NL32,heating_tertiary,,0,24,0.00511153,15.0
NL32,heating_tertiary,,0,24,0.00235917,16.0
NL32,heating_tertiary,,0,24,0.00235917,17.0
NL32,heating_tertiary,,1,1,0.107715,-15.0
NL32,heating_tertiary,,1,1,0.102977,-14.0
NL32,heating_tertiary,,1,1,0.0984086,-13.0
NL32,heating_tertiary,,1,1,0.0939347,-12.0
NL32,heating_tertiary,,1,1,0.089574,-11.0
NL32,heating_tertiary,,1,1,0.0853265,-10.0
NL32,heating_tertiary,,1,1,0.0811734,-9.0
NL32,heating_tertiary,,1,1,0.0771148,-8.0
NL32,heating_tertiary,,1,1,0.0731694,-7.0
NL32,heating_tertiary,,1,1,0.0692995,-6.0
NL32,heating_tertiary,,1,1,0.0655428,-5.0
NL32,heating_tertiary,,1,1,0.0618617,-4.0
NL32,heating_tertiary,,1,1,0.0582561,-3.0
NL32,heating_tertiary,,1,1,0.0547449,-2.0
NL32,heating_tertiary,,1,1,0.0516112,-1.0
NL32,heating_tertiary,,1,1,0.0486286,0.0
NL32,heating_tertiary,,1,1,0.0455326,1.0
NL32,heating_tertiary,,1,1,0.0422291,2.0
NL32,heating_tertiary,,1,1,0.039001,3.0
NL32,heating_tertiary,,1,1,0.0359806,4.0
NL32,heating_tertiary,,1,1,0.0331112,5.0
NL32,heating_tertiary,,1,1,0.0304306,6.0
NL32,heating_tertiary,,1,1,0.0277877,7.0
NL32,heating_tertiary,,1,1,0.025277,8.0
NL32,heating_tertiary,,1,1,0.0224832,9.0
NL32,heating_tertiary,,1,1,0.0197648,10.0
NL32,heating_tertiary,,1,1,0.0171031,11.0
NL32,heating_tertiary,,1,1,0.014498,12.0
NL32,heating_tertiary,,1,1,0.0118362,13.0
NL32,heating_tertiary,,1,1,0.00928775,14.0
NL32,heating_tertiary,,1,1,0.00588979,15.0
NL32,heating_tertiary,,1,1,0.00271837,16.0
NL32,heating_tertiary,,1,1,0.00271837,17.0
NL32,heating_tertiary,,1,2,0.113003,-15.0
NL32,heating_tertiary,,1,2,0.108032,-14.0
NL32,heating_tertiary,,1,2,0.103239,-13.0
NL32,heating_tertiary,,1,2,0.0985457,-12.0
NL32,heating_tertiary,,1,2,0.093971,-11.0
NL32,heating_tertiary,,1,2,0.089515,-10.0
NL32,heating_tertiary,,1,2,0.0851581,-9.0
NL32,heating_tertiary,,1,2,0.0809002,-8.0
NL32,heating_tertiary,,1,2,0.0767611,-7.0
NL32,heating_tertiary,,1,2,0.0727012,-6.0
NL32,heating_tertiary,,1,2,0.0687602,-5.0
NL32,heating_tertiary,,1,2,0.0648984,-4.0
NL32,heating_tertiary,,1,2,0.0611158,-3.0
NL32,heating_tertiary,,1,2,0.0574322,-2.0
NL32,heating_tertiary,,1,2,0.0541447,-1.0
NL32,heating_tertiary,,1,2,0.0510156,0.0
NL32,heating_tertiary,,1,2,0.0477677,1.0
NL32,heating_tertiary,,1,2,0.044302,2.0
NL32,heating_tertiary,,1,2,0.0409155,3.0
NL32,heating_tertiary,,1,2,0.0377468,4.0
NL32,heating_tertiary,,1,2,0.0347366,5.0
NL32,heating_tertiary,,1,2,0.0319244,6.0
NL32,heating_tertiary,,1,2,0.0291518,7.0
NL32,heating_tertiary,,1,2,0.0265178,8.0
NL32,heating_tertiary,,1,2,0.0235868,9.0
NL32,heating_tertiary,,1,2,0.020735,10.0
NL32,heating_tertiary,,1,2,0.0179426,11.0
NL32,heating_tertiary,,1,2,0.0152096,12.0
NL32,heating_tertiary,,1,2,0.0124172,13.0
NL32,heating_tertiary,,1,2,0.00974367,14.0
NL32,heating_tertiary,,1,2,0.00617891,15.0
NL32,heating_tertiary,,1,2,0.00285181,16.0
NL32,heating_tertiary,,1,2,0.00285181,17.0
NL32,heating_tertiary,,1,3,0.116154,-15.0
NL32,heating_tertiary,,1,3,0.111045,-14.0
NL32,heating_tertiary,,1,3,0.106118,-13.0
NL32,heating_tertiary,,1,3,0.101294,-12.0
NL32,heating_tertiary,,1,3,0.0965914,-11.0
NL32,heating_tertiary,,1,3,0.0920112,-10.0
NL32,heating_tertiary,,1,3,0.0875328,-9.0
NL32,heating_tertiary,,1,3,0.0831562,-8.0
NL32,heating_tertiary,,1,3,0.0789017,-7.0
NL32,heating_tertiary,,1,3,0.0747286,-6.0
NL32,heating_tertiary,,1,3,0.0706777,-5.0
NL32,heating_tertiary,,1,3,0.0667081,-4.0
NL32,heating_tertiary,,1,3,0.0628201,-3.0
NL32,heating_tertiary,,1,3,0.0590338,-2.0
NL32,heating_tertiary,,1,3,0.0556546,-1.0
NL32,heating_tertiary,,1,3,0.0524383,0.0
NL32,heating_tertiary,,1,3,0.0490998,1.0
NL32,heating_tertiary,,1,3,0.0455374,2.0
NL32,heating_tertiary,,1,3,0.0420565,3.0
NL32,heating_tertiary,,1,3,0.0387994,4.0
NL32,heating_tertiary,,1,3,0.0357052,5.0
NL32,heating_tertiary,,1,3,0.0328146,6.0
NL32,heating_tertiary,,1,3,0.0299647,7.0
NL32,heating_tertiary,,1,3,0.0272573,8.0
NL32,heating_tertiary,,1,3,0.0242446,9.0
NL32,heating_tertiary,,1,3,0.0213132,10.0
NL32,heating_tertiary,,1,3,0.018443,11.0
NL32,heating_tertiary,,1,3,0.0156338,12.0
NL32,heating_tertiary,,1,3,0.0127635,13.0
NL32,heating_tertiary,,1,3,0.0100154,14.0
NL32,heating_tertiary,,1,3,0.00635122,15.0
NL32,heating_tertiary,,1,3,0.00293133,16.0
NL32,heating_tertiary,,1,3,0.00293133,17.0
NL32,heating_tertiary,,1,4,0.118005,-15.0
NL32,heating_tertiary,,1,4,0.112814,-14.0
NL32,heating_tertiary,,1,4,0.107809,-13.0
NL32,heating_tertiary,,1,4,0.102908,-12.0
NL32,heating_tertiary,,1,4,0.0981307,-11.0
NL32,heating_tertiary,,1,4,0.0934775,-10.0
NL32,heating_tertiary,,1,4,0.0889277,-9.0
NL32,heating_tertiary,,1,4,0.0844813,-8.0
NL32,heating_tertiary,,1,4,0.080159,-7.0
NL32,heating_tertiary,,1,4,0.0759194,-6.0
NL32,heating_tertiary,,1,4,0.0718039,-5.0
NL32,heating_tertiary,,1,4,0.0677712,-4.0
NL32,heating_tertiary,,1,4,0.0638211,-3.0
NL32,heating_tertiary,,1,4,0.0599745,-2.0
NL32,heating_tertiary,,1,4,0.0565415,-1.0
NL32,heating_tertiary,,1,4,0.0532739,0.0
NL32,heating_tertiary,,1,4,0.0498822,1.0
NL32,heating_tertiary,,1,4,0.0462631,2.0
NL32,heating_tertiary,,1,4,0.0427267,3.0
NL32,heating_tertiary,,1,4,0.0394177,4.0
NL32,heating_tertiary,,1,4,0.0362742,5.0
NL32,heating_tertiary,,1,4,0.0333375,6.0
NL32,heating_tertiary,,1,4,0.0304422,7.0
NL32,heating_tertiary,,1,4,0.0276917,8.0
NL32,heating_tertiary,,1,4,0.0246309,9.0
NL32,heating_tertiary,,1,4,0.0216529,10.0
NL32,heating_tertiary,,1,4,0.0187369,11.0
NL32,heating_tertiary,,1,4,0.0158829,12.0
NL32,heating_tertiary,,1,4,0.0129669,13.0
NL32,heating_tertiary,,1,4,0.010175,14.0
NL32,heating_tertiary,,1,4,0.00645243,15.0
NL32,heating_tertiary,,1,4,0.00297804,16.0
NL32,heating_tertiary,,1,4,0.00297804,17.0
NL32,heating_tertiary,,1,5,0.116751,-15.0
NL32,heating_tertiary,,1,5,0.111615,-14.0
NL32,heating_tertiary,,1,5,0.106663,-13.0
NL32,heating_tertiary,,1,5,0.101814,-12.0
NL32,heating_tertiary,,1,5,0.0970876,-11.0
NL32,heating_tertiary,,1,5,0.0924839,-10.0
NL32,heating_tertiary,,1,5,0.0879825,-9.0
NL32,heating_tertiary,,1,5,0.0835833,-8.0
NL32,heating_tertiary,,1,5,0.079307,-7.0
NL32,heating_tertiary,,1,5,0.0751125,-6.0
NL32,heating_tertiary,,1,5,0.0710407,-5.0
NL32,heating_tertiary,,1,5,0.0670508,-4.0
NL32,heating_tertiary,,1,5,0.0631428,-3.0
NL32,heating_tertiary,,1,5,0.059337,-2.0
NL32,heating_tertiary,,1,5,0.0559405,-1.0
NL32,heating_tertiary,,1,5,0.0527076,0.0
NL32,heating_tertiary,,1,5,0.049352,1.0
NL32,heating_tertiary,,1,5,0.0457713,2.0
NL32,heating_tertiary,,1,5,0.0422725,3.0
NL32,heating_tertiary,,1,5,0.0389987,4.0
NL32,heating_tertiary,,1,5,0.0358887,5.0
NL32,heating_tertiary,,1,5,0.0329832,6.0
NL32,heating_tertiary,,1,5,0.0301187,7.0
NL32,heating_tertiary,,1,5,0.0273973,8.0
NL32,heating_tertiary,,1,5,0.0243691,9.0
NL32,heating_tertiary,,1,5,0.0214227,10.0
NL32,heating_tertiary,,1,5,0.0185377,11.0
NL32,heating_tertiary,,1,5,0.0157141,12.0
NL32,heating_tertiary,,1,5,0.0128291,13.0
NL32,heating_tertiary,,1,5,0.0100668,14.0
NL32,heating_tertiary,,1,5,0.00638385,15.0
NL32,heating_tertiary,,1,5,0.00294639,16.0
NL32,heating_tertiary,,1,5,0.00294639,17.0
NL32,heating_tertiary,,1,6,0.110855,-15.0
NL32,heating_tertiary,,1,6,0.105978,-14.0
NL32,heating_tertiary,,1,6,0.101277,-13.0
NL32,heating_tertiary,,1,6,0.0966724,-12.0
NL32,heating_tertiary,,1,6,0.0921846,-11.0
NL32,heating_tertiary,,1,6,0.0878134,-10.0
NL32,heating_tertiary,,1,6,0.0835393,-9.0
NL32,heating_tertiary,,1,6,0.0793623,-8.0
NL32,heating_tertiary,,1,6,0.0753019,-7.0
NL32,heating_tertiary,,1,6,0.0713192,-6.0
NL32,heating_tertiary,,1,6,0.0674531,-5.0
NL32,heating_tertiary,,1,6,0.0636647,-4.0
NL32,heating_tertiary,,1,6,0.059954,-3.0
NL32,heating_tertiary,,1,6,0.0563404,-2.0
NL32,heating_tertiary,,1,6,0.0531154,-1.0
NL32,heating_tertiary,,1,6,0.0500459,0.0
NL32,heating_tertiary,,1,6,0.0468597,1.0
NL32,heating_tertiary,,1,6,0.0434598,2.0
NL32,heating_tertiary,,1,6,0.0401377,3.0
NL32,heating_tertiary,,1,6,0.0370293,4.0
NL32,heating_tertiary,,1,6,0.0340763,5.0
NL32,heating_tertiary,,1,6,0.0313175,6.0
NL32,heating_tertiary,,1,6,0.0285976,7.0
NL32,heating_tertiary,,1,6,0.0260137,8.0
NL32,heating_tertiary,,1,6,0.0231384,9.0
NL32,heating_tertiary,,1,6,0.0203408,10.0
NL32,heating_tertiary,,1,6,0.0176015,11.0
NL32,heating_tertiary,,1,6,0.0149205,12.0
NL32,heating_tertiary,,1,6,0.0121812,13.0
NL32,heating_tertiary,,1,6,0.00955845,14.0
NL32,heating_tertiary,,1,6,0.00606145,15.0
NL32,heating_tertiary,,1,6,0.00279759,16.0
NL32,heating_tertiary,,1,6,0.00279759,17.0
NL32,heating_tertiary,,1,7,0.1009,-15.0
NL32,heating_tertiary,,1,7,0.0964613,-14.0
NL32,heating_tertiary,,1,7,0.092182,-13.0
NL32,heating_tertiary,,1,7,0.0879911,-12.0
NL32,heating_tertiary,,1,7,0.0839063,-11.0
NL32,heating_tertiary,,1,7,0.0799276,-10.0
NL32,heating_tertiary,,1,7,0.0760373,-9.0
NL32,heating_tertiary,,1,7,0.0722355,-8.0
NL32,heating_tertiary,,1,7,0.0685397,-7.0
NL32,heating_tertiary,,1,7,0.0649147,-6.0
NL32,heating_tertiary,,1,7,0.0613957,-5.0
NL32,heating_tertiary,,1,7,0.0579475,-4.0
NL32,heating_tertiary,,1,7,0.05457,-3.0
NL32,heating_tertiary,,1,7,0.051281,-2.0
NL32,heating_tertiary,,1,7,0.0483456,-1.0
NL32,heating_tertiary,,1,7,0.0455517,0.0
NL32,heating_tertiary,,1,7,0.0426516,1.0
NL32,heating_tertiary,,1,7,0.0395571,2.0
NL32,heating_tertiary,,1,7,0.0365333,3.0
NL32,heating_tertiary,,1,7,0.033704,4.0
NL32,heating_tertiary,,1,7,0.0310162,5.0
NL32,heating_tertiary,,1,7,0.0285052,6.0
NL32,heating_tertiary,,1,7,0.0260295,7.0
NL32,heating_tertiary,,1,7,0.0236777,8.0
NL32,heating_tertiary,,1,7,0.0210606,9.0
NL32,heating_tertiary,,1,7,0.0185142,10.0
NL32,heating_tertiary,,1,7,0.0160209,11.0
NL32,heating_tertiary,,1,7,0.0135806,12.0
NL32,heating_tertiary,,1,7,0.0110873,13.0
NL32,heating_tertiary,,1,7,0.00870008,14.0
NL32,heating_tertiary,,1,7,0.00551713,15.0
NL32,heating_tertiary,,1,7,0.00254637,16.0
NL32,heating_tertiary,,1,7,0.00254637,17.0
NL32,heating_tertiary,,1,8,0.0889313,-15.0
NL32,heating_tertiary,,1,8,0.0850193,-14.0
NL32,heating_tertiary,,1,8,0.0812476,-13.0
NL32,heating_tertiary,,1,8,0.0775538,-12.0
NL32,heating_tertiary,,1,8,0.0739536,-11.0
NL32,heating_tertiary,,1,8,0.0704468,-10.0
NL32,heating_tertiary,,1,8,0.067018,-9.0
NL32,heating_tertiary,,1,8,0.0636671,-8.0
NL32,heating_tertiary,,1,8,0.0604097,-7.0
NL32,heating_tertiary,,1,8,0.0572147,-6.0
NL32,heating_tertiary,,1,8,0.0541131,-5.0
NL32,heating_tertiary,,1,8,0.0510739,-4.0
NL32,heating_tertiary,,1,8,0.0480971,-3.0
NL32,heating_tertiary,,1,8,0.0451982,-2.0
NL32,heating_tertiary,,1,8,0.042611,-1.0
NL32,heating_tertiary,,1,8,0.0401484,0.0
NL32,heating_tertiary,,1,8,0.0375924,1.0
NL32,heating_tertiary,,1,8,0.0348649,2.0
NL32,heating_tertiary,,1,8,0.0321998,3.0
NL32,heating_tertiary,,1,8,0.0297061,4.0
NL32,heating_tertiary,,1,8,0.0273371,5.0
NL32,heating_tertiary,,1,8,0.0251239,6.0
NL32,heating_tertiary,,1,8,0.022942,7.0
NL32,heating_tertiary,,1,8,0.0208691,8.0
NL32,heating_tertiary,,1,8,0.0185624,9.0
NL32,heating_tertiary,,1,8,0.0163181,10.0
NL32,heating_tertiary,,1,8,0.0141205,11.0
NL32,heating_tertiary,,1,8,0.0119697,12.0
NL32,heating_tertiary,,1,8,0.00977216,13.0
NL32,heating_tertiary,,1,8,0.0076681,14.0
NL32,heating_tertiary,,1,8,0.0048627,15.0
NL32,heating_tertiary,,1,8,0.00224432,16.0
NL32,heating_tertiary,,1,8,0.00224432,17.0
NL32,heating_tertiary,,1,9,0.077235,-15.0
NL32,heating_tertiary,,1,9,0.0738376,-14.0
NL32,heating_tertiary,,1,9,0.0705619,-13.0
NL32,heating_tertiary,,1,9,0.0673539,-12.0
NL32,heating_tertiary,,1,9,0.0642272,-11.0
NL32,heating_tertiary,,1,9,0.0611816,-10.0
NL32,heating_tertiary,,1,9,0.0582038,-9.0
NL32,heating_tertiary,,1,9,0.0552936,-8.0
NL32,heating_tertiary,,1,9,0.0524646,-7.0
NL32,heating_tertiary,,1,9,0.0496898,-6.0
NL32,heating_tertiary,,1,9,0.0469962,-5.0
NL32,heating_tertiary,,1,9,0.0443567,-4.0
NL32,heating_tertiary,,1,9,0.0417714,-3.0
NL32,heating_tertiary,,1,9,0.0392537,-2.0
NL32,heating_tertiary,,1,9,0.0370068,-1.0
NL32,heating_tertiary,,1,9,0.0348681,0.0
NL32,heating_tertiary,,1,9,0.0326483,1.0
NL32,heating_tertiary,,1,9,0.0302795,2.0
NL32,heating_tertiary,,1,9,0.0279649,3.0
NL32,heating_tertiary,,1,9,0.0257992,4.0
NL32,heating_tertiary,,1,9,0.0237417,5.0
NL32,heating_tertiary,,1,9,0.0218196,6.0
NL32,heating_tertiary,,1,9,0.0199246,7.0
NL32,heating_tertiary,,1,9,0.0181244,8.0
NL32,heating_tertiary,,1,9,0.0161211,9.0
NL32,heating_tertiary,,1,9,0.0141719,10.0
NL32,heating_tertiary,,1,9,0.0122634,11.0
NL32,heating_tertiary,,1,9,0.0103955,12.0
NL32,heating_tertiary,,1,9,0.00848692,13.0
NL32,heating_tertiary,,1,9,0.00665959,14.0
NL32,heating_tertiary,,1,9,0.00422316,15.0
NL32,heating_tertiary,,1,9,0.00194915,16.0
NL32,heating_tertiary,,1,9,0.00194915,17.0
NL32,heating_tertiary,,1,10,0.0677562,-15.0
NL32,heating_tertiary,,1,10,0.0647757,-14.0
NL32,heating_tertiary,,1,10,0.061902,-13.0
NL32,heating_tertiary,,1,10,0.0590878,-12.0
NL32,heating_tertiary,,1,10,0.0563448,-11.0
NL32,heating_tertiary,,1,10,0.053673,-10.0
NL32,heating_tertiary,,1,10,0.0510606,-9.0
NL32,heating_tertiary,,1,10,0.0485076,-8.0
NL32,heating_tertiary,,1,10,0.0460258,-7.0
NL32,heating_tertiary,,1,10,0.0435915,-6.0
NL32,heating_tertiary,,1,10,0.0412285,-5.0
NL32,heating_tertiary,,1,10,0.0389129,-4.0
NL32,heating_tertiary,,1,10,0.0366449,-3.0
NL32,heating_tertiary,,1,10,0.0344362,-2.0
NL32,heating_tertiary,,1,10,0.032465,-1.0
NL32,heating_tertiary,,1,10,0.0305889,0.0
NL32,heating_tertiary,,1,10,0.0286414,1.0
NL32,heating_tertiary,,1,10,0.0265634,2.0
NL32,heating_tertiary,,1,10,0.0245328,3.0
NL32,heating_tertiary,,1,10,0.0226329,4.0
NL32,heating_tertiary,,1,10,0.020828,5.0
NL32,heating_tertiary,,1,10,0.0191418,6.0
NL32,heating_tertiary,,1,10,0.0174793,7.0
NL32,heating_tertiary,,1,10,0.0159,8.0
NL32,heating_tertiary,,1,10,0.0141426,9.0
NL32,heating_tertiary,,1,10,0.0124327,10.0
NL32,heating_tertiary,,1,10,0.0107583,11.0
NL32,heating_tertiary,,1,10,0.00911966,12.0
NL32,heating_tertiary,,1,10,0.00744535,13.0
NL32,heating_tertiary,,1,10,0.00584228,14.0
NL32,heating_tertiary,,1,10,0.00370486,15.0
NL32,heating_tertiary,,1,10,0.00170994,16.0
NL32,heating_tertiary,,1,10,0.00170994,17.0
NL32,heating_tertiary,,1,11,0.0609893,-15.0
NL32,heating_tertiary,,1,11,0.0583064,-14.0
NL32,heating_tertiary,,1,11,0.0557198,-13.0
NL32,heating_tertiary,,1,11,0.0531866,-12.0
NL32,heating_tertiary,,1,11,0.0507175,-11.0
NL32,heating_tertiary,,1,11,0.0483126,-10.0
NL32,heating_tertiary,,1,11,0.0459611,-9.0
NL32,heating_tertiary,,1,11,0.043663,-8.0
NL32,heating_tertiary,,1,11,0.0414291,-7.0
NL32,heating_tertiary,,1,11,0.0392379,-6.0
NL32,heating_tertiary,,1,11,0.0371109,-5.0
NL32,heating_tertiary,,1,11,0.0350266,-4.0
NL32,heating_tertiary,,1,11,0.0329851,-3.0
NL32,heating_tertiary,,1,11,0.030997,-2.0
NL32,heating_tertiary,,1,11,0.0292227,-1.0
NL32,heating_tertiary,,1,11,0.0275339,0.0
NL32,heating_tertiary,,1,11,0.025781,1.0
NL32,heating_tertiary,,1,11,0.0239104,2.0
NL32,heating_tertiary,,1,11,0.0220827,3.0
NL32,heating_tertiary,,1,11,0.0203725,4.0
NL32,heating_tertiary,,1,11,0.0187478,5.0
NL32,heating_tertiary,,1,11,0.0172301,6.0
NL32,heating_tertiary,,1,11,0.0157337,7.0
NL32,heating_tertiary,,1,11,0.0143121,8.0
NL32,heating_tertiary,,1,11,0.0127301,9.0
NL32,heating_tertiary,,1,11,0.011191,10.0
NL32,heating_tertiary,,1,11,0.00968389,11.0
NL32,heating_tertiary,,1,11,0.00820886,12.0
NL32,heating_tertiary,,1,11,0.00670177,13.0
NL32,heating_tertiary,,1,11,0.0052588,14.0
NL32,heating_tertiary,,1,11,0.00333485,15.0
NL32,heating_tertiary,,1,11,0.00153916,16.0
NL32,heating_tertiary,,1,11,0.00153916,17.0
NL32,heating_tertiary,,1,12,0.0560388,-15.0
NL32,heating_tertiary,,1,12,0.0535737,-14.0
NL32,heating_tertiary,,1,12,0.051197,-13.0
NL32,heating_tertiary,,1,12,0.0488694,-12.0
NL32,heating_tertiary,,1,12,0.0466008,-11.0
NL32,heating_tertiary,,1,12,0.044391,-10.0
NL32,heating_tertiary,,1,12,0.0422304,-9.0
NL32,heating_tertiary,,1,12,0.0401189,-8.0
NL32,heating_tertiary,,1,12,0.0380663,-7.0
NL32,heating_tertiary,,1,12,0.036053,-6.0
NL32,heating_tertiary,,1,12,0.0340986,-5.0
NL32,heating_tertiary,,1,12,0.0321835,-4.0
NL32,heating_tertiary,,1,12,0.0303077,-3.0
NL32,heating_tertiary,,1,12,0.028481,-2.0
NL32,heating_tertiary,,1,12,0.0268507,-1.0
NL32,heating_tertiary,,1,12,0.025299,0.0
NL32,heating_tertiary,,1,12,0.0236883,1.0
NL32,heating_tertiary,,1,12,0.0219696,2.0
NL32,heating_tertiary,,1,12,0.0202902,3.0
NL32,heating_tertiary,,1,12,0.0187189,4.0
NL32,heating_tertiary,,1,12,0.0172261,5.0
NL32,heating_tertiary,,1,12,0.0158315,6.0
NL32,heating_tertiary,,1,12,0.0144565,7.0
NL32,heating_tertiary,,1,12,0.0131504,8.0
NL32,heating_tertiary,,1,12,0.0116968,9.0
NL32,heating_tertiary,,1,12,0.0102826,10.0
NL32,heating_tertiary,,1,12,0.00889785,11.0
NL32,heating_tertiary,,1,12,0.00754255,12.0
NL32,heating_tertiary,,1,12,0.00615778,13.0
NL32,heating_tertiary,,1,12,0.00483194,14.0
NL32,heating_tertiary,,1,12,0.00306416,15.0
NL32,heating_tertiary,,1,12,0.00141423,16.0
NL32,heating_tertiary,,1,12,0.00141423,17.0
NL32,heating_tertiary,,1,13,0.0524633,-15.0
NL32,heating_tertiary,,1,13,0.0501555,-14.0
NL32,heating_tertiary,,1,13,0.0479304,-13.0
NL32,heating_tertiary,,1,13,0.0457514,-12.0
NL32,heating_tertiary,,1,13,0.0436274,-11.0
NL32,heating_tertiary,,1,13,0.0415587,-10.0
NL32,heating_tertiary,,1,13,0.0395359,-9.0
NL32,heating_tertiary,,1,13,0.0375591,-8.0
NL32,heating_tertiary,,1,13,0.0356375,-7.0
NL32,heating_tertiary,,1,13,0.0337527,-6.0
NL32,heating_tertiary,,1,13,0.031923,-5.0
NL32,heating_tertiary,,1,13,0.0301301,-4.0
NL32,heating_tertiary,,1,13,0.0283739,-3.0
NL32,heating_tertiary,,1,13,0.0266638,-2.0
NL32,heating_tertiary,,1,13,0.0251375,-1.0
NL32,heating_tertiary,,1,13,0.0236848,0.0
NL32,heating_tertiary,,1,13,0.0221769,1.0
NL32,heating_tertiary,,1,13,0.0205679,2.0
NL32,heating_tertiary,,1,13,0.0189956,3.0
NL32,heating_tertiary,,1,13,0.0175245,4.0
NL32,heating_tertiary,,1,13,0.016127,5.0
NL32,heating_tertiary,,1,13,0.0148214,6.0
NL32,heating_tertiary,,1,13,0.0135342,7.0
NL32,heating_tertiary,,1,13,0.0123113,8.0
NL32,heating_tertiary,,1,13,0.0109505,9.0
NL32,heating_tertiary,,1,13,0.00962654,10.0
NL32,heating_tertiary,,1,13,0.00833013,11.0
NL32,heating_tertiary,,1,13,0.0070613,12.0
NL32,heating_tertiary,,1,13,0.00576489,13.0
NL32,heating_tertiary,,1,13,0.00452365,14.0
NL32,heating_tertiary,,1,13,0.00286865,15.0
NL32,heating_tertiary,,1,13,0.00132399,16.0
NL32,heating_tertiary,,1,13,0.00132399,17.0
NL32,heating_tertiary,,1,14,0.0507816,-15.0
NL32,heating_tertiary,,1,14,0.0485478,-14.0
NL32,heating_tertiary,,1,14,0.0463941,-13.0
NL32,heating_tertiary,,1,14,0.0442848,-12.0
NL32,heating_tertiary,,1,14,0.042229,-11.0
NL32,heating_tertiary,,1,14,0.0402266,-10.0
NL32,heating_tertiary,,1,14,0.0382687,-9.0
NL32,heating_tertiary,,1,14,0.0363552,-8.0
NL32,heating_tertiary,,1,14,0.0344952,-7.0
NL32,heating_tertiary,,1,14,0.0326708,-6.0
NL32,heating_tertiary,,1,14,0.0308997,-5.0
NL32,heating_tertiary,,1,14,0.0291643,-4.0
NL32,heating_tertiary,,1,14,0.0274644,-3.0
NL32,heating_tertiary,,1,14,0.0258091,-2.0
NL32,heating_tertiary,,1,14,0.0243317,-1.0
NL32,heating_tertiary,,1,14,0.0229256,0.0
NL32,heating_tertiary,,1,14,0.021466,1.0
NL32,heating_tertiary,,1,14,0.0199086,2.0
NL32,heating_tertiary,,1,14,0.0183868,3.0
NL32,heating_tertiary,,1,14,0.0169628,4.0
NL32,heating_tertiary,,1,14,0.0156101,5.0
NL32,heating_tertiary,,1,14,0.0143463,6.0
NL32,heating_tertiary,,1,14,0.0131003,7.0
NL32,heating_tertiary,,1,14,0.0119167,8.0
NL32,heating_tertiary,,1,14,0.0105995,9.0
NL32,heating_tertiary,,1,14,0.00931797,10.0
NL32,heating_tertiary,,1,14,0.00806312,11.0
NL32,heating_tertiary,,1,14,0.00683496,12.0
NL32,heating_tertiary,,1,14,0.0055801,13.0
NL32,heating_tertiary,,1,14,0.00437865,14.0
NL32,heating_tertiary,,1,14,0.0027767,15.0
NL32,heating_tertiary,,1,14,0.00128156,16.0
NL32,heating_tertiary,,1,14,0.00128156,17.0
NL32,heating_tertiary,,1,15,0.0508968,-15.0
NL32,heating_tertiary,,1,15,0.0486579,-14.0
NL32,heating_tertiary,,1,15,0.0464993,-13.0
NL32,heating_tertiary,,1,15,0.0443853,-12.0
NL32,heating_tertiary,,1,15,0.0423248,-11.0
NL32,heating_tertiary,,1,15,0.0403178,-10.0
NL32,heating_tertiary,,1,15,0.0383554,-9.0
NL32,heating_tertiary,,1,15,0.0364377,-8.0
NL32,heating_tertiary,,1,15,0.0345734,-7.0
NL32,heating_tertiary,,1,15,0.0327448,-6.0
NL32,heating_tertiary,,1,15,0.0309698,-5.0
NL32,heating_tertiary,,1,15,0.0292304,-4.0
NL32,heating_tertiary,,1,15,0.0275267,-3.0
NL32,heating_tertiary,,1,15,0.0258676,-2.0
NL32,heating_tertiary,,1,15,0.0243869,-1.0
NL32,heating_tertiary,,1,15,0.0229776,0.0
NL32,heating_tertiary,,1,15,0.0215147,1.0
NL32,heating_tertiary,,1,15,0.0199537,2.0
NL32,heating_tertiary,,1,15,0.0184284,3.0
NL32,heating_tertiary,,1,15,0.0170013,4.0
NL32,heating_tertiary,,1,15,0.0156454,5.0
NL32,heating_tertiary,,1,15,0.0143788,6.0
NL32,heating_tertiary,,1,15,0.01313,7.0
NL32,heating_tertiary,,1,15,0.0119437,8.0
NL32,heating_tertiary,,1,15,0.0106236,9.0
NL32,heating_tertiary,,1,15,0.0093391,10.0
NL32,heating_tertiary,,1,15,0.0080814,11.0
NL32,heating_tertiary,,1,15,0.00685046,12.0
NL32,heating_tertiary,,1,15,0.00559276,13.0
NL32,heating_tertiary,,1,15,0.00438857,14.0
NL32,heating_tertiary,,1,15,0.002783,15.0
NL32,heating_tertiary,,1,15,0.00128446,16.0
NL32,heating_tertiary,,1,15,0.00128446,17.0
NL32,heating_tertiary,,1,16,0.0516214,-15.0
NL32,heating_tertiary,,1,16,0.0493506,-14.0
NL32,heating_tertiary,,1,16,0.0471613,-13.0
NL32,heating_tertiary,,1,16,0.0450172,-12.0
NL32,heating_tertiary,,1,16,0.0429273,-11.0
NL32,heating_tertiary,,1,16,0.0408918,-10.0
NL32,heating_tertiary,,1,16,0.0389015,-9.0
NL32,heating_tertiary,,1,16,0.0369564,-8.0
NL32,heating_tertiary,,1,16,0.0350656,-7.0
NL32,heating_tertiary,,1,16,0.033211,-6.0
NL32,heating_tertiary,,1,16,0.0314107,-5.0
NL32,heating_tertiary,,1,16,0.0296465,-4.0
NL32,heating_tertiary,,1,16,0.0279186,-3.0
NL32,heating_tertiary,,1,16,0.0262359,-2.0
NL32,heating_tertiary,,1,16,0.0247341,-1.0
NL32,heating_tertiary,,1,16,0.0233047,0.0
NL32,heating_tertiary,,1,16,0.021821,1.0
NL32,heating_tertiary,,1,16,0.0202378,2.0
NL32,heating_tertiary,,1,16,0.0186908,3.0
NL32,heating_tertiary,,1,16,0.0172433,4.0
NL32,heating_tertiary,,1,16,0.0158682,5.0
NL32,heating_tertiary,,1,16,0.0145835,6.0
NL32,heating_tertiary,,1,16,0.013317,7.0
NL32,heating_tertiary,,1,16,0.0121137,8.0
NL32,heating_tertiary,,1,16,0.0107748,9.0
NL32,heating_tertiary,,1,16,0.00947206,10.0
NL32,heating_tertiary,,1,16,0.00819645,11.0
NL32,heating_tertiary,,1,16,0.00694799,12.0
NL32,heating_tertiary,,1,16,0.00567238,13.0
NL32,heating_tertiary,,1,16,0.00445105,14.0
NL32,heating_tertiary,,1,16,0.00282262,15.0
NL32,heating_tertiary,,1,16,0.00130275,16.0
NL32,heating_tertiary,,1,16,0.00130275,17.0
NL32,heating_tertiary,,1,17,0.0518798,-15.0
NL32,heating_tertiary,,1,17,0.0495976,-14.0
NL32,heating_tertiary,,1,17,0.0473973,-13.0
NL32,heating_tertiary,,1,17,0.0452425,-12.0
NL32,heating_tertiary,,1,17,0.0431422,-11.0
NL32,heating_tertiary,,1,17,0.0410965,-10.0
NL32,heating_tertiary,,1,17,0.0390962,-9.0
NL32,heating_tertiary,,1,17,0.0371414,-8.0
NL32,heating_tertiary,,1,17,0.0352411,-7.0
NL32,heating_tertiary,,1,17,0.0333773,-6.0
NL32,heating_tertiary,,1,17,0.0315679,-5.0
NL32,heating_tertiary,,1,17,0.029795,-4.0
NL32,heating_tertiary,,1,17,0.0280584,-3.0
NL32,heating_tertiary,,1,17,0.0263672,-2.0
NL32,heating_tertiary,,1,17,0.0248579,-1.0
NL32,heating_tertiary,,1,17,0.0234214,0.0
NL32,heating_tertiary,,1,17,0.0219303,1.0
NL32,heating_tertiary,,1,17,0.0203391,2.0
NL32,heating_tertiary,,1,17,0.0187844,3.0
NL32,heating_tertiary,,1,17,0.0173296,4.0
NL32,heating_tertiary,,1,17,0.0159476,5.0
NL32,heating_tertiary,,1,17,0.0146565,6.0
NL32,heating_tertiary,,1,17,0.0133836,7.0
NL32,heating_tertiary,,1,17,0.0121744,8.0
NL32,heating_tertiary,,1,17,0.0108287,9.0
NL32,heating_tertiary,,1,17,0.00951947,10.0
NL32,heating_tertiary,,1,17,0.00823748,11.0
NL32,heating_tertiary,,1,17,0.00698277,12.0
NL32,heating_tertiary,,1,17,0.00570077,13.0
NL32,heating_tertiary,,1,17,0.00447334,14.0
NL32,heating_tertiary,,1,17,0.00283675,15.0
NL32,heating_tertiary,,1,17,0.00130927,16.0
NL32,heating_tertiary,,1,17,0.00130927,17.0
NL32,heating_tertiary,,1,18,0.0518103,-15.0
NL32,heating_tertiary,,1,18,0.0495313,-14.0
NL32,heating_tertiary,,1,18,0.0473339,-13.0
NL32,heating_tertiary,,1,18,0.045182,-12.0
NL32,heating_tertiary,,1,18,0.0430845,-11.0
NL32,heating_tertiary,,1,18,0.0410415,-10.0
NL32,heating_tertiary,,1,18,0.0390439,-9.0
NL32,heating_tertiary,,1,18,0.0370917,-8.0
NL32,heating_tertiary,,1,18,0.035194,-7.0
NL32,heating_tertiary,,1,18,0.0333326,-6.0
NL32,heating_tertiary,,1,18,0.0315257,-5.0
NL32,heating_tertiary,,1,18,0.0297551,-4.0
NL32,heating_tertiary,,1,18,0.0280208,-3.0
NL32,heating_tertiary,,1,18,0.0263319,-2.0
NL32,heating_tertiary,,1,18,0.0248247,-1.0
NL32,heating_tertiary,,1,18,0.02339,0.0
NL32,heating_tertiary,,1,18,0.0219009,1.0
NL32,heating_tertiary,,1,18,0.0203119,2.0
NL32,heating_tertiary,,1,18,0.0187592,3.0
NL32,heating_tertiary,,1,18,0.0173064,4.0
NL32,heating_tertiary,,1,18,0.0159263,5.0
NL32,heating_tertiary,,1,18,0.0146369,6.0
NL32,heating_tertiary,,1,18,0.0133657,7.0
NL32,heating_tertiary,,1,18,0.0121581,8.0
NL32,heating_tertiary,,1,18,0.0108143,9.0
NL32,heating_tertiary,,1,18,0.00950674,10.0
NL32,heating_tertiary,,1,18,0.00822646,11.0
NL32,heating_tertiary,,1,18,0.00697342,12.0
NL32,heating_tertiary,,1,18,0.00569315,13.0
NL32,heating_tertiary,,1,18,0.00446735,14.0
NL32,heating_tertiary,,1,18,0.00283295,15.0
NL32,heating_tertiary,,1,18,0.00130752,16.0
NL32,heating_tertiary,,1,18,0.00130752,17.0
NL32,heating_tertiary,,1,19,0.0523067,-15.0
NL32,heating_tertiary,,1,19,0.0500058,-14.0
NL32,heating_tertiary,,1,19,0.0477874,-13.0
NL32,heating_tertiary,,1,19,0.0456148,-12.0
NL32,heating_tertiary,,1,19,0.0434973,-11.0
NL32,heating_tertiary,,1,19,0.0414347,-10.0
NL32,heating_tertiary,,1,19,0.039418,-9.0
NL32,heating_tertiary,,1,19,0.0374471,-8.0
NL32,heating_tertiary,,1,19,0.0355312,-7.0
NL32,heating_tertiary,,1,19,0.0336519,-6.0
NL32,heating_tertiary,,1,19,0.0318277,-5.0
NL32,heating_tertiary,,1,19,0.0300402,-4.0
NL32,heating_tertiary,,1,19,0.0282893,-3.0
NL32,heating_tertiary,,1,19,0.0265842,-2.0
NL32,heating_tertiary,,1,19,0.0250625,-1.0
NL32,heating_tertiary,,1,19,0.0236141,0.0
NL32,heating_tertiary,,1,19,0.0221107,1.0
NL32,heating_tertiary,,1,19,0.0205065,2.0
NL32,heating_tertiary,,1,19,0.018939,3.0
NL32,heating_tertiary,,1,19,0.0174722,4.0
NL32,heating_tertiary,,1,19,0.0160789,5.0
NL32,heating_tertiary,,1,19,0.0147772,6.0
NL32,heating_tertiary,,1,19,0.0134938,7.0
NL32,heating_tertiary,,1,19,0.0122746,8.0
NL32,heating_tertiary,,1,19,0.0109179,9.0
NL32,heating_tertiary,,1,19,0.00959782,10.0
NL32,heating_tertiary,,1,19,0.00830527,11.0
NL32,heating_tertiary,,1,19,0.00704023,12.0
NL32,heating_tertiary,,1,19,0.00574769,13.0
NL32,heating_tertiary,,1,19,0.00451015,14.0
NL32,heating_tertiary,,1,19,0.00286009,15.0
NL32,heating_tertiary,,1,19,0.00132004,16.0
NL32,heating_tertiary,,1,19,0.00132004,17.0
NL32,heating_tertiary,,1,20,0.0550298,-15.0
NL32,heating_tertiary,,1,20,0.0526091,-14.0
NL32,heating_tertiary,,1,20,0.0502752,-13.0
NL32,heating_tertiary,,1,20,0.0479895,-12.0
NL32,heating_tertiary,,1,20,0.0457617,-11.0
NL32,heating_tertiary,,1,20,0.0435918,-10.0
NL32,heating_tertiary,,1,20,0.0414701,-9.0
NL32,heating_tertiary,,1,20,0.0393966,-8.0
NL32,heating_tertiary,,1,20,0.0373809,-7.0
NL32,heating_tertiary,,1,20,0.0354039,-6.0
NL32,heating_tertiary,,1,20,0.0334847,-5.0
NL32,heating_tertiary,,1,20,0.031604,-4.0
NL32,heating_tertiary,,1,20,0.029762,-3.0
NL32,heating_tertiary,,1,20,0.0279682,-2.0
NL32,heating_tertiary,,1,20,0.0263672,-1.0
NL32,heating_tertiary,,1,20,0.0248435,0.0
NL32,heating_tertiary,,1,20,0.0232618,1.0
NL32,heating_tertiary,,1,20,0.0215741,2.0
NL32,heating_tertiary,,1,20,0.0199249,3.0
NL32,heating_tertiary,,1,20,0.0183818,4.0
NL32,heating_tertiary,,1,20,0.0169159,5.0
NL32,heating_tertiary,,1,20,0.0155465,6.0
NL32,heating_tertiary,,1,20,0.0141963,7.0
NL32,heating_tertiary,,1,20,0.0129136,8.0
NL32,heating_tertiary,,1,20,0.0114862,9.0
NL32,heating_tertiary,,1,20,0.0100975,10.0
NL32,heating_tertiary,,1,20,0.00873765,11.0
NL32,heating_tertiary,,1,20,0.00740675,12.0
NL32,heating_tertiary,,1,20,0.00604691,13.0
NL32,heating_tertiary,,1,20,0.00474495,14.0
NL32,heating_tertiary,,1,20,0.00300899,15.0
NL32,heating_tertiary,,1,20,0.00138877,16.0
NL32,heating_tertiary,,1,20,0.00138877,17.0
NL32,heating_tertiary,,1,21,0.0618198,-15.0
NL32,heating_tertiary,,1,21,0.0591004,-14.0
NL32,heating_tertiary,,1,21,0.0564785,-13.0
NL32,heating_tertiary,,1,21,0.0539108,-12.0
NL32,heating_tertiary,,1,21,0.0514081,-11.0
NL32,heating_tertiary,,1,21,0.0489704,-10.0
NL32,heating_tertiary,,1,21,0.0465869,-9.0
NL32,heating_tertiary,,1,21,0.0442576,-8.0
NL32,heating_tertiary,,1,21,0.0419932,-7.0
NL32,heating_tertiary,,1,21,0.0397722,-6.0
NL32,heating_tertiary,,1,21,0.0376162,-5.0
NL32,heating_tertiary,,1,21,0.0355036,-4.0
NL32,heating_tertiary,,1,21,0.0334342,-3.0
NL32,heating_tertiary,,1,21,0.0314191,-2.0
NL32,heating_tertiary,,1,21,0.0296206,-1.0
NL32,heating_tertiary,,1,21,0.0279088,0.0
NL32,heating_tertiary,,1,21,0.026132,1.0
NL32,heating_tertiary,,1,21,0.024236,2.0
NL32,heating_tertiary,,1,21,0.0223834,3.0
NL32,heating_tertiary,,1,21,0.0206499,4.0
NL32,heating_tertiary,,1,21,0.0190031,5.0
NL32,heating_tertiary,,1,21,0.0174647,6.0
NL32,heating_tertiary,,1,21,0.0159479,7.0
NL32,heating_tertiary,,1,21,0.0145069,8.0
NL32,heating_tertiary,,1,21,0.0129035,9.0
NL32,heating_tertiary,,1,21,0.0113434,10.0
NL32,heating_tertiary,,1,21,0.00981575,11.0
NL32,heating_tertiary,,1,21,0.00832064,12.0
NL32,heating_tertiary,,1,21,0.00679302,13.0
NL32,heating_tertiary,,1,21,0.00533041,14.0
NL32,heating_tertiary,,1,21,0.00338026,15.0
NL32,heating_tertiary,,1,21,0.00156012,16.0
NL32,heating_tertiary,,1,21,0.00156012,17.0
NL32,heating_tertiary,,1,22,0.0726642,-15.0
NL32,heating_tertiary,,1,22,0.0694678,-14.0
NL32,heating_tertiary,,1,22,0.066386,-13.0
NL32,heating_tertiary,,1,22,0.0633679,-12.0
NL32,heating_tertiary,,1,22,0.0604262,-11.0
NL32,heating_tertiary,,1,22,0.0575609,-10.0
NL32,heating_tertiary,,1,22,0.0547592,-9.0
NL32,heating_tertiary,,1,22,0.0520213,-8.0
NL32,heating_tertiary,,1,22,0.0493597,-7.0
NL32,heating_tertiary,,1,22,0.0467491,-6.0
NL32,heating_tertiary,,1,22,0.0442149,-5.0
NL32,heating_tertiary,,1,22,0.0417316,-4.0
NL32,heating_tertiary,,1,22,0.0392993,-3.0
NL32,heating_tertiary,,1,22,0.0369306,-2.0
NL32,heating_tertiary,,1,22,0.0348167,-1.0
NL32,heating_tertiary,,1,22,0.0328046,0.0
NL32,heating_tertiary,,1,22,0.0307161,1.0
NL32,heating_tertiary,,1,22,0.0284875,2.0
NL32,heating_tertiary,,1,22,0.0263099,3.0
NL32,heating_tertiary,,1,22,0.0242723,4.0
NL32,heating_tertiary,,1,22,0.0223367,5.0
NL32,heating_tertiary,,1,22,0.0205283,6.0
NL32,heating_tertiary,,1,22,0.0187455,7.0
NL32,heating_tertiary,,1,22,0.0170518,8.0
NL32,heating_tertiary,,1,22,0.015167,9.0
NL32,heating_tertiary,,1,22,0.0133332,10.0
NL32,heating_tertiary,,1,22,0.0115376,11.0
NL32,heating_tertiary,,1,22,0.00978025,12.0
NL32,heating_tertiary,,1,22,0.00798466,13.0
NL32,heating_tertiary,,1,22,0.00626547,14.0
NL32,heating_tertiary,,1,22,0.00397323,15.0
NL32,heating_tertiary,,1,22,0.0018338,16.0
NL32,heating_tertiary,,1,22,0.0018338,17.0
NL32,heating_tertiary,,1,23,0.086122,-15.0
NL32,heating_tertiary,,1,23,0.0823336,-14.0
NL32,heating_tertiary,,1,23,0.0786811,-13.0
NL32,heating_tertiary,,1,23,0.075104,-12.0
NL32,heating_tertiary,,1,23,0.0716174,-11.0
NL32,heating_tertiary,,1,23,0.0682214,-10.0
NL32,heating_tertiary,,1,23,0.0649009,-9.0
NL32,heating_tertiary,,1,23,0.0616559,-8.0
NL32,heating_tertiary,,1,23,0.0585014,-7.0
NL32,heating_tertiary,,1,23,0.0554073,-6.0
NL32,heating_tertiary,,1,23,0.0524037,-5.0
NL32,heating_tertiary,,1,23,0.0494605,-4.0
NL32,heating_tertiary,,1,23,0.0465777,-3.0
NL32,heating_tertiary,,1,23,0.0437704,-2.0
NL32,heating_tertiary,,1,23,0.0412649,-1.0
NL32,heating_tertiary,,1,23,0.0388802,0.0
NL32,heating_tertiary,,1,23,0.0364049,1.0
NL32,heating_tertiary,,1,23,0.0337636,2.0
NL32,heating_tertiary,,1,23,0.0311826,3.0
NL32,heating_tertiary,,1,23,0.0287677,4.0
NL32,heating_tertiary,,1,23,0.0264735,5.0
NL32,heating_tertiary,,1,23,0.0243303,6.0
NL32,heating_tertiary,,1,23,0.0222172,7.0
NL32,heating_tertiary,,1,23,0.0202098,8.0
NL32,heating_tertiary,,1,23,0.017976,9.0
NL32,heating_tertiary,,1,23,0.0158026,10.0
NL32,heating_tertiary,,1,23,0.0136745,11.0
NL32,heating_tertiary,,1,23,0.0115916,12.0
NL32,heating_tertiary,,1,23,0.00946346,13.0
NL32,heating_tertiary,,1,23,0.00742587,14.0
NL32,heating_tertiary,,1,23,0.00470909,15.0
NL32,heating_tertiary,,1,23,0.00217343,16.0
NL32,heating_tertiary,,1,23,0.00217343,17.0
NL32,heating_tertiary,,1,24,0.0984799,-15.0
NL32,heating_tertiary,,1,24,0.0941479,-14.0
NL32,heating_tertiary,,1,24,0.0899712,-13.0
NL32,heating_tertiary,,1,24,0.0858808,-12.0
NL32,heating_tertiary,,1,24,0.081894,-11.0
NL32,heating_tertiary,,1,24,0.0780107,-10.0
NL32,heating_tertiary,,1,24,0.0742138,-9.0
NL32,heating_tertiary,,1,24,0.0705031,-8.0
NL32,heating_tertiary,,1,24,0.0668959,-7.0
NL32,heating_tertiary,,1,24,0.0633578,-6.0
NL32,heating_tertiary,,1,24,0.0599233,-5.0
NL32,heating_tertiary,,1,24,0.0565578,-4.0
NL32,heating_tertiary,,1,24,0.0532613,-3.0
NL32,heating_tertiary,,1,24,0.0500511,-2.0
NL32,heating_tertiary,,1,24,0.0471861,-1.0
NL32,heating_tertiary,,1,24,0.0444592,0.0
NL32,heating_tertiary,,1,24,0.0416287,1.0
NL32,heating_tertiary,,1,24,0.0386084,2.0
NL32,heating_tertiary,,1,24,0.0356571,3.0
NL32,heating_tertiary,,1,24,0.0328957,4.0
NL32,heating_tertiary,,1,24,0.0302723,5.0
NL32,heating_tertiary,,1,24,0.0278215,6.0
NL32,heating_tertiary,,1,24,0.0254053,7.0
NL32,heating_tertiary,,1,24,0.0231098,8.0
NL32,heating_tertiary,,1,24,0.0205555,9.0
NL32,heating_tertiary,,1,24,0.0180702,10.0
NL32,heating_tertiary,,1,24,0.0156367,11.0
NL32,heating_tertiary,,1,24,0.0132549,12.0
NL32,heating_tertiary,,1,24,0.0108214,13.0
NL32,heating_tertiary,,1,24,0.00849143,14.0
NL32,heating_tertiary,,1,24,0.00538481,15.0
NL32,heating_tertiary,,1,24,0.0024853,16.0
NL32,heating_tertiary,,1,24,0.0024853,17.0
NL32,heating_tertiary,,2,1,0.109342,-15.0
NL32,heating_tertiary,,2,1,0.104532,-14.0
NL32,heating_tertiary,,2,1,0.0998951,-13.0
NL32,heating_tertiary,,2,1,0.0953535,-12.0
NL32,heating_tertiary,,2,1,0.0909269,-11.0
NL32,heating_tertiary,,2,1,0.0866153,-10.0
NL32,heating_tertiary,,2,1,0.0823995,-9.0
NL32,heating_tertiary,,2,1,0.0782796,-8.0
NL32,heating_tertiary,,2,1,0.0742746,-7.0
NL32,heating_tertiary,,2,1,0.0703462,-6.0
NL32,heating_tertiary,,2,1,0.0665328,-5.0
NL32,heating_tertiary,,2,1,0.0627961,-4.0
NL32,heating_tertiary,,2,1,0.059136,-3.0
NL32,heating_tertiary,,2,1,0.0555718,-2.0
NL32,heating_tertiary,,2,1,0.0523908,-1.0
NL32,heating_tertiary,,2,1,0.0493631,0.0
NL32,heating_tertiary,,2,1,0.0462204,1.0
NL32,heating_tertiary,,2,1,0.0428669,2.0
NL32,heating_tertiary,,2,1,0.0395901,3.0
NL32,heating_tertiary,,2,1,0.0365241,4.0
NL32,heating_tertiary,,2,1,0.0336113,5.0
NL32,heating_tertiary,,2,1,0.0308902,6.0
NL32,heating_tertiary,,2,1,0.0282075,7.0
NL32,heating_tertiary,,2,1,0.0256588,8.0
NL32,heating_tertiary,,2,1,0.0228228,9.0
NL32,heating_tertiary,,2,1,0.0200633,10.0
NL32,heating_tertiary,,2,1,0.0173614,11.0
NL32,heating_tertiary,,2,1,0.0147169,12.0
NL32,heating_tertiary,,2,1,0.012015,13.0
NL32,heating_tertiary,,2,1,0.00942804,14.0
NL32,heating_tertiary,,2,1,0.00597876,15.0
NL32,heating_tertiary,,2,1,0.00275943,16.0
NL32,heating_tertiary,,2,1,0.00275943,17.0
NL32,heating_tertiary,,2,2,0.116257,-15.0
NL32,heating_tertiary,,2,2,0.111143,-14.0
NL32,heating_tertiary,,2,2,0.106213,-13.0
NL32,heating_tertiary,,2,2,0.101384,-12.0
NL32,heating_tertiary,,2,2,0.0966773,-11.0
NL32,heating_tertiary,,2,2,0.092093,-10.0
NL32,heating_tertiary,,2,2,0.0876106,-9.0
NL32,heating_tertiary,,2,2,0.08323,-8.0
NL32,heating_tertiary,,2,2,0.0789718,-7.0
NL32,heating_tertiary,,2,2,0.074795,-6.0
NL32,heating_tertiary,,2,2,0.0707404,-5.0
NL32,heating_tertiary,,2,2,0.0667674,-4.0
NL32,heating_tertiary,,2,2,0.0628759,-3.0
NL32,heating_tertiary,,2,2,0.0590862,-2.0
NL32,heating_tertiary,,2,2,0.055704,-1.0
NL32,heating_tertiary,,2,2,0.0524848,0.0
NL32,heating_tertiary,,2,2,0.0491434,1.0
NL32,heating_tertiary,,2,2,0.0455779,2.0
NL32,heating_tertiary,,2,2,0.0420938,3.0
NL32,heating_tertiary,,2,2,0.0388339,4.0
NL32,heating_tertiary,,2,2,0.035737,5.0
NL32,heating_tertiary,,2,2,0.0328438,6.0
NL32,heating_tertiary,,2,2,0.0299913,7.0
NL32,heating_tertiary,,2,2,0.0272815,8.0
NL32,heating_tertiary,,2,2,0.0242661,9.0
NL32,heating_tertiary,,2,2,0.0213322,10.0
NL32,heating_tertiary,,2,2,0.0184593,11.0
NL32,heating_tertiary,,2,2,0.0156477,12.0
NL32,heating_tertiary,,2,2,0.0127748,13.0
NL32,heating_tertiary,,2,2,0.0100243,14.0
NL32,heating_tertiary,,2,2,0.00635686,15.0
NL32,heating_tertiary,,2,2,0.00293394,16.0
NL32,heating_tertiary,,2,2,0.00293394,17.0
NL32,heating_tertiary,,2,3,0.11937,-15.0
NL32,heating_tertiary,,2,3,0.114119,-14.0
NL32,heating_tertiary,,2,3,0.109057,-13.0
NL32,heating_tertiary,,2,3,0.104099,-12.0
NL32,heating_tertiary,,2,3,0.0992661,-11.0
NL32,heating_tertiary,,2,3,0.0945591,-10.0
NL32,heating_tertiary,,2,3,0.0899567,-9.0
NL32,heating_tertiary,,2,3,0.0854588,-8.0
NL32,heating_tertiary,,2,3,0.0810865,-7.0
NL32,heating_tertiary,,2,3,0.0767979,-6.0
NL32,heating_tertiary,,2,3,0.0726348,-5.0
NL32,heating_tertiary,,2,3,0.0685554,-4.0
NL32,heating_tertiary,,2,3,0.0645596,-3.0
NL32,heating_tertiary,,2,3,0.0606685,-2.0
NL32,heating_tertiary,,2,3,0.0571957,-1.0
NL32,heating_tertiary,,2,3,0.0538903,0.0
NL32,heating_tertiary,,2,3,0.0504594,1.0
NL32,heating_tertiary,,2,3,0.0467984,2.0
NL32,heating_tertiary,,2,3,0.043221,3.0
NL32,heating_tertiary,,2,3,0.0398738,4.0
NL32,heating_tertiary,,2,3,0.036694,5.0
NL32,heating_tertiary,,2,3,0.0337233,6.0
NL32,heating_tertiary,,2,3,0.0307945,7.0
NL32,heating_tertiary,,2,3,0.0280121,8.0
NL32,heating_tertiary,,2,3,0.0249159,9.0
NL32,heating_tertiary,,2,3,0.0219034,10.0
NL32,heating_tertiary,,2,3,0.0189537,11.0
NL32,heating_tertiary,,2,3,0.0160667,12.0
NL32,heating_tertiary,,2,3,0.0131169,13.0
NL32,heating_tertiary,,2,3,0.0102927,14.0
NL32,heating_tertiary,,2,3,0.00652709,15.0
NL32,heating_tertiary,,2,3,0.0030125,16.0
NL32,heating_tertiary,,2,3,0.0030125,17.0
NL32,heating_tertiary,,2,4,0.120637,-15.0
NL32,heating_tertiary,,2,4,0.115331,-14.0
NL32,heating_tertiary,,2,4,0.110214,-13.0
NL32,heating_tertiary,,2,4,0.105204,-12.0
NL32,heating_tertiary,,2,4,0.10032,-11.0
NL32,heating_tertiary,,2,4,0.0955627,-10.0
NL32,heating_tertiary,,2,4,0.0909114,-9.0
NL32,heating_tertiary,,2,4,0.0863659,-8.0
NL32,heating_tertiary,,2,4,0.0819472,-7.0
NL32,heating_tertiary,,2,4,0.077613,-6.0
NL32,heating_tertiary,,2,4,0.0734057,-5.0
NL32,heating_tertiary,,2,4,0.069283,-4.0
NL32,heating_tertiary,,2,4,0.0652448,-3.0
NL32,heating_tertiary,,2,4,0.0613124,-2.0
NL32,heating_tertiary,,2,4,0.0578028,-1.0
NL32,heating_tertiary,,2,4,0.0544623,0.0
NL32,heating_tertiary,,2,4,0.050995,1.0
NL32,heating_tertiary,,2,4,0.0472951,2.0
NL32,heating_tertiary,,2,4,0.0436798,3.0
NL32,heating_tertiary,,2,4,0.040297,4.0
NL32,heating_tertiary,,2,4,0.0370834,5.0
NL32,heating_tertiary,,2,4,0.0340812,6.0
NL32,heating_tertiary,,2,4,0.0311213,7.0
NL32,heating_tertiary,,2,4,0.0283094,8.0
NL32,heating_tertiary,,2,4,0.0251804,9.0
NL32,heating_tertiary,,2,4,0.0221359,10.0
NL32,heating_tertiary,,2,4,0.0191548,11.0
NL32,heating_tertiary,,2,4,0.0162372,12.0
NL32,heating_tertiary,,2,4,0.0132562,13.0
NL32,heating_tertiary,,2,4,0.010402,14.0
NL32,heating_tertiary,,2,4,0.00659637,15.0
NL32,heating_tertiary,,2,4,0.00304448,16.0
NL32,heating_tertiary,,2,4,0.00304448,17.0
NL32,heating_tertiary,,2,5,0.118848,-15.0
NL32,heating_tertiary,,2,5,0.11362,-14.0
NL32,heating_tertiary,,2,5,0.108579,-13.0
NL32,heating_tertiary,,2,5,0.103643,-12.0
NL32,heating_tertiary,,2,5,0.0988314,-11.0
NL32,heating_tertiary,,2,5,0.094145,-10.0
NL32,heating_tertiary,,2,5,0.0895627,-9.0
NL32,heating_tertiary,,2,5,0.0850845,-8.0
NL32,heating_tertiary,,2,5,0.0807314,-7.0
NL32,heating_tertiary,,2,5,0.0764615,-6.0
NL32,heating_tertiary,,2,5,0.0723167,-5.0
NL32,heating_tertiary,,2,5,0.0682551,-4.0
NL32,heating_tertiary,,2,5,0.0642768,-3.0
NL32,heating_tertiary,,2,5,0.0604027,-2.0
NL32,heating_tertiary,,2,5,0.0569452,-1.0
NL32,heating_tertiary,,2,5,0.0536543,0.0
NL32,heating_tertiary,,2,5,0.0502384,1.0
NL32,heating_tertiary,,2,5,0.0465934,2.0
NL32,heating_tertiary,,2,5,0.0430317,3.0
NL32,heating_tertiary,,2,5,0.0396992,4.0
NL32,heating_tertiary,,2,5,0.0365332,5.0
NL32,heating_tertiary,,2,5,0.0335756,6.0
NL32,heating_tertiary,,2,5,0.0306596,7.0
NL32,heating_tertiary,,2,5,0.0278894,8.0
NL32,heating_tertiary,,2,5,0.0248068,9.0
NL32,heating_tertiary,,2,5,0.0218075,10.0
NL32,heating_tertiary,,2,5,0.0188706,11.0
NL32,heating_tertiary,,2,5,0.0159963,12.0
NL32,heating_tertiary,,2,5,0.0130595,13.0
NL32,heating_tertiary,,2,5,0.0102476,14.0
NL32,heating_tertiary,,2,5,0.0064985,15.0
NL32,heating_tertiary,,2,5,0.00299931,16.0
NL32,heating_tertiary,,2,5,0.00299931,17.0
NL32,heating_tertiary,,2,6,0.112856,-15.0
NL32,heating_tertiary,,2,6,0.107892,-14.0
NL32,heating_tertiary,,2,6,0.103105,-13.0
NL32,heating_tertiary,,2,6,0.0984178,-12.0
NL32,heating_tertiary,,2,6,0.0938489,-11.0
NL32,heating_tertiary,,2,6,0.0893988,-10.0
NL32,heating_tertiary,,2,6,0.0850475,-9.0
NL32,heating_tertiary,,2,6,0.0807951,-8.0
NL32,heating_tertiary,,2,6,0.0766614,-7.0
NL32,heating_tertiary,,2,6,0.0726068,-6.0
NL32,heating_tertiary,,2,6,0.0686709,-5.0
NL32,heating_tertiary,,2,6,0.0648141,-4.0
NL32,heating_tertiary,,2,6,0.0610364,-3.0
NL32,heating_tertiary,,2,6,0.0573576,-2.0
NL32,heating_tertiary,,2,6,0.0540744,-1.0
NL32,heating_tertiary,,2,6,0.0509494,0.0
NL32,heating_tertiary,,2,6,0.0477057,1.0
NL32,heating_tertiary,,2,6,0.0442445,2.0
NL32,heating_tertiary,,2,6,0.0408624,3.0
NL32,heating_tertiary,,2,6,0.0376978,4.0
NL32,heating_tertiary,,2,6,0.0346915,5.0
NL32,heating_tertiary,,2,6,0.0318829,6.0
NL32,heating_tertiary,,2,6,0.0291139,7.0
NL32,heating_tertiary,,2,6,0.0264834,8.0
NL32,heating_tertiary,,2,6,0.0235562,9.0
NL32,heating_tertiary,,2,6,0.0207081,10.0
NL32,heating_tertiary,,2,6,0.0179193,11.0
NL32,heating_tertiary,,2,6,0.0151899,12.0
NL32,heating_tertiary,,2,6,0.0124011,13.0
NL32,heating_tertiary,,2,6,0.00973102,14.0
NL32,heating_tertiary,,2,6,0.00617089,15.0
NL32,heating_tertiary,,2,6,0.0028481,16.0
NL32,heating_tertiary,,2,6,0.0028481,17.0
NL32,heating_tertiary,,2,7,0.10299,-15.0
NL32,heating_tertiary,,2,7,0.09846,-14.0
NL32,heating_tertiary,,2,7,0.0940921,-13.0
NL32,heating_tertiary,,2,7,0.0898143,-12.0
NL32,heating_tertiary,,2,7,0.0856449,-11.0
NL32,heating_tertiary,,2,7,0.0815838,-10.0
NL32,heating_tertiary,,2,7,0.0776129,-9.0
NL32,heating_tertiary,,2,7,0.0737322,-8.0
NL32,heating_tertiary,,2,7,0.0699599,-7.0
NL32,heating_tertiary,,2,7,0.0662597,-6.0
NL32,heating_tertiary,,2,7,0.0626679,-5.0
NL32,heating_tertiary,,2,7,0.0591482,-4.0
NL32,heating_tertiary,,2,7,0.0557008,-3.0
NL32,heating_tertiary,,2,7,0.0523436,-2.0
NL32,heating_tertiary,,2,7,0.0493473,-1.0
NL32,heating_tertiary,,2,7,0.0464955,0.0
NL32,heating_tertiary,,2,7,0.0435354,1.0
NL32,heating_tertiary,,2,7,0.0403767,2.0
NL32,heating_tertiary,,2,7,0.0372903,3.0
NL32,heating_tertiary,,2,7,0.0344024,4.0
NL32,heating_tertiary,,2,7,0.0316588,5.0
NL32,heating_tertiary,,2,7,0.0290958,6.0
NL32,heating_tertiary,,2,7,0.0265689,7.0
NL32,heating_tertiary,,2,7,0.0241683,8.0
NL32,heating_tertiary,,2,7,0.021497,9.0
NL32,heating_tertiary,,2,7,0.0188978,10.0
NL32,heating_tertiary,,2,7,0.0163528,11.0
NL32,heating_tertiary,,2,7,0.013862,12.0
NL32,heating_tertiary,,2,7,0.011317,13.0
NL32,heating_tertiary,,2,7,0.00888036,14.0
NL32,heating_tertiary,,2,7,0.00563144,15.0
NL32,heating_tertiary,,2,7,0.00259913,16.0
NL32,heating_tertiary,,2,7,0.00259913,17.0
NL32,heating_tertiary,,2,8,0.0910668,-15.0
NL32,heating_tertiary,,2,8,0.0870609,-14.0
NL32,heating_tertiary,,2,8,0.0831986,-13.0
NL32,heating_tertiary,,2,8,0.0794161,-12.0
NL32,heating_tertiary,,2,8,0.0757294,-11.0
NL32,heating_tertiary,,2,8,0.0721384,-10.0
NL32,heating_tertiary,,2,8,0.0686273,-9.0
NL32,heating_tertiary,,2,8,0.0651959,-8.0
NL32,heating_tertiary,,2,8,0.0618603,-7.0
NL32,heating_tertiary,,2,8,0.0585885,-6.0
NL32,heating_tertiary,,2,8,0.0554125,-5.0
NL32,heating_tertiary,,2,8,0.0523004,-4.0
NL32,heating_tertiary,,2,8,0.049252,-3.0
NL32,heating_tertiary,,2,8,0.0462835,-2.0
NL32,heating_tertiary,,2,8,0.0436342,-1.0
NL32,heating_tertiary,,2,8,0.0411125,0.0
NL32,heating_tertiary,,2,8,0.0384951,1.0
NL32,heating_tertiary,,2,8,0.0357021,2.0
NL32,heating_tertiary,,2,8,0.032973,3.0
NL32,heating_tertiary,,2,8,0.0304194,4.0
NL32,heating_tertiary,,2,8,0.0279935,5.0
NL32,heating_tertiary,,2,8,0.0257272,6.0
NL32,heating_tertiary,,2,8,0.0234929,7.0
NL32,heating_tertiary,,2,8,0.0213702,8.0
NL32,heating_tertiary,,2,8,0.0190082,9.0
NL32,heating_tertiary,,2,8,0.0167099,10.0
NL32,heating_tertiary,,2,8,0.0144596,11.0
NL32,heating_tertiary,,2,8,0.0122572,12.0
NL32,heating_tertiary,,2,8,0.0100068,13.0
NL32,heating_tertiary,,2,8,0.00785224,14.0
NL32,heating_tertiary,,2,8,0.00497947,15.0
NL32,heating_tertiary,,2,8,0.00229822,16.0
NL32,heating_tertiary,,2,8,0.00229822,17.0
NL32,heating_tertiary,,2,9,0.0796783,-15.0
NL32,heating_tertiary,,2,9,0.0761734,-14.0
NL32,heating_tertiary,,2,9,0.0727941,-13.0
NL32,heating_tertiary,,2,9,0.0694847,-12.0
NL32,heating_tertiary,,2,9,0.066259,-11.0
NL32,heating_tertiary,,2,9,0.0631171,-10.0
NL32,heating_tertiary,,2,9,0.060045,-9.0
NL32,heating_tertiary,,2,9,0.0570428,-8.0
NL32,heating_tertiary,,2,9,0.0541243,-7.0
NL32,heating_tertiary,,2,9,0.0512617,-6.0
NL32,heating_tertiary,,2,9,0.0484829,-5.0
NL32,heating_tertiary,,2,9,0.0457599,-4.0
NL32,heating_tertiary,,2,9,0.0430928,-3.0
NL32,heating_tertiary,,2,9,0.0404955,-2.0
NL32,heating_tertiary,,2,9,0.0381775,-1.0
NL32,heating_tertiary,,2,9,0.0359712,0.0
NL32,heating_tertiary,,2,9,0.0336811,1.0
NL32,heating_tertiary,,2,9,0.0312374,2.0
NL32,heating_tertiary,,2,9,0.0288495,3.0
NL32,heating_tertiary,,2,9,0.0266153,4.0
NL32,heating_tertiary,,2,9,0.0244928,5.0
NL32,heating_tertiary,,2,9,0.0225099,6.0
NL32,heating_tertiary,,2,9,0.0205549,7.0
NL32,heating_tertiary,,2,9,0.0186977,8.0
NL32,heating_tertiary,,2,9,0.0166311,9.0
NL32,heating_tertiary,,2,9,0.0146203,10.0
NL32,heating_tertiary,,2,9,0.0126513,11.0
NL32,heating_tertiary,,2,9,0.0107243,12.0
NL32,heating_tertiary,,2,9,0.0087554,13.0
NL32,heating_tertiary,,2,9,0.00687027,14.0
NL32,heating_tertiary,,2,9,0.00435675,15.0
NL32,heating_tertiary,,2,9,0.00201081,16.0
NL32,heating_tertiary,,2,9,0.00201081,17.0
NL32,heating_tertiary,,2,10,0.0707865,-15.0
NL32,heating_tertiary,,2,10,0.0676727,-14.0
NL32,heating_tertiary,,2,10,0.0646705,-13.0
NL32,heating_tertiary,,2,10,0.0617304,-12.0
NL32,heating_tertiary,,2,10,0.0588647,-11.0
NL32,heating_tertiary,,2,10,0.0560734,-10.0
NL32,heating_tertiary,,2,10,0.0533442,-9.0
NL32,heating_tertiary,,2,10,0.050677,-8.0
NL32,heating_tertiary,,2,10,0.0480842,-7.0
NL32,heating_tertiary,,2,10,0.045541,-6.0
NL32,heating_tertiary,,2,10,0.0430723,-5.0
NL32,heating_tertiary,,2,10,0.0406532,-4.0
NL32,heating_tertiary,,2,10,0.0382838,-3.0
NL32,heating_tertiary,,2,10,0.0359763,-2.0
NL32,heating_tertiary,,2,10,0.033917,-1.0
NL32,heating_tertiary,,2,10,0.0319569,0.0
NL32,heating_tertiary,,2,10,0.0299224,1.0
NL32,heating_tertiary,,2,10,0.0277514,2.0
NL32,heating_tertiary,,2,10,0.02563,3.0
NL32,heating_tertiary,,2,10,0.0236451,4.0
NL32,heating_tertiary,,2,10,0.0217595,5.0
NL32,heating_tertiary,,2,10,0.0199979,6.0
NL32,heating_tertiary,,2,10,0.0182611,7.0
NL32,heating_tertiary,,2,10,0.0166111,8.0
NL32,heating_tertiary,,2,10,0.0147751,9.0
NL32,heating_tertiary,,2,10,0.0129887,10.0
NL32,heating_tertiary,,2,10,0.0112395,11.0
NL32,heating_tertiary,,2,10,0.00952752,12.0
NL32,heating_tertiary,,2,10,0.00777833,13.0
NL32,heating_tertiary,,2,10,0.00610357,14.0
NL32,heating_tertiary,,2,10,0.00387055,15.0
NL32,heating_tertiary,,2,10,0.00178641,16.0
NL32,heating_tertiary,,2,10,0.00178641,17.0
NL32,heating_tertiary,,2,11,0.0646964,-15.0
NL32,heating_tertiary,,2,11,0.0618505,-14.0
NL32,heating_tertiary,,2,11,0.0591066,-13.0
NL32,heating_tertiary,,2,11,0.0564194,-12.0
NL32,heating_tertiary,,2,11,0.0538003,-11.0
NL32,heating_tertiary,,2,11,0.0512492,-10.0
NL32,heating_tertiary,,2,11,0.0487547,-9.0
NL32,heating_tertiary,,2,11,0.046317,-8.0
NL32,heating_tertiary,,2,11,0.0439473,-7.0
NL32,heating_tertiary,,2,11,0.0416229,-6.0
NL32,heating_tertiary,,2,11,0.0393666,-5.0
NL32,heating_tertiary,,2,11,0.0371556,-4.0
NL32,heating_tertiary,,2,11,0.03499,-3.0
NL32,heating_tertiary,,2,11,0.0328811,-2.0
NL32,heating_tertiary,,2,11,0.0309989,-1.0
NL32,heating_tertiary,,2,11,0.0292075,0.0
NL32,heating_tertiary,,2,11,0.027348,1.0
NL32,heating_tertiary,,2,11,0.0253638,2.0
NL32,heating_tertiary,,2,11,0.0234249,3.0
NL32,heating_tertiary,,2,11,0.0216108,4.0
NL32,heating_tertiary,,2,11,0.0198874,5.0
NL32,heating_tertiary,,2,11,0.0182774,6.0
NL32,heating_tertiary,,2,11,0.01669,7.0
NL32,heating_tertiary,,2,11,0.015182,8.0
NL32,heating_tertiary,,2,11,0.0135039,9.0
NL32,heating_tertiary,,2,11,0.0118712,10.0
NL32,heating_tertiary,,2,11,0.0102725,11.0
NL32,heating_tertiary,,2,11,0.00870782,12.0
NL32,heating_tertiary,,2,11,0.00710912,13.0
NL32,heating_tertiary,,2,11,0.00557845,14.0
NL32,heating_tertiary,,2,11,0.00353755,15.0
NL32,heating_tertiary,,2,11,0.00163272,16.0
NL32,heating_tertiary,,2,11,0.00163272,17.0
NL32,heating_tertiary,,2,12,0.0600435,-15.0
NL32,heating_tertiary,,2,12,0.0574023,-14.0
NL32,heating_tertiary,,2,12,0.0548558,-13.0
NL32,heating_tertiary,,2,12,0.0523618,-12.0
NL32,heating_tertiary,,2,12,0.049931,-11.0
NL32,heating_tertiary,,2,12,0.0475634,-10.0
NL32,heating_tertiary,,2,12,0.0452484,-9.0
NL32,heating_tertiary,,2,12,0.0429859,-8.0
NL32,heating_tertiary,,2,12,0.0407867,-7.0
NL32,heating_tertiary,,2,12,0.0386295,-6.0
NL32,heating_tertiary,,2,12,0.0365354,-5.0
NL32,heating_tertiary,,2,12,0.0344835,-4.0
NL32,heating_tertiary,,2,12,0.0324736,-3.0
NL32,heating_tertiary,,2,12,0.0305163,-2.0
NL32,heating_tertiary,,2,12,0.0287695,-1.0
NL32,heating_tertiary,,2,12,0.0271069,0.0
NL32,heating_tertiary,,2,12,0.0253812,1.0
NL32,heating_tertiary,,2,12,0.0235397,2.0
NL32,heating_tertiary,,2,12,0.0217403,3.0
NL32,heating_tertiary,,2,12,0.0200566,4.0
NL32,heating_tertiary,,2,12,0.0184571,5.0
NL32,heating_tertiary,,2,12,0.0169629,6.0
NL32,heating_tertiary,,2,12,0.0154897,7.0
NL32,heating_tertiary,,2,12,0.0140901,8.0
NL32,heating_tertiary,,2,12,0.0125327,9.0
NL32,heating_tertiary,,2,12,0.0110175,10.0
NL32,heating_tertiary,,2,12,0.00953372,11.0
NL32,heating_tertiary,,2,12,0.00808157,12.0
NL32,heating_tertiary,,2,12,0.00659784,13.0
NL32,heating_tertiary,,2,12,0.00517725,14.0
NL32,heating_tertiary,,2,12,0.00328314,15.0
NL32,heating_tertiary,,2,12,0.00151529,16.0
NL32,heating_tertiary,,2,12,0.00151529,17.0
NL32,heating_tertiary,,2,13,0.0563571,-15.0
NL32,heating_tertiary,,2,13,0.053878,-14.0
NL32,heating_tertiary,,2,13,0.0514878,-13.0
NL32,heating_tertiary,,2,13,0.049147,-12.0
NL32,heating_tertiary,,2,13,0.0468655,-11.0
NL32,heating_tertiary,,2,13,0.0446432,-10.0
NL32,heating_tertiary,,2,13,0.0424703,-9.0
NL32,heating_tertiary,,2,13,0.0403468,-8.0
NL32,heating_tertiary,,2,13,0.0382825,-7.0
NL32,heating_tertiary,,2,13,0.0362578,-6.0
NL32,heating_tertiary,,2,13,0.0342923,-5.0
NL32,heating_tertiary,,2,13,0.0323663,-4.0
NL32,heating_tertiary,,2,13,0.0304798,-3.0
NL32,heating_tertiary,,2,13,0.0286427,-2.0
NL32,heating_tertiary,,2,13,0.0270032,-1.0
NL32,heating_tertiary,,2,13,0.0254427,0.0
NL32,heating_tertiary,,2,13,0.0238229,1.0
NL32,heating_tertiary,,2,13,0.0220944,2.0
NL32,heating_tertiary,,2,13,0.0204055,3.0
NL32,heating_tertiary,,2,13,0.0188252,4.0
NL32,heating_tertiary,,2,13,0.0173239,5.0
NL32,heating_tertiary,,2,13,0.0159214,6.0
NL32,heating_tertiary,,2,13,0.0145387,7.0
NL32,heating_tertiary,,2,13,0.013225,8.0
NL32,heating_tertiary,,2,13,0.0117633,9.0
NL32,heating_tertiary,,2,13,0.010341,10.0
NL32,heating_tertiary,,2,13,0.00894839,11.0
NL32,heating_tertiary,,2,13,0.00758539,12.0
NL32,heating_tertiary,,2,13,0.00619276,13.0
NL32,heating_tertiary,,2,13,0.00485939,14.0
NL32,heating_tertiary,,2,13,0.00308157,15.0
NL32,heating_tertiary,,2,13,0.00142226,16.0
NL32,heating_tertiary,,2,13,0.00142226,17.0
NL32,heating_tertiary,,2,14,0.0543011,-15.0
NL32,heating_tertiary,,2,14,0.0519124,-14.0
NL32,heating_tertiary,,2,14,0.0496094,-13.0
NL32,heating_tertiary,,2,14,0.047354,-12.0
NL32,heating_tertiary,,2,14,0.0451557,-11.0
NL32,heating_tertiary,,2,14,0.0430145,-10.0
NL32,heating_tertiary,,2,14,0.0409209,-9.0
NL32,heating_tertiary,,2,14,0.0388748,-8.0
NL32,heating_tertiary,,2,14,0.0368859,-7.0
NL32,heating_tertiary,,2,14,0.034935,-6.0
NL32,heating_tertiary,,2,14,0.0330412,-5.0
NL32,heating_tertiary,,2,14,0.0311855,-4.0
NL32,heating_tertiary,,2,14,0.0293679,-3.0
NL32,heating_tertiary,,2,14,0.0275978,-2.0
NL32,heating_tertiary,,2,14,0.0260181,-1.0
NL32,heating_tertiary,,2,14,0.0245145,0.0
NL32,heating_tertiary,,2,14,0.0229538,1.0
NL32,heating_tertiary,,2,14,0.0212884,2.0
NL32,heating_tertiary,,2,14,0.0196611,3.0
NL32,heating_tertiary,,2,14,0.0181384,4.0
NL32,heating_tertiary,,2,14,0.0166919,5.0
NL32,heating_tertiary,,2,14,0.0153406,6.0
NL32,heating_tertiary,,2,14,0.0140083,7.0
NL32,heating_tertiary,,2,14,0.0127426,8.0
NL32,heating_tertiary,,2,14,0.0113341,9.0
NL32,heating_tertiary,,2,14,0.00996376,10.0
NL32,heating_tertiary,,2,14,0.00862193,11.0
NL32,heating_tertiary,,2,14,0.00730866,12.0
NL32,heating_tertiary,,2,14,0.00596684,13.0
NL32,heating_tertiary,,2,14,0.00468211,14.0
NL32,heating_tertiary,,2,14,0.00296914,15.0
NL32,heating_tertiary,,2,14,0.00137037,16.0
NL32,heating_tertiary,,2,14,0.00137037,17.0
NL32,heating_tertiary,,2,15,0.0533592,-15.0
NL32,heating_tertiary,,2,15,0.051012,-14.0
NL32,heating_tertiary,,2,15,0.048749,-13.0
NL32,heating_tertiary,,2,15,0.0465327,-12.0
NL32,heating_tertiary,,2,15,0.0443725,-11.0
NL32,heating_tertiary,,2,15,0.0422684,-10.0
NL32,heating_tertiary,,2,15,0.0402111,-9.0
NL32,heating_tertiary,,2,15,0.0382006,-8.0
NL32,heating_tertiary,,2,15,0.0362461,-7.0
NL32,heating_tertiary,,2,15,0.0343291,-6.0
NL32,heating_tertiary,,2,15,0.0324681,-5.0
NL32,heating_tertiary,,2,15,0.0306446,-4.0
NL32,heating_tertiary,,2,15,0.0288585,-3.0
NL32,heating_tertiary,,2,15,0.0271191,-2.0
NL32,heating_tertiary,,2,15,0.0255668,-1.0
NL32,heating_tertiary,,2,15,0.0240893,0.0
NL32,heating_tertiary,,2,15,0.0225556,1.0
NL32,heating_tertiary,,2,15,0.0209191,2.0
NL32,heating_tertiary,,2,15,0.01932,3.0
NL32,heating_tertiary,,2,15,0.0178238,4.0
NL32,heating_tertiary,,2,15,0.0164024,5.0
NL32,heating_tertiary,,2,15,0.0150745,6.0
NL32,heating_tertiary,,2,15,0.0137653,7.0
NL32,heating_tertiary,,2,15,0.0125216,8.0
NL32,heating_tertiary,,2,15,0.0111375,9.0
NL32,heating_tertiary,,2,15,0.00979094,10.0
NL32,heating_tertiary,,2,15,0.00847239,11.0
NL32,heating_tertiary,,2,15,0.00718189,12.0
NL32,heating_tertiary,,2,15,0.00586334,13.0
NL32,heating_tertiary,,2,15,0.0046009,14.0
NL32,heating_tertiary,,2,15,0.00291764,15.0
NL32,heating_tertiary,,2,15,0.00134661,16.0
NL32,heating_tertiary,,2,15,0.00134661,17.0
NL32,heating_tertiary,,2,16,0.0529833,-15.0
NL32,heating_tertiary,,2,16,0.0506527,-14.0
NL32,heating_tertiary,,2,16,0.0484056,-13.0
NL32,heating_tertiary,,2,16,0.0462049,-12.0
NL32,heating_tertiary,,2,16,0.0440599,-11.0
NL32,heating_tertiary,,2,16,0.0419707,-10.0
NL32,heating_tertiary,,2,16,0.0399279,-9.0
NL32,heating_tertiary,,2,16,0.0379315,-8.0
NL32,heating_tertiary,,2,16,0.0359908,-7.0
NL32,heating_tertiary,,2,16,0.0340872,-6.0
NL32,heating_tertiary,,2,16,0.0322394,-5.0
NL32,heating_tertiary,,2,16,0.0304287,-4.0
NL32,heating_tertiary,,2,16,0.0286552,-3.0
NL32,heating_tertiary,,2,16,0.0269281,-2.0
NL32,heating_tertiary,,2,16,0.0253867,-1.0
NL32,heating_tertiary,,2,16,0.0239196,0.0
NL32,heating_tertiary,,2,16,0.0223967,1.0
NL32,heating_tertiary,,2,16,0.0207718,2.0
NL32,heating_tertiary,,2,16,0.0191839,3.0
NL32,heating_tertiary,,2,16,0.0176983,4.0
NL32,heating_tertiary,,2,16,0.0162869,5.0
NL32,heating_tertiary,,2,16,0.0149683,6.0
NL32,heating_tertiary,,2,16,0.0136683,7.0
NL32,heating_tertiary,,2,16,0.0124333,8.0
NL32,heating_tertiary,,2,16,0.0110591,9.0
NL32,heating_tertiary,,2,16,0.00972197,10.0
NL32,heating_tertiary,,2,16,0.00841271,11.0
NL32,heating_tertiary,,2,16,0.0071313,12.0
NL32,heating_tertiary,,2,16,0.00582204,13.0
NL32,heating_tertiary,,2,16,0.00456849,14.0
NL32,heating_tertiary,,2,16,0.00289709,15.0
NL32,heating_tertiary,,2,16,0.00133712,16.0
NL32,heating_tertiary,,2,16,0.00133712,17.0
NL32,heating_tertiary,,2,17,0.0522891,-15.0
NL32,heating_tertiary,,2,17,0.049989,-14.0
NL32,heating_tertiary,,2,17,0.0477713,-13.0
NL32,heating_tertiary,,2,17,0.0455995,-12.0
NL32,heating_tertiary,,2,17,0.0434826,-11.0
NL32,heating_tertiary,,2,17,0.0414208,-10.0
NL32,heating_tertiary,,2,17,0.0394047,-9.0
NL32,heating_tertiary,,2,17,0.0374345,-8.0
NL32,heating_tertiary,,2,17,0.0355192,-7.0
NL32,heating_tertiary,,2,17,0.0336406,-6.0
NL32,heating_tertiary,,2,17,0.031817,-5.0
NL32,heating_tertiary,,2,17,0.0300301,-4.0
NL32,heating_tertiary,,2,17,0.0282798,-3.0
NL32,heating_tertiary,,2,17,0.0265753,-2.0
NL32,heating_tertiary,,2,17,0.0250541,-1.0
NL32,heating_tertiary,,2,17,0.0236062,0.0
NL32,heating_tertiary,,2,17,0.0221033,1.0
NL32,heating_tertiary,,2,17,0.0204996,2.0
NL32,heating_tertiary,,2,17,0.0189326,3.0
NL32,heating_tertiary,,2,17,0.0174664,4.0
NL32,heating_tertiary,,2,17,0.0160735,5.0
NL32,heating_tertiary,,2,17,0.0147722,6.0
NL32,heating_tertiary,,2,17,0.0134892,7.0
NL32,heating_tertiary,,2,17,0.0122704,8.0
NL32,heating_tertiary,,2,17,0.0109142,9.0
NL32,heating_tertiary,,2,17,0.00959459,10.0
NL32,heating_tertiary,,2,17,0.00830248,11.0
NL32,heating_tertiary,,2,17,0.00703787,12.0
NL32,heating_tertiary,,2,17,0.00574576,13.0
NL32,heating_tertiary,,2,17,0.00450863,14.0
NL32,heating_tertiary,,2,17,0.00285913,15.0
NL32,heating_tertiary,,2,17,0.0013196,16.0
NL32,heating_tertiary,,2,17,0.0013196,17.0
NL32,heating_tertiary,,2,18,0.0519832,-15.0
NL32,heating_tertiary,,2,18,0.0496966,-14.0
NL32,heating_tertiary,,2,18,0.0474919,-13.0
NL32,heating_tertiary,,2,18,0.0453327,-12.0
NL32,heating_tertiary,,2,18,0.0432283,-11.0
NL32,heating_tertiary,,2,18,0.0411785,-10.0
NL32,heating_tertiary,,2,18,0.0391742,-9.0
NL32,heating_tertiary,,2,18,0.0372155,-8.0
NL32,heating_tertiary,,2,18,0.0353114,-7.0
NL32,heating_tertiary,,2,18,0.0334438,-6.0
NL32,heating_tertiary,,2,18,0.0316309,-5.0
NL32,heating_tertiary,,2,18,0.0298544,-4.0
NL32,heating_tertiary,,2,18,0.0281143,-3.0
NL32,heating_tertiary,,2,18,0.0264198,-2.0
NL32,heating_tertiary,,2,18,0.0249075,-1.0
NL32,heating_tertiary,,2,18,0.0234681,0.0
NL32,heating_tertiary,,2,18,0.021974,1.0
NL32,heating_tertiary,,2,18,0.0203797,2.0
NL32,heating_tertiary,,2,18,0.0188218,3.0
NL32,heating_tertiary,,2,18,0.0173642,4.0
NL32,heating_tertiary,,2,18,0.0159794,5.0
NL32,heating_tertiary,,2,18,0.0146858,6.0
NL32,heating_tertiary,,2,18,0.0134103,7.0
NL32,heating_tertiary,,2,18,0.0121987,8.0
NL32,heating_tertiary,,2,18,0.0108503,9.0
NL32,heating_tertiary,,2,18,0.00953846,10.0
NL32,heating_tertiary,,2,18,0.00825391,11.0
NL32,heating_tertiary,,2,18,0.00699669,12.0
NL32,heating_tertiary,,2,18,0.00571215,13.0
NL32,heating_tertiary,,2,18,0.00448226,14.0
NL32,heating_tertiary,,2,18,0.00284241,15.0
NL32,heating_tertiary,,2,18,0.00131188,16.0
NL32,heating_tertiary,,2,18,0.00131188,17.0
NL32,heating_tertiary,,2,19,0.0527384,-15.0
NL32,heating_tertiary,,2,19,0.0504185,-14.0
NL32,heating_tertiary,,2,19,0.0481818,-13.0
NL32,heating_tertiary,,2,19,0.0459913,-12.0
NL32,heating_tertiary,,2,19,0.0438563,-11.0
NL32,heating_tertiary,,2,19,0.0417767,-10.0
NL32,heating_tertiary,,2,19,0.0397433,-9.0
NL32,heating_tertiary,,2,19,0.0377561,-8.0
NL32,heating_tertiary,,2,19,0.0358244,-7.0
NL32,heating_tertiary,,2,19,0.0339297,-6.0
NL32,heating_tertiary,,2,19,0.0320904,-5.0
NL32,heating_tertiary,,2,19,0.0302881,-4.0
NL32,heating_tertiary,,2,19,0.0285228,-3.0
NL32,heating_tertiary,,2,19,0.0268036,-2.0
NL32,heating_tertiary,,2,19,0.0252693,-1.0
NL32,heating_tertiary,,2,19,0.023809,0.0
NL32,heating_tertiary,,2,19,0.0222932,1.0
NL32,heating_tertiary,,2,19,0.0206758,2.0
NL32,heating_tertiary,,2,19,0.0190953,3.0
NL32,heating_tertiary,,2,19,0.0176165,4.0
NL32,heating_tertiary,,2,19,0.0162116,5.0
NL32,heating_tertiary,,2,19,0.0148991,6.0
NL32,heating_tertiary,,2,19,0.0136052,7.0
NL32,heating_tertiary,,2,19,0.0123759,8.0
NL32,heating_tertiary,,2,19,0.011008,9.0
NL32,heating_tertiary,,2,19,0.00967703,10.0
NL32,heating_tertiary,,2,19,0.00837382,11.0
NL32,heating_tertiary,,2,19,0.00709834,12.0
NL32,heating_tertiary,,2,19,0.00579513,13.0
NL32,heating_tertiary,,2,19,0.00454737,14.0
NL32,heating_tertiary,,2,19,0.0028837,15.0
NL32,heating_tertiary,,2,19,0.00133094,16.0
NL32,heating_tertiary,,2,19,0.00133094,17.0
NL32,heating_tertiary,,2,20,0.0557773,-15.0
NL32,heating_tertiary,,2,20,0.0533237,-14.0
NL32,heating_tertiary,,2,20,0.0509581,-13.0
NL32,heating_tertiary,,2,20,0.0486414,-12.0
NL32,heating_tertiary,,2,20,0.0463833,-11.0
NL32,heating_tertiary,,2,20,0.0441839,-10.0
NL32,heating_tertiary,,2,20,0.0420334,-9.0
NL32,heating_tertiary,,2,20,0.0399317,-8.0
NL32,heating_tertiary,,2,20,0.0378887,-7.0
NL32,heating_tertiary,,2,20,0.0358848,-6.0
NL32,heating_tertiary,,2,20,0.0339395,-5.0
NL32,heating_tertiary,,2,20,0.0320333,-4.0
NL32,heating_tertiary,,2,20,0.0301663,-3.0
NL32,heating_tertiary,,2,20,0.0283481,-2.0
NL32,heating_tertiary,,2,20,0.0267254,-1.0
NL32,heating_tertiary,,2,20,0.0251809,0.0
NL32,heating_tertiary,,2,20,0.0235778,1.0
NL32,heating_tertiary,,2,20,0.0218671,2.0
NL32,heating_tertiary,,2,20,0.0201956,3.0
NL32,heating_tertiary,,2,20,0.0186315,4.0
NL32,heating_tertiary,,2,20,0.0171457,5.0
NL32,heating_tertiary,,2,20,0.0157576,6.0
NL32,heating_tertiary,,2,20,0.0143891,7.0
NL32,heating_tertiary,,2,20,0.013089,8.0
NL32,heating_tertiary,,2,20,0.0116423,9.0
NL32,heating_tertiary,,2,20,0.0102346,10.0
NL32,heating_tertiary,,2,20,0.00885633,11.0
NL32,heating_tertiary,,2,20,0.00750735,12.0
NL32,heating_tertiary,,2,20,0.00612905,13.0
NL32,heating_tertiary,,2,20,0.0048094,14.0
NL32,heating_tertiary,,2,20,0.00304986,15.0
NL32,heating_tertiary,,2,20,0.00140763,16.0
NL32,heating_tertiary,,2,20,0.00140763,17.0
NL32,heating_tertiary,,2,21,0.0623613,-15.0
NL32,heating_tertiary,,2,21,0.0596181,-14.0
NL32,heating_tertiary,,2,21,0.0569732,-13.0
NL32,heating_tertiary,,2,21,0.054383,-12.0
NL32,heating_tertiary,,2,21,0.0518584,-11.0
NL32,heating_tertiary,,2,21,0.0493994,-10.0
NL32,heating_tertiary,,2,21,0.046995,-9.0
NL32,heating_tertiary,,2,21,0.0446452,-8.0
NL32,heating_tertiary,,2,21,0.0423611,-7.0
NL32,heating_tertiary,,2,21,0.0401206,-6.0
NL32,heating_tertiary,,2,21,0.0379457,-5.0
NL32,heating_tertiary,,2,21,0.0358145,-4.0
NL32,heating_tertiary,,2,21,0.0337271,-3.0
NL32,heating_tertiary,,2,21,0.0316943,-2.0
NL32,heating_tertiary,,2,21,0.0298801,-1.0
NL32,heating_tertiary,,2,21,0.0281533,0.0
NL32,heating_tertiary,,2,21,0.0263609,1.0
NL32,heating_tertiary,,2,21,0.0244483,2.0
NL32,heating_tertiary,,2,21,0.0225795,3.0
NL32,heating_tertiary,,2,21,0.0208308,4.0
NL32,heating_tertiary,,2,21,0.0191696,5.0
NL32,heating_tertiary,,2,21,0.0176177,6.0
NL32,heating_tertiary,,2,21,0.0160876,7.0
NL32,heating_tertiary,,2,21,0.014634,8.0
NL32,heating_tertiary,,2,21,0.0130165,9.0
NL32,heating_tertiary,,2,21,0.0114427,10.0
NL32,heating_tertiary,,2,21,0.00990173,11.0
NL32,heating_tertiary,,2,21,0.00839352,12.0
NL32,heating_tertiary,,2,21,0.00685252,13.0
NL32,heating_tertiary,,2,21,0.0053771,14.0
NL32,heating_tertiary,,2,21,0.00340987,15.0
NL32,heating_tertiary,,2,21,0.00157379,16.0
NL32,heating_tertiary,,2,21,0.00157379,17.0
NL32,heating_tertiary,,2,22,0.0723858,-15.0
NL32,heating_tertiary,,2,22,0.0692016,-14.0
NL32,heating_tertiary,,2,22,0.0661316,-13.0
NL32,heating_tertiary,,2,22,0.0631251,-12.0
NL32,heating_tertiary,,2,22,0.0601946,-11.0
NL32,heating_tertiary,,2,22,0.0573403,-10.0
NL32,heating_tertiary,,2,22,0.0545494,-9.0
NL32,heating_tertiary,,2,22,0.0518219,-8.0
NL32,heating_tertiary,,2,22,0.0491706,-7.0
NL32,heating_tertiary,,2,22,0.04657,-6.0
NL32,heating_tertiary,,2,22,0.0440455,-5.0
NL32,heating_tertiary,,2,22,0.0415717,-4.0
NL32,heating_tertiary,,2,22,0.0391487,-3.0
NL32,heating_tertiary,,2,22,0.0367891,-2.0
NL32,heating_tertiary,,2,22,0.0346833,-1.0
NL32,heating_tertiary,,2,22,0.0326789,0.0
NL32,heating_tertiary,,2,22,0.0305984,1.0
NL32,heating_tertiary,,2,22,0.0283784,2.0
NL32,heating_tertiary,,2,22,0.0262091,3.0
NL32,heating_tertiary,,2,22,0.0241793,4.0
NL32,heating_tertiary,,2,22,0.0222511,5.0
NL32,heating_tertiary,,2,22,0.0204497,6.0
NL32,heating_tertiary,,2,22,0.0186737,7.0
NL32,heating_tertiary,,2,22,0.0169864,8.0
NL32,heating_tertiary,,2,22,0.0151089,9.0
NL32,heating_tertiary,,2,22,0.0132821,10.0
NL32,heating_tertiary,,2,22,0.0114934,11.0
NL32,heating_tertiary,,2,22,0.00974278,12.0
NL32,heating_tertiary,,2,22,0.00795406,13.0
NL32,heating_tertiary,,2,22,0.00624147,14.0
NL32,heating_tertiary,,2,22,0.003958,15.0
NL32,heating_tertiary,,2,22,0.00182677,16.0
NL32,heating_tertiary,,2,22,0.00182677,17.0
NL32,heating_tertiary,,2,23,0.0850963,-15.0
NL32,heating_tertiary,,2,23,0.081353,-14.0
NL32,heating_tertiary,,2,23,0.077744,-13.0
NL32,heating_tertiary,,2,23,0.0742095,-12.0
NL32,heating_tertiary,,2,23,0.0707645,-11.0
NL32,heating_tertiary,,2,23,0.0674089,-10.0
NL32,heating_tertiary,,2,23,0.064128,-9.0
NL32,heating_tertiary,,2,23,0.0609216,-8.0
NL32,heating_tertiary,,2,23,0.0578047,-7.0
NL32,heating_tertiary,,2,23,0.0547474,-6.0
NL32,heating_tertiary,,2,23,0.0517796,-5.0
NL32,heating_tertiary,,2,23,0.0488715,-4.0
NL32,heating_tertiary,,2,23,0.046023,-3.0
NL32,heating_tertiary,,2,23,0.0432491,-2.0
NL32,heating_tertiary,,2,23,0.0407735,-1.0
NL32,heating_tertiary,,2,23,0.0384171,0.0
NL32,heating_tertiary,,2,23,0.0359713,1.0
NL32,heating_tertiary,,2,23,0.0333615,2.0
NL32,heating_tertiary,,2,23,0.0308113,3.0
NL32,heating_tertiary,,2,23,0.0284251,4.0
NL32,heating_tertiary,,2,23,0.0261582,5.0
NL32,heating_tertiary,,2,23,0.0240405,6.0
NL32,heating_tertiary,,2,23,0.0219526,7.0
NL32,heating_tertiary,,2,23,0.0199692,8.0
NL32,heating_tertiary,,2,23,0.017762,9.0
NL32,heating_tertiary,,2,23,0.0156144,10.0
NL32,heating_tertiary,,2,23,0.0135116,11.0
NL32,heating_tertiary,,2,23,0.0114536,12.0
NL32,heating_tertiary,,2,23,0.00935075,13.0
NL32,heating_tertiary,,2,23,0.00733743,14.0
NL32,heating_tertiary,,2,23,0.00465301,15.0
NL32,heating_tertiary,,2,23,0.00214754,16.0
NL32,heating_tertiary,,2,23,0.00214754,17.0
NL32,heating_tertiary,,2,24,0.0983922,-15.0
NL32,heating_tertiary,,2,24,0.094064,-14.0
NL32,heating_tertiary,,2,24,0.0898911,-13.0
NL32,heating_tertiary,,2,24,0.0858043,-12.0
NL32,heating_tertiary,,2,24,0.081821,-11.0
NL32,heating_tertiary,,2,24,0.0779412,-10.0
NL32,heating_tertiary,,2,24,0.0741476,-9.0
NL32,heating_tertiary,,2,24,0.0704402,-8.0
NL32,heating_tertiary,,2,24,0.0668363,-7.0
NL32,heating_tertiary,,2,24,0.0633014,-6.0
NL32,heating_tertiary,,2,24,0.0598699,-5.0
NL32,heating_tertiary,,2,24,0.0565074,-4.0
NL32,heating_tertiary,,2,24,0.0532138,-3.0
NL32,heating_tertiary,,2,24,0.0500065,-2.0
NL32,heating_tertiary,,2,24,0.0471441,-1.0
NL32,heating_tertiary,,2,24,0.0444196,0.0
NL32,heating_tertiary,,2,24,0.0415916,1.0
NL32,heating_tertiary,,2,24,0.038574,2.0
NL32,heating_tertiary,,2,24,0.0356253,3.0
NL32,heating_tertiary,,2,24,0.0328664,4.0
NL32,heating_tertiary,,2,24,0.0302453,5.0
NL32,heating_tertiary,,2,24,0.0277967,6.0
NL32,heating_tertiary,,2,24,0.0253826,7.0
NL32,heating_tertiary,,2,24,0.0230892,8.0
NL32,heating_tertiary,,2,24,0.0205372,9.0
NL32,heating_tertiary,,2,24,0.0180541,10.0
NL32,heating_tertiary,,2,24,0.0156227,11.0
NL32,heating_tertiary,,2,24,0.0132431,12.0
NL32,heating_tertiary,,2,24,0.0108118,13.0
NL32,heating_tertiary,,2,24,0.00848387,14.0
NL32,heating_tertiary,,2,24,0.00538001,15.0
NL32,heating_tertiary,,2,24,0.00248308,16.0
NL32,heating_tertiary,,2,24,0.00248308,17.0
